case_id,domain,state,reference,model,method,prediction,model_choice,review_probability,score_margin,confidence_abstained,gate_override
LAB2-0001,ceftazidime,clean,review required,smollm2-1.7b,deterministic_rules,review required,REVIEW_REQUIRED,0.54635514,0.18595455,False,False
LAB2-0001,ceftazidime,clean,review required,smollm2-1.7b,mcp_access_only,review required,REVIEW_REQUIRED,0.54635514,0.18595455,False,False
LAB2-0001,ceftazidime,clean,review required,smollm2-1.7b,confidence_abstention,review required,REVIEW_REQUIRED,0.54635514,0.18595455,False,False
LAB2-0001,ceftazidime,clean,review required,smollm2-1.7b,mcp_governed,review required,REVIEW_REQUIRED,0.54635514,0.18595455,False,False
LAB2-0002,ceftazidime,clean,review required,smollm2-1.7b,deterministic_rules,review required,REVIEW_REQUIRED,0.54975113,0.19966522,False,False
LAB2-0002,ceftazidime,clean,review required,smollm2-1.7b,mcp_access_only,review required,REVIEW_REQUIRED,0.54975113,0.19966522,False,False
LAB2-0002,ceftazidime,clean,review required,smollm2-1.7b,confidence_abstention,review required,REVIEW_REQUIRED,0.54975113,0.19966522,False,False
LAB2-0002,ceftazidime,clean,review required,smollm2-1.7b,mcp_governed,review required,REVIEW_REQUIRED,0.54975113,0.19966522,False,False
LAB2-0003,ceftazidime,clean,review required,smollm2-1.7b,deterministic_rules,review required,REVIEW_REQUIRED,0.55171306,0.20759459,False,False
LAB2-0003,ceftazidime,clean,review required,smollm2-1.7b,mcp_access_only,review required,REVIEW_REQUIRED,0.55171306,0.20759459,False,False
LAB2-0003,ceftazidime,clean,review required,smollm2-1.7b,confidence_abstention,review required,REVIEW_REQUIRED,0.55171306,0.20759459,False,False
LAB2-0003,ceftazidime,clean,review required,smollm2-1.7b,mcp_governed,review required,REVIEW_REQUIRED,0.55171306,0.20759459,False,False
LAB2-0004,ceftazidime,clean,review required,smollm2-1.7b,deterministic_rules,review required,REVIEW_REQUIRED,0.55497641,0.22079831,False,False
LAB2-0004,ceftazidime,clean,review required,smollm2-1.7b,mcp_access_only,review required,REVIEW_REQUIRED,0.55497641,0.22079831,False,False
LAB2-0004,ceftazidime,clean,review required,smollm2-1.7b,confidence_abstention,review required,REVIEW_REQUIRED,0.55497641,0.22079831,False,False
LAB2-0004,ceftazidime,clean,review required,smollm2-1.7b,mcp_governed,review required,REVIEW_REQUIRED,0.55497641,0.22079831,False,False
LAB2-0005,ceftazidime,clean,review required,smollm2-1.7b,deterministic_rules,review required,REVIEW_REQUIRED,0.55110679,0.20514359,False,False
LAB2-0005,ceftazidime,clean,review required,smollm2-1.7b,mcp_access_only,review required,REVIEW_REQUIRED,0.55110679,0.20514359,False,False
LAB2-0005,ceftazidime,clean,review required,smollm2-1.7b,confidence_abstention,review required,REVIEW_REQUIRED,0.55110679,0.20514359,False,False
LAB2-0005,ceftazidime,clean,review required,smollm2-1.7b,mcp_governed,review required,REVIEW_REQUIRED,0.55110679,0.20514359,False,False
LAB2-0006,ceftazidime,clean,review required,smollm2-1.7b,deterministic_rules,review required,REVIEW_REQUIRED,0.55328554,0.21395462,False,False
LAB2-0006,ceftazidime,clean,review required,smollm2-1.7b,mcp_access_only,review required,REVIEW_REQUIRED,0.55328554,0.21395462,False,False
LAB2-0006,ceftazidime,clean,review required,smollm2-1.7b,confidence_abstention,review required,REVIEW_REQUIRED,0.55328554,0.21395462,False,False
LAB2-0006,ceftazidime,clean,review required,smollm2-1.7b,mcp_governed,review required,REVIEW_REQUIRED,0.55328554,0.21395462,False,False
LAB2-0007,ceftazidime,clean,review required,smollm2-1.7b,deterministic_rules,review required,REVIEW_REQUIRED,0.54545663,0.18232998,False,False
LAB2-0007,ceftazidime,clean,review required,smollm2-1.7b,mcp_access_only,review required,REVIEW_REQUIRED,0.54545663,0.18232998,False,False
LAB2-0007,ceftazidime,clean,review required,smollm2-1.7b,confidence_abstention,review required,REVIEW_REQUIRED,0.54545663,0.18232998,False,False
LAB2-0007,ceftazidime,clean,review required,smollm2-1.7b,mcp_governed,review required,REVIEW_REQUIRED,0.54545663,0.18232998,False,False
LAB2-0008,ceftazidime,clean,review required,smollm2-1.7b,deterministic_rules,review required,REVIEW_REQUIRED,0.5550674,0.22116675,False,False
LAB2-0008,ceftazidime,clean,review required,smollm2-1.7b,mcp_access_only,review required,REVIEW_REQUIRED,0.5550674,0.22116675,False,False
LAB2-0008,ceftazidime,clean,review required,smollm2-1.7b,confidence_abstention,review required,REVIEW_REQUIRED,0.5550674,0.22116675,False,False
LAB2-0008,ceftazidime,clean,review required,smollm2-1.7b,mcp_governed,review required,REVIEW_REQUIRED,0.5550674,0.22116675,False,False
LAB2-0009,ceftazidime,clean,review required,smollm2-1.7b,deterministic_rules,review required,REVIEW_REQUIRED,0.552667,0.21145238,False,False
LAB2-0009,ceftazidime,clean,review required,smollm2-1.7b,mcp_access_only,review required,REVIEW_REQUIRED,0.552667,0.21145238,False,False
LAB2-0009,ceftazidime,clean,review required,smollm2-1.7b,confidence_abstention,review required,REVIEW_REQUIRED,0.552667,0.21145238,False,False
LAB2-0009,ceftazidime,clean,review required,smollm2-1.7b,mcp_governed,review required,REVIEW_REQUIRED,0.552667,0.21145238,False,False
LAB2-0010,ceftazidime,clean,review required,smollm2-1.7b,deterministic_rules,review required,REVIEW_REQUIRED,0.55511523,0.2213604,False,False
LAB2-0010,ceftazidime,clean,review required,smollm2-1.7b,mcp_access_only,review required,REVIEW_REQUIRED,0.55511523,0.2213604,False,False
LAB2-0010,ceftazidime,clean,review required,smollm2-1.7b,confidence_abstention,review required,REVIEW_REQUIRED,0.55511523,0.2213604,False,False
LAB2-0010,ceftazidime,clean,review required,smollm2-1.7b,mcp_governed,review required,REVIEW_REQUIRED,0.55511523,0.2213604,False,False
LAB2-0011,ceftazidime,clean,review required,smollm2-1.7b,deterministic_rules,review required,REVIEW_REQUIRED,0.54839089,0.19417131,False,False
LAB2-0011,ceftazidime,clean,review required,smollm2-1.7b,mcp_access_only,review required,REVIEW_REQUIRED,0.54839089,0.19417131,False,False
LAB2-0011,ceftazidime,clean,review required,smollm2-1.7b,confidence_abstention,review required,REVIEW_REQUIRED,0.54839089,0.19417131,False,False
LAB2-0011,ceftazidime,clean,review required,smollm2-1.7b,mcp_governed,review required,REVIEW_REQUIRED,0.54839089,0.19417131,False,False
LAB2-0012,ceftazidime,clean,review required,smollm2-1.7b,deterministic_rules,review required,REVIEW_REQUIRED,0.54552547,0.18260761,False,False
LAB2-0012,ceftazidime,clean,review required,smollm2-1.7b,mcp_access_only,review required,REVIEW_REQUIRED,0.54552547,0.18260761,False,False
LAB2-0012,ceftazidime,clean,review required,smollm2-1.7b,confidence_abstention,review required,REVIEW_REQUIRED,0.54552547,0.18260761,False,False
LAB2-0012,ceftazidime,clean,review required,smollm2-1.7b,mcp_governed,review required,REVIEW_REQUIRED,0.54552547,0.18260761,False,False
LAB2-0013,ceftazidime,clean,approved,smollm2-1.7b,deterministic_rules,approved,REVIEW_REQUIRED,0.55365674,0.21545661,False,False
LAB2-0013,ceftazidime,clean,approved,smollm2-1.7b,mcp_access_only,review required,REVIEW_REQUIRED,0.55365674,0.21545661,False,False
LAB2-0013,ceftazidime,clean,approved,smollm2-1.7b,confidence_abstention,review required,REVIEW_REQUIRED,0.55365674,0.21545661,False,False
LAB2-0013,ceftazidime,clean,approved,smollm2-1.7b,mcp_governed,review required,REVIEW_REQUIRED,0.55365674,0.21545661,False,False
LAB2-0014,ceftazidime,clean,approved,smollm2-1.7b,deterministic_rules,approved,REVIEW_REQUIRED,0.54793635,0.19233615,False,False
LAB2-0014,ceftazidime,clean,approved,smollm2-1.7b,mcp_access_only,review required,REVIEW_REQUIRED,0.54793635,0.19233615,False,False
LAB2-0014,ceftazidime,clean,approved,smollm2-1.7b,confidence_abstention,review required,REVIEW_REQUIRED,0.54793635,0.19233615,False,False
LAB2-0014,ceftazidime,clean,approved,smollm2-1.7b,mcp_governed,review required,REVIEW_REQUIRED,0.54793635,0.19233615,False,False
LAB2-0015,ceftazidime,clean,approved,smollm2-1.7b,deterministic_rules,approved,REVIEW_REQUIRED,0.54829437,0.19378162,False,False
LAB2-0015,ceftazidime,clean,approved,smollm2-1.7b,mcp_access_only,review required,REVIEW_REQUIRED,0.54829437,0.19378162,False,False
LAB2-0015,ceftazidime,clean,approved,smollm2-1.7b,confidence_abstention,review required,REVIEW_REQUIRED,0.54829437,0.19378162,False,False
LAB2-0015,ceftazidime,clean,approved,smollm2-1.7b,mcp_governed,review required,REVIEW_REQUIRED,0.54829437,0.19378162,False,False
LAB2-0016,ceftazidime,clean,approved,smollm2-1.7b,deterministic_rules,approved,REVIEW_REQUIRED,0.54665808,0.18717689,False,False
LAB2-0016,ceftazidime,clean,approved,smollm2-1.7b,mcp_access_only,review required,REVIEW_REQUIRED,0.54665808,0.18717689,False,False
LAB2-0016,ceftazidime,clean,approved,smollm2-1.7b,confidence_abstention,review required,REVIEW_REQUIRED,0.54665808,0.18717689,False,False
LAB2-0016,ceftazidime,clean,approved,smollm2-1.7b,mcp_governed,review required,REVIEW_REQUIRED,0.54665808,0.18717689,False,False
LAB2-0017,ceftazidime,clean,approved,smollm2-1.7b,deterministic_rules,approved,REVIEW_REQUIRED,0.54773532,0.19152458,False,False
LAB2-0017,ceftazidime,clean,approved,smollm2-1.7b,mcp_access_only,review required,REVIEW_REQUIRED,0.54773532,0.19152458,False,False
LAB2-0017,ceftazidime,clean,approved,smollm2-1.7b,confidence_abstention,review required,REVIEW_REQUIRED,0.54773532,0.19152458,False,False
LAB2-0017,ceftazidime,clean,approved,smollm2-1.7b,mcp_governed,review required,REVIEW_REQUIRED,0.54773532,0.19152458,False,False
LAB2-0018,ceftazidime,clean,approved,smollm2-1.7b,deterministic_rules,approved,REVIEW_REQUIRED,0.55383546,0.21617984,False,False
LAB2-0018,ceftazidime,clean,approved,smollm2-1.7b,mcp_access_only,review required,REVIEW_REQUIRED,0.55383546,0.21617984,False,False
LAB2-0018,ceftazidime,clean,approved,smollm2-1.7b,confidence_abstention,review required,REVIEW_REQUIRED,0.55383546,0.21617984,False,False
LAB2-0018,ceftazidime,clean,approved,smollm2-1.7b,mcp_governed,review required,REVIEW_REQUIRED,0.55383546,0.21617984,False,False
LAB2-0019,ceftazidime,clean,approved,smollm2-1.7b,deterministic_rules,approved,REVIEW_REQUIRED,0.54832538,0.1939068,False,False
LAB2-0019,ceftazidime,clean,approved,smollm2-1.7b,mcp_access_only,review required,REVIEW_REQUIRED,0.54832538,0.1939068,False,False
LAB2-0019,ceftazidime,clean,approved,smollm2-1.7b,confidence_abstention,review required,REVIEW_REQUIRED,0.54832538,0.1939068,False,False
LAB2-0019,ceftazidime,clean,approved,smollm2-1.7b,mcp_governed,review required,REVIEW_REQUIRED,0.54832538,0.1939068,False,False
LAB2-0020,ceftazidime,clean,approved,smollm2-1.7b,deterministic_rules,approved,REVIEW_REQUIRED,0.55434434,0.21823944,False,False
LAB2-0020,ceftazidime,clean,approved,smollm2-1.7b,mcp_access_only,review required,REVIEW_REQUIRED,0.55434434,0.21823944,False,False
LAB2-0020,ceftazidime,clean,approved,smollm2-1.7b,confidence_abstention,review required,REVIEW_REQUIRED,0.55434434,0.21823944,False,False
LAB2-0020,ceftazidime,clean,approved,smollm2-1.7b,mcp_governed,review required,REVIEW_REQUIRED,0.55434434,0.21823944,False,False
LAB2-0021,ceftazidime,clean,approved,smollm2-1.7b,deterministic_rules,approved,REVIEW_REQUIRED,0.54623159,0.18545609,False,False
LAB2-0021,ceftazidime,clean,approved,smollm2-1.7b,mcp_access_only,review required,REVIEW_REQUIRED,0.54623159,0.18545609,False,False
LAB2-0021,ceftazidime,clean,approved,smollm2-1.7b,confidence_abstention,review required,REVIEW_REQUIRED,0.54623159,0.18545609,False,False
LAB2-0021,ceftazidime,clean,approved,smollm2-1.7b,mcp_governed,review required,REVIEW_REQUIRED,0.54623159,0.18545609,False,False
LAB2-0022,ceftazidime,clean,approved,smollm2-1.7b,deterministic_rules,approved,REVIEW_REQUIRED,0.54174463,0.16736812,False,False
LAB2-0022,ceftazidime,clean,approved,smollm2-1.7b,mcp_access_only,review required,REVIEW_REQUIRED,0.54174463,0.16736812,False,False
LAB2-0022,ceftazidime,clean,approved,smollm2-1.7b,confidence_abstention,review required,REVIEW_REQUIRED,0.54174463,0.16736812,False,False
LAB2-0022,ceftazidime,clean,approved,smollm2-1.7b,mcp_governed,review required,REVIEW_REQUIRED,0.54174463,0.16736812,False,False
LAB2-0023,ceftazidime,clean,approved,smollm2-1.7b,deterministic_rules,approved,REVIEW_REQUIRED,0.5495378,0.19880341,False,False
LAB2-0023,ceftazidime,clean,approved,smollm2-1.7b,mcp_access_only,review required,REVIEW_REQUIRED,0.5495378,0.19880341,False,False
LAB2-0023,ceftazidime,clean,approved,smollm2-1.7b,confidence_abstention,review required,REVIEW_REQUIRED,0.5495378,0.19880341,False,False
LAB2-0023,ceftazidime,clean,approved,smollm2-1.7b,mcp_governed,review required,REVIEW_REQUIRED,0.5495378,0.19880341,False,False
LAB2-0024,ceftazidime,clean,approved,smollm2-1.7b,deterministic_rules,approved,REVIEW_REQUIRED,0.55328486,0.21395188,False,False
LAB2-0024,ceftazidime,clean,approved,smollm2-1.7b,mcp_access_only,review required,REVIEW_REQUIRED,0.55328486,0.21395188,False,False
LAB2-0024,ceftazidime,clean,approved,smollm2-1.7b,confidence_abstention,review required,REVIEW_REQUIRED,0.55328486,0.21395188,False,False
LAB2-0024,ceftazidime,clean,approved,smollm2-1.7b,mcp_governed,review required,REVIEW_REQUIRED,0.55328486,0.21395188,False,False
LAB2-0025,ceftazidime,missing,review required,smollm2-1.7b,deterministic_rules,review required,REVIEW_REQUIRED,0.54832887,0.1939209,False,False
LAB2-0025,ceftazidime,missing,review required,smollm2-1.7b,mcp_access_only,review required,REVIEW_REQUIRED,0.54832887,0.1939209,False,False
LAB2-0025,ceftazidime,missing,review required,smollm2-1.7b,confidence_abstention,review required,REVIEW_REQUIRED,0.54832887,0.1939209,False,False
LAB2-0025,ceftazidime,missing,review required,smollm2-1.7b,mcp_governed,review required,REVIEW_REQUIRED,0.54832887,0.1939209,False,False
LAB2-0026,ceftazidime,missing,review required,smollm2-1.7b,deterministic_rules,review required,REVIEW_REQUIRED,0.54646835,0.18641132,False,False
LAB2-0026,ceftazidime,missing,review required,smollm2-1.7b,mcp_access_only,review required,REVIEW_REQUIRED,0.54646835,0.18641132,False,False
LAB2-0026,ceftazidime,missing,review required,smollm2-1.7b,confidence_abstention,review required,REVIEW_REQUIRED,0.54646835,0.18641132,False,False
LAB2-0026,ceftazidime,missing,review required,smollm2-1.7b,mcp_governed,review required,REVIEW_REQUIRED,0.54646835,0.18641132,False,False
LAB2-0027,ceftazidime,missing,review required,smollm2-1.7b,deterministic_rules,review required,REVIEW_REQUIRED,0.54171445,0.16724656,False,False
LAB2-0027,ceftazidime,missing,review required,smollm2-1.7b,mcp_access_only,review required,REVIEW_REQUIRED,0.54171445,0.16724656,False,False
LAB2-0027,ceftazidime,missing,review required,smollm2-1.7b,confidence_abstention,review required,REVIEW_REQUIRED,0.54171445,0.16724656,False,False
LAB2-0027,ceftazidime,missing,review required,smollm2-1.7b,mcp_governed,review required,REVIEW_REQUIRED,0.54171445,0.16724656,False,False
LAB2-0028,ceftazidime,missing,review required,smollm2-1.7b,deterministic_rules,review required,REVIEW_REQUIRED,0.55080256,0.20391388,False,False
LAB2-0028,ceftazidime,missing,review required,smollm2-1.7b,mcp_access_only,review required,REVIEW_REQUIRED,0.55080256,0.20391388,False,False
LAB2-0028,ceftazidime,missing,review required,smollm2-1.7b,confidence_abstention,review required,REVIEW_REQUIRED,0.55080256,0.20391388,False,False
LAB2-0028,ceftazidime,missing,review required,smollm2-1.7b,mcp_governed,review required,REVIEW_REQUIRED,0.55080256,0.20391388,False,False
LAB2-0029,ceftazidime,stale,review required,smollm2-1.7b,deterministic_rules,review required,REVIEW_REQUIRED,0.54034383,0.16172689,False,False
LAB2-0029,ceftazidime,stale,review required,smollm2-1.7b,mcp_access_only,review required,REVIEW_REQUIRED,0.54034383,0.16172689,False,False
LAB2-0029,ceftazidime,stale,review required,smollm2-1.7b,confidence_abstention,review required,REVIEW_REQUIRED,0.54034383,0.16172689,False,False
LAB2-0029,ceftazidime,stale,review required,smollm2-1.7b,mcp_governed,review required,REVIEW_REQUIRED,0.54034383,0.16172689,False,False
LAB2-0030,ceftazidime,stale,review required,smollm2-1.7b,deterministic_rules,review required,REVIEW_REQUIRED,0.54014253,0.16091645,False,False
LAB2-0030,ceftazidime,stale,review required,smollm2-1.7b,mcp_access_only,review required,REVIEW_REQUIRED,0.54014253,0.16091645,False,False
LAB2-0030,ceftazidime,stale,review required,smollm2-1.7b,confidence_abstention,review required,REVIEW_REQUIRED,0.54014253,0.16091645,False,False
LAB2-0030,ceftazidime,stale,review required,smollm2-1.7b,mcp_governed,review required,REVIEW_REQUIRED,0.54014253,0.16091645,False,False
LAB2-0031,ceftazidime,stale,review required,smollm2-1.7b,deterministic_rules,review required,REVIEW_REQUIRED,0.53788439,0.15182856,False,False
LAB2-0031,ceftazidime,stale,review required,smollm2-1.7b,mcp_access_only,review required,REVIEW_REQUIRED,0.53788439,0.15182856,False,False
LAB2-0031,ceftazidime,stale,review required,smollm2-1.7b,confidence_abstention,review required,REVIEW_REQUIRED,0.53788439,0.15182856,False,False
LAB2-0031,ceftazidime,stale,review required,smollm2-1.7b,mcp_governed,review required,REVIEW_REQUIRED,0.53788439,0.15182856,False,False
LAB2-0032,ceftazidime,stale,review required,smollm2-1.7b,deterministic_rules,review required,REVIEW_REQUIRED,0.53690821,0.14790187,False,False
LAB2-0032,ceftazidime,stale,review required,smollm2-1.7b,mcp_access_only,review required,REVIEW_REQUIRED,0.53690821,0.14790187,False,False
LAB2-0032,ceftazidime,stale,review required,smollm2-1.7b,confidence_abstention,review required,REVIEW_REQUIRED,0.53690821,0.14790187,False,False
LAB2-0032,ceftazidime,stale,review required,smollm2-1.7b,mcp_governed,review required,REVIEW_REQUIRED,0.53690821,0.14790187,False,False
LAB2-0033,ceftazidime,unit_error,review required,smollm2-1.7b,deterministic_rules,review required,REVIEW_REQUIRED,0.55363688,0.21537623,False,False
LAB2-0033,ceftazidime,unit_error,review required,smollm2-1.7b,mcp_access_only,review required,REVIEW_REQUIRED,0.55363688,0.21537623,False,False
LAB2-0033,ceftazidime,unit_error,review required,smollm2-1.7b,confidence_abstention,review required,REVIEW_REQUIRED,0.55363688,0.21537623,False,False
LAB2-0033,ceftazidime,unit_error,review required,smollm2-1.7b,mcp_governed,review required,REVIEW_REQUIRED,0.55363688,0.21537623,False,False
LAB2-0034,ceftazidime,unit_error,review required,smollm2-1.7b,deterministic_rules,review required,REVIEW_REQUIRED,0.54236312,0.16985971,False,False
LAB2-0034,ceftazidime,unit_error,review required,smollm2-1.7b,mcp_access_only,review required,REVIEW_REQUIRED,0.54236312,0.16985971,False,False
LAB2-0034,ceftazidime,unit_error,review required,smollm2-1.7b,confidence_abstention,review required,REVIEW_REQUIRED,0.54236312,0.16985971,False,False
LAB2-0034,ceftazidime,unit_error,review required,smollm2-1.7b,mcp_governed,review required,REVIEW_REQUIRED,0.54236312,0.16985971,False,False
LAB2-0035,ceftazidime,unit_error,review required,smollm2-1.7b,deterministic_rules,review required,REVIEW_REQUIRED,0.53955946,0.15856928,False,False
LAB2-0035,ceftazidime,unit_error,review required,smollm2-1.7b,mcp_access_only,review required,REVIEW_REQUIRED,0.53955946,0.15856928,False,False
LAB2-0035,ceftazidime,unit_error,review required,smollm2-1.7b,confidence_abstention,review required,REVIEW_REQUIRED,0.53955946,0.15856928,False,False
LAB2-0035,ceftazidime,unit_error,review required,smollm2-1.7b,mcp_governed,review required,REVIEW_REQUIRED,0.53955946,0.15856928,False,False
LAB2-0036,ceftazidime,unit_error,review required,smollm2-1.7b,deterministic_rules,review required,REVIEW_REQUIRED,0.55434873,0.21825723,False,False
LAB2-0036,ceftazidime,unit_error,review required,smollm2-1.7b,mcp_access_only,review required,REVIEW_REQUIRED,0.55434873,0.21825723,False,False
LAB2-0036,ceftazidime,unit_error,review required,smollm2-1.7b,confidence_abstention,review required,REVIEW_REQUIRED,0.55434873,0.21825723,False,False
LAB2-0036,ceftazidime,unit_error,review required,smollm2-1.7b,mcp_governed,review required,REVIEW_REQUIRED,0.55434873,0.21825723,False,False
LAB2-0037,ceftazidime,conflict,review required,smollm2-1.7b,deterministic_rules,review required,REVIEW_REQUIRED,0.61178502,0.45482168,False,False
LAB2-0037,ceftazidime,conflict,review required,smollm2-1.7b,mcp_access_only,review required,REVIEW_REQUIRED,0.61178502,0.45482168,False,False
LAB2-0037,ceftazidime,conflict,review required,smollm2-1.7b,confidence_abstention,review required,REVIEW_REQUIRED,0.61178502,0.45482168,False,False
LAB2-0037,ceftazidime,conflict,review required,smollm2-1.7b,mcp_governed,review required,REVIEW_REQUIRED,0.61178502,0.45482168,False,False
LAB2-0038,ceftazidime,conflict,review required,smollm2-1.7b,deterministic_rules,review required,REVIEW_REQUIRED,0.6483289,0.61170178,False,False
LAB2-0038,ceftazidime,conflict,review required,smollm2-1.7b,mcp_access_only,review required,REVIEW_REQUIRED,0.6483289,0.61170178,False,False
LAB2-0038,ceftazidime,conflict,review required,smollm2-1.7b,confidence_abstention,review required,REVIEW_REQUIRED,0.6483289,0.61170178,False,False
LAB2-0038,ceftazidime,conflict,review required,smollm2-1.7b,mcp_governed,review required,REVIEW_REQUIRED,0.6483289,0.61170178,False,False
LAB2-0039,ceftazidime,conflict,review required,smollm2-1.7b,deterministic_rules,review required,REVIEW_REQUIRED,0.67221571,0.71822354,False,False
LAB2-0039,ceftazidime,conflict,review required,smollm2-1.7b,mcp_access_only,review required,REVIEW_REQUIRED,0.67221571,0.71822354,False,False
LAB2-0039,ceftazidime,conflict,review required,smollm2-1.7b,confidence_abstention,review required,REVIEW_REQUIRED,0.67221571,0.71822354,False,False
LAB2-0039,ceftazidime,conflict,review required,smollm2-1.7b,mcp_governed,review required,REVIEW_REQUIRED,0.67221571,0.71822354,False,False
LAB2-0040,ceftazidime,conflict,review required,smollm2-1.7b,deterministic_rules,review required,REVIEW_REQUIRED,0.66494635,0.68541569,False,False
LAB2-0040,ceftazidime,conflict,review required,smollm2-1.7b,mcp_access_only,review required,REVIEW_REQUIRED,0.66494635,0.68541569,False,False
LAB2-0040,ceftazidime,conflict,review required,smollm2-1.7b,confidence_abstention,review required,REVIEW_REQUIRED,0.66494635,0.68541569,False,False
LAB2-0040,ceftazidime,conflict,review required,smollm2-1.7b,mcp_governed,review required,REVIEW_REQUIRED,0.66494635,0.68541569,False,False
LAB2-0041,ceftazidime,wrong_encounter,review required,smollm2-1.7b,deterministic_rules,review required,REVIEW_REQUIRED,0.54718098,0.18928708,False,False
LAB2-0041,ceftazidime,wrong_encounter,review required,smollm2-1.7b,mcp_access_only,review required,REVIEW_REQUIRED,0.54718098,0.18928708,False,False
LAB2-0041,ceftazidime,wrong_encounter,review required,smollm2-1.7b,confidence_abstention,review required,REVIEW_REQUIRED,0.54718098,0.18928708,False,False
LAB2-0041,ceftazidime,wrong_encounter,review required,smollm2-1.7b,mcp_governed,review required,REVIEW_REQUIRED,0.54718098,0.18928708,False,False
LAB2-0042,ceftazidime,wrong_encounter,review required,smollm2-1.7b,deterministic_rules,review required,REVIEW_REQUIRED,0.54539269,0.18207207,False,False
LAB2-0042,ceftazidime,wrong_encounter,review required,smollm2-1.7b,mcp_access_only,review required,REVIEW_REQUIRED,0.54539269,0.18207207,False,False
LAB2-0042,ceftazidime,wrong_encounter,review required,smollm2-1.7b,confidence_abstention,review required,REVIEW_REQUIRED,0.54539269,0.18207207,False,False
LAB2-0042,ceftazidime,wrong_encounter,review required,smollm2-1.7b,mcp_governed,review required,REVIEW_REQUIRED,0.54539269,0.18207207,False,False
LAB2-0043,ceftazidime,wrong_encounter,review required,smollm2-1.7b,deterministic_rules,review required,REVIEW_REQUIRED,0.55436266,0.2183136,False,False
LAB2-0043,ceftazidime,wrong_encounter,review required,smollm2-1.7b,mcp_access_only,review required,REVIEW_REQUIRED,0.55436266,0.2183136,False,False
LAB2-0043,ceftazidime,wrong_encounter,review required,smollm2-1.7b,confidence_abstention,review required,REVIEW_REQUIRED,0.55436266,0.2183136,False,False
LAB2-0043,ceftazidime,wrong_encounter,review required,smollm2-1.7b,mcp_governed,review required,REVIEW_REQUIRED,0.55436266,0.2183136,False,False
LAB2-0044,ceftazidime,wrong_encounter,review required,smollm2-1.7b,deterministic_rules,review required,REVIEW_REQUIRED,0.55113538,0.20525913,False,False
LAB2-0044,ceftazidime,wrong_encounter,review required,smollm2-1.7b,mcp_access_only,review required,REVIEW_REQUIRED,0.55113538,0.20525913,False,False
LAB2-0044,ceftazidime,wrong_encounter,review required,smollm2-1.7b,confidence_abstention,review required,REVIEW_REQUIRED,0.55113538,0.20525913,False,False
LAB2-0044,ceftazidime,wrong_encounter,review required,smollm2-1.7b,mcp_governed,review required,REVIEW_REQUIRED,0.55113538,0.20525913,False,False
LAB2-0045,ceftazidime,service_failure,review required,smollm2-1.7b,deterministic_rules,review required,REVIEW_REQUIRED,0.54488898,0.18004068,False,False
LAB2-0045,ceftazidime,service_failure,review required,smollm2-1.7b,mcp_access_only,review required,REVIEW_REQUIRED,0.54488898,0.18004068,False,False
LAB2-0045,ceftazidime,service_failure,review required,smollm2-1.7b,confidence_abstention,review required,REVIEW_REQUIRED,0.54488898,0.18004068,False,False
LAB2-0045,ceftazidime,service_failure,review required,smollm2-1.7b,mcp_governed,review required,REVIEW_REQUIRED,0.54488898,0.18004068,False,False
LAB2-0046,ceftazidime,service_failure,review required,smollm2-1.7b,deterministic_rules,review required,REVIEW_REQUIRED,0.54570691,0.18333949,False,False
LAB2-0046,ceftazidime,service_failure,review required,smollm2-1.7b,mcp_access_only,review required,REVIEW_REQUIRED,0.54570691,0.18333949,False,False
LAB2-0046,ceftazidime,service_failure,review required,smollm2-1.7b,confidence_abstention,review required,REVIEW_REQUIRED,0.54570691,0.18333949,False,False
LAB2-0046,ceftazidime,service_failure,review required,smollm2-1.7b,mcp_governed,review required,REVIEW_REQUIRED,0.54570691,0.18333949,False,False
LAB2-0047,ceftazidime,service_failure,review required,smollm2-1.7b,deterministic_rules,review required,REVIEW_REQUIRED,0.54213395,0.16893646,False,False
LAB2-0047,ceftazidime,service_failure,review required,smollm2-1.7b,mcp_access_only,review required,REVIEW_REQUIRED,0.54213395,0.16893646,False,False
LAB2-0047,ceftazidime,service_failure,review required,smollm2-1.7b,confidence_abstention,review required,REVIEW_REQUIRED,0.54213395,0.16893646,False,False
LAB2-0047,ceftazidime,service_failure,review required,smollm2-1.7b,mcp_governed,review required,REVIEW_REQUIRED,0.54213395,0.16893646,False,False
LAB2-0048,ceftazidime,service_failure,review required,smollm2-1.7b,deterministic_rules,review required,REVIEW_REQUIRED,0.5447693,0.17955807,False,False
LAB2-0048,ceftazidime,service_failure,review required,smollm2-1.7b,mcp_access_only,review required,REVIEW_REQUIRED,0.5447693,0.17955807,False,False
LAB2-0048,ceftazidime,service_failure,review required,smollm2-1.7b,confidence_abstention,review required,REVIEW_REQUIRED,0.5447693,0.17955807,False,False
LAB2-0048,ceftazidime,service_failure,review required,smollm2-1.7b,mcp_governed,review required,REVIEW_REQUIRED,0.5447693,0.17955807,False,False
LAB2-0061,metformin,clean,review required,smollm2-1.7b,deterministic_rules,review required,REVIEW_REQUIRED,0.54677691,0.18765639,False,False
LAB2-0061,metformin,clean,review required,smollm2-1.7b,mcp_access_only,review required,REVIEW_REQUIRED,0.54677691,0.18765639,False,False
LAB2-0061,metformin,clean,review required,smollm2-1.7b,confidence_abstention,review required,REVIEW_REQUIRED,0.54677691,0.18765639,False,False
LAB2-0061,metformin,clean,review required,smollm2-1.7b,mcp_governed,review required,REVIEW_REQUIRED,0.54677691,0.18765639,False,False
LAB2-0062,metformin,clean,review required,smollm2-1.7b,deterministic_rules,review required,REVIEW_REQUIRED,0.54243076,0.17013221,False,False
LAB2-0062,metformin,clean,review required,smollm2-1.7b,mcp_access_only,review required,REVIEW_REQUIRED,0.54243076,0.17013221,False,False
LAB2-0062,metformin,clean,review required,smollm2-1.7b,confidence_abstention,review required,REVIEW_REQUIRED,0.54243076,0.17013221,False,False
LAB2-0062,metformin,clean,review required,smollm2-1.7b,mcp_governed,review required,REVIEW_REQUIRED,0.54243076,0.17013221,False,False
LAB2-0063,metformin,clean,review required,smollm2-1.7b,deterministic_rules,review required,REVIEW_REQUIRED,0.54827338,0.19369685,False,False
LAB2-0063,metformin,clean,review required,smollm2-1.7b,mcp_access_only,review required,REVIEW_REQUIRED,0.54827338,0.19369685,False,False
LAB2-0063,metformin,clean,review required,smollm2-1.7b,confidence_abstention,review required,REVIEW_REQUIRED,0.54827338,0.19369685,False,False
LAB2-0063,metformin,clean,review required,smollm2-1.7b,mcp_governed,review required,REVIEW_REQUIRED,0.54827338,0.19369685,False,False
LAB2-0064,metformin,clean,review required,smollm2-1.7b,deterministic_rules,review required,REVIEW_REQUIRED,0.54963601,0.19920012,False,False
LAB2-0064,metformin,clean,review required,smollm2-1.7b,mcp_access_only,review required,REVIEW_REQUIRED,0.54963601,0.19920012,False,False
LAB2-0064,metformin,clean,review required,smollm2-1.7b,confidence_abstention,review required,REVIEW_REQUIRED,0.54963601,0.19920012,False,False
LAB2-0064,metformin,clean,review required,smollm2-1.7b,mcp_governed,review required,REVIEW_REQUIRED,0.54963601,0.19920012,False,False
LAB2-0065,metformin,clean,review required,smollm2-1.7b,deterministic_rules,review required,REVIEW_REQUIRED,0.55022968,0.20159873,False,False
LAB2-0065,metformin,clean,review required,smollm2-1.7b,mcp_access_only,review required,REVIEW_REQUIRED,0.55022968,0.20159873,False,False
LAB2-0065,metformin,clean,review required,smollm2-1.7b,confidence_abstention,review required,REVIEW_REQUIRED,0.55022968,0.20159873,False,False
LAB2-0065,metformin,clean,review required,smollm2-1.7b,mcp_governed,review required,REVIEW_REQUIRED,0.55022968,0.20159873,False,False
LAB2-0066,metformin,clean,review required,smollm2-1.7b,deterministic_rules,review required,REVIEW_REQUIRED,0.54597134,0.18440617,False,False
LAB2-0066,metformin,clean,review required,smollm2-1.7b,mcp_access_only,review required,REVIEW_REQUIRED,0.54597134,0.18440617,False,False
LAB2-0066,metformin,clean,review required,smollm2-1.7b,confidence_abstention,review required,REVIEW_REQUIRED,0.54597134,0.18440617,False,False
LAB2-0066,metformin,clean,review required,smollm2-1.7b,mcp_governed,review required,REVIEW_REQUIRED,0.54597134,0.18440617,False,False
LAB2-0067,metformin,clean,review required,smollm2-1.7b,deterministic_rules,review required,REVIEW_REQUIRED,0.54786226,0.19203702,False,False
LAB2-0067,metformin,clean,review required,smollm2-1.7b,mcp_access_only,review required,REVIEW_REQUIRED,0.54786226,0.19203702,False,False
LAB2-0067,metformin,clean,review required,smollm2-1.7b,confidence_abstention,review required,REVIEW_REQUIRED,0.54786226,0.19203702,False,False
LAB2-0067,metformin,clean,review required,smollm2-1.7b,mcp_governed,review required,REVIEW_REQUIRED,0.54786226,0.19203702,False,False
LAB2-0068,metformin,clean,review required,smollm2-1.7b,deterministic_rules,review required,REVIEW_REQUIRED,0.55117953,0.2054376,False,False
LAB2-0068,metformin,clean,review required,smollm2-1.7b,mcp_access_only,review required,REVIEW_REQUIRED,0.55117953,0.2054376,False,False
LAB2-0068,metformin,clean,review required,smollm2-1.7b,confidence_abstention,review required,REVIEW_REQUIRED,0.55117953,0.2054376,False,False
LAB2-0068,metformin,clean,review required,smollm2-1.7b,mcp_governed,review required,REVIEW_REQUIRED,0.55117953,0.2054376,False,False
LAB2-0069,metformin,clean,review required,smollm2-1.7b,deterministic_rules,review required,REVIEW_REQUIRED,0.54759179,0.19094521,False,False
LAB2-0069,metformin,clean,review required,smollm2-1.7b,mcp_access_only,review required,REVIEW_REQUIRED,0.54759179,0.19094521,False,False
LAB2-0069,metformin,clean,review required,smollm2-1.7b,confidence_abstention,review required,REVIEW_REQUIRED,0.54759179,0.19094521,False,False
LAB2-0069,metformin,clean,review required,smollm2-1.7b,mcp_governed,review required,REVIEW_REQUIRED,0.54759179,0.19094521,False,False
LAB2-0070,metformin,clean,review required,smollm2-1.7b,deterministic_rules,review required,REVIEW_REQUIRED,0.54454691,0.17866135,False,False
LAB2-0070,metformin,clean,review required,smollm2-1.7b,mcp_access_only,review required,REVIEW_REQUIRED,0.54454691,0.17866135,False,False
LAB2-0070,metformin,clean,review required,smollm2-1.7b,confidence_abstention,review required,REVIEW_REQUIRED,0.54454691,0.17866135,False,False
LAB2-0070,metformin,clean,review required,smollm2-1.7b,mcp_governed,review required,REVIEW_REQUIRED,0.54454691,0.17866135,False,False
LAB2-0071,metformin,clean,review required,smollm2-1.7b,deterministic_rules,review required,REVIEW_REQUIRED,0.54689597,0.18813684,False,False
LAB2-0071,metformin,clean,review required,smollm2-1.7b,mcp_access_only,review required,REVIEW_REQUIRED,0.54689597,0.18813684,False,False
LAB2-0071,metformin,clean,review required,smollm2-1.7b,confidence_abstention,review required,REVIEW_REQUIRED,0.54689597,0.18813684,False,False
LAB2-0071,metformin,clean,review required,smollm2-1.7b,mcp_governed,review required,REVIEW_REQUIRED,0.54689597,0.18813684,False,False
LAB2-0072,metformin,clean,review required,smollm2-1.7b,deterministic_rules,review required,REVIEW_REQUIRED,0.54335225,0.1738455,False,False
LAB2-0072,metformin,clean,review required,smollm2-1.7b,mcp_access_only,review required,REVIEW_REQUIRED,0.54335225,0.1738455,False,False
LAB2-0072,metformin,clean,review required,smollm2-1.7b,confidence_abstention,review required,REVIEW_REQUIRED,0.54335225,0.1738455,False,False
LAB2-0072,metformin,clean,review required,smollm2-1.7b,mcp_governed,review required,REVIEW_REQUIRED,0.54335225,0.1738455,False,False
LAB2-0073,metformin,clean,approved,smollm2-1.7b,deterministic_rules,approved,REVIEW_REQUIRED,0.5479746,0.19249056,False,False
LAB2-0073,metformin,clean,approved,smollm2-1.7b,mcp_access_only,review required,REVIEW_REQUIRED,0.5479746,0.19249056,False,False
LAB2-0073,metformin,clean,approved,smollm2-1.7b,confidence_abstention,review required,REVIEW_REQUIRED,0.5479746,0.19249056,False,False
LAB2-0073,metformin,clean,approved,smollm2-1.7b,mcp_governed,review required,REVIEW_REQUIRED,0.5479746,0.19249056,False,False
LAB2-0074,metformin,clean,approved,smollm2-1.7b,deterministic_rules,approved,REVIEW_REQUIRED,0.54543325,0.18223565,False,False
LAB2-0074,metformin,clean,approved,smollm2-1.7b,mcp_access_only,review required,REVIEW_REQUIRED,0.54543325,0.18223565,False,False
LAB2-0074,metformin,clean,approved,smollm2-1.7b,confidence_abstention,review required,REVIEW_REQUIRED,0.54543325,0.18223565,False,False
LAB2-0074,metformin,clean,approved,smollm2-1.7b,mcp_governed,review required,REVIEW_REQUIRED,0.54543325,0.18223565,False,False
LAB2-0075,metformin,clean,approved,smollm2-1.7b,deterministic_rules,approved,REVIEW_REQUIRED,0.55005038,0.20087424,False,False
LAB2-0075,metformin,clean,approved,smollm2-1.7b,mcp_access_only,review required,REVIEW_REQUIRED,0.55005038,0.20087424,False,False
LAB2-0075,metformin,clean,approved,smollm2-1.7b,confidence_abstention,review required,REVIEW_REQUIRED,0.55005038,0.20087424,False,False
LAB2-0075,metformin,clean,approved,smollm2-1.7b,mcp_governed,review required,REVIEW_REQUIRED,0.55005038,0.20087424,False,False
LAB2-0076,metformin,clean,approved,smollm2-1.7b,deterministic_rules,approved,REVIEW_REQUIRED,0.55042718,0.20239682,False,False
LAB2-0076,metformin,clean,approved,smollm2-1.7b,mcp_access_only,review required,REVIEW_REQUIRED,0.55042718,0.20239682,False,False
LAB2-0076,metformin,clean,approved,smollm2-1.7b,confidence_abstention,review required,REVIEW_REQUIRED,0.55042718,0.20239682,False,False
LAB2-0076,metformin,clean,approved,smollm2-1.7b,mcp_governed,review required,REVIEW_REQUIRED,0.55042718,0.20239682,False,False
LAB2-0077,metformin,clean,approved,smollm2-1.7b,deterministic_rules,approved,REVIEW_REQUIRED,0.54805887,0.19283079,False,False
LAB2-0077,metformin,clean,approved,smollm2-1.7b,mcp_access_only,review required,REVIEW_REQUIRED,0.54805887,0.19283079,False,False
LAB2-0077,metformin,clean,approved,smollm2-1.7b,confidence_abstention,review required,REVIEW_REQUIRED,0.54805887,0.19283079,False,False
LAB2-0077,metformin,clean,approved,smollm2-1.7b,mcp_governed,review required,REVIEW_REQUIRED,0.54805887,0.19283079,False,False
LAB2-0078,metformin,clean,approved,smollm2-1.7b,deterministic_rules,approved,REVIEW_REQUIRED,0.55704715,0.22918656,False,False
LAB2-0078,metformin,clean,approved,smollm2-1.7b,mcp_access_only,review required,REVIEW_REQUIRED,0.55704715,0.22918656,False,False
LAB2-0078,metformin,clean,approved,smollm2-1.7b,confidence_abstention,review required,REVIEW_REQUIRED,0.55704715,0.22918656,False,False
LAB2-0078,metformin,clean,approved,smollm2-1.7b,mcp_governed,review required,REVIEW_REQUIRED,0.55704715,0.22918656,False,False
LAB2-0079,metformin,clean,approved,smollm2-1.7b,deterministic_rules,approved,REVIEW_REQUIRED,0.55555406,0.2231375,False,False
LAB2-0079,metformin,clean,approved,smollm2-1.7b,mcp_access_only,review required,REVIEW_REQUIRED,0.55555406,0.2231375,False,False
LAB2-0079,metformin,clean,approved,smollm2-1.7b,confidence_abstention,review required,REVIEW_REQUIRED,0.55555406,0.2231375,False,False
LAB2-0079,metformin,clean,approved,smollm2-1.7b,mcp_governed,review required,REVIEW_REQUIRED,0.55555406,0.2231375,False,False
LAB2-0080,metformin,clean,approved,smollm2-1.7b,deterministic_rules,approved,REVIEW_REQUIRED,0.55402605,0.21695118,False,False
LAB2-0080,metformin,clean,approved,smollm2-1.7b,mcp_access_only,review required,REVIEW_REQUIRED,0.55402605,0.21695118,False,False
LAB2-0080,metformin,clean,approved,smollm2-1.7b,confidence_abstention,review required,REVIEW_REQUIRED,0.55402605,0.21695118,False,False
LAB2-0080,metformin,clean,approved,smollm2-1.7b,mcp_governed,review required,REVIEW_REQUIRED,0.55402605,0.21695118,False,False
LAB2-0081,metformin,clean,approved,smollm2-1.7b,deterministic_rules,approved,REVIEW_REQUIRED,0.55206214,0.20900609,False,False
LAB2-0081,metformin,clean,approved,smollm2-1.7b,mcp_access_only,review required,REVIEW_REQUIRED,0.55206214,0.20900609,False,False
LAB2-0081,metformin,clean,approved,smollm2-1.7b,confidence_abstention,review required,REVIEW_REQUIRED,0.55206214,0.20900609,False,False
LAB2-0081,metformin,clean,approved,smollm2-1.7b,mcp_governed,review required,REVIEW_REQUIRED,0.55206214,0.20900609,False,False
LAB2-0082,metformin,clean,approved,smollm2-1.7b,deterministic_rules,approved,REVIEW_REQUIRED,0.54554987,0.18270602,False,False
LAB2-0082,metformin,clean,approved,smollm2-1.7b,mcp_access_only,review required,REVIEW_REQUIRED,0.54554987,0.18270602,False,False
LAB2-0082,metformin,clean,approved,smollm2-1.7b,confidence_abstention,review required,REVIEW_REQUIRED,0.54554987,0.18270602,False,False
LAB2-0082,metformin,clean,approved,smollm2-1.7b,mcp_governed,review required,REVIEW_REQUIRED,0.54554987,0.18270602,False,False
LAB2-0083,metformin,clean,approved,smollm2-1.7b,deterministic_rules,approved,REVIEW_REQUIRED,0.54902596,0.19673595,False,False
LAB2-0083,metformin,clean,approved,smollm2-1.7b,mcp_access_only,review required,REVIEW_REQUIRED,0.54902596,0.19673595,False,False
LAB2-0083,metformin,clean,approved,smollm2-1.7b,confidence_abstention,review required,REVIEW_REQUIRED,0.54902596,0.19673595,False,False
LAB2-0083,metformin,clean,approved,smollm2-1.7b,mcp_governed,review required,REVIEW_REQUIRED,0.54902596,0.19673595,False,False
LAB2-0084,metformin,clean,approved,smollm2-1.7b,deterministic_rules,approved,REVIEW_REQUIRED,0.54976974,0.19974038,False,False
LAB2-0084,metformin,clean,approved,smollm2-1.7b,mcp_access_only,review required,REVIEW_REQUIRED,0.54976974,0.19974038,False,False
LAB2-0084,metformin,clean,approved,smollm2-1.7b,confidence_abstention,review required,REVIEW_REQUIRED,0.54976974,0.19974038,False,False
LAB2-0084,metformin,clean,approved,smollm2-1.7b,mcp_governed,review required,REVIEW_REQUIRED,0.54976974,0.19974038,False,False
LAB2-0085,metformin,missing,review required,smollm2-1.7b,deterministic_rules,review required,REVIEW_REQUIRED,0.54493363,0.18022074,False,False
LAB2-0085,metformin,missing,review required,smollm2-1.7b,mcp_access_only,review required,REVIEW_REQUIRED,0.54493363,0.18022074,False,False
LAB2-0085,metformin,missing,review required,smollm2-1.7b,confidence_abstention,review required,REVIEW_REQUIRED,0.54493363,0.18022074,False,False
LAB2-0085,metformin,missing,review required,smollm2-1.7b,mcp_governed,review required,REVIEW_REQUIRED,0.54493363,0.18022074,False,False
LAB2-0086,metformin,missing,review required,smollm2-1.7b,deterministic_rules,review required,REVIEW_REQUIRED,0.54348178,0.17436759,False,False
LAB2-0086,metformin,missing,review required,smollm2-1.7b,mcp_access_only,review required,REVIEW_REQUIRED,0.54348178,0.17436759,False,False
LAB2-0086,metformin,missing,review required,smollm2-1.7b,confidence_abstention,review required,REVIEW_REQUIRED,0.54348178,0.17436759,False,False
LAB2-0086,metformin,missing,review required,smollm2-1.7b,mcp_governed,review required,REVIEW_REQUIRED,0.54348178,0.17436759,False,False
LAB2-0087,metformin,missing,review required,smollm2-1.7b,deterministic_rules,review required,REVIEW_REQUIRED,0.54559258,0.18287831,False,False
LAB2-0087,metformin,missing,review required,smollm2-1.7b,mcp_access_only,review required,REVIEW_REQUIRED,0.54559258,0.18287831,False,False
LAB2-0087,metformin,missing,review required,smollm2-1.7b,confidence_abstention,review required,REVIEW_REQUIRED,0.54559258,0.18287831,False,False
LAB2-0087,metformin,missing,review required,smollm2-1.7b,mcp_governed,review required,REVIEW_REQUIRED,0.54559258,0.18287831,False,False
LAB2-0088,metformin,missing,review required,smollm2-1.7b,deterministic_rules,review required,REVIEW_REQUIRED,0.54928468,0.19778092,False,False
LAB2-0088,metformin,missing,review required,smollm2-1.7b,mcp_access_only,review required,REVIEW_REQUIRED,0.54928468,0.19778092,False,False
LAB2-0088,metformin,missing,review required,smollm2-1.7b,confidence_abstention,review required,REVIEW_REQUIRED,0.54928468,0.19778092,False,False
LAB2-0088,metformin,missing,review required,smollm2-1.7b,mcp_governed,review required,REVIEW_REQUIRED,0.54928468,0.19778092,False,False
LAB2-0089,metformin,stale,review required,smollm2-1.7b,deterministic_rules,review required,REVIEW_REQUIRED,0.53505034,0.14043171,False,False
LAB2-0089,metformin,stale,review required,smollm2-1.7b,mcp_access_only,review required,REVIEW_REQUIRED,0.53505034,0.14043171,False,False
LAB2-0089,metformin,stale,review required,smollm2-1.7b,confidence_abstention,review required,REVIEW_REQUIRED,0.53505034,0.14043171,False,False
LAB2-0089,metformin,stale,review required,smollm2-1.7b,mcp_governed,review required,REVIEW_REQUIRED,0.53505034,0.14043171,False,False
LAB2-0090,metformin,stale,review required,smollm2-1.7b,deterministic_rules,review required,REVIEW_REQUIRED,0.53070219,0.12296345,False,False
LAB2-0090,metformin,stale,review required,smollm2-1.7b,mcp_access_only,review required,REVIEW_REQUIRED,0.53070219,0.12296345,False,False
LAB2-0090,metformin,stale,review required,smollm2-1.7b,confidence_abstention,review required,REVIEW_REQUIRED,0.53070219,0.12296345,False,False
LAB2-0090,metformin,stale,review required,smollm2-1.7b,mcp_governed,review required,REVIEW_REQUIRED,0.53070219,0.12296345,False,False
LAB2-0091,metformin,stale,review required,smollm2-1.7b,deterministic_rules,review required,REVIEW_REQUIRED,0.53695212,0.14807847,False,False
LAB2-0091,metformin,stale,review required,smollm2-1.7b,mcp_access_only,review required,REVIEW_REQUIRED,0.53695212,0.14807847,False,False
LAB2-0091,metformin,stale,review required,smollm2-1.7b,confidence_abstention,review required,REVIEW_REQUIRED,0.53695212,0.14807847,False,False
LAB2-0091,metformin,stale,review required,smollm2-1.7b,mcp_governed,review required,REVIEW_REQUIRED,0.53695212,0.14807847,False,False
LAB2-0092,metformin,stale,review required,smollm2-1.7b,deterministic_rules,review required,REVIEW_REQUIRED,0.53998731,0.16029155,False,False
LAB2-0092,metformin,stale,review required,smollm2-1.7b,mcp_access_only,review required,REVIEW_REQUIRED,0.53998731,0.16029155,False,False
LAB2-0092,metformin,stale,review required,smollm2-1.7b,confidence_abstention,review required,REVIEW_REQUIRED,0.53998731,0.16029155,False,False
LAB2-0092,metformin,stale,review required,smollm2-1.7b,mcp_governed,review required,REVIEW_REQUIRED,0.53998731,0.16029155,False,False
LAB2-0093,metformin,unit_error,review required,smollm2-1.7b,deterministic_rules,review required,REVIEW_REQUIRED,0.54592917,0.18423606,False,False
LAB2-0093,metformin,unit_error,review required,smollm2-1.7b,mcp_access_only,review required,REVIEW_REQUIRED,0.54592917,0.18423606,False,False
LAB2-0093,metformin,unit_error,review required,smollm2-1.7b,confidence_abstention,review required,REVIEW_REQUIRED,0.54592917,0.18423606,False,False
LAB2-0093,metformin,unit_error,review required,smollm2-1.7b,mcp_governed,review required,REVIEW_REQUIRED,0.54592917,0.18423606,False,False
LAB2-0094,metformin,unit_error,review required,smollm2-1.7b,deterministic_rules,review required,REVIEW_REQUIRED,0.54887031,0.19610734,False,False
LAB2-0094,metformin,unit_error,review required,smollm2-1.7b,mcp_access_only,review required,REVIEW_REQUIRED,0.54887031,0.19610734,False,False
LAB2-0094,metformin,unit_error,review required,smollm2-1.7b,confidence_abstention,review required,REVIEW_REQUIRED,0.54887031,0.19610734,False,False
LAB2-0094,metformin,unit_error,review required,smollm2-1.7b,mcp_governed,review required,REVIEW_REQUIRED,0.54887031,0.19610734,False,False
LAB2-0095,metformin,unit_error,review required,smollm2-1.7b,deterministic_rules,review required,REVIEW_REQUIRED,0.54455282,0.17868521,False,False
LAB2-0095,metformin,unit_error,review required,smollm2-1.7b,mcp_access_only,review required,REVIEW_REQUIRED,0.54455282,0.17868521,False,False
LAB2-0095,metformin,unit_error,review required,smollm2-1.7b,confidence_abstention,review required,REVIEW_REQUIRED,0.54455282,0.17868521,False,False
LAB2-0095,metformin,unit_error,review required,smollm2-1.7b,mcp_governed,review required,REVIEW_REQUIRED,0.54455282,0.17868521,False,False
LAB2-0096,metformin,unit_error,review required,smollm2-1.7b,deterministic_rules,review required,REVIEW_REQUIRED,0.54394027,0.17621564,False,False
LAB2-0096,metformin,unit_error,review required,smollm2-1.7b,mcp_access_only,review required,REVIEW_REQUIRED,0.54394027,0.17621564,False,False
LAB2-0096,metformin,unit_error,review required,smollm2-1.7b,confidence_abstention,review required,REVIEW_REQUIRED,0.54394027,0.17621564,False,False
LAB2-0096,metformin,unit_error,review required,smollm2-1.7b,mcp_governed,review required,REVIEW_REQUIRED,0.54394027,0.17621564,False,False
LAB2-0097,metformin,conflict,review required,smollm2-1.7b,deterministic_rules,review required,REVIEW_REQUIRED,0.54742629,0.19027719,False,False
LAB2-0097,metformin,conflict,review required,smollm2-1.7b,mcp_access_only,review required,REVIEW_REQUIRED,0.54742629,0.19027719,False,False
LAB2-0097,metformin,conflict,review required,smollm2-1.7b,confidence_abstention,review required,REVIEW_REQUIRED,0.54742629,0.19027719,False,False
LAB2-0097,metformin,conflict,review required,smollm2-1.7b,mcp_governed,review required,REVIEW_REQUIRED,0.54742629,0.19027719,False,False
LAB2-0098,metformin,conflict,review required,smollm2-1.7b,deterministic_rules,review required,REVIEW_REQUIRED,0.5496106,0.19909749,False,False
LAB2-0098,metformin,conflict,review required,smollm2-1.7b,mcp_access_only,review required,REVIEW_REQUIRED,0.5496106,0.19909749,False,False
LAB2-0098,metformin,conflict,review required,smollm2-1.7b,confidence_abstention,review required,REVIEW_REQUIRED,0.5496106,0.19909749,False,False
LAB2-0098,metformin,conflict,review required,smollm2-1.7b,mcp_governed,review required,REVIEW_REQUIRED,0.5496106,0.19909749,False,False
LAB2-0099,metformin,conflict,review required,smollm2-1.7b,deterministic_rules,review required,REVIEW_REQUIRED,0.54749213,0.19054292,False,False
LAB2-0099,metformin,conflict,review required,smollm2-1.7b,mcp_access_only,review required,REVIEW_REQUIRED,0.54749213,0.19054292,False,False
LAB2-0099,metformin,conflict,review required,smollm2-1.7b,confidence_abstention,review required,REVIEW_REQUIRED,0.54749213,0.19054292,False,False
LAB2-0099,metformin,conflict,review required,smollm2-1.7b,mcp_governed,review required,REVIEW_REQUIRED,0.54749213,0.19054292,False,False
LAB2-0100,metformin,conflict,review required,smollm2-1.7b,deterministic_rules,review required,REVIEW_REQUIRED,0.55573085,0.22385351,False,False
LAB2-0100,metformin,conflict,review required,smollm2-1.7b,mcp_access_only,review required,REVIEW_REQUIRED,0.55573085,0.22385351,False,False
LAB2-0100,metformin,conflict,review required,smollm2-1.7b,confidence_abstention,review required,REVIEW_REQUIRED,0.55573085,0.22385351,False,False
LAB2-0100,metformin,conflict,review required,smollm2-1.7b,mcp_governed,review required,REVIEW_REQUIRED,0.55573085,0.22385351,False,False
LAB2-0101,metformin,wrong_encounter,review required,smollm2-1.7b,deterministic_rules,review required,REVIEW_REQUIRED,0.5362119,0.14510165,False,False
LAB2-0101,metformin,wrong_encounter,review required,smollm2-1.7b,mcp_access_only,review required,REVIEW_REQUIRED,0.5362119,0.14510165,False,False
LAB2-0101,metformin,wrong_encounter,review required,smollm2-1.7b,confidence_abstention,review required,REVIEW_REQUIRED,0.5362119,0.14510165,False,False
LAB2-0101,metformin,wrong_encounter,review required,smollm2-1.7b,mcp_governed,review required,REVIEW_REQUIRED,0.5362119,0.14510165,False,False
LAB2-0102,metformin,wrong_encounter,review required,smollm2-1.7b,deterministic_rules,review required,REVIEW_REQUIRED,0.53802761,0.15240476,False,False
LAB2-0102,metformin,wrong_encounter,review required,smollm2-1.7b,mcp_access_only,review required,REVIEW_REQUIRED,0.53802761,0.15240476,False,False
LAB2-0102,metformin,wrong_encounter,review required,smollm2-1.7b,confidence_abstention,review required,REVIEW_REQUIRED,0.53802761,0.15240476,False,False
LAB2-0102,metformin,wrong_encounter,review required,smollm2-1.7b,mcp_governed,review required,REVIEW_REQUIRED,0.53802761,0.15240476,False,False
LAB2-0103,metformin,wrong_encounter,review required,smollm2-1.7b,deterministic_rules,review required,REVIEW_REQUIRED,0.52976381,0.11919615,False,False
LAB2-0103,metformin,wrong_encounter,review required,smollm2-1.7b,mcp_access_only,review required,REVIEW_REQUIRED,0.52976381,0.11919615,False,False
LAB2-0103,metformin,wrong_encounter,review required,smollm2-1.7b,confidence_abstention,review required,REVIEW_REQUIRED,0.52976381,0.11919615,False,False
LAB2-0103,metformin,wrong_encounter,review required,smollm2-1.7b,mcp_governed,review required,REVIEW_REQUIRED,0.52976381,0.11919615,False,False
LAB2-0104,metformin,wrong_encounter,review required,smollm2-1.7b,deterministic_rules,review required,REVIEW_REQUIRED,0.52689597,0.10768784,False,False
LAB2-0104,metformin,wrong_encounter,review required,smollm2-1.7b,mcp_access_only,review required,REVIEW_REQUIRED,0.52689597,0.10768784,False,False
LAB2-0104,metformin,wrong_encounter,review required,smollm2-1.7b,confidence_abstention,review required,REVIEW_REQUIRED,0.52689597,0.10768784,False,False
LAB2-0104,metformin,wrong_encounter,review required,smollm2-1.7b,mcp_governed,review required,REVIEW_REQUIRED,0.52689597,0.10768784,False,False
LAB2-0105,metformin,service_failure,review required,smollm2-1.7b,deterministic_rules,review required,REVIEW_REQUIRED,0.54225622,0.16942902,False,False
LAB2-0105,metformin,service_failure,review required,smollm2-1.7b,mcp_access_only,review required,REVIEW_REQUIRED,0.54225622,0.16942902,False,False
LAB2-0105,metformin,service_failure,review required,smollm2-1.7b,confidence_abstention,review required,REVIEW_REQUIRED,0.54225622,0.16942902,False,False
LAB2-0105,metformin,service_failure,review required,smollm2-1.7b,mcp_governed,review required,REVIEW_REQUIRED,0.54225622,0.16942902,False,False
LAB2-0106,metformin,service_failure,review required,smollm2-1.7b,deterministic_rules,review required,REVIEW_REQUIRED,0.5407506,0.16336475,False,False
LAB2-0106,metformin,service_failure,review required,smollm2-1.7b,mcp_access_only,review required,REVIEW_REQUIRED,0.5407506,0.16336475,False,False
LAB2-0106,metformin,service_failure,review required,smollm2-1.7b,confidence_abstention,review required,REVIEW_REQUIRED,0.5407506,0.16336475,False,False
LAB2-0106,metformin,service_failure,review required,smollm2-1.7b,mcp_governed,review required,REVIEW_REQUIRED,0.5407506,0.16336475,False,False
LAB2-0107,metformin,service_failure,review required,smollm2-1.7b,deterministic_rules,review required,REVIEW_REQUIRED,0.54074285,0.16333356,False,False
LAB2-0107,metformin,service_failure,review required,smollm2-1.7b,mcp_access_only,review required,REVIEW_REQUIRED,0.54074285,0.16333356,False,False
LAB2-0107,metformin,service_failure,review required,smollm2-1.7b,confidence_abstention,review required,REVIEW_REQUIRED,0.54074285,0.16333356,False,False
LAB2-0107,metformin,service_failure,review required,smollm2-1.7b,mcp_governed,review required,REVIEW_REQUIRED,0.54074285,0.16333356,False,False
LAB2-0108,metformin,service_failure,review required,smollm2-1.7b,deterministic_rules,review required,REVIEW_REQUIRED,0.54175036,0.16739118,False,False
LAB2-0108,metformin,service_failure,review required,smollm2-1.7b,mcp_access_only,review required,REVIEW_REQUIRED,0.54175036,0.16739118,False,False
LAB2-0108,metformin,service_failure,review required,smollm2-1.7b,confidence_abstention,review required,REVIEW_REQUIRED,0.54175036,0.16739118,False,False
LAB2-0108,metformin,service_failure,review required,smollm2-1.7b,mcp_governed,review required,REVIEW_REQUIRED,0.54175036,0.16739118,False,False
LAB2-0121,enoxaparin,clean,review required,smollm2-1.7b,deterministic_rules,review required,REVIEW_REQUIRED,0.56740732,0.27128083,False,False
LAB2-0121,enoxaparin,clean,review required,smollm2-1.7b,mcp_access_only,review required,REVIEW_REQUIRED,0.56740732,0.27128083,False,False
LAB2-0121,enoxaparin,clean,review required,smollm2-1.7b,confidence_abstention,review required,REVIEW_REQUIRED,0.56740732,0.27128083,False,False
LAB2-0121,enoxaparin,clean,review required,smollm2-1.7b,mcp_governed,review required,REVIEW_REQUIRED,0.56740732,0.27128083,False,False
LAB2-0122,enoxaparin,clean,review required,smollm2-1.7b,deterministic_rules,review required,REVIEW_REQUIRED,0.56823505,0.27465381,False,False
LAB2-0122,enoxaparin,clean,review required,smollm2-1.7b,mcp_access_only,review required,REVIEW_REQUIRED,0.56823505,0.27465381,False,False
LAB2-0122,enoxaparin,clean,review required,smollm2-1.7b,confidence_abstention,review required,REVIEW_REQUIRED,0.56823505,0.27465381,False,False
LAB2-0122,enoxaparin,clean,review required,smollm2-1.7b,mcp_governed,review required,REVIEW_REQUIRED,0.56823505,0.27465381,False,False
LAB2-0123,enoxaparin,clean,review required,smollm2-1.7b,deterministic_rules,review required,REVIEW_REQUIRED,0.57018421,0.28260276,False,False
LAB2-0123,enoxaparin,clean,review required,smollm2-1.7b,mcp_access_only,review required,REVIEW_REQUIRED,0.57018421,0.28260276,False,False
LAB2-0123,enoxaparin,clean,review required,smollm2-1.7b,confidence_abstention,review required,REVIEW_REQUIRED,0.57018421,0.28260276,False,False
LAB2-0123,enoxaparin,clean,review required,smollm2-1.7b,mcp_governed,review required,REVIEW_REQUIRED,0.57018421,0.28260276,False,False
LAB2-0124,enoxaparin,clean,review required,smollm2-1.7b,deterministic_rules,review required,REVIEW_REQUIRED,0.56850567,0.27575693,False,False
LAB2-0124,enoxaparin,clean,review required,smollm2-1.7b,mcp_access_only,review required,REVIEW_REQUIRED,0.56850567,0.27575693,False,False
LAB2-0124,enoxaparin,clean,review required,smollm2-1.7b,confidence_abstention,review required,REVIEW_REQUIRED,0.56850567,0.27575693,False,False
LAB2-0124,enoxaparin,clean,review required,smollm2-1.7b,mcp_governed,review required,REVIEW_REQUIRED,0.56850567,0.27575693,False,False
LAB2-0125,enoxaparin,clean,review required,smollm2-1.7b,deterministic_rules,review required,REVIEW_REQUIRED,0.56834134,0.27508706,False,False
LAB2-0125,enoxaparin,clean,review required,smollm2-1.7b,mcp_access_only,review required,REVIEW_REQUIRED,0.56834134,0.27508706,False,False
LAB2-0125,enoxaparin,clean,review required,smollm2-1.7b,confidence_abstention,review required,REVIEW_REQUIRED,0.56834134,0.27508706,False,False
LAB2-0125,enoxaparin,clean,review required,smollm2-1.7b,mcp_governed,review required,REVIEW_REQUIRED,0.56834134,0.27508706,False,False
LAB2-0126,enoxaparin,clean,review required,smollm2-1.7b,deterministic_rules,review required,REVIEW_REQUIRED,0.56799615,0.27368012,False,False
LAB2-0126,enoxaparin,clean,review required,smollm2-1.7b,mcp_access_only,review required,REVIEW_REQUIRED,0.56799615,0.27368012,False,False
LAB2-0126,enoxaparin,clean,review required,smollm2-1.7b,confidence_abstention,review required,REVIEW_REQUIRED,0.56799615,0.27368012,False,False
LAB2-0126,enoxaparin,clean,review required,smollm2-1.7b,mcp_governed,review required,REVIEW_REQUIRED,0.56799615,0.27368012,False,False
LAB2-0127,enoxaparin,clean,review required,smollm2-1.7b,deterministic_rules,review required,REVIEW_REQUIRED,0.57268784,0.292826,False,False
LAB2-0127,enoxaparin,clean,review required,smollm2-1.7b,mcp_access_only,review required,REVIEW_REQUIRED,0.57268784,0.292826,False,False
LAB2-0127,enoxaparin,clean,review required,smollm2-1.7b,confidence_abstention,review required,REVIEW_REQUIRED,0.57268784,0.292826,False,False
LAB2-0127,enoxaparin,clean,review required,smollm2-1.7b,mcp_governed,review required,REVIEW_REQUIRED,0.57268784,0.292826,False,False
LAB2-0128,enoxaparin,clean,review required,smollm2-1.7b,deterministic_rules,review required,REVIEW_REQUIRED,0.5714408,0.28773201,False,False
LAB2-0128,enoxaparin,clean,review required,smollm2-1.7b,mcp_access_only,review required,REVIEW_REQUIRED,0.5714408,0.28773201,False,False
LAB2-0128,enoxaparin,clean,review required,smollm2-1.7b,confidence_abstention,review required,REVIEW_REQUIRED,0.5714408,0.28773201,False,False
LAB2-0128,enoxaparin,clean,review required,smollm2-1.7b,mcp_governed,review required,REVIEW_REQUIRED,0.5714408,0.28773201,False,False
LAB2-0129,enoxaparin,clean,review required,smollm2-1.7b,deterministic_rules,review required,REVIEW_REQUIRED,0.56792686,0.27339775,False,False
LAB2-0129,enoxaparin,clean,review required,smollm2-1.7b,mcp_access_only,review required,REVIEW_REQUIRED,0.56792686,0.27339775,False,False
LAB2-0129,enoxaparin,clean,review required,smollm2-1.7b,confidence_abstention,review required,REVIEW_REQUIRED,0.56792686,0.27339775,False,False
LAB2-0129,enoxaparin,clean,review required,smollm2-1.7b,mcp_governed,review required,REVIEW_REQUIRED,0.56792686,0.27339775,False,False
LAB2-0130,enoxaparin,clean,review required,smollm2-1.7b,deterministic_rules,review required,REVIEW_REQUIRED,0.5675184,0.27173338,False,False
LAB2-0130,enoxaparin,clean,review required,smollm2-1.7b,mcp_access_only,review required,REVIEW_REQUIRED,0.5675184,0.27173338,False,False
LAB2-0130,enoxaparin,clean,review required,smollm2-1.7b,confidence_abstention,review required,REVIEW_REQUIRED,0.5675184,0.27173338,False,False
LAB2-0130,enoxaparin,clean,review required,smollm2-1.7b,mcp_governed,review required,REVIEW_REQUIRED,0.5675184,0.27173338,False,False
LAB2-0131,enoxaparin,clean,review required,smollm2-1.7b,deterministic_rules,review required,REVIEW_REQUIRED,0.56741169,0.27129864,False,False
LAB2-0131,enoxaparin,clean,review required,smollm2-1.7b,mcp_access_only,review required,REVIEW_REQUIRED,0.56741169,0.27129864,False,False
LAB2-0131,enoxaparin,clean,review required,smollm2-1.7b,confidence_abstention,review required,REVIEW_REQUIRED,0.56741169,0.27129864,False,False
LAB2-0131,enoxaparin,clean,review required,smollm2-1.7b,mcp_governed,review required,REVIEW_REQUIRED,0.56741169,0.27129864,False,False
LAB2-0132,enoxaparin,clean,review required,smollm2-1.7b,deterministic_rules,review required,REVIEW_REQUIRED,0.57131203,0.28720621,False,False
LAB2-0132,enoxaparin,clean,review required,smollm2-1.7b,mcp_access_only,review required,REVIEW_REQUIRED,0.57131203,0.28720621,False,False
LAB2-0132,enoxaparin,clean,review required,smollm2-1.7b,confidence_abstention,review required,REVIEW_REQUIRED,0.57131203,0.28720621,False,False
LAB2-0132,enoxaparin,clean,review required,smollm2-1.7b,mcp_governed,review required,REVIEW_REQUIRED,0.57131203,0.28720621,False,False
LAB2-0133,enoxaparin,clean,approved,smollm2-1.7b,deterministic_rules,approved,REVIEW_REQUIRED,0.56079143,0.24437466,False,False
LAB2-0133,enoxaparin,clean,approved,smollm2-1.7b,mcp_access_only,review required,REVIEW_REQUIRED,0.56079143,0.24437466,False,False
LAB2-0133,enoxaparin,clean,approved,smollm2-1.7b,confidence_abstention,review required,REVIEW_REQUIRED,0.56079143,0.24437466,False,False
LAB2-0133,enoxaparin,clean,approved,smollm2-1.7b,mcp_governed,review required,REVIEW_REQUIRED,0.56079143,0.24437466,False,False
LAB2-0134,enoxaparin,clean,approved,smollm2-1.7b,deterministic_rules,approved,REVIEW_REQUIRED,0.56836104,0.27516734,False,False
LAB2-0134,enoxaparin,clean,approved,smollm2-1.7b,mcp_access_only,review required,REVIEW_REQUIRED,0.56836104,0.27516734,False,False
LAB2-0134,enoxaparin,clean,approved,smollm2-1.7b,confidence_abstention,review required,REVIEW_REQUIRED,0.56836104,0.27516734,False,False
LAB2-0134,enoxaparin,clean,approved,smollm2-1.7b,mcp_governed,review required,REVIEW_REQUIRED,0.56836104,0.27516734,False,False
LAB2-0135,enoxaparin,clean,approved,smollm2-1.7b,deterministic_rules,approved,REVIEW_REQUIRED,0.5623125,0.25055254,False,False
LAB2-0135,enoxaparin,clean,approved,smollm2-1.7b,mcp_access_only,review required,REVIEW_REQUIRED,0.5623125,0.25055254,False,False
LAB2-0135,enoxaparin,clean,approved,smollm2-1.7b,confidence_abstention,review required,REVIEW_REQUIRED,0.5623125,0.25055254,False,False
LAB2-0135,enoxaparin,clean,approved,smollm2-1.7b,mcp_governed,review required,REVIEW_REQUIRED,0.5623125,0.25055254,False,False
LAB2-0136,enoxaparin,clean,approved,smollm2-1.7b,deterministic_rules,approved,REVIEW_REQUIRED,0.5611006,0.24562997,False,False
LAB2-0136,enoxaparin,clean,approved,smollm2-1.7b,mcp_access_only,review required,REVIEW_REQUIRED,0.5611006,0.24562997,False,False
LAB2-0136,enoxaparin,clean,approved,smollm2-1.7b,confidence_abstention,review required,REVIEW_REQUIRED,0.5611006,0.24562997,False,False
LAB2-0136,enoxaparin,clean,approved,smollm2-1.7b,mcp_governed,review required,REVIEW_REQUIRED,0.5611006,0.24562997,False,False
LAB2-0137,enoxaparin,clean,approved,smollm2-1.7b,deterministic_rules,approved,REVIEW_REQUIRED,0.56348679,0.25532524,False,False
LAB2-0137,enoxaparin,clean,approved,smollm2-1.7b,mcp_access_only,review required,REVIEW_REQUIRED,0.56348679,0.25532524,False,False
LAB2-0137,enoxaparin,clean,approved,smollm2-1.7b,confidence_abstention,review required,REVIEW_REQUIRED,0.56348679,0.25532524,False,False
LAB2-0137,enoxaparin,clean,approved,smollm2-1.7b,mcp_governed,review required,REVIEW_REQUIRED,0.56348679,0.25532524,False,False
LAB2-0138,enoxaparin,clean,approved,smollm2-1.7b,deterministic_rules,approved,REVIEW_REQUIRED,0.56730677,0.27087118,False,False
LAB2-0138,enoxaparin,clean,approved,smollm2-1.7b,mcp_access_only,review required,REVIEW_REQUIRED,0.56730677,0.27087118,False,False
LAB2-0138,enoxaparin,clean,approved,smollm2-1.7b,confidence_abstention,review required,REVIEW_REQUIRED,0.56730677,0.27087118,False,False
LAB2-0138,enoxaparin,clean,approved,smollm2-1.7b,mcp_governed,review required,REVIEW_REQUIRED,0.56730677,0.27087118,False,False
LAB2-0139,enoxaparin,clean,approved,smollm2-1.7b,deterministic_rules,approved,REVIEW_REQUIRED,0.56781533,0.27294328,False,False
LAB2-0139,enoxaparin,clean,approved,smollm2-1.7b,mcp_access_only,review required,REVIEW_REQUIRED,0.56781533,0.27294328,False,False
LAB2-0139,enoxaparin,clean,approved,smollm2-1.7b,confidence_abstention,review required,REVIEW_REQUIRED,0.56781533,0.27294328,False,False
LAB2-0139,enoxaparin,clean,approved,smollm2-1.7b,mcp_governed,review required,REVIEW_REQUIRED,0.56781533,0.27294328,False,False
LAB2-0140,enoxaparin,clean,approved,smollm2-1.7b,deterministic_rules,approved,REVIEW_REQUIRED,0.56357095,0.25566743,False,False
LAB2-0140,enoxaparin,clean,approved,smollm2-1.7b,mcp_access_only,review required,REVIEW_REQUIRED,0.56357095,0.25566743,False,False
LAB2-0140,enoxaparin,clean,approved,smollm2-1.7b,confidence_abstention,review required,REVIEW_REQUIRED,0.56357095,0.25566743,False,False
LAB2-0140,enoxaparin,clean,approved,smollm2-1.7b,mcp_governed,review required,REVIEW_REQUIRED,0.56357095,0.25566743,False,False
LAB2-0141,enoxaparin,clean,approved,smollm2-1.7b,deterministic_rules,approved,REVIEW_REQUIRED,0.56339193,0.25493958,False,False
LAB2-0141,enoxaparin,clean,approved,smollm2-1.7b,mcp_access_only,review required,REVIEW_REQUIRED,0.56339193,0.25493958,False,False
LAB2-0141,enoxaparin,clean,approved,smollm2-1.7b,confidence_abstention,review required,REVIEW_REQUIRED,0.56339193,0.25493958,False,False
LAB2-0141,enoxaparin,clean,approved,smollm2-1.7b,mcp_governed,review required,REVIEW_REQUIRED,0.56339193,0.25493958,False,False
LAB2-0142,enoxaparin,clean,approved,smollm2-1.7b,deterministic_rules,approved,REVIEW_REQUIRED,0.56532466,0.26280079,False,False
LAB2-0142,enoxaparin,clean,approved,smollm2-1.7b,mcp_access_only,review required,REVIEW_REQUIRED,0.56532466,0.26280079,False,False
LAB2-0142,enoxaparin,clean,approved,smollm2-1.7b,confidence_abstention,review required,REVIEW_REQUIRED,0.56532466,0.26280079,False,False
LAB2-0142,enoxaparin,clean,approved,smollm2-1.7b,mcp_governed,review required,REVIEW_REQUIRED,0.56532466,0.26280079,False,False
LAB2-0143,enoxaparin,clean,approved,smollm2-1.7b,deterministic_rules,approved,REVIEW_REQUIRED,0.56556509,0.26377925,False,False
LAB2-0143,enoxaparin,clean,approved,smollm2-1.7b,mcp_access_only,review required,REVIEW_REQUIRED,0.56556509,0.26377925,False,False
LAB2-0143,enoxaparin,clean,approved,smollm2-1.7b,confidence_abstention,review required,REVIEW_REQUIRED,0.56556509,0.26377925,False,False
LAB2-0143,enoxaparin,clean,approved,smollm2-1.7b,mcp_governed,review required,REVIEW_REQUIRED,0.56556509,0.26377925,False,False
LAB2-0144,enoxaparin,clean,approved,smollm2-1.7b,deterministic_rules,approved,REVIEW_REQUIRED,0.56455787,0.25968099,False,False
LAB2-0144,enoxaparin,clean,approved,smollm2-1.7b,mcp_access_only,review required,REVIEW_REQUIRED,0.56455787,0.25968099,False,False
LAB2-0144,enoxaparin,clean,approved,smollm2-1.7b,confidence_abstention,review required,REVIEW_REQUIRED,0.56455787,0.25968099,False,False
LAB2-0144,enoxaparin,clean,approved,smollm2-1.7b,mcp_governed,review required,REVIEW_REQUIRED,0.56455787,0.25968099,False,False
LAB2-0145,enoxaparin,missing,review required,smollm2-1.7b,deterministic_rules,review required,REVIEW_REQUIRED,0.56746122,0.27150042,False,False
LAB2-0145,enoxaparin,missing,review required,smollm2-1.7b,mcp_access_only,review required,REVIEW_REQUIRED,0.56746122,0.27150042,False,False
LAB2-0145,enoxaparin,missing,review required,smollm2-1.7b,confidence_abstention,review required,REVIEW_REQUIRED,0.56746122,0.27150042,False,False
LAB2-0145,enoxaparin,missing,review required,smollm2-1.7b,mcp_governed,review required,REVIEW_REQUIRED,0.56746122,0.27150042,False,False
LAB2-0146,enoxaparin,missing,review required,smollm2-1.7b,deterministic_rules,review required,REVIEW_REQUIRED,0.56516261,0.26214136,False,False
LAB2-0146,enoxaparin,missing,review required,smollm2-1.7b,mcp_access_only,review required,REVIEW_REQUIRED,0.56516261,0.26214136,False,False
LAB2-0146,enoxaparin,missing,review required,smollm2-1.7b,confidence_abstention,review required,REVIEW_REQUIRED,0.56516261,0.26214136,False,False
LAB2-0146,enoxaparin,missing,review required,smollm2-1.7b,mcp_governed,review required,REVIEW_REQUIRED,0.56516261,0.26214136,False,False
LAB2-0147,enoxaparin,missing,review required,smollm2-1.7b,deterministic_rules,review required,REVIEW_REQUIRED,0.56728357,0.27077667,False,False
LAB2-0147,enoxaparin,missing,review required,smollm2-1.7b,mcp_access_only,review required,REVIEW_REQUIRED,0.56728357,0.27077667,False,False
LAB2-0147,enoxaparin,missing,review required,smollm2-1.7b,confidence_abstention,review required,REVIEW_REQUIRED,0.56728357,0.27077667,False,False
LAB2-0147,enoxaparin,missing,review required,smollm2-1.7b,mcp_governed,review required,REVIEW_REQUIRED,0.56728357,0.27077667,False,False
LAB2-0148,enoxaparin,missing,review required,smollm2-1.7b,deterministic_rules,review required,REVIEW_REQUIRED,0.5662943,0.2667477,False,False
LAB2-0148,enoxaparin,missing,review required,smollm2-1.7b,mcp_access_only,review required,REVIEW_REQUIRED,0.5662943,0.2667477,False,False
LAB2-0148,enoxaparin,missing,review required,smollm2-1.7b,confidence_abstention,review required,REVIEW_REQUIRED,0.5662943,0.2667477,False,False
LAB2-0148,enoxaparin,missing,review required,smollm2-1.7b,mcp_governed,review required,REVIEW_REQUIRED,0.5662943,0.2667477,False,False
LAB2-0149,enoxaparin,stale,review required,smollm2-1.7b,deterministic_rules,review required,REVIEW_REQUIRED,0.56001886,0.24123859,False,False
LAB2-0149,enoxaparin,stale,review required,smollm2-1.7b,mcp_access_only,review required,REVIEW_REQUIRED,0.56001886,0.24123859,False,False
LAB2-0149,enoxaparin,stale,review required,smollm2-1.7b,confidence_abstention,review required,REVIEW_REQUIRED,0.56001886,0.24123859,False,False
LAB2-0149,enoxaparin,stale,review required,smollm2-1.7b,mcp_governed,review required,REVIEW_REQUIRED,0.56001886,0.24123859,False,False
LAB2-0150,enoxaparin,stale,review required,smollm2-1.7b,deterministic_rules,review required,REVIEW_REQUIRED,0.56093853,0.24497189,False,False
LAB2-0150,enoxaparin,stale,review required,smollm2-1.7b,mcp_access_only,review required,REVIEW_REQUIRED,0.56093853,0.24497189,False,False
LAB2-0150,enoxaparin,stale,review required,smollm2-1.7b,confidence_abstention,review required,REVIEW_REQUIRED,0.56093853,0.24497189,False,False
LAB2-0150,enoxaparin,stale,review required,smollm2-1.7b,mcp_governed,review required,REVIEW_REQUIRED,0.56093853,0.24497189,False,False
LAB2-0151,enoxaparin,stale,review required,smollm2-1.7b,deterministic_rules,review required,REVIEW_REQUIRED,0.55957458,0.23943568,False,False
LAB2-0151,enoxaparin,stale,review required,smollm2-1.7b,mcp_access_only,review required,REVIEW_REQUIRED,0.55957458,0.23943568,False,False
LAB2-0151,enoxaparin,stale,review required,smollm2-1.7b,confidence_abstention,review required,REVIEW_REQUIRED,0.55957458,0.23943568,False,False
LAB2-0151,enoxaparin,stale,review required,smollm2-1.7b,mcp_governed,review required,REVIEW_REQUIRED,0.55957458,0.23943568,False,False
LAB2-0152,enoxaparin,stale,review required,smollm2-1.7b,deterministic_rules,review required,REVIEW_REQUIRED,0.55796127,0.23289205,False,False
LAB2-0152,enoxaparin,stale,review required,smollm2-1.7b,mcp_access_only,review required,REVIEW_REQUIRED,0.55796127,0.23289205,False,False
LAB2-0152,enoxaparin,stale,review required,smollm2-1.7b,confidence_abstention,review required,REVIEW_REQUIRED,0.55796127,0.23289205,False,False
LAB2-0152,enoxaparin,stale,review required,smollm2-1.7b,mcp_governed,review required,REVIEW_REQUIRED,0.55796127,0.23289205,False,False
LAB2-0153,enoxaparin,unit_error,review required,smollm2-1.7b,deterministic_rules,review required,REVIEW_REQUIRED,0.56041547,0.24284838,False,False
LAB2-0153,enoxaparin,unit_error,review required,smollm2-1.7b,mcp_access_only,review required,REVIEW_REQUIRED,0.56041547,0.24284838,False,False
LAB2-0153,enoxaparin,unit_error,review required,smollm2-1.7b,confidence_abstention,review required,REVIEW_REQUIRED,0.56041547,0.24284838,False,False
LAB2-0153,enoxaparin,unit_error,review required,smollm2-1.7b,mcp_governed,review required,REVIEW_REQUIRED,0.56041547,0.24284838,False,False
LAB2-0154,enoxaparin,unit_error,review required,smollm2-1.7b,deterministic_rules,review required,REVIEW_REQUIRED,0.55588254,0.22446793,False,False
LAB2-0154,enoxaparin,unit_error,review required,smollm2-1.7b,mcp_access_only,review required,REVIEW_REQUIRED,0.55588254,0.22446793,False,False
LAB2-0154,enoxaparin,unit_error,review required,smollm2-1.7b,confidence_abstention,review required,REVIEW_REQUIRED,0.55588254,0.22446793,False,False
LAB2-0154,enoxaparin,unit_error,review required,smollm2-1.7b,mcp_governed,review required,REVIEW_REQUIRED,0.55588254,0.22446793,False,False
LAB2-0155,enoxaparin,unit_error,review required,smollm2-1.7b,deterministic_rules,review required,REVIEW_REQUIRED,0.55911509,0.23757147,False,False
LAB2-0155,enoxaparin,unit_error,review required,smollm2-1.7b,mcp_access_only,review required,REVIEW_REQUIRED,0.55911509,0.23757147,False,False
LAB2-0155,enoxaparin,unit_error,review required,smollm2-1.7b,confidence_abstention,review required,REVIEW_REQUIRED,0.55911509,0.23757147,False,False
LAB2-0155,enoxaparin,unit_error,review required,smollm2-1.7b,mcp_governed,review required,REVIEW_REQUIRED,0.55911509,0.23757147,False,False
LAB2-0156,enoxaparin,unit_error,review required,smollm2-1.7b,deterministic_rules,review required,REVIEW_REQUIRED,0.55939986,0.2387268,False,False
LAB2-0156,enoxaparin,unit_error,review required,smollm2-1.7b,mcp_access_only,review required,REVIEW_REQUIRED,0.55939986,0.2387268,False,False
LAB2-0156,enoxaparin,unit_error,review required,smollm2-1.7b,confidence_abstention,review required,REVIEW_REQUIRED,0.55939986,0.2387268,False,False
LAB2-0156,enoxaparin,unit_error,review required,smollm2-1.7b,mcp_governed,review required,REVIEW_REQUIRED,0.55939986,0.2387268,False,False
LAB2-0157,enoxaparin,conflict,review required,smollm2-1.7b,deterministic_rules,review required,REVIEW_REQUIRED,0.57433062,0.29954228,False,False
LAB2-0157,enoxaparin,conflict,review required,smollm2-1.7b,mcp_access_only,review required,REVIEW_REQUIRED,0.57433062,0.29954228,False,False
LAB2-0157,enoxaparin,conflict,review required,smollm2-1.7b,confidence_abstention,review required,REVIEW_REQUIRED,0.57433062,0.29954228,False,False
LAB2-0157,enoxaparin,conflict,review required,smollm2-1.7b,mcp_governed,review required,REVIEW_REQUIRED,0.57433062,0.29954228,False,False
LAB2-0158,enoxaparin,conflict,review required,smollm2-1.7b,deterministic_rules,review required,REVIEW_REQUIRED,0.57309023,0.2944705,False,False
LAB2-0158,enoxaparin,conflict,review required,smollm2-1.7b,mcp_access_only,review required,REVIEW_REQUIRED,0.57309023,0.2944705,False,False
LAB2-0158,enoxaparin,conflict,review required,smollm2-1.7b,confidence_abstention,review required,REVIEW_REQUIRED,0.57309023,0.2944705,False,False
LAB2-0158,enoxaparin,conflict,review required,smollm2-1.7b,mcp_governed,review required,REVIEW_REQUIRED,0.57309023,0.2944705,False,False
LAB2-0159,enoxaparin,conflict,review required,smollm2-1.7b,deterministic_rules,review required,REVIEW_REQUIRED,0.57277575,0.29318523,False,False
LAB2-0159,enoxaparin,conflict,review required,smollm2-1.7b,mcp_access_only,review required,REVIEW_REQUIRED,0.57277575,0.29318523,False,False
LAB2-0159,enoxaparin,conflict,review required,smollm2-1.7b,confidence_abstention,review required,REVIEW_REQUIRED,0.57277575,0.29318523,False,False
LAB2-0159,enoxaparin,conflict,review required,smollm2-1.7b,mcp_governed,review required,REVIEW_REQUIRED,0.57277575,0.29318523,False,False
LAB2-0160,enoxaparin,conflict,review required,smollm2-1.7b,deterministic_rules,review required,REVIEW_REQUIRED,0.57556349,0.30458709,False,False
LAB2-0160,enoxaparin,conflict,review required,smollm2-1.7b,mcp_access_only,review required,REVIEW_REQUIRED,0.57556349,0.30458709,False,False
LAB2-0160,enoxaparin,conflict,review required,smollm2-1.7b,confidence_abstention,review required,REVIEW_REQUIRED,0.57556349,0.30458709,False,False
LAB2-0160,enoxaparin,conflict,review required,smollm2-1.7b,mcp_governed,review required,REVIEW_REQUIRED,0.57556349,0.30458709,False,False
LAB2-0161,enoxaparin,wrong_encounter,review required,smollm2-1.7b,deterministic_rules,review required,REVIEW_REQUIRED,0.5505448,0.20287216,False,False
LAB2-0161,enoxaparin,wrong_encounter,review required,smollm2-1.7b,mcp_access_only,review required,REVIEW_REQUIRED,0.5505448,0.20287216,False,False
LAB2-0161,enoxaparin,wrong_encounter,review required,smollm2-1.7b,confidence_abstention,review required,REVIEW_REQUIRED,0.5505448,0.20287216,False,False
LAB2-0161,enoxaparin,wrong_encounter,review required,smollm2-1.7b,mcp_governed,review required,REVIEW_REQUIRED,0.5505448,0.20287216,False,False
LAB2-0162,enoxaparin,wrong_encounter,review required,smollm2-1.7b,deterministic_rules,review required,REVIEW_REQUIRED,0.55256436,0.21103723,False,False
LAB2-0162,enoxaparin,wrong_encounter,review required,smollm2-1.7b,mcp_access_only,review required,REVIEW_REQUIRED,0.55256436,0.21103723,False,False
LAB2-0162,enoxaparin,wrong_encounter,review required,smollm2-1.7b,confidence_abstention,review required,REVIEW_REQUIRED,0.55256436,0.21103723,False,False
LAB2-0162,enoxaparin,wrong_encounter,review required,smollm2-1.7b,mcp_governed,review required,REVIEW_REQUIRED,0.55256436,0.21103723,False,False
LAB2-0163,enoxaparin,wrong_encounter,review required,smollm2-1.7b,deterministic_rules,review required,REVIEW_REQUIRED,0.55256276,0.21103073,False,False
LAB2-0163,enoxaparin,wrong_encounter,review required,smollm2-1.7b,mcp_access_only,review required,REVIEW_REQUIRED,0.55256276,0.21103073,False,False
LAB2-0163,enoxaparin,wrong_encounter,review required,smollm2-1.7b,confidence_abstention,review required,REVIEW_REQUIRED,0.55256276,0.21103073,False,False
LAB2-0163,enoxaparin,wrong_encounter,review required,smollm2-1.7b,mcp_governed,review required,REVIEW_REQUIRED,0.55256276,0.21103073,False,False
LAB2-0164,enoxaparin,wrong_encounter,review required,smollm2-1.7b,deterministic_rules,review required,REVIEW_REQUIRED,0.55184073,0.20811078,False,False
LAB2-0164,enoxaparin,wrong_encounter,review required,smollm2-1.7b,mcp_access_only,review required,REVIEW_REQUIRED,0.55184073,0.20811078,False,False
LAB2-0164,enoxaparin,wrong_encounter,review required,smollm2-1.7b,confidence_abstention,review required,REVIEW_REQUIRED,0.55184073,0.20811078,False,False
LAB2-0164,enoxaparin,wrong_encounter,review required,smollm2-1.7b,mcp_governed,review required,REVIEW_REQUIRED,0.55184073,0.20811078,False,False
LAB2-0165,enoxaparin,service_failure,review required,smollm2-1.7b,deterministic_rules,review required,REVIEW_REQUIRED,0.55713872,0.22955768,False,False
LAB2-0165,enoxaparin,service_failure,review required,smollm2-1.7b,mcp_access_only,review required,REVIEW_REQUIRED,0.55713872,0.22955768,False,False
LAB2-0165,enoxaparin,service_failure,review required,smollm2-1.7b,confidence_abstention,review required,REVIEW_REQUIRED,0.55713872,0.22955768,False,False
LAB2-0165,enoxaparin,service_failure,review required,smollm2-1.7b,mcp_governed,review required,REVIEW_REQUIRED,0.55713872,0.22955768,False,False
LAB2-0166,enoxaparin,service_failure,review required,smollm2-1.7b,deterministic_rules,review required,REVIEW_REQUIRED,0.55611156,0.22539565,False,False
LAB2-0166,enoxaparin,service_failure,review required,smollm2-1.7b,mcp_access_only,review required,REVIEW_REQUIRED,0.55611156,0.22539565,False,False
LAB2-0166,enoxaparin,service_failure,review required,smollm2-1.7b,confidence_abstention,review required,REVIEW_REQUIRED,0.55611156,0.22539565,False,False
LAB2-0166,enoxaparin,service_failure,review required,smollm2-1.7b,mcp_governed,review required,REVIEW_REQUIRED,0.55611156,0.22539565,False,False
LAB2-0167,enoxaparin,service_failure,review required,smollm2-1.7b,deterministic_rules,review required,REVIEW_REQUIRED,0.56238422,0.25084398,False,False
LAB2-0167,enoxaparin,service_failure,review required,smollm2-1.7b,mcp_access_only,review required,REVIEW_REQUIRED,0.56238422,0.25084398,False,False
LAB2-0167,enoxaparin,service_failure,review required,smollm2-1.7b,confidence_abstention,review required,REVIEW_REQUIRED,0.56238422,0.25084398,False,False
LAB2-0167,enoxaparin,service_failure,review required,smollm2-1.7b,mcp_governed,review required,REVIEW_REQUIRED,0.56238422,0.25084398,False,False
LAB2-0168,enoxaparin,service_failure,review required,smollm2-1.7b,deterministic_rules,review required,REVIEW_REQUIRED,0.56241927,0.25098638,False,False
LAB2-0168,enoxaparin,service_failure,review required,smollm2-1.7b,mcp_access_only,review required,REVIEW_REQUIRED,0.56241927,0.25098638,False,False
LAB2-0168,enoxaparin,service_failure,review required,smollm2-1.7b,confidence_abstention,review required,REVIEW_REQUIRED,0.56241927,0.25098638,False,False
LAB2-0168,enoxaparin,service_failure,review required,smollm2-1.7b,mcp_governed,review required,REVIEW_REQUIRED,0.56241927,0.25098638,False,False
LAB2-0181,gabapentin,clean,review required,smollm2-1.7b,deterministic_rules,review required,REVIEW_REQUIRED,0.59989304,0.40501945,False,False
LAB2-0181,gabapentin,clean,review required,smollm2-1.7b,mcp_access_only,review required,REVIEW_REQUIRED,0.59989304,0.40501945,False,False
LAB2-0181,gabapentin,clean,review required,smollm2-1.7b,confidence_abstention,review required,REVIEW_REQUIRED,0.59989304,0.40501945,False,False
LAB2-0181,gabapentin,clean,review required,smollm2-1.7b,mcp_governed,review required,REVIEW_REQUIRED,0.59989304,0.40501945,False,False
LAB2-0182,gabapentin,clean,review required,smollm2-1.7b,deterministic_rules,review required,REVIEW_REQUIRED,0.60135152,0.41109961,False,False
LAB2-0182,gabapentin,clean,review required,smollm2-1.7b,mcp_access_only,review required,REVIEW_REQUIRED,0.60135152,0.41109961,False,False
LAB2-0182,gabapentin,clean,review required,smollm2-1.7b,confidence_abstention,review required,REVIEW_REQUIRED,0.60135152,0.41109961,False,False
LAB2-0182,gabapentin,clean,review required,smollm2-1.7b,mcp_governed,review required,REVIEW_REQUIRED,0.60135152,0.41109961,False,False
LAB2-0183,gabapentin,clean,review required,smollm2-1.7b,deterministic_rules,review required,REVIEW_REQUIRED,0.60146587,0.41157666,False,False
LAB2-0183,gabapentin,clean,review required,smollm2-1.7b,mcp_access_only,review required,REVIEW_REQUIRED,0.60146587,0.41157666,False,False
LAB2-0183,gabapentin,clean,review required,smollm2-1.7b,confidence_abstention,review required,REVIEW_REQUIRED,0.60146587,0.41157666,False,False
LAB2-0183,gabapentin,clean,review required,smollm2-1.7b,mcp_governed,review required,REVIEW_REQUIRED,0.60146587,0.41157666,False,False
LAB2-0184,gabapentin,clean,review required,smollm2-1.7b,deterministic_rules,review required,REVIEW_REQUIRED,0.60375728,0.42114532,False,False
LAB2-0184,gabapentin,clean,review required,smollm2-1.7b,mcp_access_only,review required,REVIEW_REQUIRED,0.60375728,0.42114532,False,False
LAB2-0184,gabapentin,clean,review required,smollm2-1.7b,confidence_abstention,review required,REVIEW_REQUIRED,0.60375728,0.42114532,False,False
LAB2-0184,gabapentin,clean,review required,smollm2-1.7b,mcp_governed,review required,REVIEW_REQUIRED,0.60375728,0.42114532,False,False
LAB2-0185,gabapentin,clean,review required,smollm2-1.7b,deterministic_rules,review required,REVIEW_REQUIRED,0.60223795,0.41479866,False,False
LAB2-0185,gabapentin,clean,review required,smollm2-1.7b,mcp_access_only,review required,REVIEW_REQUIRED,0.60223795,0.41479866,False,False
LAB2-0185,gabapentin,clean,review required,smollm2-1.7b,confidence_abstention,review required,REVIEW_REQUIRED,0.60223795,0.41479866,False,False
LAB2-0185,gabapentin,clean,review required,smollm2-1.7b,mcp_governed,review required,REVIEW_REQUIRED,0.60223795,0.41479866,False,False
LAB2-0186,gabapentin,clean,review required,smollm2-1.7b,deterministic_rules,review required,REVIEW_REQUIRED,0.60389674,0.4217283,False,False
LAB2-0186,gabapentin,clean,review required,smollm2-1.7b,mcp_access_only,review required,REVIEW_REQUIRED,0.60389674,0.4217283,False,False
LAB2-0186,gabapentin,clean,review required,smollm2-1.7b,confidence_abstention,review required,REVIEW_REQUIRED,0.60389674,0.4217283,False,False
LAB2-0186,gabapentin,clean,review required,smollm2-1.7b,mcp_governed,review required,REVIEW_REQUIRED,0.60389674,0.4217283,False,False
LAB2-0187,gabapentin,clean,review required,smollm2-1.7b,deterministic_rules,review required,REVIEW_REQUIRED,0.59903565,0.4014486,False,False
LAB2-0187,gabapentin,clean,review required,smollm2-1.7b,mcp_access_only,review required,REVIEW_REQUIRED,0.59903565,0.4014486,False,False
LAB2-0187,gabapentin,clean,review required,smollm2-1.7b,confidence_abstention,review required,REVIEW_REQUIRED,0.59903565,0.4014486,False,False
LAB2-0187,gabapentin,clean,review required,smollm2-1.7b,mcp_governed,review required,REVIEW_REQUIRED,0.59903565,0.4014486,False,False
LAB2-0188,gabapentin,clean,review required,smollm2-1.7b,deterministic_rules,review required,REVIEW_REQUIRED,0.60080158,0.40880615,False,False
LAB2-0188,gabapentin,clean,review required,smollm2-1.7b,mcp_access_only,review required,REVIEW_REQUIRED,0.60080158,0.40880615,False,False
LAB2-0188,gabapentin,clean,review required,smollm2-1.7b,confidence_abstention,review required,REVIEW_REQUIRED,0.60080158,0.40880615,False,False
LAB2-0188,gabapentin,clean,review required,smollm2-1.7b,mcp_governed,review required,REVIEW_REQUIRED,0.60080158,0.40880615,False,False
LAB2-0189,gabapentin,clean,review required,smollm2-1.7b,deterministic_rules,review required,REVIEW_REQUIRED,0.59611361,0.38929764,False,False
LAB2-0189,gabapentin,clean,review required,smollm2-1.7b,mcp_access_only,review required,REVIEW_REQUIRED,0.59611361,0.38929764,False,False
LAB2-0189,gabapentin,clean,review required,smollm2-1.7b,confidence_abstention,review required,REVIEW_REQUIRED,0.59611361,0.38929764,False,False
LAB2-0189,gabapentin,clean,review required,smollm2-1.7b,mcp_governed,review required,REVIEW_REQUIRED,0.59611361,0.38929764,False,False
LAB2-0190,gabapentin,clean,review required,smollm2-1.7b,deterministic_rules,review required,REVIEW_REQUIRED,0.60427042,0.42329073,False,False
LAB2-0190,gabapentin,clean,review required,smollm2-1.7b,mcp_access_only,review required,REVIEW_REQUIRED,0.60427042,0.42329073,False,False
LAB2-0190,gabapentin,clean,review required,smollm2-1.7b,confidence_abstention,review required,REVIEW_REQUIRED,0.60427042,0.42329073,False,False
LAB2-0190,gabapentin,clean,review required,smollm2-1.7b,mcp_governed,review required,REVIEW_REQUIRED,0.60427042,0.42329073,False,False
LAB2-0191,gabapentin,clean,review required,smollm2-1.7b,deterministic_rules,review required,REVIEW_REQUIRED,0.60460582,0.42469352,False,False
LAB2-0191,gabapentin,clean,review required,smollm2-1.7b,mcp_access_only,review required,REVIEW_REQUIRED,0.60460582,0.42469352,False,False
LAB2-0191,gabapentin,clean,review required,smollm2-1.7b,confidence_abstention,review required,REVIEW_REQUIRED,0.60460582,0.42469352,False,False
LAB2-0191,gabapentin,clean,review required,smollm2-1.7b,mcp_governed,review required,REVIEW_REQUIRED,0.60460582,0.42469352,False,False
LAB2-0192,gabapentin,clean,review required,smollm2-1.7b,deterministic_rules,review required,REVIEW_REQUIRED,0.60322303,0.41891268,False,False
LAB2-0192,gabapentin,clean,review required,smollm2-1.7b,mcp_access_only,review required,REVIEW_REQUIRED,0.60322303,0.41891268,False,False
LAB2-0192,gabapentin,clean,review required,smollm2-1.7b,confidence_abstention,review required,REVIEW_REQUIRED,0.60322303,0.41891268,False,False
LAB2-0192,gabapentin,clean,review required,smollm2-1.7b,mcp_governed,review required,REVIEW_REQUIRED,0.60322303,0.41891268,False,False
LAB2-0193,gabapentin,clean,approved,smollm2-1.7b,deterministic_rules,approved,REVIEW_REQUIRED,0.59927097,0.4024284,False,False
LAB2-0193,gabapentin,clean,approved,smollm2-1.7b,mcp_access_only,review required,REVIEW_REQUIRED,0.59927097,0.4024284,False,False
LAB2-0193,gabapentin,clean,approved,smollm2-1.7b,confidence_abstention,review required,REVIEW_REQUIRED,0.59927097,0.4024284,False,False
LAB2-0193,gabapentin,clean,approved,smollm2-1.7b,mcp_governed,review required,REVIEW_REQUIRED,0.59927097,0.4024284,False,False
LAB2-0194,gabapentin,clean,approved,smollm2-1.7b,deterministic_rules,approved,REVIEW_REQUIRED,0.59857979,0.39955104,False,False
LAB2-0194,gabapentin,clean,approved,smollm2-1.7b,mcp_access_only,review required,REVIEW_REQUIRED,0.59857979,0.39955104,False,False
LAB2-0194,gabapentin,clean,approved,smollm2-1.7b,confidence_abstention,review required,REVIEW_REQUIRED,0.59857979,0.39955104,False,False
LAB2-0194,gabapentin,clean,approved,smollm2-1.7b,mcp_governed,review required,REVIEW_REQUIRED,0.59857979,0.39955104,False,False
LAB2-0195,gabapentin,clean,approved,smollm2-1.7b,deterministic_rules,approved,REVIEW_REQUIRED,0.60111065,0.41009498,False,False
LAB2-0195,gabapentin,clean,approved,smollm2-1.7b,mcp_access_only,review required,REVIEW_REQUIRED,0.60111065,0.41009498,False,False
LAB2-0195,gabapentin,clean,approved,smollm2-1.7b,confidence_abstention,review required,REVIEW_REQUIRED,0.60111065,0.41009498,False,False
LAB2-0195,gabapentin,clean,approved,smollm2-1.7b,mcp_governed,review required,REVIEW_REQUIRED,0.60111065,0.41009498,False,False
LAB2-0196,gabapentin,clean,approved,smollm2-1.7b,deterministic_rules,approved,REVIEW_REQUIRED,0.60029202,0.40668202,False,False
LAB2-0196,gabapentin,clean,approved,smollm2-1.7b,mcp_access_only,review required,REVIEW_REQUIRED,0.60029202,0.40668202,False,False
LAB2-0196,gabapentin,clean,approved,smollm2-1.7b,confidence_abstention,review required,REVIEW_REQUIRED,0.60029202,0.40668202,False,False
LAB2-0196,gabapentin,clean,approved,smollm2-1.7b,mcp_governed,review required,REVIEW_REQUIRED,0.60029202,0.40668202,False,False
LAB2-0197,gabapentin,clean,approved,smollm2-1.7b,deterministic_rules,approved,REVIEW_REQUIRED,0.60141264,0.41135459,False,False
LAB2-0197,gabapentin,clean,approved,smollm2-1.7b,mcp_access_only,review required,REVIEW_REQUIRED,0.60141264,0.41135459,False,False
LAB2-0197,gabapentin,clean,approved,smollm2-1.7b,confidence_abstention,review required,REVIEW_REQUIRED,0.60141264,0.41135459,False,False
LAB2-0197,gabapentin,clean,approved,smollm2-1.7b,mcp_governed,review required,REVIEW_REQUIRED,0.60141264,0.41135459,False,False
LAB2-0198,gabapentin,clean,approved,smollm2-1.7b,deterministic_rules,approved,REVIEW_REQUIRED,0.5978474,0.39650393,False,False
LAB2-0198,gabapentin,clean,approved,smollm2-1.7b,mcp_access_only,review required,REVIEW_REQUIRED,0.5978474,0.39650393,False,False
LAB2-0198,gabapentin,clean,approved,smollm2-1.7b,confidence_abstention,review required,REVIEW_REQUIRED,0.5978474,0.39650393,False,False
LAB2-0198,gabapentin,clean,approved,smollm2-1.7b,mcp_governed,review required,REVIEW_REQUIRED,0.5978474,0.39650393,False,False
LAB2-0199,gabapentin,clean,approved,smollm2-1.7b,deterministic_rules,approved,REVIEW_REQUIRED,0.60034249,0.40689237,False,False
LAB2-0199,gabapentin,clean,approved,smollm2-1.7b,mcp_access_only,review required,REVIEW_REQUIRED,0.60034249,0.40689237,False,False
LAB2-0199,gabapentin,clean,approved,smollm2-1.7b,confidence_abstention,review required,REVIEW_REQUIRED,0.60034249,0.40689237,False,False
LAB2-0199,gabapentin,clean,approved,smollm2-1.7b,mcp_governed,review required,REVIEW_REQUIRED,0.60034249,0.40689237,False,False
LAB2-0200,gabapentin,clean,approved,smollm2-1.7b,deterministic_rules,approved,REVIEW_REQUIRED,0.60517324,0.42706768,False,False
LAB2-0200,gabapentin,clean,approved,smollm2-1.7b,mcp_access_only,review required,REVIEW_REQUIRED,0.60517324,0.42706768,False,False
LAB2-0200,gabapentin,clean,approved,smollm2-1.7b,confidence_abstention,review required,REVIEW_REQUIRED,0.60517324,0.42706768,False,False
LAB2-0200,gabapentin,clean,approved,smollm2-1.7b,mcp_governed,review required,REVIEW_REQUIRED,0.60517324,0.42706768,False,False
LAB2-0201,gabapentin,clean,approved,smollm2-1.7b,deterministic_rules,approved,REVIEW_REQUIRED,0.60069141,0.40834682,False,False
LAB2-0201,gabapentin,clean,approved,smollm2-1.7b,mcp_access_only,review required,REVIEW_REQUIRED,0.60069141,0.40834682,False,False
LAB2-0201,gabapentin,clean,approved,smollm2-1.7b,confidence_abstention,review required,REVIEW_REQUIRED,0.60069141,0.40834682,False,False
LAB2-0201,gabapentin,clean,approved,smollm2-1.7b,mcp_governed,review required,REVIEW_REQUIRED,0.60069141,0.40834682,False,False
LAB2-0202,gabapentin,clean,approved,smollm2-1.7b,deterministic_rules,approved,REVIEW_REQUIRED,0.59851535,0.39928289,False,False
LAB2-0202,gabapentin,clean,approved,smollm2-1.7b,mcp_access_only,review required,REVIEW_REQUIRED,0.59851535,0.39928289,False,False
LAB2-0202,gabapentin,clean,approved,smollm2-1.7b,confidence_abstention,review required,REVIEW_REQUIRED,0.59851535,0.39928289,False,False
LAB2-0202,gabapentin,clean,approved,smollm2-1.7b,mcp_governed,review required,REVIEW_REQUIRED,0.59851535,0.39928289,False,False
LAB2-0203,gabapentin,clean,approved,smollm2-1.7b,deterministic_rules,approved,REVIEW_REQUIRED,0.60079037,0.40875938,False,False
LAB2-0203,gabapentin,clean,approved,smollm2-1.7b,mcp_access_only,review required,REVIEW_REQUIRED,0.60079037,0.40875938,False,False
LAB2-0203,gabapentin,clean,approved,smollm2-1.7b,confidence_abstention,review required,REVIEW_REQUIRED,0.60079037,0.40875938,False,False
LAB2-0203,gabapentin,clean,approved,smollm2-1.7b,mcp_governed,review required,REVIEW_REQUIRED,0.60079037,0.40875938,False,False
LAB2-0204,gabapentin,clean,approved,smollm2-1.7b,deterministic_rules,approved,REVIEW_REQUIRED,0.60140171,0.41130899,False,False
LAB2-0204,gabapentin,clean,approved,smollm2-1.7b,mcp_access_only,review required,REVIEW_REQUIRED,0.60140171,0.41130899,False,False
LAB2-0204,gabapentin,clean,approved,smollm2-1.7b,confidence_abstention,review required,REVIEW_REQUIRED,0.60140171,0.41130899,False,False
LAB2-0204,gabapentin,clean,approved,smollm2-1.7b,mcp_governed,review required,REVIEW_REQUIRED,0.60140171,0.41130899,False,False
LAB2-0205,gabapentin,missing,review required,smollm2-1.7b,deterministic_rules,review required,REVIEW_REQUIRED,0.59584964,0.38820138,False,False
LAB2-0205,gabapentin,missing,review required,smollm2-1.7b,mcp_access_only,review required,REVIEW_REQUIRED,0.59584964,0.38820138,False,False
LAB2-0205,gabapentin,missing,review required,smollm2-1.7b,confidence_abstention,review required,REVIEW_REQUIRED,0.59584964,0.38820138,False,False
LAB2-0205,gabapentin,missing,review required,smollm2-1.7b,mcp_governed,review required,REVIEW_REQUIRED,0.59584964,0.38820138,False,False
LAB2-0206,gabapentin,missing,review required,smollm2-1.7b,deterministic_rules,review required,REVIEW_REQUIRED,0.60522091,0.42726717,False,False
LAB2-0206,gabapentin,missing,review required,smollm2-1.7b,mcp_access_only,review required,REVIEW_REQUIRED,0.60522091,0.42726717,False,False
LAB2-0206,gabapentin,missing,review required,smollm2-1.7b,confidence_abstention,review required,REVIEW_REQUIRED,0.60522091,0.42726717,False,False
LAB2-0206,gabapentin,missing,review required,smollm2-1.7b,mcp_governed,review required,REVIEW_REQUIRED,0.60522091,0.42726717,False,False
LAB2-0207,gabapentin,missing,review required,smollm2-1.7b,deterministic_rules,review required,REVIEW_REQUIRED,0.59037808,0.36552856,False,False
LAB2-0207,gabapentin,missing,review required,smollm2-1.7b,mcp_access_only,review required,REVIEW_REQUIRED,0.59037808,0.36552856,False,False
LAB2-0207,gabapentin,missing,review required,smollm2-1.7b,confidence_abstention,review required,REVIEW_REQUIRED,0.59037808,0.36552856,False,False
LAB2-0207,gabapentin,missing,review required,smollm2-1.7b,mcp_governed,review required,REVIEW_REQUIRED,0.59037808,0.36552856,False,False
LAB2-0208,gabapentin,missing,review required,smollm2-1.7b,deterministic_rules,review required,REVIEW_REQUIRED,0.59193366,0.37196482,False,False
LAB2-0208,gabapentin,missing,review required,smollm2-1.7b,mcp_access_only,review required,REVIEW_REQUIRED,0.59193366,0.37196482,False,False
LAB2-0208,gabapentin,missing,review required,smollm2-1.7b,confidence_abstention,review required,REVIEW_REQUIRED,0.59193366,0.37196482,False,False
LAB2-0208,gabapentin,missing,review required,smollm2-1.7b,mcp_governed,review required,REVIEW_REQUIRED,0.59193366,0.37196482,False,False
LAB2-0209,gabapentin,stale,review required,smollm2-1.7b,deterministic_rules,review required,REVIEW_REQUIRED,0.5833012,0.33634002,False,False
LAB2-0209,gabapentin,stale,review required,smollm2-1.7b,mcp_access_only,review required,REVIEW_REQUIRED,0.5833012,0.33634002,False,False
LAB2-0209,gabapentin,stale,review required,smollm2-1.7b,confidence_abstention,review required,REVIEW_REQUIRED,0.5833012,0.33634002,False,False
LAB2-0209,gabapentin,stale,review required,smollm2-1.7b,mcp_governed,review required,REVIEW_REQUIRED,0.5833012,0.33634002,False,False
LAB2-0210,gabapentin,stale,review required,smollm2-1.7b,deterministic_rules,review required,REVIEW_REQUIRED,0.58074167,0.32581878,False,False
LAB2-0210,gabapentin,stale,review required,smollm2-1.7b,mcp_access_only,review required,REVIEW_REQUIRED,0.58074167,0.32581878,False,False
LAB2-0210,gabapentin,stale,review required,smollm2-1.7b,confidence_abstention,review required,REVIEW_REQUIRED,0.58074167,0.32581878,False,False
LAB2-0210,gabapentin,stale,review required,smollm2-1.7b,mcp_governed,review required,REVIEW_REQUIRED,0.58074167,0.32581878,False,False
LAB2-0211,gabapentin,stale,review required,smollm2-1.7b,deterministic_rules,review required,REVIEW_REQUIRED,0.5833828,0.33667575,False,False
LAB2-0211,gabapentin,stale,review required,smollm2-1.7b,mcp_access_only,review required,REVIEW_REQUIRED,0.5833828,0.33667575,False,False
LAB2-0211,gabapentin,stale,review required,smollm2-1.7b,confidence_abstention,review required,REVIEW_REQUIRED,0.5833828,0.33667575,False,False
LAB2-0211,gabapentin,stale,review required,smollm2-1.7b,mcp_governed,review required,REVIEW_REQUIRED,0.5833828,0.33667575,False,False
LAB2-0212,gabapentin,stale,review required,smollm2-1.7b,deterministic_rules,review required,REVIEW_REQUIRED,0.57898255,0.31859807,False,False
LAB2-0212,gabapentin,stale,review required,smollm2-1.7b,mcp_access_only,review required,REVIEW_REQUIRED,0.57898255,0.31859807,False,False
LAB2-0212,gabapentin,stale,review required,smollm2-1.7b,confidence_abstention,review required,REVIEW_REQUIRED,0.57898255,0.31859807,False,False
LAB2-0212,gabapentin,stale,review required,smollm2-1.7b,mcp_governed,review required,REVIEW_REQUIRED,0.57898255,0.31859807,False,False
LAB2-0213,gabapentin,unit_error,review required,smollm2-1.7b,deterministic_rules,review required,REVIEW_REQUIRED,0.58750736,0.35367042,False,False
LAB2-0213,gabapentin,unit_error,review required,smollm2-1.7b,mcp_access_only,review required,REVIEW_REQUIRED,0.58750736,0.35367042,False,False
LAB2-0213,gabapentin,unit_error,review required,smollm2-1.7b,confidence_abstention,review required,REVIEW_REQUIRED,0.58750736,0.35367042,False,False
LAB2-0213,gabapentin,unit_error,review required,smollm2-1.7b,mcp_governed,review required,REVIEW_REQUIRED,0.58750736,0.35367042,False,False
LAB2-0214,gabapentin,unit_error,review required,smollm2-1.7b,deterministic_rules,review required,REVIEW_REQUIRED,0.5831771,0.33582948,False,False
LAB2-0214,gabapentin,unit_error,review required,smollm2-1.7b,mcp_access_only,review required,REVIEW_REQUIRED,0.5831771,0.33582948,False,False
LAB2-0214,gabapentin,unit_error,review required,smollm2-1.7b,confidence_abstention,review required,REVIEW_REQUIRED,0.5831771,0.33582948,False,False
LAB2-0214,gabapentin,unit_error,review required,smollm2-1.7b,mcp_governed,review required,REVIEW_REQUIRED,0.5831771,0.33582948,False,False
LAB2-0215,gabapentin,unit_error,review required,smollm2-1.7b,deterministic_rules,review required,REVIEW_REQUIRED,0.5842461,0.34022882,False,False
LAB2-0215,gabapentin,unit_error,review required,smollm2-1.7b,mcp_access_only,review required,REVIEW_REQUIRED,0.5842461,0.34022882,False,False
LAB2-0215,gabapentin,unit_error,review required,smollm2-1.7b,confidence_abstention,review required,REVIEW_REQUIRED,0.5842461,0.34022882,False,False
LAB2-0215,gabapentin,unit_error,review required,smollm2-1.7b,mcp_governed,review required,REVIEW_REQUIRED,0.5842461,0.34022882,False,False
LAB2-0216,gabapentin,unit_error,review required,smollm2-1.7b,deterministic_rules,review required,REVIEW_REQUIRED,0.5865747,0.3498232,False,False
LAB2-0216,gabapentin,unit_error,review required,smollm2-1.7b,mcp_access_only,review required,REVIEW_REQUIRED,0.5865747,0.3498232,False,False
LAB2-0216,gabapentin,unit_error,review required,smollm2-1.7b,confidence_abstention,review required,REVIEW_REQUIRED,0.5865747,0.3498232,False,False
LAB2-0216,gabapentin,unit_error,review required,smollm2-1.7b,mcp_governed,review required,REVIEW_REQUIRED,0.5865747,0.3498232,False,False
LAB2-0217,gabapentin,conflict,review required,smollm2-1.7b,deterministic_rules,review required,REVIEW_REQUIRED,0.59495958,0.38450662,False,False
LAB2-0217,gabapentin,conflict,review required,smollm2-1.7b,mcp_access_only,review required,REVIEW_REQUIRED,0.59495958,0.38450662,False,False
LAB2-0217,gabapentin,conflict,review required,smollm2-1.7b,confidence_abstention,review required,REVIEW_REQUIRED,0.59495958,0.38450662,False,False
LAB2-0217,gabapentin,conflict,review required,smollm2-1.7b,mcp_governed,review required,REVIEW_REQUIRED,0.59495958,0.38450662,False,False
LAB2-0218,gabapentin,conflict,review required,smollm2-1.7b,deterministic_rules,review required,REVIEW_REQUIRED,0.59354894,0.37865614,False,False
LAB2-0218,gabapentin,conflict,review required,smollm2-1.7b,mcp_access_only,review required,REVIEW_REQUIRED,0.59354894,0.37865614,False,False
LAB2-0218,gabapentin,conflict,review required,smollm2-1.7b,confidence_abstention,review required,REVIEW_REQUIRED,0.59354894,0.37865614,False,False
LAB2-0218,gabapentin,conflict,review required,smollm2-1.7b,mcp_governed,review required,REVIEW_REQUIRED,0.59354894,0.37865614,False,False
LAB2-0219,gabapentin,conflict,review required,smollm2-1.7b,deterministic_rules,review required,REVIEW_REQUIRED,0.59343532,0.37818518,False,False
LAB2-0219,gabapentin,conflict,review required,smollm2-1.7b,mcp_access_only,review required,REVIEW_REQUIRED,0.59343532,0.37818518,False,False
LAB2-0219,gabapentin,conflict,review required,smollm2-1.7b,confidence_abstention,review required,REVIEW_REQUIRED,0.59343532,0.37818518,False,False
LAB2-0219,gabapentin,conflict,review required,smollm2-1.7b,mcp_governed,review required,REVIEW_REQUIRED,0.59343532,0.37818518,False,False
LAB2-0220,gabapentin,conflict,review required,smollm2-1.7b,deterministic_rules,review required,REVIEW_REQUIRED,0.59839993,0.39880257,False,False
LAB2-0220,gabapentin,conflict,review required,smollm2-1.7b,mcp_access_only,review required,REVIEW_REQUIRED,0.59839993,0.39880257,False,False
LAB2-0220,gabapentin,conflict,review required,smollm2-1.7b,confidence_abstention,review required,REVIEW_REQUIRED,0.59839993,0.39880257,False,False
LAB2-0220,gabapentin,conflict,review required,smollm2-1.7b,mcp_governed,review required,REVIEW_REQUIRED,0.59839993,0.39880257,False,False
LAB2-0221,gabapentin,wrong_encounter,review required,smollm2-1.7b,deterministic_rules,review required,REVIEW_REQUIRED,0.57417232,0.29889481,False,False
LAB2-0221,gabapentin,wrong_encounter,review required,smollm2-1.7b,mcp_access_only,review required,REVIEW_REQUIRED,0.57417232,0.29889481,False,False
LAB2-0221,gabapentin,wrong_encounter,review required,smollm2-1.7b,confidence_abstention,review required,REVIEW_REQUIRED,0.57417232,0.29889481,False,False
LAB2-0221,gabapentin,wrong_encounter,review required,smollm2-1.7b,mcp_governed,review required,REVIEW_REQUIRED,0.57417232,0.29889481,False,False
LAB2-0222,gabapentin,wrong_encounter,review required,smollm2-1.7b,deterministic_rules,review required,REVIEW_REQUIRED,0.57510528,0.30271172,False,False
LAB2-0222,gabapentin,wrong_encounter,review required,smollm2-1.7b,mcp_access_only,review required,REVIEW_REQUIRED,0.57510528,0.30271172,False,False
LAB2-0222,gabapentin,wrong_encounter,review required,smollm2-1.7b,confidence_abstention,review required,REVIEW_REQUIRED,0.57510528,0.30271172,False,False
LAB2-0222,gabapentin,wrong_encounter,review required,smollm2-1.7b,mcp_governed,review required,REVIEW_REQUIRED,0.57510528,0.30271172,False,False
LAB2-0223,gabapentin,wrong_encounter,review required,smollm2-1.7b,deterministic_rules,review required,REVIEW_REQUIRED,0.57535195,0.30372124,False,False
LAB2-0223,gabapentin,wrong_encounter,review required,smollm2-1.7b,mcp_access_only,review required,REVIEW_REQUIRED,0.57535195,0.30372124,False,False
LAB2-0223,gabapentin,wrong_encounter,review required,smollm2-1.7b,confidence_abstention,review required,REVIEW_REQUIRED,0.57535195,0.30372124,False,False
LAB2-0223,gabapentin,wrong_encounter,review required,smollm2-1.7b,mcp_governed,review required,REVIEW_REQUIRED,0.57535195,0.30372124,False,False
LAB2-0224,gabapentin,wrong_encounter,review required,smollm2-1.7b,deterministic_rules,review required,REVIEW_REQUIRED,0.57488043,0.30179161,False,False
LAB2-0224,gabapentin,wrong_encounter,review required,smollm2-1.7b,mcp_access_only,review required,REVIEW_REQUIRED,0.57488043,0.30179161,False,False
LAB2-0224,gabapentin,wrong_encounter,review required,smollm2-1.7b,confidence_abstention,review required,REVIEW_REQUIRED,0.57488043,0.30179161,False,False
LAB2-0224,gabapentin,wrong_encounter,review required,smollm2-1.7b,mcp_governed,review required,REVIEW_REQUIRED,0.57488043,0.30179161,False,False
LAB2-0225,gabapentin,service_failure,review required,smollm2-1.7b,deterministic_rules,review required,REVIEW_REQUIRED,0.58343704,0.33689894,False,False
LAB2-0225,gabapentin,service_failure,review required,smollm2-1.7b,mcp_access_only,review required,REVIEW_REQUIRED,0.58343704,0.33689894,False,False
LAB2-0225,gabapentin,service_failure,review required,smollm2-1.7b,confidence_abstention,review required,REVIEW_REQUIRED,0.58343704,0.33689894,False,False
LAB2-0225,gabapentin,service_failure,review required,smollm2-1.7b,mcp_governed,review required,REVIEW_REQUIRED,0.58343704,0.33689894,False,False
LAB2-0226,gabapentin,service_failure,review required,smollm2-1.7b,deterministic_rules,review required,REVIEW_REQUIRED,0.58290143,0.33469553,False,False
LAB2-0226,gabapentin,service_failure,review required,smollm2-1.7b,mcp_access_only,review required,REVIEW_REQUIRED,0.58290143,0.33469553,False,False
LAB2-0226,gabapentin,service_failure,review required,smollm2-1.7b,confidence_abstention,review required,REVIEW_REQUIRED,0.58290143,0.33469553,False,False
LAB2-0226,gabapentin,service_failure,review required,smollm2-1.7b,mcp_governed,review required,REVIEW_REQUIRED,0.58290143,0.33469553,False,False
LAB2-0227,gabapentin,service_failure,review required,smollm2-1.7b,deterministic_rules,review required,REVIEW_REQUIRED,0.58833933,0.35710446,False,False
LAB2-0227,gabapentin,service_failure,review required,smollm2-1.7b,mcp_access_only,review required,REVIEW_REQUIRED,0.58833933,0.35710446,False,False
LAB2-0227,gabapentin,service_failure,review required,smollm2-1.7b,confidence_abstention,review required,REVIEW_REQUIRED,0.58833933,0.35710446,False,False
LAB2-0227,gabapentin,service_failure,review required,smollm2-1.7b,mcp_governed,review required,REVIEW_REQUIRED,0.58833933,0.35710446,False,False
LAB2-0228,gabapentin,service_failure,review required,smollm2-1.7b,deterministic_rules,review required,REVIEW_REQUIRED,0.58669701,0.35032755,False,False
LAB2-0228,gabapentin,service_failure,review required,smollm2-1.7b,mcp_access_only,review required,REVIEW_REQUIRED,0.58669701,0.35032755,False,False
LAB2-0228,gabapentin,service_failure,review required,smollm2-1.7b,confidence_abstention,review required,REVIEW_REQUIRED,0.58669701,0.35032755,False,False
LAB2-0228,gabapentin,service_failure,review required,smollm2-1.7b,mcp_governed,review required,REVIEW_REQUIRED,0.58669701,0.35032755,False,False
LAB2-0241,dofetilide,clean,review required,smollm2-1.7b,deterministic_rules,review required,REVIEW_REQUIRED,0.56737495,0.27114897,False,False
LAB2-0241,dofetilide,clean,review required,smollm2-1.7b,mcp_access_only,review required,REVIEW_REQUIRED,0.56737495,0.27114897,False,False
LAB2-0241,dofetilide,clean,review required,smollm2-1.7b,confidence_abstention,review required,REVIEW_REQUIRED,0.56737495,0.27114897,False,False
LAB2-0241,dofetilide,clean,review required,smollm2-1.7b,mcp_governed,review required,REVIEW_REQUIRED,0.56737495,0.27114897,False,False
LAB2-0242,dofetilide,clean,review required,smollm2-1.7b,deterministic_rules,review required,REVIEW_REQUIRED,0.57320179,0.29492648,False,False
LAB2-0242,dofetilide,clean,review required,smollm2-1.7b,mcp_access_only,review required,REVIEW_REQUIRED,0.57320179,0.29492648,False,False
LAB2-0242,dofetilide,clean,review required,smollm2-1.7b,confidence_abstention,review required,REVIEW_REQUIRED,0.57320179,0.29492648,False,False
LAB2-0242,dofetilide,clean,review required,smollm2-1.7b,mcp_governed,review required,REVIEW_REQUIRED,0.57320179,0.29492648,False,False
LAB2-0243,dofetilide,clean,review required,smollm2-1.7b,deterministic_rules,review required,REVIEW_REQUIRED,0.57012603,0.28236536,False,False
LAB2-0243,dofetilide,clean,review required,smollm2-1.7b,mcp_access_only,review required,REVIEW_REQUIRED,0.57012603,0.28236536,False,False
LAB2-0243,dofetilide,clean,review required,smollm2-1.7b,confidence_abstention,review required,REVIEW_REQUIRED,0.57012603,0.28236536,False,False
LAB2-0243,dofetilide,clean,review required,smollm2-1.7b,mcp_governed,review required,REVIEW_REQUIRED,0.57012603,0.28236536,False,False
LAB2-0244,dofetilide,clean,review required,smollm2-1.7b,deterministic_rules,review required,REVIEW_REQUIRED,0.57103415,0.2860717,False,False
LAB2-0244,dofetilide,clean,review required,smollm2-1.7b,mcp_access_only,review required,REVIEW_REQUIRED,0.57103415,0.2860717,False,False
LAB2-0244,dofetilide,clean,review required,smollm2-1.7b,confidence_abstention,review required,REVIEW_REQUIRED,0.57103415,0.2860717,False,False
LAB2-0244,dofetilide,clean,review required,smollm2-1.7b,mcp_governed,review required,REVIEW_REQUIRED,0.57103415,0.2860717,False,False
LAB2-0245,dofetilide,clean,review required,smollm2-1.7b,deterministic_rules,review required,REVIEW_REQUIRED,0.57347356,0.29603748,False,False
LAB2-0245,dofetilide,clean,review required,smollm2-1.7b,mcp_access_only,review required,REVIEW_REQUIRED,0.57347356,0.29603748,False,False
LAB2-0245,dofetilide,clean,review required,smollm2-1.7b,confidence_abstention,review required,REVIEW_REQUIRED,0.57347356,0.29603748,False,False
LAB2-0245,dofetilide,clean,review required,smollm2-1.7b,mcp_governed,review required,REVIEW_REQUIRED,0.57347356,0.29603748,False,False
LAB2-0246,dofetilide,clean,review required,smollm2-1.7b,deterministic_rules,review required,REVIEW_REQUIRED,0.57253517,0.29220216,False,False
LAB2-0246,dofetilide,clean,review required,smollm2-1.7b,mcp_access_only,review required,REVIEW_REQUIRED,0.57253517,0.29220216,False,False
LAB2-0246,dofetilide,clean,review required,smollm2-1.7b,confidence_abstention,review required,REVIEW_REQUIRED,0.57253517,0.29220216,False,False
LAB2-0246,dofetilide,clean,review required,smollm2-1.7b,mcp_governed,review required,REVIEW_REQUIRED,0.57253517,0.29220216,False,False
LAB2-0247,dofetilide,clean,review required,smollm2-1.7b,deterministic_rules,review required,REVIEW_REQUIRED,0.57467253,0.30094099,False,False
LAB2-0247,dofetilide,clean,review required,smollm2-1.7b,mcp_access_only,review required,REVIEW_REQUIRED,0.57467253,0.30094099,False,False
LAB2-0247,dofetilide,clean,review required,smollm2-1.7b,confidence_abstention,review required,REVIEW_REQUIRED,0.57467253,0.30094099,False,False
LAB2-0247,dofetilide,clean,review required,smollm2-1.7b,mcp_governed,review required,REVIEW_REQUIRED,0.57467253,0.30094099,False,False
LAB2-0248,dofetilide,clean,review required,smollm2-1.7b,deterministic_rules,review required,REVIEW_REQUIRED,0.56736457,0.27110667,False,False
LAB2-0248,dofetilide,clean,review required,smollm2-1.7b,mcp_access_only,review required,REVIEW_REQUIRED,0.56736457,0.27110667,False,False
LAB2-0248,dofetilide,clean,review required,smollm2-1.7b,confidence_abstention,review required,REVIEW_REQUIRED,0.56736457,0.27110667,False,False
LAB2-0248,dofetilide,clean,review required,smollm2-1.7b,mcp_governed,review required,REVIEW_REQUIRED,0.56736457,0.27110667,False,False
LAB2-0249,dofetilide,clean,review required,smollm2-1.7b,deterministic_rules,review required,REVIEW_REQUIRED,0.57500788,0.30231313,False,False
LAB2-0249,dofetilide,clean,review required,smollm2-1.7b,mcp_access_only,review required,REVIEW_REQUIRED,0.57500788,0.30231313,False,False
LAB2-0249,dofetilide,clean,review required,smollm2-1.7b,confidence_abstention,review required,REVIEW_REQUIRED,0.57500788,0.30231313,False,False
LAB2-0249,dofetilide,clean,review required,smollm2-1.7b,mcp_governed,review required,REVIEW_REQUIRED,0.57500788,0.30231313,False,False
LAB2-0250,dofetilide,clean,review required,smollm2-1.7b,deterministic_rules,review required,REVIEW_REQUIRED,0.57138299,0.28749597,False,False
LAB2-0250,dofetilide,clean,review required,smollm2-1.7b,mcp_access_only,review required,REVIEW_REQUIRED,0.57138299,0.28749597,False,False
LAB2-0250,dofetilide,clean,review required,smollm2-1.7b,confidence_abstention,review required,REVIEW_REQUIRED,0.57138299,0.28749597,False,False
LAB2-0250,dofetilide,clean,review required,smollm2-1.7b,mcp_governed,review required,REVIEW_REQUIRED,0.57138299,0.28749597,False,False
LAB2-0251,dofetilide,clean,review required,smollm2-1.7b,deterministic_rules,review required,REVIEW_REQUIRED,0.57597177,0.30625861,False,False
LAB2-0251,dofetilide,clean,review required,smollm2-1.7b,mcp_access_only,review required,REVIEW_REQUIRED,0.57597177,0.30625861,False,False
LAB2-0251,dofetilide,clean,review required,smollm2-1.7b,confidence_abstention,review required,REVIEW_REQUIRED,0.57597177,0.30625861,False,False
LAB2-0251,dofetilide,clean,review required,smollm2-1.7b,mcp_governed,review required,REVIEW_REQUIRED,0.57597177,0.30625861,False,False
LAB2-0252,dofetilide,clean,review required,smollm2-1.7b,deterministic_rules,review required,REVIEW_REQUIRED,0.57775239,0.31355351,False,False
LAB2-0252,dofetilide,clean,review required,smollm2-1.7b,mcp_access_only,review required,REVIEW_REQUIRED,0.57775239,0.31355351,False,False
LAB2-0252,dofetilide,clean,review required,smollm2-1.7b,confidence_abstention,review required,REVIEW_REQUIRED,0.57775239,0.31355351,False,False
LAB2-0252,dofetilide,clean,review required,smollm2-1.7b,mcp_governed,review required,REVIEW_REQUIRED,0.57775239,0.31355351,False,False
LAB2-0253,dofetilide,clean,approved,smollm2-1.7b,deterministic_rules,approved,REVIEW_REQUIRED,0.57109056,0.28630201,False,False
LAB2-0253,dofetilide,clean,approved,smollm2-1.7b,mcp_access_only,review required,REVIEW_REQUIRED,0.57109056,0.28630201,False,False
LAB2-0253,dofetilide,clean,approved,smollm2-1.7b,confidence_abstention,review required,REVIEW_REQUIRED,0.57109056,0.28630201,False,False
LAB2-0253,dofetilide,clean,approved,smollm2-1.7b,mcp_governed,review required,REVIEW_REQUIRED,0.57109056,0.28630201,False,False
LAB2-0254,dofetilide,clean,approved,smollm2-1.7b,deterministic_rules,approved,REVIEW_REQUIRED,0.57485923,0.30170485,False,False
LAB2-0254,dofetilide,clean,approved,smollm2-1.7b,mcp_access_only,review required,REVIEW_REQUIRED,0.57485923,0.30170485,False,False
LAB2-0254,dofetilide,clean,approved,smollm2-1.7b,confidence_abstention,review required,REVIEW_REQUIRED,0.57485923,0.30170485,False,False
LAB2-0254,dofetilide,clean,approved,smollm2-1.7b,mcp_governed,review required,REVIEW_REQUIRED,0.57485923,0.30170485,False,False
LAB2-0255,dofetilide,clean,approved,smollm2-1.7b,deterministic_rules,approved,REVIEW_REQUIRED,0.57489508,0.30185155,False,False
LAB2-0255,dofetilide,clean,approved,smollm2-1.7b,mcp_access_only,review required,REVIEW_REQUIRED,0.57489508,0.30185155,False,False
LAB2-0255,dofetilide,clean,approved,smollm2-1.7b,confidence_abstention,review required,REVIEW_REQUIRED,0.57489508,0.30185155,False,False
LAB2-0255,dofetilide,clean,approved,smollm2-1.7b,mcp_governed,review required,REVIEW_REQUIRED,0.57489508,0.30185155,False,False
LAB2-0256,dofetilide,clean,approved,smollm2-1.7b,deterministic_rules,approved,REVIEW_REQUIRED,0.5766038,0.308847,False,False
LAB2-0256,dofetilide,clean,approved,smollm2-1.7b,mcp_access_only,review required,REVIEW_REQUIRED,0.5766038,0.308847,False,False
LAB2-0256,dofetilide,clean,approved,smollm2-1.7b,confidence_abstention,review required,REVIEW_REQUIRED,0.5766038,0.308847,False,False
LAB2-0256,dofetilide,clean,approved,smollm2-1.7b,mcp_governed,review required,REVIEW_REQUIRED,0.5766038,0.308847,False,False
LAB2-0257,dofetilide,clean,approved,smollm2-1.7b,deterministic_rules,approved,REVIEW_REQUIRED,0.56456913,0.2597268,False,False
LAB2-0257,dofetilide,clean,approved,smollm2-1.7b,mcp_access_only,review required,REVIEW_REQUIRED,0.56456913,0.2597268,False,False
LAB2-0257,dofetilide,clean,approved,smollm2-1.7b,confidence_abstention,review required,REVIEW_REQUIRED,0.56456913,0.2597268,False,False
LAB2-0257,dofetilide,clean,approved,smollm2-1.7b,mcp_governed,review required,REVIEW_REQUIRED,0.56456913,0.2597268,False,False
LAB2-0258,dofetilide,clean,approved,smollm2-1.7b,deterministic_rules,approved,REVIEW_REQUIRED,0.57026188,0.2829197,False,False
LAB2-0258,dofetilide,clean,approved,smollm2-1.7b,mcp_access_only,review required,REVIEW_REQUIRED,0.57026188,0.2829197,False,False
LAB2-0258,dofetilide,clean,approved,smollm2-1.7b,confidence_abstention,review required,REVIEW_REQUIRED,0.57026188,0.2829197,False,False
LAB2-0258,dofetilide,clean,approved,smollm2-1.7b,mcp_governed,review required,REVIEW_REQUIRED,0.57026188,0.2829197,False,False
LAB2-0259,dofetilide,clean,approved,smollm2-1.7b,deterministic_rules,approved,REVIEW_REQUIRED,0.57395097,0.29798954,False,False
LAB2-0259,dofetilide,clean,approved,smollm2-1.7b,mcp_access_only,review required,REVIEW_REQUIRED,0.57395097,0.29798954,False,False
LAB2-0259,dofetilide,clean,approved,smollm2-1.7b,confidence_abstention,review required,REVIEW_REQUIRED,0.57395097,0.29798954,False,False
LAB2-0259,dofetilide,clean,approved,smollm2-1.7b,mcp_governed,review required,REVIEW_REQUIRED,0.57395097,0.29798954,False,False
LAB2-0260,dofetilide,clean,approved,smollm2-1.7b,deterministic_rules,approved,REVIEW_REQUIRED,0.56597594,0.2654516,False,False
LAB2-0260,dofetilide,clean,approved,smollm2-1.7b,mcp_access_only,review required,REVIEW_REQUIRED,0.56597594,0.2654516,False,False
LAB2-0260,dofetilide,clean,approved,smollm2-1.7b,confidence_abstention,review required,REVIEW_REQUIRED,0.56597594,0.2654516,False,False
LAB2-0260,dofetilide,clean,approved,smollm2-1.7b,mcp_governed,review required,REVIEW_REQUIRED,0.56597594,0.2654516,False,False
LAB2-0261,dofetilide,clean,approved,smollm2-1.7b,deterministic_rules,approved,REVIEW_REQUIRED,0.56413024,0.25794166,False,False
LAB2-0261,dofetilide,clean,approved,smollm2-1.7b,mcp_access_only,review required,REVIEW_REQUIRED,0.56413024,0.25794166,False,False
LAB2-0261,dofetilide,clean,approved,smollm2-1.7b,confidence_abstention,review required,REVIEW_REQUIRED,0.56413024,0.25794166,False,False
LAB2-0261,dofetilide,clean,approved,smollm2-1.7b,mcp_governed,review required,REVIEW_REQUIRED,0.56413024,0.25794166,False,False
LAB2-0262,dofetilide,clean,approved,smollm2-1.7b,deterministic_rules,approved,REVIEW_REQUIRED,0.56641321,0.26723187,False,False
LAB2-0262,dofetilide,clean,approved,smollm2-1.7b,mcp_access_only,review required,REVIEW_REQUIRED,0.56641321,0.26723187,False,False
LAB2-0262,dofetilide,clean,approved,smollm2-1.7b,confidence_abstention,review required,REVIEW_REQUIRED,0.56641321,0.26723187,False,False
LAB2-0262,dofetilide,clean,approved,smollm2-1.7b,mcp_governed,review required,REVIEW_REQUIRED,0.56641321,0.26723187,False,False
LAB2-0263,dofetilide,clean,approved,smollm2-1.7b,deterministic_rules,approved,REVIEW_REQUIRED,0.5772876,0.31164854,False,False
LAB2-0263,dofetilide,clean,approved,smollm2-1.7b,mcp_access_only,review required,REVIEW_REQUIRED,0.5772876,0.31164854,False,False
LAB2-0263,dofetilide,clean,approved,smollm2-1.7b,confidence_abstention,review required,REVIEW_REQUIRED,0.5772876,0.31164854,False,False
LAB2-0263,dofetilide,clean,approved,smollm2-1.7b,mcp_governed,review required,REVIEW_REQUIRED,0.5772876,0.31164854,False,False
LAB2-0264,dofetilide,clean,approved,smollm2-1.7b,deterministic_rules,approved,REVIEW_REQUIRED,0.5693702,0.27928206,False,False
LAB2-0264,dofetilide,clean,approved,smollm2-1.7b,mcp_access_only,review required,REVIEW_REQUIRED,0.5693702,0.27928206,False,False
LAB2-0264,dofetilide,clean,approved,smollm2-1.7b,confidence_abstention,review required,REVIEW_REQUIRED,0.5693702,0.27928206,False,False
LAB2-0264,dofetilide,clean,approved,smollm2-1.7b,mcp_governed,review required,REVIEW_REQUIRED,0.5693702,0.27928206,False,False
LAB2-0265,dofetilide,missing,review required,smollm2-1.7b,deterministic_rules,review required,REVIEW_REQUIRED,0.57287516,0.2935915,False,False
LAB2-0265,dofetilide,missing,review required,smollm2-1.7b,mcp_access_only,review required,REVIEW_REQUIRED,0.57287516,0.2935915,False,False
LAB2-0265,dofetilide,missing,review required,smollm2-1.7b,confidence_abstention,review required,REVIEW_REQUIRED,0.57287516,0.2935915,False,False
LAB2-0265,dofetilide,missing,review required,smollm2-1.7b,mcp_governed,review required,REVIEW_REQUIRED,0.57287516,0.2935915,False,False
LAB2-0266,dofetilide,missing,review required,smollm2-1.7b,deterministic_rules,review required,REVIEW_REQUIRED,0.57626817,0.30747234,False,False
LAB2-0266,dofetilide,missing,review required,smollm2-1.7b,mcp_access_only,review required,REVIEW_REQUIRED,0.57626817,0.30747234,False,False
LAB2-0266,dofetilide,missing,review required,smollm2-1.7b,confidence_abstention,review required,REVIEW_REQUIRED,0.57626817,0.30747234,False,False
LAB2-0266,dofetilide,missing,review required,smollm2-1.7b,mcp_governed,review required,REVIEW_REQUIRED,0.57626817,0.30747234,False,False
LAB2-0267,dofetilide,missing,review required,smollm2-1.7b,deterministic_rules,review required,REVIEW_REQUIRED,0.58040265,0.32442654,False,False
LAB2-0267,dofetilide,missing,review required,smollm2-1.7b,mcp_access_only,review required,REVIEW_REQUIRED,0.58040265,0.32442654,False,False
LAB2-0267,dofetilide,missing,review required,smollm2-1.7b,confidence_abstention,review required,REVIEW_REQUIRED,0.58040265,0.32442654,False,False
LAB2-0267,dofetilide,missing,review required,smollm2-1.7b,mcp_governed,review required,REVIEW_REQUIRED,0.58040265,0.32442654,False,False
LAB2-0268,dofetilide,missing,review required,smollm2-1.7b,deterministic_rules,review required,REVIEW_REQUIRED,0.57318236,0.29484708,False,False
LAB2-0268,dofetilide,missing,review required,smollm2-1.7b,mcp_access_only,review required,REVIEW_REQUIRED,0.57318236,0.29484708,False,False
LAB2-0268,dofetilide,missing,review required,smollm2-1.7b,confidence_abstention,review required,REVIEW_REQUIRED,0.57318236,0.29484708,False,False
LAB2-0268,dofetilide,missing,review required,smollm2-1.7b,mcp_governed,review required,REVIEW_REQUIRED,0.57318236,0.29484708,False,False
LAB2-0269,dofetilide,stale,review required,smollm2-1.7b,deterministic_rules,review required,REVIEW_REQUIRED,0.55854535,0.23526052,False,False
LAB2-0269,dofetilide,stale,review required,smollm2-1.7b,mcp_access_only,review required,REVIEW_REQUIRED,0.55854535,0.23526052,False,False
LAB2-0269,dofetilide,stale,review required,smollm2-1.7b,confidence_abstention,review required,REVIEW_REQUIRED,0.55854535,0.23526052,False,False
LAB2-0269,dofetilide,stale,review required,smollm2-1.7b,mcp_governed,review required,REVIEW_REQUIRED,0.55854535,0.23526052,False,False
LAB2-0270,dofetilide,stale,review required,smollm2-1.7b,deterministic_rules,review required,REVIEW_REQUIRED,0.57115031,0.28654592,False,False
LAB2-0270,dofetilide,stale,review required,smollm2-1.7b,mcp_access_only,review required,REVIEW_REQUIRED,0.57115031,0.28654592,False,False
LAB2-0270,dofetilide,stale,review required,smollm2-1.7b,confidence_abstention,review required,REVIEW_REQUIRED,0.57115031,0.28654592,False,False
LAB2-0270,dofetilide,stale,review required,smollm2-1.7b,mcp_governed,review required,REVIEW_REQUIRED,0.57115031,0.28654592,False,False
LAB2-0271,dofetilide,stale,review required,smollm2-1.7b,deterministic_rules,review required,REVIEW_REQUIRED,0.56670561,0.26842259,False,False
LAB2-0271,dofetilide,stale,review required,smollm2-1.7b,mcp_access_only,review required,REVIEW_REQUIRED,0.56670561,0.26842259,False,False
LAB2-0271,dofetilide,stale,review required,smollm2-1.7b,confidence_abstention,review required,REVIEW_REQUIRED,0.56670561,0.26842259,False,False
LAB2-0271,dofetilide,stale,review required,smollm2-1.7b,mcp_governed,review required,REVIEW_REQUIRED,0.56670561,0.26842259,False,False
LAB2-0272,dofetilide,stale,review required,smollm2-1.7b,deterministic_rules,review required,REVIEW_REQUIRED,0.55835687,0.23449614,False,False
LAB2-0272,dofetilide,stale,review required,smollm2-1.7b,mcp_access_only,review required,REVIEW_REQUIRED,0.55835687,0.23449614,False,False
LAB2-0272,dofetilide,stale,review required,smollm2-1.7b,confidence_abstention,review required,REVIEW_REQUIRED,0.55835687,0.23449614,False,False
LAB2-0272,dofetilide,stale,review required,smollm2-1.7b,mcp_governed,review required,REVIEW_REQUIRED,0.55835687,0.23449614,False,False
LAB2-0273,dofetilide,unit_error,review required,smollm2-1.7b,deterministic_rules,review required,REVIEW_REQUIRED,0.56771191,0.27252186,False,False
LAB2-0273,dofetilide,unit_error,review required,smollm2-1.7b,mcp_access_only,review required,REVIEW_REQUIRED,0.56771191,0.27252186,False,False
LAB2-0273,dofetilide,unit_error,review required,smollm2-1.7b,confidence_abstention,review required,REVIEW_REQUIRED,0.56771191,0.27252186,False,False
LAB2-0273,dofetilide,unit_error,review required,smollm2-1.7b,mcp_governed,review required,REVIEW_REQUIRED,0.56771191,0.27252186,False,False
LAB2-0274,dofetilide,unit_error,review required,smollm2-1.7b,deterministic_rules,review required,REVIEW_REQUIRED,0.56469,0.26021849,False,False
LAB2-0274,dofetilide,unit_error,review required,smollm2-1.7b,mcp_access_only,review required,REVIEW_REQUIRED,0.56469,0.26021849,False,False
LAB2-0274,dofetilide,unit_error,review required,smollm2-1.7b,confidence_abstention,review required,REVIEW_REQUIRED,0.56469,0.26021849,False,False
LAB2-0274,dofetilide,unit_error,review required,smollm2-1.7b,mcp_governed,review required,REVIEW_REQUIRED,0.56469,0.26021849,False,False
LAB2-0275,dofetilide,unit_error,review required,smollm2-1.7b,deterministic_rules,review required,REVIEW_REQUIRED,0.56848705,0.27568102,False,False
LAB2-0275,dofetilide,unit_error,review required,smollm2-1.7b,mcp_access_only,review required,REVIEW_REQUIRED,0.56848705,0.27568102,False,False
LAB2-0275,dofetilide,unit_error,review required,smollm2-1.7b,confidence_abstention,review required,REVIEW_REQUIRED,0.56848705,0.27568102,False,False
LAB2-0275,dofetilide,unit_error,review required,smollm2-1.7b,mcp_governed,review required,REVIEW_REQUIRED,0.56848705,0.27568102,False,False
LAB2-0276,dofetilide,unit_error,review required,smollm2-1.7b,deterministic_rules,review required,REVIEW_REQUIRED,0.56628219,0.26669841,False,False
LAB2-0276,dofetilide,unit_error,review required,smollm2-1.7b,mcp_access_only,review required,REVIEW_REQUIRED,0.56628219,0.26669841,False,False
LAB2-0276,dofetilide,unit_error,review required,smollm2-1.7b,confidence_abstention,review required,REVIEW_REQUIRED,0.56628219,0.26669841,False,False
LAB2-0276,dofetilide,unit_error,review required,smollm2-1.7b,mcp_governed,review required,REVIEW_REQUIRED,0.56628219,0.26669841,False,False
LAB2-0277,dofetilide,conflict,review required,smollm2-1.7b,deterministic_rules,review required,REVIEW_REQUIRED,0.56433309,0.25876669,False,False
LAB2-0277,dofetilide,conflict,review required,smollm2-1.7b,mcp_access_only,review required,REVIEW_REQUIRED,0.56433309,0.25876669,False,False
LAB2-0277,dofetilide,conflict,review required,smollm2-1.7b,confidence_abstention,review required,REVIEW_REQUIRED,0.56433309,0.25876669,False,False
LAB2-0277,dofetilide,conflict,review required,smollm2-1.7b,mcp_governed,review required,REVIEW_REQUIRED,0.56433309,0.25876669,False,False
LAB2-0278,dofetilide,conflict,review required,smollm2-1.7b,deterministic_rules,review required,REVIEW_REQUIRED,0.58127686,0.32801722,False,False
LAB2-0278,dofetilide,conflict,review required,smollm2-1.7b,mcp_access_only,review required,REVIEW_REQUIRED,0.58127686,0.32801722,False,False
LAB2-0278,dofetilide,conflict,review required,smollm2-1.7b,confidence_abstention,review required,REVIEW_REQUIRED,0.58127686,0.32801722,False,False
LAB2-0278,dofetilide,conflict,review required,smollm2-1.7b,mcp_governed,review required,REVIEW_REQUIRED,0.58127686,0.32801722,False,False
LAB2-0279,dofetilide,conflict,review required,smollm2-1.7b,deterministic_rules,review required,REVIEW_REQUIRED,0.57236304,0.29149887,False,False
LAB2-0279,dofetilide,conflict,review required,smollm2-1.7b,mcp_access_only,review required,REVIEW_REQUIRED,0.57236304,0.29149887,False,False
LAB2-0279,dofetilide,conflict,review required,smollm2-1.7b,confidence_abstention,review required,REVIEW_REQUIRED,0.57236304,0.29149887,False,False
LAB2-0279,dofetilide,conflict,review required,smollm2-1.7b,mcp_governed,review required,REVIEW_REQUIRED,0.57236304,0.29149887,False,False
LAB2-0280,dofetilide,conflict,review required,smollm2-1.7b,deterministic_rules,review required,REVIEW_REQUIRED,0.56141965,0.24692562,False,False
LAB2-0280,dofetilide,conflict,review required,smollm2-1.7b,mcp_access_only,review required,REVIEW_REQUIRED,0.56141965,0.24692562,False,False
LAB2-0280,dofetilide,conflict,review required,smollm2-1.7b,confidence_abstention,review required,REVIEW_REQUIRED,0.56141965,0.24692562,False,False
LAB2-0280,dofetilide,conflict,review required,smollm2-1.7b,mcp_governed,review required,REVIEW_REQUIRED,0.56141965,0.24692562,False,False
LAB2-0281,dofetilide,wrong_encounter,review required,smollm2-1.7b,deterministic_rules,review required,REVIEW_REQUIRED,0.56619784,0.26635498,False,False
LAB2-0281,dofetilide,wrong_encounter,review required,smollm2-1.7b,mcp_access_only,review required,REVIEW_REQUIRED,0.56619784,0.26635498,False,False
LAB2-0281,dofetilide,wrong_encounter,review required,smollm2-1.7b,confidence_abstention,review required,REVIEW_REQUIRED,0.56619784,0.26635498,False,False
LAB2-0281,dofetilide,wrong_encounter,review required,smollm2-1.7b,mcp_governed,review required,REVIEW_REQUIRED,0.56619784,0.26635498,False,False
LAB2-0282,dofetilide,wrong_encounter,review required,smollm2-1.7b,deterministic_rules,review required,REVIEW_REQUIRED,0.56083288,0.24454293,False,False
LAB2-0282,dofetilide,wrong_encounter,review required,smollm2-1.7b,mcp_access_only,review required,REVIEW_REQUIRED,0.56083288,0.24454293,False,False
LAB2-0282,dofetilide,wrong_encounter,review required,smollm2-1.7b,confidence_abstention,review required,REVIEW_REQUIRED,0.56083288,0.24454293,False,False
LAB2-0282,dofetilide,wrong_encounter,review required,smollm2-1.7b,mcp_governed,review required,REVIEW_REQUIRED,0.56083288,0.24454293,False,False
LAB2-0283,dofetilide,wrong_encounter,review required,smollm2-1.7b,deterministic_rules,review required,REVIEW_REQUIRED,0.57059494,0.2842789,False,False
LAB2-0283,dofetilide,wrong_encounter,review required,smollm2-1.7b,mcp_access_only,review required,REVIEW_REQUIRED,0.57059494,0.2842789,False,False
LAB2-0283,dofetilide,wrong_encounter,review required,smollm2-1.7b,confidence_abstention,review required,REVIEW_REQUIRED,0.57059494,0.2842789,False,False
LAB2-0283,dofetilide,wrong_encounter,review required,smollm2-1.7b,mcp_governed,review required,REVIEW_REQUIRED,0.57059494,0.2842789,False,False
LAB2-0284,dofetilide,wrong_encounter,review required,smollm2-1.7b,deterministic_rules,review required,REVIEW_REQUIRED,0.5631483,0.25394923,False,False
LAB2-0284,dofetilide,wrong_encounter,review required,smollm2-1.7b,mcp_access_only,review required,REVIEW_REQUIRED,0.5631483,0.25394923,False,False
LAB2-0284,dofetilide,wrong_encounter,review required,smollm2-1.7b,confidence_abstention,review required,REVIEW_REQUIRED,0.5631483,0.25394923,False,False
LAB2-0284,dofetilide,wrong_encounter,review required,smollm2-1.7b,mcp_governed,review required,REVIEW_REQUIRED,0.5631483,0.25394923,False,False
LAB2-0285,dofetilide,service_failure,review required,smollm2-1.7b,deterministic_rules,review required,REVIEW_REQUIRED,0.58401873,0.33929284,False,False
LAB2-0285,dofetilide,service_failure,review required,smollm2-1.7b,mcp_access_only,review required,REVIEW_REQUIRED,0.58401873,0.33929284,False,False
LAB2-0285,dofetilide,service_failure,review required,smollm2-1.7b,confidence_abstention,review required,REVIEW_REQUIRED,0.58401873,0.33929284,False,False
LAB2-0285,dofetilide,service_failure,review required,smollm2-1.7b,mcp_governed,review required,REVIEW_REQUIRED,0.58401873,0.33929284,False,False
LAB2-0286,dofetilide,service_failure,review required,smollm2-1.7b,deterministic_rules,review required,REVIEW_REQUIRED,0.5818148,0.33022779,False,False
LAB2-0286,dofetilide,service_failure,review required,smollm2-1.7b,mcp_access_only,review required,REVIEW_REQUIRED,0.5818148,0.33022779,False,False
LAB2-0286,dofetilide,service_failure,review required,smollm2-1.7b,confidence_abstention,review required,REVIEW_REQUIRED,0.5818148,0.33022779,False,False
LAB2-0286,dofetilide,service_failure,review required,smollm2-1.7b,mcp_governed,review required,REVIEW_REQUIRED,0.5818148,0.33022779,False,False
LAB2-0287,dofetilide,service_failure,review required,smollm2-1.7b,deterministic_rules,review required,REVIEW_REQUIRED,0.5603686,0.24265814,False,False
LAB2-0287,dofetilide,service_failure,review required,smollm2-1.7b,mcp_access_only,review required,REVIEW_REQUIRED,0.5603686,0.24265814,False,False
LAB2-0287,dofetilide,service_failure,review required,smollm2-1.7b,confidence_abstention,review required,REVIEW_REQUIRED,0.5603686,0.24265814,False,False
LAB2-0287,dofetilide,service_failure,review required,smollm2-1.7b,mcp_governed,review required,REVIEW_REQUIRED,0.5603686,0.24265814,False,False
LAB2-0288,dofetilide,service_failure,review required,smollm2-1.7b,deterministic_rules,review required,REVIEW_REQUIRED,0.5825958,0.33343858,False,False
LAB2-0288,dofetilide,service_failure,review required,smollm2-1.7b,mcp_access_only,review required,REVIEW_REQUIRED,0.5825958,0.33343858,False,False
LAB2-0288,dofetilide,service_failure,review required,smollm2-1.7b,confidence_abstention,review required,REVIEW_REQUIRED,0.5825958,0.33343858,False,False
LAB2-0288,dofetilide,service_failure,review required,smollm2-1.7b,mcp_governed,review required,REVIEW_REQUIRED,0.5825958,0.33343858,False,False
LAB2-0301,spironolactone,clean,review required,smollm2-1.7b,deterministic_rules,review required,REVIEW_REQUIRED,0.53132351,0.12545834,False,False
LAB2-0301,spironolactone,clean,review required,smollm2-1.7b,mcp_access_only,review required,REVIEW_REQUIRED,0.53132351,0.12545834,False,False
LAB2-0301,spironolactone,clean,review required,smollm2-1.7b,confidence_abstention,review required,REVIEW_REQUIRED,0.53132351,0.12545834,False,False
LAB2-0301,spironolactone,clean,review required,smollm2-1.7b,mcp_governed,review required,REVIEW_REQUIRED,0.53132351,0.12545834,False,False
LAB2-0302,spironolactone,clean,review required,smollm2-1.7b,deterministic_rules,review required,REVIEW_REQUIRED,0.53678456,0.14740455,False,False
LAB2-0302,spironolactone,clean,review required,smollm2-1.7b,mcp_access_only,review required,REVIEW_REQUIRED,0.53678456,0.14740455,False,False
LAB2-0302,spironolactone,clean,review required,smollm2-1.7b,confidence_abstention,review required,REVIEW_REQUIRED,0.53678456,0.14740455,False,False
LAB2-0302,spironolactone,clean,review required,smollm2-1.7b,mcp_governed,review required,REVIEW_REQUIRED,0.53678456,0.14740455,False,False
LAB2-0303,spironolactone,clean,review required,smollm2-1.7b,deterministic_rules,review required,REVIEW_REQUIRED,0.53261847,0.13065945,False,False
LAB2-0303,spironolactone,clean,review required,smollm2-1.7b,mcp_access_only,review required,REVIEW_REQUIRED,0.53261847,0.13065945,False,False
LAB2-0303,spironolactone,clean,review required,smollm2-1.7b,confidence_abstention,review required,REVIEW_REQUIRED,0.53261847,0.13065945,False,False
LAB2-0303,spironolactone,clean,review required,smollm2-1.7b,mcp_governed,review required,REVIEW_REQUIRED,0.53261847,0.13065945,False,False
LAB2-0304,spironolactone,clean,review required,smollm2-1.7b,deterministic_rules,review required,REVIEW_REQUIRED,0.53574346,0.14321813,False,False
LAB2-0304,spironolactone,clean,review required,smollm2-1.7b,mcp_access_only,review required,REVIEW_REQUIRED,0.53574346,0.14321813,False,False
LAB2-0304,spironolactone,clean,review required,smollm2-1.7b,confidence_abstention,review required,REVIEW_REQUIRED,0.53574346,0.14321813,False,False
LAB2-0304,spironolactone,clean,review required,smollm2-1.7b,mcp_governed,review required,REVIEW_REQUIRED,0.53574346,0.14321813,False,False
LAB2-0305,spironolactone,clean,review required,smollm2-1.7b,deterministic_rules,review required,REVIEW_REQUIRED,0.53110731,0.12459017,False,False
LAB2-0305,spironolactone,clean,review required,smollm2-1.7b,mcp_access_only,review required,REVIEW_REQUIRED,0.53110731,0.12459017,False,False
LAB2-0305,spironolactone,clean,review required,smollm2-1.7b,confidence_abstention,review required,REVIEW_REQUIRED,0.53110731,0.12459017,False,False
LAB2-0305,spironolactone,clean,review required,smollm2-1.7b,mcp_governed,review required,REVIEW_REQUIRED,0.53110731,0.12459017,False,False
LAB2-0306,spironolactone,clean,review required,smollm2-1.7b,deterministic_rules,review required,REVIEW_REQUIRED,0.54224209,0.16937211,False,False
LAB2-0306,spironolactone,clean,review required,smollm2-1.7b,mcp_access_only,review required,REVIEW_REQUIRED,0.54224209,0.16937211,False,False
LAB2-0306,spironolactone,clean,review required,smollm2-1.7b,confidence_abstention,review required,REVIEW_REQUIRED,0.54224209,0.16937211,False,False
LAB2-0306,spironolactone,clean,review required,smollm2-1.7b,mcp_governed,review required,REVIEW_REQUIRED,0.54224209,0.16937211,False,False
LAB2-0307,spironolactone,clean,review required,smollm2-1.7b,deterministic_rules,review required,REVIEW_REQUIRED,0.54056849,0.16263148,False,False
LAB2-0307,spironolactone,clean,review required,smollm2-1.7b,mcp_access_only,review required,REVIEW_REQUIRED,0.54056849,0.16263148,False,False
LAB2-0307,spironolactone,clean,review required,smollm2-1.7b,confidence_abstention,review required,REVIEW_REQUIRED,0.54056849,0.16263148,False,False
LAB2-0307,spironolactone,clean,review required,smollm2-1.7b,mcp_governed,review required,REVIEW_REQUIRED,0.54056849,0.16263148,False,False
LAB2-0308,spironolactone,clean,review required,smollm2-1.7b,deterministic_rules,review required,REVIEW_REQUIRED,0.54583138,0.18384154,False,False
LAB2-0308,spironolactone,clean,review required,smollm2-1.7b,mcp_access_only,review required,REVIEW_REQUIRED,0.54583138,0.18384154,False,False
LAB2-0308,spironolactone,clean,review required,smollm2-1.7b,confidence_abstention,review required,REVIEW_REQUIRED,0.54583138,0.18384154,False,False
LAB2-0308,spironolactone,clean,review required,smollm2-1.7b,mcp_governed,review required,REVIEW_REQUIRED,0.54583138,0.18384154,False,False
LAB2-0309,spironolactone,clean,review required,smollm2-1.7b,deterministic_rules,review required,REVIEW_REQUIRED,0.53858873,0.15466249,False,False
LAB2-0309,spironolactone,clean,review required,smollm2-1.7b,mcp_access_only,review required,REVIEW_REQUIRED,0.53858873,0.15466249,False,False
LAB2-0309,spironolactone,clean,review required,smollm2-1.7b,confidence_abstention,review required,REVIEW_REQUIRED,0.53858873,0.15466249,False,False
LAB2-0309,spironolactone,clean,review required,smollm2-1.7b,mcp_governed,review required,REVIEW_REQUIRED,0.53858873,0.15466249,False,False
LAB2-0310,spironolactone,clean,review required,smollm2-1.7b,deterministic_rules,review required,REVIEW_REQUIRED,0.53918197,0.15704989,False,False
LAB2-0310,spironolactone,clean,review required,smollm2-1.7b,mcp_access_only,review required,REVIEW_REQUIRED,0.53918197,0.15704989,False,False
LAB2-0310,spironolactone,clean,review required,smollm2-1.7b,confidence_abstention,review required,REVIEW_REQUIRED,0.53918197,0.15704989,False,False
LAB2-0310,spironolactone,clean,review required,smollm2-1.7b,mcp_governed,review required,REVIEW_REQUIRED,0.53918197,0.15704989,False,False
LAB2-0311,spironolactone,clean,review required,smollm2-1.7b,deterministic_rules,review required,REVIEW_REQUIRED,0.54293074,0.17214684,False,False
LAB2-0311,spironolactone,clean,review required,smollm2-1.7b,mcp_access_only,review required,REVIEW_REQUIRED,0.54293074,0.17214684,False,False
LAB2-0311,spironolactone,clean,review required,smollm2-1.7b,confidence_abstention,review required,REVIEW_REQUIRED,0.54293074,0.17214684,False,False
LAB2-0311,spironolactone,clean,review required,smollm2-1.7b,mcp_governed,review required,REVIEW_REQUIRED,0.54293074,0.17214684,False,False
LAB2-0312,spironolactone,clean,review required,smollm2-1.7b,deterministic_rules,review required,REVIEW_REQUIRED,0.53321441,0.13305357,False,False
LAB2-0312,spironolactone,clean,review required,smollm2-1.7b,mcp_access_only,review required,REVIEW_REQUIRED,0.53321441,0.13305357,False,False
LAB2-0312,spironolactone,clean,review required,smollm2-1.7b,confidence_abstention,review required,REVIEW_REQUIRED,0.53321441,0.13305357,False,False
LAB2-0312,spironolactone,clean,review required,smollm2-1.7b,mcp_governed,review required,REVIEW_REQUIRED,0.53321441,0.13305357,False,False
LAB2-0313,spironolactone,clean,approved,smollm2-1.7b,deterministic_rules,approved,REVIEW_REQUIRED,0.53975972,0.15937538,False,False
LAB2-0313,spironolactone,clean,approved,smollm2-1.7b,mcp_access_only,review required,REVIEW_REQUIRED,0.53975972,0.15937538,False,False
LAB2-0313,spironolactone,clean,approved,smollm2-1.7b,confidence_abstention,review required,REVIEW_REQUIRED,0.53975972,0.15937538,False,False
LAB2-0313,spironolactone,clean,approved,smollm2-1.7b,mcp_governed,review required,REVIEW_REQUIRED,0.53975972,0.15937538,False,False
LAB2-0314,spironolactone,clean,approved,smollm2-1.7b,deterministic_rules,approved,REVIEW_REQUIRED,0.53812044,0.15277824,False,False
LAB2-0314,spironolactone,clean,approved,smollm2-1.7b,mcp_access_only,review required,REVIEW_REQUIRED,0.53812044,0.15277824,False,False
LAB2-0314,spironolactone,clean,approved,smollm2-1.7b,confidence_abstention,review required,REVIEW_REQUIRED,0.53812044,0.15277824,False,False
LAB2-0314,spironolactone,clean,approved,smollm2-1.7b,mcp_governed,review required,REVIEW_REQUIRED,0.53812044,0.15277824,False,False
LAB2-0315,spironolactone,clean,approved,smollm2-1.7b,deterministic_rules,approved,REVIEW_REQUIRED,0.53600306,0.14426193,False,False
LAB2-0315,spironolactone,clean,approved,smollm2-1.7b,mcp_access_only,review required,REVIEW_REQUIRED,0.53600306,0.14426193,False,False
LAB2-0315,spironolactone,clean,approved,smollm2-1.7b,confidence_abstention,review required,REVIEW_REQUIRED,0.53600306,0.14426193,False,False
LAB2-0315,spironolactone,clean,approved,smollm2-1.7b,mcp_governed,review required,REVIEW_REQUIRED,0.53600306,0.14426193,False,False
LAB2-0316,spironolactone,clean,approved,smollm2-1.7b,deterministic_rules,approved,REVIEW_REQUIRED,0.53744895,0.15007685,False,False
LAB2-0316,spironolactone,clean,approved,smollm2-1.7b,mcp_access_only,review required,REVIEW_REQUIRED,0.53744895,0.15007685,False,False
LAB2-0316,spironolactone,clean,approved,smollm2-1.7b,confidence_abstention,review required,REVIEW_REQUIRED,0.53744895,0.15007685,False,False
LAB2-0316,spironolactone,clean,approved,smollm2-1.7b,mcp_governed,review required,REVIEW_REQUIRED,0.53744895,0.15007685,False,False
LAB2-0317,spironolactone,clean,approved,smollm2-1.7b,deterministic_rules,approved,REVIEW_REQUIRED,0.54013477,0.1608852,False,False
LAB2-0317,spironolactone,clean,approved,smollm2-1.7b,mcp_access_only,review required,REVIEW_REQUIRED,0.54013477,0.1608852,False,False
LAB2-0317,spironolactone,clean,approved,smollm2-1.7b,confidence_abstention,review required,REVIEW_REQUIRED,0.54013477,0.1608852,False,False
LAB2-0317,spironolactone,clean,approved,smollm2-1.7b,mcp_governed,review required,REVIEW_REQUIRED,0.54013477,0.1608852,False,False
LAB2-0318,spironolactone,clean,approved,smollm2-1.7b,deterministic_rules,approved,REVIEW_REQUIRED,0.53584623,0.14363133,False,False
LAB2-0318,spironolactone,clean,approved,smollm2-1.7b,mcp_access_only,review required,REVIEW_REQUIRED,0.53584623,0.14363133,False,False
LAB2-0318,spironolactone,clean,approved,smollm2-1.7b,confidence_abstention,review required,REVIEW_REQUIRED,0.53584623,0.14363133,False,False
LAB2-0318,spironolactone,clean,approved,smollm2-1.7b,mcp_governed,review required,REVIEW_REQUIRED,0.53584623,0.14363133,False,False
LAB2-0319,spironolactone,clean,approved,smollm2-1.7b,deterministic_rules,approved,REVIEW_REQUIRED,0.53866134,0.15495465,False,False
LAB2-0319,spironolactone,clean,approved,smollm2-1.7b,mcp_access_only,review required,REVIEW_REQUIRED,0.53866134,0.15495465,False,False
LAB2-0319,spironolactone,clean,approved,smollm2-1.7b,confidence_abstention,review required,REVIEW_REQUIRED,0.53866134,0.15495465,False,False
LAB2-0319,spironolactone,clean,approved,smollm2-1.7b,mcp_governed,review required,REVIEW_REQUIRED,0.53866134,0.15495465,False,False
LAB2-0320,spironolactone,clean,approved,smollm2-1.7b,deterministic_rules,approved,REVIEW_REQUIRED,0.53623093,0.14517816,False,False
LAB2-0320,spironolactone,clean,approved,smollm2-1.7b,mcp_access_only,review required,REVIEW_REQUIRED,0.53623093,0.14517816,False,False
LAB2-0320,spironolactone,clean,approved,smollm2-1.7b,confidence_abstention,review required,REVIEW_REQUIRED,0.53623093,0.14517816,False,False
LAB2-0320,spironolactone,clean,approved,smollm2-1.7b,mcp_governed,review required,REVIEW_REQUIRED,0.53623093,0.14517816,False,False
LAB2-0321,spironolactone,clean,approved,smollm2-1.7b,deterministic_rules,approved,REVIEW_REQUIRED,0.53945849,0.15816285,False,False
LAB2-0321,spironolactone,clean,approved,smollm2-1.7b,mcp_access_only,review required,REVIEW_REQUIRED,0.53945849,0.15816285,False,False
LAB2-0321,spironolactone,clean,approved,smollm2-1.7b,confidence_abstention,review required,REVIEW_REQUIRED,0.53945849,0.15816285,False,False
LAB2-0321,spironolactone,clean,approved,smollm2-1.7b,mcp_governed,review required,REVIEW_REQUIRED,0.53945849,0.15816285,False,False
LAB2-0322,spironolactone,clean,approved,smollm2-1.7b,deterministic_rules,approved,REVIEW_REQUIRED,0.53809709,0.15268427,False,False
LAB2-0322,spironolactone,clean,approved,smollm2-1.7b,mcp_access_only,review required,REVIEW_REQUIRED,0.53809709,0.15268427,False,False
LAB2-0322,spironolactone,clean,approved,smollm2-1.7b,confidence_abstention,review required,REVIEW_REQUIRED,0.53809709,0.15268427,False,False
LAB2-0322,spironolactone,clean,approved,smollm2-1.7b,mcp_governed,review required,REVIEW_REQUIRED,0.53809709,0.15268427,False,False
LAB2-0323,spironolactone,clean,approved,smollm2-1.7b,deterministic_rules,approved,REVIEW_REQUIRED,0.53730769,0.14950863,False,False
LAB2-0323,spironolactone,clean,approved,smollm2-1.7b,mcp_access_only,review required,REVIEW_REQUIRED,0.53730769,0.14950863,False,False
LAB2-0323,spironolactone,clean,approved,smollm2-1.7b,confidence_abstention,review required,REVIEW_REQUIRED,0.53730769,0.14950863,False,False
LAB2-0323,spironolactone,clean,approved,smollm2-1.7b,mcp_governed,review required,REVIEW_REQUIRED,0.53730769,0.14950863,False,False
LAB2-0324,spironolactone,clean,approved,smollm2-1.7b,deterministic_rules,approved,REVIEW_REQUIRED,0.53666424,0.14692066,False,False
LAB2-0324,spironolactone,clean,approved,smollm2-1.7b,mcp_access_only,review required,REVIEW_REQUIRED,0.53666424,0.14692066,False,False
LAB2-0324,spironolactone,clean,approved,smollm2-1.7b,confidence_abstention,review required,REVIEW_REQUIRED,0.53666424,0.14692066,False,False
LAB2-0324,spironolactone,clean,approved,smollm2-1.7b,mcp_governed,review required,REVIEW_REQUIRED,0.53666424,0.14692066,False,False
LAB2-0325,spironolactone,missing,review required,smollm2-1.7b,deterministic_rules,review required,REVIEW_REQUIRED,0.54244543,0.17019133,False,False
LAB2-0325,spironolactone,missing,review required,smollm2-1.7b,mcp_access_only,review required,REVIEW_REQUIRED,0.54244543,0.17019133,False,False
LAB2-0325,spironolactone,missing,review required,smollm2-1.7b,confidence_abstention,review required,REVIEW_REQUIRED,0.54244543,0.17019133,False,False
LAB2-0325,spironolactone,missing,review required,smollm2-1.7b,mcp_governed,review required,REVIEW_REQUIRED,0.54244543,0.17019133,False,False
LAB2-0326,spironolactone,missing,review required,smollm2-1.7b,deterministic_rules,review required,REVIEW_REQUIRED,0.53926514,0.15738462,False,False
LAB2-0326,spironolactone,missing,review required,smollm2-1.7b,mcp_access_only,review required,REVIEW_REQUIRED,0.53926514,0.15738462,False,False
LAB2-0326,spironolactone,missing,review required,smollm2-1.7b,confidence_abstention,review required,REVIEW_REQUIRED,0.53926514,0.15738462,False,False
LAB2-0326,spironolactone,missing,review required,smollm2-1.7b,mcp_governed,review required,REVIEW_REQUIRED,0.53926514,0.15738462,False,False
LAB2-0327,spironolactone,missing,review required,smollm2-1.7b,deterministic_rules,review required,REVIEW_REQUIRED,0.54182845,0.16770577,False,False
LAB2-0327,spironolactone,missing,review required,smollm2-1.7b,mcp_access_only,review required,REVIEW_REQUIRED,0.54182845,0.16770577,False,False
LAB2-0327,spironolactone,missing,review required,smollm2-1.7b,confidence_abstention,review required,REVIEW_REQUIRED,0.54182845,0.16770577,False,False
LAB2-0327,spironolactone,missing,review required,smollm2-1.7b,mcp_governed,review required,REVIEW_REQUIRED,0.54182845,0.16770577,False,False
LAB2-0328,spironolactone,missing,review required,smollm2-1.7b,deterministic_rules,review required,REVIEW_REQUIRED,0.5383512,0.15370671,False,False
LAB2-0328,spironolactone,missing,review required,smollm2-1.7b,mcp_access_only,review required,REVIEW_REQUIRED,0.5383512,0.15370671,False,False
LAB2-0328,spironolactone,missing,review required,smollm2-1.7b,confidence_abstention,review required,REVIEW_REQUIRED,0.5383512,0.15370671,False,False
LAB2-0328,spironolactone,missing,review required,smollm2-1.7b,mcp_governed,review required,REVIEW_REQUIRED,0.5383512,0.15370671,False,False
LAB2-0329,spironolactone,stale,review required,smollm2-1.7b,deterministic_rules,review required,REVIEW_REQUIRED,0.54815927,0.19323613,False,False
LAB2-0329,spironolactone,stale,review required,smollm2-1.7b,mcp_access_only,review required,REVIEW_REQUIRED,0.54815927,0.19323613,False,False
LAB2-0329,spironolactone,stale,review required,smollm2-1.7b,confidence_abstention,review required,REVIEW_REQUIRED,0.54815927,0.19323613,False,False
LAB2-0329,spironolactone,stale,review required,smollm2-1.7b,mcp_governed,review required,REVIEW_REQUIRED,0.54815927,0.19323613,False,False
LAB2-0330,spironolactone,stale,review required,smollm2-1.7b,deterministic_rules,review required,REVIEW_REQUIRED,0.54762201,0.19106721,False,False
LAB2-0330,spironolactone,stale,review required,smollm2-1.7b,mcp_access_only,review required,REVIEW_REQUIRED,0.54762201,0.19106721,False,False
LAB2-0330,spironolactone,stale,review required,smollm2-1.7b,confidence_abstention,review required,REVIEW_REQUIRED,0.54762201,0.19106721,False,False
LAB2-0330,spironolactone,stale,review required,smollm2-1.7b,mcp_governed,review required,REVIEW_REQUIRED,0.54762201,0.19106721,False,False
LAB2-0331,spironolactone,stale,review required,smollm2-1.7b,deterministic_rules,review required,REVIEW_REQUIRED,0.54830356,0.1938187,False,False
LAB2-0331,spironolactone,stale,review required,smollm2-1.7b,mcp_access_only,review required,REVIEW_REQUIRED,0.54830356,0.1938187,False,False
LAB2-0331,spironolactone,stale,review required,smollm2-1.7b,confidence_abstention,review required,REVIEW_REQUIRED,0.54830356,0.1938187,False,False
LAB2-0331,spironolactone,stale,review required,smollm2-1.7b,mcp_governed,review required,REVIEW_REQUIRED,0.54830356,0.1938187,False,False
LAB2-0332,spironolactone,stale,review required,smollm2-1.7b,deterministic_rules,review required,REVIEW_REQUIRED,0.54780122,0.19179062,False,False
LAB2-0332,spironolactone,stale,review required,smollm2-1.7b,mcp_access_only,review required,REVIEW_REQUIRED,0.54780122,0.19179062,False,False
LAB2-0332,spironolactone,stale,review required,smollm2-1.7b,confidence_abstention,review required,REVIEW_REQUIRED,0.54780122,0.19179062,False,False
LAB2-0332,spironolactone,stale,review required,smollm2-1.7b,mcp_governed,review required,REVIEW_REQUIRED,0.54780122,0.19179062,False,False
LAB2-0333,spironolactone,unit_error,review required,smollm2-1.7b,deterministic_rules,review required,REVIEW_REQUIRED,0.54396184,0.1763026,False,False
LAB2-0333,spironolactone,unit_error,review required,smollm2-1.7b,mcp_access_only,review required,REVIEW_REQUIRED,0.54396184,0.1763026,False,False
LAB2-0333,spironolactone,unit_error,review required,smollm2-1.7b,confidence_abstention,review required,REVIEW_REQUIRED,0.54396184,0.1763026,False,False
LAB2-0333,spironolactone,unit_error,review required,smollm2-1.7b,mcp_governed,review required,REVIEW_REQUIRED,0.54396184,0.1763026,False,False
LAB2-0334,spironolactone,unit_error,review required,smollm2-1.7b,deterministic_rules,review required,REVIEW_REQUIRED,0.54498054,0.18040992,False,False
LAB2-0334,spironolactone,unit_error,review required,smollm2-1.7b,mcp_access_only,review required,REVIEW_REQUIRED,0.54498054,0.18040992,False,False
LAB2-0334,spironolactone,unit_error,review required,smollm2-1.7b,confidence_abstention,review required,REVIEW_REQUIRED,0.54498054,0.18040992,False,False
LAB2-0334,spironolactone,unit_error,review required,smollm2-1.7b,mcp_governed,review required,REVIEW_REQUIRED,0.54498054,0.18040992,False,False
LAB2-0335,spironolactone,unit_error,review required,smollm2-1.7b,deterministic_rules,review required,REVIEW_REQUIRED,0.53912893,0.15683642,False,False
LAB2-0335,spironolactone,unit_error,review required,smollm2-1.7b,mcp_access_only,review required,REVIEW_REQUIRED,0.53912893,0.15683642,False,False
LAB2-0335,spironolactone,unit_error,review required,smollm2-1.7b,confidence_abstention,review required,REVIEW_REQUIRED,0.53912893,0.15683642,False,False
LAB2-0335,spironolactone,unit_error,review required,smollm2-1.7b,mcp_governed,review required,REVIEW_REQUIRED,0.53912893,0.15683642,False,False
LAB2-0336,spironolactone,unit_error,review required,smollm2-1.7b,deterministic_rules,review required,REVIEW_REQUIRED,0.5522261,0.20966913,False,False
LAB2-0336,spironolactone,unit_error,review required,smollm2-1.7b,mcp_access_only,review required,REVIEW_REQUIRED,0.5522261,0.20966913,False,False
LAB2-0336,spironolactone,unit_error,review required,smollm2-1.7b,confidence_abstention,review required,REVIEW_REQUIRED,0.5522261,0.20966913,False,False
LAB2-0336,spironolactone,unit_error,review required,smollm2-1.7b,mcp_governed,review required,REVIEW_REQUIRED,0.5522261,0.20966913,False,False
LAB2-0337,spironolactone,conflict,review required,smollm2-1.7b,deterministic_rules,review required,REVIEW_REQUIRED,0.55229622,0.20995273,False,False
LAB2-0337,spironolactone,conflict,review required,smollm2-1.7b,mcp_access_only,review required,REVIEW_REQUIRED,0.55229622,0.20995273,False,False
LAB2-0337,spironolactone,conflict,review required,smollm2-1.7b,confidence_abstention,review required,REVIEW_REQUIRED,0.55229622,0.20995273,False,False
LAB2-0337,spironolactone,conflict,review required,smollm2-1.7b,mcp_governed,review required,REVIEW_REQUIRED,0.55229622,0.20995273,False,False
LAB2-0338,spironolactone,conflict,review required,smollm2-1.7b,deterministic_rules,review required,REVIEW_REQUIRED,0.56011448,0.24162669,False,False
LAB2-0338,spironolactone,conflict,review required,smollm2-1.7b,mcp_access_only,review required,REVIEW_REQUIRED,0.56011448,0.24162669,False,False
LAB2-0338,spironolactone,conflict,review required,smollm2-1.7b,confidence_abstention,review required,REVIEW_REQUIRED,0.56011448,0.24162669,False,False
LAB2-0338,spironolactone,conflict,review required,smollm2-1.7b,mcp_governed,review required,REVIEW_REQUIRED,0.56011448,0.24162669,False,False
LAB2-0339,spironolactone,conflict,review required,smollm2-1.7b,deterministic_rules,review required,REVIEW_REQUIRED,0.55292782,0.2125074,False,False
LAB2-0339,spironolactone,conflict,review required,smollm2-1.7b,mcp_access_only,review required,REVIEW_REQUIRED,0.55292782,0.2125074,False,False
LAB2-0339,spironolactone,conflict,review required,smollm2-1.7b,confidence_abstention,review required,REVIEW_REQUIRED,0.55292782,0.2125074,False,False
LAB2-0339,spironolactone,conflict,review required,smollm2-1.7b,mcp_governed,review required,REVIEW_REQUIRED,0.55292782,0.2125074,False,False
LAB2-0340,spironolactone,conflict,review required,smollm2-1.7b,deterministic_rules,review required,REVIEW_REQUIRED,0.56005518,0.24138602,False,False
LAB2-0340,spironolactone,conflict,review required,smollm2-1.7b,mcp_access_only,review required,REVIEW_REQUIRED,0.56005518,0.24138602,False,False
LAB2-0340,spironolactone,conflict,review required,smollm2-1.7b,confidence_abstention,review required,REVIEW_REQUIRED,0.56005518,0.24138602,False,False
LAB2-0340,spironolactone,conflict,review required,smollm2-1.7b,mcp_governed,review required,REVIEW_REQUIRED,0.56005518,0.24138602,False,False
LAB2-0341,spironolactone,wrong_encounter,review required,smollm2-1.7b,deterministic_rules,review required,REVIEW_REQUIRED,0.54826267,0.1936536,False,False
LAB2-0341,spironolactone,wrong_encounter,review required,smollm2-1.7b,mcp_access_only,review required,REVIEW_REQUIRED,0.54826267,0.1936536,False,False
LAB2-0341,spironolactone,wrong_encounter,review required,smollm2-1.7b,confidence_abstention,review required,REVIEW_REQUIRED,0.54826267,0.1936536,False,False
LAB2-0341,spironolactone,wrong_encounter,review required,smollm2-1.7b,mcp_governed,review required,REVIEW_REQUIRED,0.54826267,0.1936536,False,False
LAB2-0342,spironolactone,wrong_encounter,review required,smollm2-1.7b,deterministic_rules,review required,REVIEW_REQUIRED,0.55074269,0.20367191,False,False
LAB2-0342,spironolactone,wrong_encounter,review required,smollm2-1.7b,mcp_access_only,review required,REVIEW_REQUIRED,0.55074269,0.20367191,False,False
LAB2-0342,spironolactone,wrong_encounter,review required,smollm2-1.7b,confidence_abstention,review required,REVIEW_REQUIRED,0.55074269,0.20367191,False,False
LAB2-0342,spironolactone,wrong_encounter,review required,smollm2-1.7b,mcp_governed,review required,REVIEW_REQUIRED,0.55074269,0.20367191,False,False
LAB2-0343,spironolactone,wrong_encounter,review required,smollm2-1.7b,deterministic_rules,review required,REVIEW_REQUIRED,0.55912684,0.23761915,False,False
LAB2-0343,spironolactone,wrong_encounter,review required,smollm2-1.7b,mcp_access_only,review required,REVIEW_REQUIRED,0.55912684,0.23761915,False,False
LAB2-0343,spironolactone,wrong_encounter,review required,smollm2-1.7b,confidence_abstention,review required,REVIEW_REQUIRED,0.55912684,0.23761915,False,False
LAB2-0343,spironolactone,wrong_encounter,review required,smollm2-1.7b,mcp_governed,review required,REVIEW_REQUIRED,0.55912684,0.23761915,False,False
LAB2-0344,spironolactone,wrong_encounter,review required,smollm2-1.7b,deterministic_rules,review required,REVIEW_REQUIRED,0.54860709,0.19504435,False,False
LAB2-0344,spironolactone,wrong_encounter,review required,smollm2-1.7b,mcp_access_only,review required,REVIEW_REQUIRED,0.54860709,0.19504435,False,False
LAB2-0344,spironolactone,wrong_encounter,review required,smollm2-1.7b,confidence_abstention,review required,REVIEW_REQUIRED,0.54860709,0.19504435,False,False
LAB2-0344,spironolactone,wrong_encounter,review required,smollm2-1.7b,mcp_governed,review required,REVIEW_REQUIRED,0.54860709,0.19504435,False,False
LAB2-0345,spironolactone,service_failure,review required,smollm2-1.7b,deterministic_rules,review required,REVIEW_REQUIRED,0.53739854,0.14987409,False,False
LAB2-0345,spironolactone,service_failure,review required,smollm2-1.7b,mcp_access_only,review required,REVIEW_REQUIRED,0.53739854,0.14987409,False,False
LAB2-0345,spironolactone,service_failure,review required,smollm2-1.7b,confidence_abstention,review required,REVIEW_REQUIRED,0.53739854,0.14987409,False,False
LAB2-0345,spironolactone,service_failure,review required,smollm2-1.7b,mcp_governed,review required,REVIEW_REQUIRED,0.53739854,0.14987409,False,False
LAB2-0346,spironolactone,service_failure,review required,smollm2-1.7b,deterministic_rules,review required,REVIEW_REQUIRED,0.54005875,0.16057916,False,False
LAB2-0346,spironolactone,service_failure,review required,smollm2-1.7b,mcp_access_only,review required,REVIEW_REQUIRED,0.54005875,0.16057916,False,False
LAB2-0346,spironolactone,service_failure,review required,smollm2-1.7b,confidence_abstention,review required,REVIEW_REQUIRED,0.54005875,0.16057916,False,False
LAB2-0346,spironolactone,service_failure,review required,smollm2-1.7b,mcp_governed,review required,REVIEW_REQUIRED,0.54005875,0.16057916,False,False
LAB2-0347,spironolactone,service_failure,review required,smollm2-1.7b,deterministic_rules,review required,REVIEW_REQUIRED,0.53808501,0.15263569,False,False
LAB2-0347,spironolactone,service_failure,review required,smollm2-1.7b,mcp_access_only,review required,REVIEW_REQUIRED,0.53808501,0.15263569,False,False
LAB2-0347,spironolactone,service_failure,review required,smollm2-1.7b,confidence_abstention,review required,REVIEW_REQUIRED,0.53808501,0.15263569,False,False
LAB2-0347,spironolactone,service_failure,review required,smollm2-1.7b,mcp_governed,review required,REVIEW_REQUIRED,0.53808501,0.15263569,False,False
LAB2-0348,spironolactone,service_failure,review required,smollm2-1.7b,deterministic_rules,review required,REVIEW_REQUIRED,0.54460266,0.17888614,False,False
LAB2-0348,spironolactone,service_failure,review required,smollm2-1.7b,mcp_access_only,review required,REVIEW_REQUIRED,0.54460266,0.17888614,False,False
LAB2-0348,spironolactone,service_failure,review required,smollm2-1.7b,confidence_abstention,review required,REVIEW_REQUIRED,0.54460266,0.17888614,False,False
LAB2-0348,spironolactone,service_failure,review required,smollm2-1.7b,mcp_governed,review required,REVIEW_REQUIRED,0.54460266,0.17888614,False,False
LAB2-0361,clozapine,clean,review required,smollm2-1.7b,deterministic_rules,review required,REVIEW_REQUIRED,0.5293525,0.11754514,False,False
LAB2-0361,clozapine,clean,review required,smollm2-1.7b,mcp_access_only,review required,REVIEW_REQUIRED,0.5293525,0.11754514,False,False
LAB2-0361,clozapine,clean,review required,smollm2-1.7b,confidence_abstention,review required,REVIEW_REQUIRED,0.5293525,0.11754514,False,False
LAB2-0361,clozapine,clean,review required,smollm2-1.7b,mcp_governed,review required,REVIEW_REQUIRED,0.5293525,0.11754514,False,False
LAB2-0362,clozapine,clean,review required,smollm2-1.7b,deterministic_rules,review required,REVIEW_REQUIRED,0.53737895,0.14979528,False,False
LAB2-0362,clozapine,clean,review required,smollm2-1.7b,mcp_access_only,review required,REVIEW_REQUIRED,0.53737895,0.14979528,False,False
LAB2-0362,clozapine,clean,review required,smollm2-1.7b,confidence_abstention,review required,REVIEW_REQUIRED,0.53737895,0.14979528,False,False
LAB2-0362,clozapine,clean,review required,smollm2-1.7b,mcp_governed,review required,REVIEW_REQUIRED,0.53737895,0.14979528,False,False
LAB2-0363,clozapine,clean,review required,smollm2-1.7b,deterministic_rules,review required,REVIEW_REQUIRED,0.53290483,0.13180984,False,False
LAB2-0363,clozapine,clean,review required,smollm2-1.7b,mcp_access_only,review required,REVIEW_REQUIRED,0.53290483,0.13180984,False,False
LAB2-0363,clozapine,clean,review required,smollm2-1.7b,confidence_abstention,review required,REVIEW_REQUIRED,0.53290483,0.13180984,False,False
LAB2-0363,clozapine,clean,review required,smollm2-1.7b,mcp_governed,review required,REVIEW_REQUIRED,0.53290483,0.13180984,False,False
LAB2-0364,clozapine,clean,review required,smollm2-1.7b,deterministic_rules,review required,REVIEW_REQUIRED,0.5324213,0.12986743,False,False
LAB2-0364,clozapine,clean,review required,smollm2-1.7b,mcp_access_only,review required,REVIEW_REQUIRED,0.5324213,0.12986743,False,False
LAB2-0364,clozapine,clean,review required,smollm2-1.7b,confidence_abstention,review required,REVIEW_REQUIRED,0.5324213,0.12986743,False,False
LAB2-0364,clozapine,clean,review required,smollm2-1.7b,mcp_governed,review required,REVIEW_REQUIRED,0.5324213,0.12986743,False,False
LAB2-0365,clozapine,clean,review required,smollm2-1.7b,deterministic_rules,review required,REVIEW_REQUIRED,0.52933705,0.11748315,False,False
LAB2-0365,clozapine,clean,review required,smollm2-1.7b,mcp_access_only,review required,REVIEW_REQUIRED,0.52933705,0.11748315,False,False
LAB2-0365,clozapine,clean,review required,smollm2-1.7b,confidence_abstention,review required,REVIEW_REQUIRED,0.52933705,0.11748315,False,False
LAB2-0365,clozapine,clean,review required,smollm2-1.7b,mcp_governed,review required,REVIEW_REQUIRED,0.52933705,0.11748315,False,False
LAB2-0366,clozapine,clean,review required,smollm2-1.7b,deterministic_rules,review required,REVIEW_REQUIRED,0.53165762,0.12680009,False,False
LAB2-0366,clozapine,clean,review required,smollm2-1.7b,mcp_access_only,review required,REVIEW_REQUIRED,0.53165762,0.12680009,False,False
LAB2-0366,clozapine,clean,review required,smollm2-1.7b,confidence_abstention,review required,REVIEW_REQUIRED,0.53165762,0.12680009,False,False
LAB2-0366,clozapine,clean,review required,smollm2-1.7b,mcp_governed,review required,REVIEW_REQUIRED,0.53165762,0.12680009,False,False
LAB2-0367,clozapine,clean,review required,smollm2-1.7b,deterministic_rules,review required,REVIEW_REQUIRED,0.53474686,0.13921182,False,False
LAB2-0367,clozapine,clean,review required,smollm2-1.7b,mcp_access_only,review required,REVIEW_REQUIRED,0.53474686,0.13921182,False,False
LAB2-0367,clozapine,clean,review required,smollm2-1.7b,confidence_abstention,review required,REVIEW_REQUIRED,0.53474686,0.13921182,False,False
LAB2-0367,clozapine,clean,review required,smollm2-1.7b,mcp_governed,review required,REVIEW_REQUIRED,0.53474686,0.13921182,False,False
LAB2-0368,clozapine,clean,review required,smollm2-1.7b,deterministic_rules,review required,REVIEW_REQUIRED,0.53069587,0.12293808,False,False
LAB2-0368,clozapine,clean,review required,smollm2-1.7b,mcp_access_only,review required,REVIEW_REQUIRED,0.53069587,0.12293808,False,False
LAB2-0368,clozapine,clean,review required,smollm2-1.7b,confidence_abstention,review required,REVIEW_REQUIRED,0.53069587,0.12293808,False,False
LAB2-0368,clozapine,clean,review required,smollm2-1.7b,mcp_governed,review required,REVIEW_REQUIRED,0.53069587,0.12293808,False,False
LAB2-0369,clozapine,clean,review required,smollm2-1.7b,deterministic_rules,review required,REVIEW_REQUIRED,0.52760921,0.11054931,False,False
LAB2-0369,clozapine,clean,review required,smollm2-1.7b,mcp_access_only,review required,REVIEW_REQUIRED,0.52760921,0.11054931,False,False
LAB2-0369,clozapine,clean,review required,smollm2-1.7b,confidence_abstention,review required,REVIEW_REQUIRED,0.52760921,0.11054931,False,False
LAB2-0369,clozapine,clean,review required,smollm2-1.7b,mcp_governed,review required,REVIEW_REQUIRED,0.52760921,0.11054931,False,False
LAB2-0370,clozapine,clean,review required,smollm2-1.7b,deterministic_rules,review required,REVIEW_REQUIRED,0.5337313,0.13513045,False,False
LAB2-0370,clozapine,clean,review required,smollm2-1.7b,mcp_access_only,review required,REVIEW_REQUIRED,0.5337313,0.13513045,False,False
LAB2-0370,clozapine,clean,review required,smollm2-1.7b,confidence_abstention,review required,REVIEW_REQUIRED,0.5337313,0.13513045,False,False
LAB2-0370,clozapine,clean,review required,smollm2-1.7b,mcp_governed,review required,REVIEW_REQUIRED,0.5337313,0.13513045,False,False
LAB2-0371,clozapine,clean,review required,smollm2-1.7b,deterministic_rules,review required,REVIEW_REQUIRED,0.53316676,0.13286215,False,False
LAB2-0371,clozapine,clean,review required,smollm2-1.7b,mcp_access_only,review required,REVIEW_REQUIRED,0.53316676,0.13286215,False,False
LAB2-0371,clozapine,clean,review required,smollm2-1.7b,confidence_abstention,review required,REVIEW_REQUIRED,0.53316676,0.13286215,False,False
LAB2-0371,clozapine,clean,review required,smollm2-1.7b,mcp_governed,review required,REVIEW_REQUIRED,0.53316676,0.13286215,False,False
LAB2-0372,clozapine,clean,review required,smollm2-1.7b,deterministic_rules,review required,REVIEW_REQUIRED,0.53163227,0.12669828,False,False
LAB2-0372,clozapine,clean,review required,smollm2-1.7b,mcp_access_only,review required,REVIEW_REQUIRED,0.53163227,0.12669828,False,False
LAB2-0372,clozapine,clean,review required,smollm2-1.7b,confidence_abstention,review required,REVIEW_REQUIRED,0.53163227,0.12669828,False,False
LAB2-0372,clozapine,clean,review required,smollm2-1.7b,mcp_governed,review required,REVIEW_REQUIRED,0.53163227,0.12669828,False,False
LAB2-0373,clozapine,clean,approved,smollm2-1.7b,deterministic_rules,approved,REVIEW_REQUIRED,0.53264282,0.13075728,False,False
LAB2-0373,clozapine,clean,approved,smollm2-1.7b,mcp_access_only,review required,REVIEW_REQUIRED,0.53264282,0.13075728,False,False
LAB2-0373,clozapine,clean,approved,smollm2-1.7b,confidence_abstention,review required,REVIEW_REQUIRED,0.53264282,0.13075728,False,False
LAB2-0373,clozapine,clean,approved,smollm2-1.7b,mcp_governed,review required,REVIEW_REQUIRED,0.53264282,0.13075728,False,False
LAB2-0374,clozapine,clean,approved,smollm2-1.7b,deterministic_rules,approved,REVIEW_REQUIRED,0.53735268,0.1496896,False,False
LAB2-0374,clozapine,clean,approved,smollm2-1.7b,mcp_access_only,review required,REVIEW_REQUIRED,0.53735268,0.1496896,False,False
LAB2-0374,clozapine,clean,approved,smollm2-1.7b,confidence_abstention,review required,REVIEW_REQUIRED,0.53735268,0.1496896,False,False
LAB2-0374,clozapine,clean,approved,smollm2-1.7b,mcp_governed,review required,REVIEW_REQUIRED,0.53735268,0.1496896,False,False
LAB2-0375,clozapine,clean,approved,smollm2-1.7b,deterministic_rules,approved,REVIEW_REQUIRED,0.53063362,0.12268816,False,False
LAB2-0375,clozapine,clean,approved,smollm2-1.7b,mcp_access_only,review required,REVIEW_REQUIRED,0.53063362,0.12268816,False,False
LAB2-0375,clozapine,clean,approved,smollm2-1.7b,confidence_abstention,review required,REVIEW_REQUIRED,0.53063362,0.12268816,False,False
LAB2-0375,clozapine,clean,approved,smollm2-1.7b,mcp_governed,review required,REVIEW_REQUIRED,0.53063362,0.12268816,False,False
LAB2-0376,clozapine,clean,approved,smollm2-1.7b,deterministic_rules,approved,REVIEW_REQUIRED,0.53422529,0.13711559,False,False
LAB2-0376,clozapine,clean,approved,smollm2-1.7b,mcp_access_only,review required,REVIEW_REQUIRED,0.53422529,0.13711559,False,False
LAB2-0376,clozapine,clean,approved,smollm2-1.7b,confidence_abstention,review required,REVIEW_REQUIRED,0.53422529,0.13711559,False,False
LAB2-0376,clozapine,clean,approved,smollm2-1.7b,mcp_governed,review required,REVIEW_REQUIRED,0.53422529,0.13711559,False,False
LAB2-0377,clozapine,clean,approved,smollm2-1.7b,deterministic_rules,approved,REVIEW_REQUIRED,0.53264998,0.13078604,False,False
LAB2-0377,clozapine,clean,approved,smollm2-1.7b,mcp_access_only,review required,REVIEW_REQUIRED,0.53264998,0.13078604,False,False
LAB2-0377,clozapine,clean,approved,smollm2-1.7b,confidence_abstention,review required,REVIEW_REQUIRED,0.53264998,0.13078604,False,False
LAB2-0377,clozapine,clean,approved,smollm2-1.7b,mcp_governed,review required,REVIEW_REQUIRED,0.53264998,0.13078604,False,False
LAB2-0378,clozapine,clean,approved,smollm2-1.7b,deterministic_rules,approved,REVIEW_REQUIRED,0.52982962,0.11946034,False,False
LAB2-0378,clozapine,clean,approved,smollm2-1.7b,mcp_access_only,review required,REVIEW_REQUIRED,0.52982962,0.11946034,False,False
LAB2-0378,clozapine,clean,approved,smollm2-1.7b,confidence_abstention,review required,REVIEW_REQUIRED,0.52982962,0.11946034,False,False
LAB2-0378,clozapine,clean,approved,smollm2-1.7b,mcp_governed,review required,REVIEW_REQUIRED,0.52982962,0.11946034,False,False
LAB2-0379,clozapine,clean,approved,smollm2-1.7b,deterministic_rules,approved,REVIEW_REQUIRED,0.53450257,0.13822997,False,False
LAB2-0379,clozapine,clean,approved,smollm2-1.7b,mcp_access_only,review required,REVIEW_REQUIRED,0.53450257,0.13822997,False,False
LAB2-0379,clozapine,clean,approved,smollm2-1.7b,confidence_abstention,review required,REVIEW_REQUIRED,0.53450257,0.13822997,False,False
LAB2-0379,clozapine,clean,approved,smollm2-1.7b,mcp_governed,review required,REVIEW_REQUIRED,0.53450257,0.13822997,False,False
LAB2-0380,clozapine,clean,approved,smollm2-1.7b,deterministic_rules,approved,REVIEW_REQUIRED,0.53417394,0.1369092,False,False
LAB2-0380,clozapine,clean,approved,smollm2-1.7b,mcp_access_only,review required,REVIEW_REQUIRED,0.53417394,0.1369092,False,False
LAB2-0380,clozapine,clean,approved,smollm2-1.7b,confidence_abstention,review required,REVIEW_REQUIRED,0.53417394,0.1369092,False,False
LAB2-0380,clozapine,clean,approved,smollm2-1.7b,mcp_governed,review required,REVIEW_REQUIRED,0.53417394,0.1369092,False,False
LAB2-0381,clozapine,clean,approved,smollm2-1.7b,deterministic_rules,approved,REVIEW_REQUIRED,0.53623505,0.14519474,False,False
LAB2-0381,clozapine,clean,approved,smollm2-1.7b,mcp_access_only,review required,REVIEW_REQUIRED,0.53623505,0.14519474,False,False
LAB2-0381,clozapine,clean,approved,smollm2-1.7b,confidence_abstention,review required,REVIEW_REQUIRED,0.53623505,0.14519474,False,False
LAB2-0381,clozapine,clean,approved,smollm2-1.7b,mcp_governed,review required,REVIEW_REQUIRED,0.53623505,0.14519474,False,False
LAB2-0382,clozapine,clean,approved,smollm2-1.7b,deterministic_rules,approved,REVIEW_REQUIRED,0.53484663,0.13961284,False,False
LAB2-0382,clozapine,clean,approved,smollm2-1.7b,mcp_access_only,review required,REVIEW_REQUIRED,0.53484663,0.13961284,False,False
LAB2-0382,clozapine,clean,approved,smollm2-1.7b,confidence_abstention,review required,REVIEW_REQUIRED,0.53484663,0.13961284,False,False
LAB2-0382,clozapine,clean,approved,smollm2-1.7b,mcp_governed,review required,REVIEW_REQUIRED,0.53484663,0.13961284,False,False
LAB2-0383,clozapine,clean,approved,smollm2-1.7b,deterministic_rules,approved,REVIEW_REQUIRED,0.53499476,0.1402083,False,False
LAB2-0383,clozapine,clean,approved,smollm2-1.7b,mcp_access_only,review required,REVIEW_REQUIRED,0.53499476,0.1402083,False,False
LAB2-0383,clozapine,clean,approved,smollm2-1.7b,confidence_abstention,review required,REVIEW_REQUIRED,0.53499476,0.1402083,False,False
LAB2-0383,clozapine,clean,approved,smollm2-1.7b,mcp_governed,review required,REVIEW_REQUIRED,0.53499476,0.1402083,False,False
LAB2-0384,clozapine,clean,approved,smollm2-1.7b,deterministic_rules,approved,REVIEW_REQUIRED,0.53222306,0.12907114,False,False
LAB2-0384,clozapine,clean,approved,smollm2-1.7b,mcp_access_only,review required,REVIEW_REQUIRED,0.53222306,0.12907114,False,False
LAB2-0384,clozapine,clean,approved,smollm2-1.7b,confidence_abstention,review required,REVIEW_REQUIRED,0.53222306,0.12907114,False,False
LAB2-0384,clozapine,clean,approved,smollm2-1.7b,mcp_governed,review required,REVIEW_REQUIRED,0.53222306,0.12907114,False,False
LAB2-0385,clozapine,missing,review required,smollm2-1.7b,deterministic_rules,review required,REVIEW_REQUIRED,0.54177124,0.16747531,False,False
LAB2-0385,clozapine,missing,review required,smollm2-1.7b,mcp_access_only,review required,REVIEW_REQUIRED,0.54177124,0.16747531,False,False
LAB2-0385,clozapine,missing,review required,smollm2-1.7b,confidence_abstention,review required,REVIEW_REQUIRED,0.54177124,0.16747531,False,False
LAB2-0385,clozapine,missing,review required,smollm2-1.7b,mcp_governed,review required,REVIEW_REQUIRED,0.54177124,0.16747531,False,False
LAB2-0386,clozapine,missing,review required,smollm2-1.7b,deterministic_rules,review required,REVIEW_REQUIRED,0.53878241,0.15544187,False,False
LAB2-0386,clozapine,missing,review required,smollm2-1.7b,mcp_access_only,review required,REVIEW_REQUIRED,0.53878241,0.15544187,False,False
LAB2-0386,clozapine,missing,review required,smollm2-1.7b,confidence_abstention,review required,REVIEW_REQUIRED,0.53878241,0.15544187,False,False
LAB2-0386,clozapine,missing,review required,smollm2-1.7b,mcp_governed,review required,REVIEW_REQUIRED,0.53878241,0.15544187,False,False
LAB2-0387,clozapine,missing,review required,smollm2-1.7b,deterministic_rules,review required,REVIEW_REQUIRED,0.54364486,0.17502487,False,False
LAB2-0387,clozapine,missing,review required,smollm2-1.7b,mcp_access_only,review required,REVIEW_REQUIRED,0.54364486,0.17502487,False,False
LAB2-0387,clozapine,missing,review required,smollm2-1.7b,confidence_abstention,review required,REVIEW_REQUIRED,0.54364486,0.17502487,False,False
LAB2-0387,clozapine,missing,review required,smollm2-1.7b,mcp_governed,review required,REVIEW_REQUIRED,0.54364486,0.17502487,False,False
LAB2-0388,clozapine,missing,review required,smollm2-1.7b,deterministic_rules,review required,REVIEW_REQUIRED,0.53819228,0.15306728,False,False
LAB2-0388,clozapine,missing,review required,smollm2-1.7b,mcp_access_only,review required,REVIEW_REQUIRED,0.53819228,0.15306728,False,False
LAB2-0388,clozapine,missing,review required,smollm2-1.7b,confidence_abstention,review required,REVIEW_REQUIRED,0.53819228,0.15306728,False,False
LAB2-0388,clozapine,missing,review required,smollm2-1.7b,mcp_governed,review required,REVIEW_REQUIRED,0.53819228,0.15306728,False,False
LAB2-0389,clozapine,stale,review required,smollm2-1.7b,deterministic_rules,review required,REVIEW_REQUIRED,0.54065872,0.16299479,False,False
LAB2-0389,clozapine,stale,review required,smollm2-1.7b,mcp_access_only,review required,REVIEW_REQUIRED,0.54065872,0.16299479,False,False
LAB2-0389,clozapine,stale,review required,smollm2-1.7b,confidence_abstention,review required,REVIEW_REQUIRED,0.54065872,0.16299479,False,False
LAB2-0389,clozapine,stale,review required,smollm2-1.7b,mcp_governed,review required,REVIEW_REQUIRED,0.54065872,0.16299479,False,False
LAB2-0390,clozapine,stale,review required,smollm2-1.7b,deterministic_rules,review required,REVIEW_REQUIRED,0.53869855,0.1551044,False,False
LAB2-0390,clozapine,stale,review required,smollm2-1.7b,mcp_access_only,review required,REVIEW_REQUIRED,0.53869855,0.1551044,False,False
LAB2-0390,clozapine,stale,review required,smollm2-1.7b,confidence_abstention,review required,REVIEW_REQUIRED,0.53869855,0.1551044,False,False
LAB2-0390,clozapine,stale,review required,smollm2-1.7b,mcp_governed,review required,REVIEW_REQUIRED,0.53869855,0.1551044,False,False
LAB2-0391,clozapine,stale,review required,smollm2-1.7b,deterministic_rules,review required,REVIEW_REQUIRED,0.54148786,0.16633388,False,False
LAB2-0391,clozapine,stale,review required,smollm2-1.7b,mcp_access_only,review required,REVIEW_REQUIRED,0.54148786,0.16633388,False,False
LAB2-0391,clozapine,stale,review required,smollm2-1.7b,confidence_abstention,review required,REVIEW_REQUIRED,0.54148786,0.16633388,False,False
LAB2-0391,clozapine,stale,review required,smollm2-1.7b,mcp_governed,review required,REVIEW_REQUIRED,0.54148786,0.16633388,False,False
LAB2-0392,clozapine,stale,review required,smollm2-1.7b,deterministic_rules,review required,REVIEW_REQUIRED,0.54237958,0.16992602,False,False
LAB2-0392,clozapine,stale,review required,smollm2-1.7b,mcp_access_only,review required,REVIEW_REQUIRED,0.54237958,0.16992602,False,False
LAB2-0392,clozapine,stale,review required,smollm2-1.7b,confidence_abstention,review required,REVIEW_REQUIRED,0.54237958,0.16992602,False,False
LAB2-0392,clozapine,stale,review required,smollm2-1.7b,mcp_governed,review required,REVIEW_REQUIRED,0.54237958,0.16992602,False,False
LAB2-0393,clozapine,unit_error,review required,smollm2-1.7b,deterministic_rules,review required,REVIEW_REQUIRED,0.53669418,0.14704108,False,False
LAB2-0393,clozapine,unit_error,review required,smollm2-1.7b,mcp_access_only,review required,REVIEW_REQUIRED,0.53669418,0.14704108,False,False
LAB2-0393,clozapine,unit_error,review required,smollm2-1.7b,confidence_abstention,review required,REVIEW_REQUIRED,0.53669418,0.14704108,False,False
LAB2-0393,clozapine,unit_error,review required,smollm2-1.7b,mcp_governed,review required,REVIEW_REQUIRED,0.53669418,0.14704108,False,False
LAB2-0394,clozapine,unit_error,review required,smollm2-1.7b,deterministic_rules,review required,REVIEW_REQUIRED,0.5407977,0.16355442,False,False
LAB2-0394,clozapine,unit_error,review required,smollm2-1.7b,mcp_access_only,review required,REVIEW_REQUIRED,0.5407977,0.16355442,False,False
LAB2-0394,clozapine,unit_error,review required,smollm2-1.7b,confidence_abstention,review required,REVIEW_REQUIRED,0.5407977,0.16355442,False,False
LAB2-0394,clozapine,unit_error,review required,smollm2-1.7b,mcp_governed,review required,REVIEW_REQUIRED,0.5407977,0.16355442,False,False
LAB2-0395,clozapine,unit_error,review required,smollm2-1.7b,deterministic_rules,review required,REVIEW_REQUIRED,0.54293732,0.17217335,False,False
LAB2-0395,clozapine,unit_error,review required,smollm2-1.7b,mcp_access_only,review required,REVIEW_REQUIRED,0.54293732,0.17217335,False,False
LAB2-0395,clozapine,unit_error,review required,smollm2-1.7b,confidence_abstention,review required,REVIEW_REQUIRED,0.54293732,0.17217335,False,False
LAB2-0395,clozapine,unit_error,review required,smollm2-1.7b,mcp_governed,review required,REVIEW_REQUIRED,0.54293732,0.17217335,False,False
LAB2-0396,clozapine,unit_error,review required,smollm2-1.7b,deterministic_rules,review required,REVIEW_REQUIRED,0.54544487,0.18228255,False,False
LAB2-0396,clozapine,unit_error,review required,smollm2-1.7b,mcp_access_only,review required,REVIEW_REQUIRED,0.54544487,0.18228255,False,False
LAB2-0396,clozapine,unit_error,review required,smollm2-1.7b,confidence_abstention,review required,REVIEW_REQUIRED,0.54544487,0.18228255,False,False
LAB2-0396,clozapine,unit_error,review required,smollm2-1.7b,mcp_governed,review required,REVIEW_REQUIRED,0.54544487,0.18228255,False,False
LAB2-0397,clozapine,conflict,review required,smollm2-1.7b,deterministic_rules,review required,REVIEW_REQUIRED,0.55291295,0.21244727,False,False
LAB2-0397,clozapine,conflict,review required,smollm2-1.7b,mcp_access_only,review required,REVIEW_REQUIRED,0.55291295,0.21244727,False,False
LAB2-0397,clozapine,conflict,review required,smollm2-1.7b,confidence_abstention,review required,REVIEW_REQUIRED,0.55291295,0.21244727,False,False
LAB2-0397,clozapine,conflict,review required,smollm2-1.7b,mcp_governed,review required,REVIEW_REQUIRED,0.55291295,0.21244727,False,False
LAB2-0398,clozapine,conflict,review required,smollm2-1.7b,deterministic_rules,review required,REVIEW_REQUIRED,0.55795472,0.23286551,False,False
LAB2-0398,clozapine,conflict,review required,smollm2-1.7b,mcp_access_only,review required,REVIEW_REQUIRED,0.55795472,0.23286551,False,False
LAB2-0398,clozapine,conflict,review required,smollm2-1.7b,confidence_abstention,review required,REVIEW_REQUIRED,0.55795472,0.23286551,False,False
LAB2-0398,clozapine,conflict,review required,smollm2-1.7b,mcp_governed,review required,REVIEW_REQUIRED,0.55795472,0.23286551,False,False
LAB2-0399,clozapine,conflict,review required,smollm2-1.7b,deterministic_rules,review required,REVIEW_REQUIRED,0.55745125,0.23082444,False,False
LAB2-0399,clozapine,conflict,review required,smollm2-1.7b,mcp_access_only,review required,REVIEW_REQUIRED,0.55745125,0.23082444,False,False
LAB2-0399,clozapine,conflict,review required,smollm2-1.7b,confidence_abstention,review required,REVIEW_REQUIRED,0.55745125,0.23082444,False,False
LAB2-0399,clozapine,conflict,review required,smollm2-1.7b,mcp_governed,review required,REVIEW_REQUIRED,0.55745125,0.23082444,False,False
LAB2-0400,clozapine,conflict,review required,smollm2-1.7b,deterministic_rules,review required,REVIEW_REQUIRED,0.55539326,0.22248628,False,False
LAB2-0400,clozapine,conflict,review required,smollm2-1.7b,mcp_access_only,review required,REVIEW_REQUIRED,0.55539326,0.22248628,False,False
LAB2-0400,clozapine,conflict,review required,smollm2-1.7b,confidence_abstention,review required,REVIEW_REQUIRED,0.55539326,0.22248628,False,False
LAB2-0400,clozapine,conflict,review required,smollm2-1.7b,mcp_governed,review required,REVIEW_REQUIRED,0.55539326,0.22248628,False,False
LAB2-0401,clozapine,wrong_encounter,review required,smollm2-1.7b,deterministic_rules,review required,REVIEW_REQUIRED,0.53862129,0.15479351,False,False
LAB2-0401,clozapine,wrong_encounter,review required,smollm2-1.7b,mcp_access_only,review required,REVIEW_REQUIRED,0.53862129,0.15479351,False,False
LAB2-0401,clozapine,wrong_encounter,review required,smollm2-1.7b,confidence_abstention,review required,REVIEW_REQUIRED,0.53862129,0.15479351,False,False
LAB2-0401,clozapine,wrong_encounter,review required,smollm2-1.7b,mcp_governed,review required,REVIEW_REQUIRED,0.53862129,0.15479351,False,False
LAB2-0402,clozapine,wrong_encounter,review required,smollm2-1.7b,deterministic_rules,review required,REVIEW_REQUIRED,0.55348847,0.21477571,False,False
LAB2-0402,clozapine,wrong_encounter,review required,smollm2-1.7b,mcp_access_only,review required,REVIEW_REQUIRED,0.55348847,0.21477571,False,False
LAB2-0402,clozapine,wrong_encounter,review required,smollm2-1.7b,confidence_abstention,review required,REVIEW_REQUIRED,0.55348847,0.21477571,False,False
LAB2-0402,clozapine,wrong_encounter,review required,smollm2-1.7b,mcp_governed,review required,REVIEW_REQUIRED,0.55348847,0.21477571,False,False
LAB2-0403,clozapine,wrong_encounter,review required,smollm2-1.7b,deterministic_rules,review required,REVIEW_REQUIRED,0.54567238,0.18320018,False,False
LAB2-0403,clozapine,wrong_encounter,review required,smollm2-1.7b,mcp_access_only,review required,REVIEW_REQUIRED,0.54567238,0.18320018,False,False
LAB2-0403,clozapine,wrong_encounter,review required,smollm2-1.7b,confidence_abstention,review required,REVIEW_REQUIRED,0.54567238,0.18320018,False,False
LAB2-0403,clozapine,wrong_encounter,review required,smollm2-1.7b,mcp_governed,review required,REVIEW_REQUIRED,0.54567238,0.18320018,False,False
LAB2-0404,clozapine,wrong_encounter,review required,smollm2-1.7b,deterministic_rules,review required,REVIEW_REQUIRED,0.54287336,0.17191562,False,False
LAB2-0404,clozapine,wrong_encounter,review required,smollm2-1.7b,mcp_access_only,review required,REVIEW_REQUIRED,0.54287336,0.17191562,False,False
LAB2-0404,clozapine,wrong_encounter,review required,smollm2-1.7b,confidence_abstention,review required,REVIEW_REQUIRED,0.54287336,0.17191562,False,False
LAB2-0404,clozapine,wrong_encounter,review required,smollm2-1.7b,mcp_governed,review required,REVIEW_REQUIRED,0.54287336,0.17191562,False,False
LAB2-0405,clozapine,service_failure,review required,smollm2-1.7b,deterministic_rules,review required,REVIEW_REQUIRED,0.52981701,0.11940974,False,False
LAB2-0405,clozapine,service_failure,review required,smollm2-1.7b,mcp_access_only,review required,REVIEW_REQUIRED,0.52981701,0.11940974,False,False
LAB2-0405,clozapine,service_failure,review required,smollm2-1.7b,confidence_abstention,review required,REVIEW_REQUIRED,0.52981701,0.11940974,False,False
LAB2-0405,clozapine,service_failure,review required,smollm2-1.7b,mcp_governed,review required,REVIEW_REQUIRED,0.52981701,0.11940974,False,False
LAB2-0406,clozapine,service_failure,review required,smollm2-1.7b,deterministic_rules,review required,REVIEW_REQUIRED,0.54188744,0.1679434,False,False
LAB2-0406,clozapine,service_failure,review required,smollm2-1.7b,mcp_access_only,review required,REVIEW_REQUIRED,0.54188744,0.1679434,False,False
LAB2-0406,clozapine,service_failure,review required,smollm2-1.7b,confidence_abstention,review required,REVIEW_REQUIRED,0.54188744,0.1679434,False,False
LAB2-0406,clozapine,service_failure,review required,smollm2-1.7b,mcp_governed,review required,REVIEW_REQUIRED,0.54188744,0.1679434,False,False
LAB2-0407,clozapine,service_failure,review required,smollm2-1.7b,deterministic_rules,review required,REVIEW_REQUIRED,0.5380198,0.15237332,False,False
LAB2-0407,clozapine,service_failure,review required,smollm2-1.7b,mcp_access_only,review required,REVIEW_REQUIRED,0.5380198,0.15237332,False,False
LAB2-0407,clozapine,service_failure,review required,smollm2-1.7b,confidence_abstention,review required,REVIEW_REQUIRED,0.5380198,0.15237332,False,False
LAB2-0407,clozapine,service_failure,review required,smollm2-1.7b,mcp_governed,review required,REVIEW_REQUIRED,0.5380198,0.15237332,False,False
LAB2-0408,clozapine,service_failure,review required,smollm2-1.7b,deterministic_rules,review required,REVIEW_REQUIRED,0.53288844,0.13174398,False,False
LAB2-0408,clozapine,service_failure,review required,smollm2-1.7b,mcp_access_only,review required,REVIEW_REQUIRED,0.53288844,0.13174398,False,False
LAB2-0408,clozapine,service_failure,review required,smollm2-1.7b,confidence_abstention,review required,REVIEW_REQUIRED,0.53288844,0.13174398,False,False
LAB2-0408,clozapine,service_failure,review required,smollm2-1.7b,mcp_governed,review required,REVIEW_REQUIRED,0.53288844,0.13174398,False,False
LAB2-0421,heparin,clean,review required,smollm2-1.7b,deterministic_rules,review required,REVIEW_REQUIRED,0.55821162,0.23390715,False,False
LAB2-0421,heparin,clean,review required,smollm2-1.7b,mcp_access_only,review required,REVIEW_REQUIRED,0.55821162,0.23390715,False,False
LAB2-0421,heparin,clean,review required,smollm2-1.7b,confidence_abstention,review required,REVIEW_REQUIRED,0.55821162,0.23390715,False,False
LAB2-0421,heparin,clean,review required,smollm2-1.7b,mcp_governed,review required,REVIEW_REQUIRED,0.55821162,0.23390715,False,False
LAB2-0422,heparin,clean,review required,smollm2-1.7b,deterministic_rules,review required,REVIEW_REQUIRED,0.56302132,0.2534331,False,False
LAB2-0422,heparin,clean,review required,smollm2-1.7b,mcp_access_only,review required,REVIEW_REQUIRED,0.56302132,0.2534331,False,False
LAB2-0422,heparin,clean,review required,smollm2-1.7b,confidence_abstention,review required,REVIEW_REQUIRED,0.56302132,0.2534331,False,False
LAB2-0422,heparin,clean,review required,smollm2-1.7b,mcp_governed,review required,REVIEW_REQUIRED,0.56302132,0.2534331,False,False
LAB2-0423,heparin,clean,review required,smollm2-1.7b,deterministic_rules,review required,REVIEW_REQUIRED,0.56167816,0.24797557,False,False
LAB2-0423,heparin,clean,review required,smollm2-1.7b,mcp_access_only,review required,REVIEW_REQUIRED,0.56167816,0.24797557,False,False
LAB2-0423,heparin,clean,review required,smollm2-1.7b,confidence_abstention,review required,REVIEW_REQUIRED,0.56167816,0.24797557,False,False
LAB2-0423,heparin,clean,review required,smollm2-1.7b,mcp_governed,review required,REVIEW_REQUIRED,0.56167816,0.24797557,False,False
LAB2-0424,heparin,clean,review required,smollm2-1.7b,deterministic_rules,review required,REVIEW_REQUIRED,0.56214783,0.24988351,False,False
LAB2-0424,heparin,clean,review required,smollm2-1.7b,mcp_access_only,review required,REVIEW_REQUIRED,0.56214783,0.24988351,False,False
LAB2-0424,heparin,clean,review required,smollm2-1.7b,confidence_abstention,review required,REVIEW_REQUIRED,0.56214783,0.24988351,False,False
LAB2-0424,heparin,clean,review required,smollm2-1.7b,mcp_governed,review required,REVIEW_REQUIRED,0.56214783,0.24988351,False,False
LAB2-0425,heparin,clean,review required,smollm2-1.7b,deterministic_rules,review required,REVIEW_REQUIRED,0.56033895,0.24253779,False,False
LAB2-0425,heparin,clean,review required,smollm2-1.7b,mcp_access_only,review required,REVIEW_REQUIRED,0.56033895,0.24253779,False,False
LAB2-0425,heparin,clean,review required,smollm2-1.7b,confidence_abstention,review required,REVIEW_REQUIRED,0.56033895,0.24253779,False,False
LAB2-0425,heparin,clean,review required,smollm2-1.7b,mcp_governed,review required,REVIEW_REQUIRED,0.56033895,0.24253779,False,False
LAB2-0426,heparin,clean,review required,smollm2-1.7b,deterministic_rules,review required,REVIEW_REQUIRED,0.55991783,0.24082859,False,False
LAB2-0426,heparin,clean,review required,smollm2-1.7b,mcp_access_only,review required,REVIEW_REQUIRED,0.55991783,0.24082859,False,False
LAB2-0426,heparin,clean,review required,smollm2-1.7b,confidence_abstention,review required,REVIEW_REQUIRED,0.55991783,0.24082859,False,False
LAB2-0426,heparin,clean,review required,smollm2-1.7b,mcp_governed,review required,REVIEW_REQUIRED,0.55991783,0.24082859,False,False
LAB2-0427,heparin,clean,review required,smollm2-1.7b,deterministic_rules,review required,REVIEW_REQUIRED,0.5602594,0.24221489,False,False
LAB2-0427,heparin,clean,review required,smollm2-1.7b,mcp_access_only,review required,REVIEW_REQUIRED,0.5602594,0.24221489,False,False
LAB2-0427,heparin,clean,review required,smollm2-1.7b,confidence_abstention,review required,REVIEW_REQUIRED,0.5602594,0.24221489,False,False
LAB2-0427,heparin,clean,review required,smollm2-1.7b,mcp_governed,review required,REVIEW_REQUIRED,0.5602594,0.24221489,False,False
LAB2-0428,heparin,clean,review required,smollm2-1.7b,deterministic_rules,review required,REVIEW_REQUIRED,0.55618143,0.22567871,False,False
LAB2-0428,heparin,clean,review required,smollm2-1.7b,mcp_access_only,review required,REVIEW_REQUIRED,0.55618143,0.22567871,False,False
LAB2-0428,heparin,clean,review required,smollm2-1.7b,confidence_abstention,review required,REVIEW_REQUIRED,0.55618143,0.22567871,False,False
LAB2-0428,heparin,clean,review required,smollm2-1.7b,mcp_governed,review required,REVIEW_REQUIRED,0.55618143,0.22567871,False,False
LAB2-0429,heparin,clean,review required,smollm2-1.7b,deterministic_rules,review required,REVIEW_REQUIRED,0.55918808,0.23786756,False,False
LAB2-0429,heparin,clean,review required,smollm2-1.7b,mcp_access_only,review required,REVIEW_REQUIRED,0.55918808,0.23786756,False,False
LAB2-0429,heparin,clean,review required,smollm2-1.7b,confidence_abstention,review required,REVIEW_REQUIRED,0.55918808,0.23786756,False,False
LAB2-0429,heparin,clean,review required,smollm2-1.7b,mcp_governed,review required,REVIEW_REQUIRED,0.55918808,0.23786756,False,False
LAB2-0430,heparin,clean,review required,smollm2-1.7b,deterministic_rules,review required,REVIEW_REQUIRED,0.56291849,0.25301514,False,False
LAB2-0430,heparin,clean,review required,smollm2-1.7b,mcp_access_only,review required,REVIEW_REQUIRED,0.56291849,0.25301514,False,False
LAB2-0430,heparin,clean,review required,smollm2-1.7b,confidence_abstention,review required,REVIEW_REQUIRED,0.56291849,0.25301514,False,False
LAB2-0430,heparin,clean,review required,smollm2-1.7b,mcp_governed,review required,REVIEW_REQUIRED,0.56291849,0.25301514,False,False
LAB2-0431,heparin,clean,review required,smollm2-1.7b,deterministic_rules,review required,REVIEW_REQUIRED,0.56356198,0.25563093,False,False
LAB2-0431,heparin,clean,review required,smollm2-1.7b,mcp_access_only,review required,REVIEW_REQUIRED,0.56356198,0.25563093,False,False
LAB2-0431,heparin,clean,review required,smollm2-1.7b,confidence_abstention,review required,REVIEW_REQUIRED,0.56356198,0.25563093,False,False
LAB2-0431,heparin,clean,review required,smollm2-1.7b,mcp_governed,review required,REVIEW_REQUIRED,0.56356198,0.25563093,False,False
LAB2-0432,heparin,clean,review required,smollm2-1.7b,deterministic_rules,review required,REVIEW_REQUIRED,0.56011409,0.24162508,False,False
LAB2-0432,heparin,clean,review required,smollm2-1.7b,mcp_access_only,review required,REVIEW_REQUIRED,0.56011409,0.24162508,False,False
LAB2-0432,heparin,clean,review required,smollm2-1.7b,confidence_abstention,review required,REVIEW_REQUIRED,0.56011409,0.24162508,False,False
LAB2-0432,heparin,clean,review required,smollm2-1.7b,mcp_governed,review required,REVIEW_REQUIRED,0.56011409,0.24162508,False,False
LAB2-0433,heparin,clean,approved,smollm2-1.7b,deterministic_rules,review required,REVIEW_REQUIRED,0.56557419,0.26381631,False,False
LAB2-0433,heparin,clean,approved,smollm2-1.7b,mcp_access_only,review required,REVIEW_REQUIRED,0.56557419,0.26381631,False,False
LAB2-0433,heparin,clean,approved,smollm2-1.7b,confidence_abstention,review required,REVIEW_REQUIRED,0.56557419,0.26381631,False,False
LAB2-0433,heparin,clean,approved,smollm2-1.7b,mcp_governed,review required,REVIEW_REQUIRED,0.56557419,0.26381631,False,False
LAB2-0434,heparin,clean,approved,smollm2-1.7b,deterministic_rules,review required,REVIEW_REQUIRED,0.56394393,0.257184,False,False
LAB2-0434,heparin,clean,approved,smollm2-1.7b,mcp_access_only,review required,REVIEW_REQUIRED,0.56394393,0.257184,False,False
LAB2-0434,heparin,clean,approved,smollm2-1.7b,confidence_abstention,review required,REVIEW_REQUIRED,0.56394393,0.257184,False,False
LAB2-0434,heparin,clean,approved,smollm2-1.7b,mcp_governed,review required,REVIEW_REQUIRED,0.56394393,0.257184,False,False
LAB2-0435,heparin,clean,approved,smollm2-1.7b,deterministic_rules,review required,REVIEW_REQUIRED,0.5613316,0.24656806,False,False
LAB2-0435,heparin,clean,approved,smollm2-1.7b,mcp_access_only,review required,REVIEW_REQUIRED,0.5613316,0.24656806,False,False
LAB2-0435,heparin,clean,approved,smollm2-1.7b,confidence_abstention,review required,REVIEW_REQUIRED,0.5613316,0.24656806,False,False
LAB2-0435,heparin,clean,approved,smollm2-1.7b,mcp_governed,review required,REVIEW_REQUIRED,0.5613316,0.24656806,False,False
LAB2-0436,heparin,clean,approved,smollm2-1.7b,deterministic_rules,review required,REVIEW_REQUIRED,0.56803362,0.27383285,False,False
LAB2-0436,heparin,clean,approved,smollm2-1.7b,mcp_access_only,review required,REVIEW_REQUIRED,0.56803362,0.27383285,False,False
LAB2-0436,heparin,clean,approved,smollm2-1.7b,confidence_abstention,review required,REVIEW_REQUIRED,0.56803362,0.27383285,False,False
LAB2-0436,heparin,clean,approved,smollm2-1.7b,mcp_governed,review required,REVIEW_REQUIRED,0.56803362,0.27383285,False,False
LAB2-0437,heparin,clean,approved,smollm2-1.7b,deterministic_rules,review required,REVIEW_REQUIRED,0.56207455,0.24958579,False,False
LAB2-0437,heparin,clean,approved,smollm2-1.7b,mcp_access_only,review required,REVIEW_REQUIRED,0.56207455,0.24958579,False,False
LAB2-0437,heparin,clean,approved,smollm2-1.7b,confidence_abstention,review required,REVIEW_REQUIRED,0.56207455,0.24958579,False,False
LAB2-0437,heparin,clean,approved,smollm2-1.7b,mcp_governed,review required,REVIEW_REQUIRED,0.56207455,0.24958579,False,False
LAB2-0438,heparin,clean,approved,smollm2-1.7b,deterministic_rules,review required,REVIEW_REQUIRED,0.56289517,0.25292036,False,False
LAB2-0438,heparin,clean,approved,smollm2-1.7b,mcp_access_only,review required,REVIEW_REQUIRED,0.56289517,0.25292036,False,False
LAB2-0438,heparin,clean,approved,smollm2-1.7b,confidence_abstention,review required,REVIEW_REQUIRED,0.56289517,0.25292036,False,False
LAB2-0438,heparin,clean,approved,smollm2-1.7b,mcp_governed,review required,REVIEW_REQUIRED,0.56289517,0.25292036,False,False
LAB2-0439,heparin,clean,approved,smollm2-1.7b,deterministic_rules,review required,REVIEW_REQUIRED,0.5613556,0.24666552,False,False
LAB2-0439,heparin,clean,approved,smollm2-1.7b,mcp_access_only,review required,REVIEW_REQUIRED,0.5613556,0.24666552,False,False
LAB2-0439,heparin,clean,approved,smollm2-1.7b,confidence_abstention,review required,REVIEW_REQUIRED,0.5613556,0.24666552,False,False
LAB2-0439,heparin,clean,approved,smollm2-1.7b,mcp_governed,review required,REVIEW_REQUIRED,0.5613556,0.24666552,False,False
LAB2-0440,heparin,clean,approved,smollm2-1.7b,deterministic_rules,review required,REVIEW_REQUIRED,0.56428174,0.25855783,False,False
LAB2-0440,heparin,clean,approved,smollm2-1.7b,mcp_access_only,review required,REVIEW_REQUIRED,0.56428174,0.25855783,False,False
LAB2-0440,heparin,clean,approved,smollm2-1.7b,confidence_abstention,review required,REVIEW_REQUIRED,0.56428174,0.25855783,False,False
LAB2-0440,heparin,clean,approved,smollm2-1.7b,mcp_governed,review required,REVIEW_REQUIRED,0.56428174,0.25855783,False,False
LAB2-0441,heparin,clean,approved,smollm2-1.7b,deterministic_rules,review required,REVIEW_REQUIRED,0.56059437,0.24357461,False,False
LAB2-0441,heparin,clean,approved,smollm2-1.7b,mcp_access_only,review required,REVIEW_REQUIRED,0.56059437,0.24357461,False,False
LAB2-0441,heparin,clean,approved,smollm2-1.7b,confidence_abstention,review required,REVIEW_REQUIRED,0.56059437,0.24357461,False,False
LAB2-0441,heparin,clean,approved,smollm2-1.7b,mcp_governed,review required,REVIEW_REQUIRED,0.56059437,0.24357461,False,False
LAB2-0442,heparin,clean,approved,smollm2-1.7b,deterministic_rules,review required,REVIEW_REQUIRED,0.56144964,0.24704744,False,False
LAB2-0442,heparin,clean,approved,smollm2-1.7b,mcp_access_only,review required,REVIEW_REQUIRED,0.56144964,0.24704744,False,False
LAB2-0442,heparin,clean,approved,smollm2-1.7b,confidence_abstention,review required,REVIEW_REQUIRED,0.56144964,0.24704744,False,False
LAB2-0442,heparin,clean,approved,smollm2-1.7b,mcp_governed,review required,REVIEW_REQUIRED,0.56144964,0.24704744,False,False
LAB2-0443,heparin,clean,approved,smollm2-1.7b,deterministic_rules,review required,REVIEW_REQUIRED,0.56049835,0.24318483,False,False
LAB2-0443,heparin,clean,approved,smollm2-1.7b,mcp_access_only,review required,REVIEW_REQUIRED,0.56049835,0.24318483,False,False
LAB2-0443,heparin,clean,approved,smollm2-1.7b,confidence_abstention,review required,REVIEW_REQUIRED,0.56049835,0.24318483,False,False
LAB2-0443,heparin,clean,approved,smollm2-1.7b,mcp_governed,review required,REVIEW_REQUIRED,0.56049835,0.24318483,False,False
LAB2-0444,heparin,clean,approved,smollm2-1.7b,deterministic_rules,review required,REVIEW_REQUIRED,0.56475933,0.26050055,False,False
LAB2-0444,heparin,clean,approved,smollm2-1.7b,mcp_access_only,review required,REVIEW_REQUIRED,0.56475933,0.26050055,False,False
LAB2-0444,heparin,clean,approved,smollm2-1.7b,confidence_abstention,review required,REVIEW_REQUIRED,0.56475933,0.26050055,False,False
LAB2-0444,heparin,clean,approved,smollm2-1.7b,mcp_governed,review required,REVIEW_REQUIRED,0.56475933,0.26050055,False,False
LAB2-0445,heparin,missing,review required,smollm2-1.7b,deterministic_rules,review required,REVIEW_REQUIRED,0.54608679,0.1848719,False,False
LAB2-0445,heparin,missing,review required,smollm2-1.7b,mcp_access_only,review required,REVIEW_REQUIRED,0.54608679,0.1848719,False,False
LAB2-0445,heparin,missing,review required,smollm2-1.7b,confidence_abstention,review required,REVIEW_REQUIRED,0.54608679,0.1848719,False,False
LAB2-0445,heparin,missing,review required,smollm2-1.7b,mcp_governed,review required,REVIEW_REQUIRED,0.54608679,0.1848719,False,False
LAB2-0446,heparin,missing,review required,smollm2-1.7b,deterministic_rules,review required,REVIEW_REQUIRED,0.54785136,0.19199303,False,False
LAB2-0446,heparin,missing,review required,smollm2-1.7b,mcp_access_only,review required,REVIEW_REQUIRED,0.54785136,0.19199303,False,False
LAB2-0446,heparin,missing,review required,smollm2-1.7b,confidence_abstention,review required,REVIEW_REQUIRED,0.54785136,0.19199303,False,False
LAB2-0446,heparin,missing,review required,smollm2-1.7b,mcp_governed,review required,REVIEW_REQUIRED,0.54785136,0.19199303,False,False
LAB2-0447,heparin,missing,review required,smollm2-1.7b,deterministic_rules,review required,REVIEW_REQUIRED,0.54264804,0.17100767,False,False
LAB2-0447,heparin,missing,review required,smollm2-1.7b,mcp_access_only,review required,REVIEW_REQUIRED,0.54264804,0.17100767,False,False
LAB2-0447,heparin,missing,review required,smollm2-1.7b,confidence_abstention,review required,REVIEW_REQUIRED,0.54264804,0.17100767,False,False
LAB2-0447,heparin,missing,review required,smollm2-1.7b,mcp_governed,review required,REVIEW_REQUIRED,0.54264804,0.17100767,False,False
LAB2-0448,heparin,missing,review required,smollm2-1.7b,deterministic_rules,review required,REVIEW_REQUIRED,0.5478215,0.19187248,False,False
LAB2-0448,heparin,missing,review required,smollm2-1.7b,mcp_access_only,review required,REVIEW_REQUIRED,0.5478215,0.19187248,False,False
LAB2-0448,heparin,missing,review required,smollm2-1.7b,confidence_abstention,review required,REVIEW_REQUIRED,0.5478215,0.19187248,False,False
LAB2-0448,heparin,missing,review required,smollm2-1.7b,mcp_governed,review required,REVIEW_REQUIRED,0.5478215,0.19187248,False,False
LAB2-0449,heparin,stale,review required,smollm2-1.7b,deterministic_rules,review required,REVIEW_REQUIRED,0.57348256,0.29607429,False,False
LAB2-0449,heparin,stale,review required,smollm2-1.7b,mcp_access_only,review required,REVIEW_REQUIRED,0.57348256,0.29607429,False,False
LAB2-0449,heparin,stale,review required,smollm2-1.7b,confidence_abstention,review required,REVIEW_REQUIRED,0.57348256,0.29607429,False,False
LAB2-0449,heparin,stale,review required,smollm2-1.7b,mcp_governed,review required,REVIEW_REQUIRED,0.57348256,0.29607429,False,False
LAB2-0450,heparin,stale,review required,smollm2-1.7b,deterministic_rules,review required,REVIEW_REQUIRED,0.57689417,0.31003651,False,False
LAB2-0450,heparin,stale,review required,smollm2-1.7b,mcp_access_only,review required,REVIEW_REQUIRED,0.57689417,0.31003651,False,False
LAB2-0450,heparin,stale,review required,smollm2-1.7b,confidence_abstention,review required,REVIEW_REQUIRED,0.57689417,0.31003651,False,False
LAB2-0450,heparin,stale,review required,smollm2-1.7b,mcp_governed,review required,REVIEW_REQUIRED,0.57689417,0.31003651,False,False
LAB2-0451,heparin,stale,review required,smollm2-1.7b,deterministic_rules,review required,REVIEW_REQUIRED,0.566083,0.26588743,False,False
LAB2-0451,heparin,stale,review required,smollm2-1.7b,mcp_access_only,review required,REVIEW_REQUIRED,0.566083,0.26588743,False,False
LAB2-0451,heparin,stale,review required,smollm2-1.7b,confidence_abstention,review required,REVIEW_REQUIRED,0.566083,0.26588743,False,False
LAB2-0451,heparin,stale,review required,smollm2-1.7b,mcp_governed,review required,REVIEW_REQUIRED,0.566083,0.26588743,False,False
LAB2-0452,heparin,stale,review required,smollm2-1.7b,deterministic_rules,review required,REVIEW_REQUIRED,0.56530158,0.26270687,False,False
LAB2-0452,heparin,stale,review required,smollm2-1.7b,mcp_access_only,review required,REVIEW_REQUIRED,0.56530158,0.26270687,False,False
LAB2-0452,heparin,stale,review required,smollm2-1.7b,confidence_abstention,review required,REVIEW_REQUIRED,0.56530158,0.26270687,False,False
LAB2-0452,heparin,stale,review required,smollm2-1.7b,mcp_governed,review required,REVIEW_REQUIRED,0.56530158,0.26270687,False,False
LAB2-0453,heparin,unit_error,review required,smollm2-1.7b,deterministic_rules,review required,REVIEW_REQUIRED,0.56086691,0.2446811,False,False
LAB2-0453,heparin,unit_error,review required,smollm2-1.7b,mcp_access_only,review required,REVIEW_REQUIRED,0.56086691,0.2446811,False,False
LAB2-0453,heparin,unit_error,review required,smollm2-1.7b,confidence_abstention,review required,REVIEW_REQUIRED,0.56086691,0.2446811,False,False
LAB2-0453,heparin,unit_error,review required,smollm2-1.7b,mcp_governed,review required,REVIEW_REQUIRED,0.56086691,0.2446811,False,False
LAB2-0454,heparin,unit_error,review required,smollm2-1.7b,deterministic_rules,review required,REVIEW_REQUIRED,0.56849517,0.27571413,False,False
LAB2-0454,heparin,unit_error,review required,smollm2-1.7b,mcp_access_only,review required,REVIEW_REQUIRED,0.56849517,0.27571413,False,False
LAB2-0454,heparin,unit_error,review required,smollm2-1.7b,confidence_abstention,review required,REVIEW_REQUIRED,0.56849517,0.27571413,False,False
LAB2-0454,heparin,unit_error,review required,smollm2-1.7b,mcp_governed,review required,REVIEW_REQUIRED,0.56849517,0.27571413,False,False
LAB2-0455,heparin,unit_error,review required,smollm2-1.7b,deterministic_rules,review required,REVIEW_REQUIRED,0.56497783,0.26138949,False,False
LAB2-0455,heparin,unit_error,review required,smollm2-1.7b,mcp_access_only,review required,REVIEW_REQUIRED,0.56497783,0.26138949,False,False
LAB2-0455,heparin,unit_error,review required,smollm2-1.7b,confidence_abstention,review required,REVIEW_REQUIRED,0.56497783,0.26138949,False,False
LAB2-0455,heparin,unit_error,review required,smollm2-1.7b,mcp_governed,review required,REVIEW_REQUIRED,0.56497783,0.26138949,False,False
LAB2-0456,heparin,unit_error,review required,smollm2-1.7b,deterministic_rules,review required,REVIEW_REQUIRED,0.57271753,0.29294733,False,False
LAB2-0456,heparin,unit_error,review required,smollm2-1.7b,mcp_access_only,review required,REVIEW_REQUIRED,0.57271753,0.29294733,False,False
LAB2-0456,heparin,unit_error,review required,smollm2-1.7b,confidence_abstention,review required,REVIEW_REQUIRED,0.57271753,0.29294733,False,False
LAB2-0456,heparin,unit_error,review required,smollm2-1.7b,mcp_governed,review required,REVIEW_REQUIRED,0.57271753,0.29294733,False,False
LAB2-0457,heparin,conflict,review required,smollm2-1.7b,deterministic_rules,review required,REVIEW_REQUIRED,0.55773613,0.23197926,False,False
LAB2-0457,heparin,conflict,review required,smollm2-1.7b,mcp_access_only,review required,REVIEW_REQUIRED,0.55773613,0.23197926,False,False
LAB2-0457,heparin,conflict,review required,smollm2-1.7b,confidence_abstention,review required,REVIEW_REQUIRED,0.55773613,0.23197926,False,False
LAB2-0457,heparin,conflict,review required,smollm2-1.7b,mcp_governed,review required,REVIEW_REQUIRED,0.55773613,0.23197926,False,False
LAB2-0458,heparin,conflict,review required,smollm2-1.7b,deterministic_rules,review required,REVIEW_REQUIRED,0.56089308,0.24478736,False,False
LAB2-0458,heparin,conflict,review required,smollm2-1.7b,mcp_access_only,review required,REVIEW_REQUIRED,0.56089308,0.24478736,False,False
LAB2-0458,heparin,conflict,review required,smollm2-1.7b,confidence_abstention,review required,REVIEW_REQUIRED,0.56089308,0.24478736,False,False
LAB2-0458,heparin,conflict,review required,smollm2-1.7b,mcp_governed,review required,REVIEW_REQUIRED,0.56089308,0.24478736,False,False
LAB2-0459,heparin,conflict,review required,smollm2-1.7b,deterministic_rules,review required,REVIEW_REQUIRED,0.56662486,0.26809375,False,False
LAB2-0459,heparin,conflict,review required,smollm2-1.7b,mcp_access_only,review required,REVIEW_REQUIRED,0.56662486,0.26809375,False,False
LAB2-0459,heparin,conflict,review required,smollm2-1.7b,confidence_abstention,review required,REVIEW_REQUIRED,0.56662486,0.26809375,False,False
LAB2-0459,heparin,conflict,review required,smollm2-1.7b,mcp_governed,review required,REVIEW_REQUIRED,0.56662486,0.26809375,False,False
LAB2-0460,heparin,conflict,review required,smollm2-1.7b,deterministic_rules,review required,REVIEW_REQUIRED,0.56620827,0.26639746,False,False
LAB2-0460,heparin,conflict,review required,smollm2-1.7b,mcp_access_only,review required,REVIEW_REQUIRED,0.56620827,0.26639746,False,False
LAB2-0460,heparin,conflict,review required,smollm2-1.7b,confidence_abstention,review required,REVIEW_REQUIRED,0.56620827,0.26639746,False,False
LAB2-0460,heparin,conflict,review required,smollm2-1.7b,mcp_governed,review required,REVIEW_REQUIRED,0.56620827,0.26639746,False,False
LAB2-0461,heparin,wrong_encounter,review required,smollm2-1.7b,deterministic_rules,review required,REVIEW_REQUIRED,0.56087443,0.24471165,False,False
LAB2-0461,heparin,wrong_encounter,review required,smollm2-1.7b,mcp_access_only,review required,REVIEW_REQUIRED,0.56087443,0.24471165,False,False
LAB2-0461,heparin,wrong_encounter,review required,smollm2-1.7b,confidence_abstention,review required,REVIEW_REQUIRED,0.56087443,0.24471165,False,False
LAB2-0461,heparin,wrong_encounter,review required,smollm2-1.7b,mcp_governed,review required,REVIEW_REQUIRED,0.56087443,0.24471165,False,False
LAB2-0462,heparin,wrong_encounter,review required,smollm2-1.7b,deterministic_rules,review required,REVIEW_REQUIRED,0.5636236,0.25588146,False,False
LAB2-0462,heparin,wrong_encounter,review required,smollm2-1.7b,mcp_access_only,review required,REVIEW_REQUIRED,0.5636236,0.25588146,False,False
LAB2-0462,heparin,wrong_encounter,review required,smollm2-1.7b,confidence_abstention,review required,REVIEW_REQUIRED,0.5636236,0.25588146,False,False
LAB2-0462,heparin,wrong_encounter,review required,smollm2-1.7b,mcp_governed,review required,REVIEW_REQUIRED,0.5636236,0.25588146,False,False
LAB2-0463,heparin,wrong_encounter,review required,smollm2-1.7b,deterministic_rules,review required,REVIEW_REQUIRED,0.56823983,0.27467329,False,False
LAB2-0463,heparin,wrong_encounter,review required,smollm2-1.7b,mcp_access_only,review required,REVIEW_REQUIRED,0.56823983,0.27467329,False,False
LAB2-0463,heparin,wrong_encounter,review required,smollm2-1.7b,confidence_abstention,review required,REVIEW_REQUIRED,0.56823983,0.27467329,False,False
LAB2-0463,heparin,wrong_encounter,review required,smollm2-1.7b,mcp_governed,review required,REVIEW_REQUIRED,0.56823983,0.27467329,False,False
LAB2-0464,heparin,wrong_encounter,review required,smollm2-1.7b,deterministic_rules,review required,REVIEW_REQUIRED,0.56828909,0.27487409,False,False
LAB2-0464,heparin,wrong_encounter,review required,smollm2-1.7b,mcp_access_only,review required,REVIEW_REQUIRED,0.56828909,0.27487409,False,False
LAB2-0464,heparin,wrong_encounter,review required,smollm2-1.7b,confidence_abstention,review required,REVIEW_REQUIRED,0.56828909,0.27487409,False,False
LAB2-0464,heparin,wrong_encounter,review required,smollm2-1.7b,mcp_governed,review required,REVIEW_REQUIRED,0.56828909,0.27487409,False,False
LAB2-0465,heparin,service_failure,review required,smollm2-1.7b,deterministic_rules,review required,REVIEW_REQUIRED,0.54814221,0.19316724,False,False
LAB2-0465,heparin,service_failure,review required,smollm2-1.7b,mcp_access_only,review required,REVIEW_REQUIRED,0.54814221,0.19316724,False,False
LAB2-0465,heparin,service_failure,review required,smollm2-1.7b,confidence_abstention,review required,REVIEW_REQUIRED,0.54814221,0.19316724,False,False
LAB2-0465,heparin,service_failure,review required,smollm2-1.7b,mcp_governed,review required,REVIEW_REQUIRED,0.54814221,0.19316724,False,False
LAB2-0466,heparin,service_failure,review required,smollm2-1.7b,deterministic_rules,review required,REVIEW_REQUIRED,0.55094696,0.20449755,False,False
LAB2-0466,heparin,service_failure,review required,smollm2-1.7b,mcp_access_only,review required,REVIEW_REQUIRED,0.55094696,0.20449755,False,False
LAB2-0466,heparin,service_failure,review required,smollm2-1.7b,confidence_abstention,review required,REVIEW_REQUIRED,0.55094696,0.20449755,False,False
LAB2-0466,heparin,service_failure,review required,smollm2-1.7b,mcp_governed,review required,REVIEW_REQUIRED,0.55094696,0.20449755,False,False
LAB2-0467,heparin,service_failure,review required,smollm2-1.7b,deterministic_rules,review required,REVIEW_REQUIRED,0.56306892,0.25362657,False,False
LAB2-0467,heparin,service_failure,review required,smollm2-1.7b,mcp_access_only,review required,REVIEW_REQUIRED,0.56306892,0.25362657,False,False
LAB2-0467,heparin,service_failure,review required,smollm2-1.7b,confidence_abstention,review required,REVIEW_REQUIRED,0.56306892,0.25362657,False,False
LAB2-0467,heparin,service_failure,review required,smollm2-1.7b,mcp_governed,review required,REVIEW_REQUIRED,0.56306892,0.25362657,False,False
LAB2-0468,heparin,service_failure,review required,smollm2-1.7b,deterministic_rules,review required,REVIEW_REQUIRED,0.55844144,0.23483912,False,False
LAB2-0468,heparin,service_failure,review required,smollm2-1.7b,mcp_access_only,review required,REVIEW_REQUIRED,0.55844144,0.23483912,False,False
LAB2-0468,heparin,service_failure,review required,smollm2-1.7b,confidence_abstention,review required,REVIEW_REQUIRED,0.55844144,0.23483912,False,False
LAB2-0468,heparin,service_failure,review required,smollm2-1.7b,mcp_governed,review required,REVIEW_REQUIRED,0.55844144,0.23483912,False,False
LAB2-0481,lithium carbonate,clean,review required,smollm2-1.7b,deterministic_rules,review required,REVIEW_REQUIRED,0.55560018,0.22332429,False,False
LAB2-0481,lithium carbonate,clean,review required,smollm2-1.7b,mcp_access_only,review required,REVIEW_REQUIRED,0.55560018,0.22332429,False,False
LAB2-0481,lithium carbonate,clean,review required,smollm2-1.7b,confidence_abstention,review required,REVIEW_REQUIRED,0.55560018,0.22332429,False,False
LAB2-0481,lithium carbonate,clean,review required,smollm2-1.7b,mcp_governed,review required,REVIEW_REQUIRED,0.55560018,0.22332429,False,False
LAB2-0482,lithium carbonate,clean,review required,smollm2-1.7b,deterministic_rules,review required,REVIEW_REQUIRED,0.55268292,0.21151675,False,False
LAB2-0482,lithium carbonate,clean,review required,smollm2-1.7b,mcp_access_only,review required,REVIEW_REQUIRED,0.55268292,0.21151675,False,False
LAB2-0482,lithium carbonate,clean,review required,smollm2-1.7b,confidence_abstention,review required,REVIEW_REQUIRED,0.55268292,0.21151675,False,False
LAB2-0482,lithium carbonate,clean,review required,smollm2-1.7b,mcp_governed,review required,REVIEW_REQUIRED,0.55268292,0.21151675,False,False
LAB2-0483,lithium carbonate,clean,review required,smollm2-1.7b,deterministic_rules,review required,REVIEW_REQUIRED,0.55270879,0.21162139,False,False
LAB2-0483,lithium carbonate,clean,review required,smollm2-1.7b,mcp_access_only,review required,REVIEW_REQUIRED,0.55270879,0.21162139,False,False
LAB2-0483,lithium carbonate,clean,review required,smollm2-1.7b,confidence_abstention,review required,REVIEW_REQUIRED,0.55270879,0.21162139,False,False
LAB2-0483,lithium carbonate,clean,review required,smollm2-1.7b,mcp_governed,review required,REVIEW_REQUIRED,0.55270879,0.21162139,False,False
LAB2-0484,lithium carbonate,clean,review required,smollm2-1.7b,deterministic_rules,review required,REVIEW_REQUIRED,0.5535983,0.21522012,False,False
LAB2-0484,lithium carbonate,clean,review required,smollm2-1.7b,mcp_access_only,review required,REVIEW_REQUIRED,0.5535983,0.21522012,False,False
LAB2-0484,lithium carbonate,clean,review required,smollm2-1.7b,confidence_abstention,review required,REVIEW_REQUIRED,0.5535983,0.21522012,False,False
LAB2-0484,lithium carbonate,clean,review required,smollm2-1.7b,mcp_governed,review required,REVIEW_REQUIRED,0.5535983,0.21522012,False,False
LAB2-0485,lithium carbonate,clean,review required,smollm2-1.7b,deterministic_rules,review required,REVIEW_REQUIRED,0.54854669,0.19480045,False,False
LAB2-0485,lithium carbonate,clean,review required,smollm2-1.7b,mcp_access_only,review required,REVIEW_REQUIRED,0.54854669,0.19480045,False,False
LAB2-0485,lithium carbonate,clean,review required,smollm2-1.7b,confidence_abstention,review required,REVIEW_REQUIRED,0.54854669,0.19480045,False,False
LAB2-0485,lithium carbonate,clean,review required,smollm2-1.7b,mcp_governed,review required,REVIEW_REQUIRED,0.54854669,0.19480045,False,False
LAB2-0486,lithium carbonate,clean,review required,smollm2-1.7b,deterministic_rules,review required,REVIEW_REQUIRED,0.55466076,0.21952037,False,False
LAB2-0486,lithium carbonate,clean,review required,smollm2-1.7b,mcp_access_only,review required,REVIEW_REQUIRED,0.55466076,0.21952037,False,False
LAB2-0486,lithium carbonate,clean,review required,smollm2-1.7b,confidence_abstention,review required,REVIEW_REQUIRED,0.55466076,0.21952037,False,False
LAB2-0486,lithium carbonate,clean,review required,smollm2-1.7b,mcp_governed,review required,REVIEW_REQUIRED,0.55466076,0.21952037,False,False
LAB2-0487,lithium carbonate,clean,review required,smollm2-1.7b,deterministic_rules,review required,REVIEW_REQUIRED,0.55072569,0.20360322,False,False
LAB2-0487,lithium carbonate,clean,review required,smollm2-1.7b,mcp_access_only,review required,REVIEW_REQUIRED,0.55072569,0.20360322,False,False
LAB2-0487,lithium carbonate,clean,review required,smollm2-1.7b,confidence_abstention,review required,REVIEW_REQUIRED,0.55072569,0.20360322,False,False
LAB2-0487,lithium carbonate,clean,review required,smollm2-1.7b,mcp_governed,review required,REVIEW_REQUIRED,0.55072569,0.20360322,False,False
LAB2-0488,lithium carbonate,clean,review required,smollm2-1.7b,deterministic_rules,review required,REVIEW_REQUIRED,0.54549639,0.18249035,False,False
LAB2-0488,lithium carbonate,clean,review required,smollm2-1.7b,mcp_access_only,review required,REVIEW_REQUIRED,0.54549639,0.18249035,False,False
LAB2-0488,lithium carbonate,clean,review required,smollm2-1.7b,confidence_abstention,review required,REVIEW_REQUIRED,0.54549639,0.18249035,False,False
LAB2-0488,lithium carbonate,clean,review required,smollm2-1.7b,mcp_governed,review required,REVIEW_REQUIRED,0.54549639,0.18249035,False,False
LAB2-0489,lithium carbonate,clean,review required,smollm2-1.7b,deterministic_rules,review required,REVIEW_REQUIRED,0.55704592,0.22918157,False,False
LAB2-0489,lithium carbonate,clean,review required,smollm2-1.7b,mcp_access_only,review required,REVIEW_REQUIRED,0.55704592,0.22918157,False,False
LAB2-0489,lithium carbonate,clean,review required,smollm2-1.7b,confidence_abstention,review required,REVIEW_REQUIRED,0.55704592,0.22918157,False,False
LAB2-0489,lithium carbonate,clean,review required,smollm2-1.7b,mcp_governed,review required,REVIEW_REQUIRED,0.55704592,0.22918157,False,False
LAB2-0490,lithium carbonate,clean,review required,smollm2-1.7b,deterministic_rules,review required,REVIEW_REQUIRED,0.55973323,0.24007946,False,False
LAB2-0490,lithium carbonate,clean,review required,smollm2-1.7b,mcp_access_only,review required,REVIEW_REQUIRED,0.55973323,0.24007946,False,False
LAB2-0490,lithium carbonate,clean,review required,smollm2-1.7b,confidence_abstention,review required,REVIEW_REQUIRED,0.55973323,0.24007946,False,False
LAB2-0490,lithium carbonate,clean,review required,smollm2-1.7b,mcp_governed,review required,REVIEW_REQUIRED,0.55973323,0.24007946,False,False
LAB2-0491,lithium carbonate,clean,review required,smollm2-1.7b,deterministic_rules,review required,REVIEW_REQUIRED,0.55198344,0.20868786,False,False
LAB2-0491,lithium carbonate,clean,review required,smollm2-1.7b,mcp_access_only,review required,REVIEW_REQUIRED,0.55198344,0.20868786,False,False
LAB2-0491,lithium carbonate,clean,review required,smollm2-1.7b,confidence_abstention,review required,REVIEW_REQUIRED,0.55198344,0.20868786,False,False
LAB2-0491,lithium carbonate,clean,review required,smollm2-1.7b,mcp_governed,review required,REVIEW_REQUIRED,0.55198344,0.20868786,False,False
LAB2-0492,lithium carbonate,clean,review required,smollm2-1.7b,deterministic_rules,review required,REVIEW_REQUIRED,0.5584071,0.23469985,False,False
LAB2-0492,lithium carbonate,clean,review required,smollm2-1.7b,mcp_access_only,review required,REVIEW_REQUIRED,0.5584071,0.23469985,False,False
LAB2-0492,lithium carbonate,clean,review required,smollm2-1.7b,confidence_abstention,review required,REVIEW_REQUIRED,0.5584071,0.23469985,False,False
LAB2-0492,lithium carbonate,clean,review required,smollm2-1.7b,mcp_governed,review required,REVIEW_REQUIRED,0.5584071,0.23469985,False,False
LAB2-0493,lithium carbonate,clean,approved,smollm2-1.7b,deterministic_rules,approved,REVIEW_REQUIRED,0.55209227,0.20912792,False,False
LAB2-0493,lithium carbonate,clean,approved,smollm2-1.7b,mcp_access_only,review required,REVIEW_REQUIRED,0.55209227,0.20912792,False,False
LAB2-0493,lithium carbonate,clean,approved,smollm2-1.7b,confidence_abstention,review required,REVIEW_REQUIRED,0.55209227,0.20912792,False,False
LAB2-0493,lithium carbonate,clean,approved,smollm2-1.7b,mcp_governed,review required,REVIEW_REQUIRED,0.55209227,0.20912792,False,False
LAB2-0494,lithium carbonate,clean,approved,smollm2-1.7b,deterministic_rules,approved,REVIEW_REQUIRED,0.56108605,0.2455709,False,False
LAB2-0494,lithium carbonate,clean,approved,smollm2-1.7b,mcp_access_only,review required,REVIEW_REQUIRED,0.56108605,0.2455709,False,False
LAB2-0494,lithium carbonate,clean,approved,smollm2-1.7b,confidence_abstention,review required,REVIEW_REQUIRED,0.56108605,0.2455709,False,False
LAB2-0494,lithium carbonate,clean,approved,smollm2-1.7b,mcp_governed,review required,REVIEW_REQUIRED,0.56108605,0.2455709,False,False
LAB2-0495,lithium carbonate,clean,approved,smollm2-1.7b,deterministic_rules,approved,REVIEW_REQUIRED,0.57270458,0.29289438,False,False
LAB2-0495,lithium carbonate,clean,approved,smollm2-1.7b,mcp_access_only,review required,REVIEW_REQUIRED,0.57270458,0.29289438,False,False
LAB2-0495,lithium carbonate,clean,approved,smollm2-1.7b,confidence_abstention,review required,REVIEW_REQUIRED,0.57270458,0.29289438,False,False
LAB2-0495,lithium carbonate,clean,approved,smollm2-1.7b,mcp_governed,review required,REVIEW_REQUIRED,0.57270458,0.29289438,False,False
LAB2-0496,lithium carbonate,clean,approved,smollm2-1.7b,deterministic_rules,approved,REVIEW_REQUIRED,0.55622315,0.2258477,False,False
LAB2-0496,lithium carbonate,clean,approved,smollm2-1.7b,mcp_access_only,review required,REVIEW_REQUIRED,0.55622315,0.2258477,False,False
LAB2-0496,lithium carbonate,clean,approved,smollm2-1.7b,confidence_abstention,review required,REVIEW_REQUIRED,0.55622315,0.2258477,False,False
LAB2-0496,lithium carbonate,clean,approved,smollm2-1.7b,mcp_governed,review required,REVIEW_REQUIRED,0.55622315,0.2258477,False,False
LAB2-0497,lithium carbonate,clean,approved,smollm2-1.7b,deterministic_rules,approved,REVIEW_REQUIRED,0.55940343,0.23874127,False,False
LAB2-0497,lithium carbonate,clean,approved,smollm2-1.7b,mcp_access_only,review required,REVIEW_REQUIRED,0.55940343,0.23874127,False,False
LAB2-0497,lithium carbonate,clean,approved,smollm2-1.7b,confidence_abstention,review required,REVIEW_REQUIRED,0.55940343,0.23874127,False,False
LAB2-0497,lithium carbonate,clean,approved,smollm2-1.7b,mcp_governed,review required,REVIEW_REQUIRED,0.55940343,0.23874127,False,False
LAB2-0498,lithium carbonate,clean,approved,smollm2-1.7b,deterministic_rules,approved,REVIEW_REQUIRED,0.56220156,0.25010182,False,False
LAB2-0498,lithium carbonate,clean,approved,smollm2-1.7b,mcp_access_only,review required,REVIEW_REQUIRED,0.56220156,0.25010182,False,False
LAB2-0498,lithium carbonate,clean,approved,smollm2-1.7b,confidence_abstention,review required,REVIEW_REQUIRED,0.56220156,0.25010182,False,False
LAB2-0498,lithium carbonate,clean,approved,smollm2-1.7b,mcp_governed,review required,REVIEW_REQUIRED,0.56220156,0.25010182,False,False
LAB2-0499,lithium carbonate,clean,approved,smollm2-1.7b,deterministic_rules,approved,REVIEW_REQUIRED,0.56295272,0.25315427,False,False
LAB2-0499,lithium carbonate,clean,approved,smollm2-1.7b,mcp_access_only,review required,REVIEW_REQUIRED,0.56295272,0.25315427,False,False
LAB2-0499,lithium carbonate,clean,approved,smollm2-1.7b,confidence_abstention,review required,REVIEW_REQUIRED,0.56295272,0.25315427,False,False
LAB2-0499,lithium carbonate,clean,approved,smollm2-1.7b,mcp_governed,review required,REVIEW_REQUIRED,0.56295272,0.25315427,False,False
LAB2-0500,lithium carbonate,clean,approved,smollm2-1.7b,deterministic_rules,approved,REVIEW_REQUIRED,0.55849429,0.23505346,False,False
LAB2-0500,lithium carbonate,clean,approved,smollm2-1.7b,mcp_access_only,review required,REVIEW_REQUIRED,0.55849429,0.23505346,False,False
LAB2-0500,lithium carbonate,clean,approved,smollm2-1.7b,confidence_abstention,review required,REVIEW_REQUIRED,0.55849429,0.23505346,False,False
LAB2-0500,lithium carbonate,clean,approved,smollm2-1.7b,mcp_governed,review required,REVIEW_REQUIRED,0.55849429,0.23505346,False,False
LAB2-0501,lithium carbonate,clean,approved,smollm2-1.7b,deterministic_rules,approved,REVIEW_REQUIRED,0.56066475,0.24386035,False,False
LAB2-0501,lithium carbonate,clean,approved,smollm2-1.7b,mcp_access_only,review required,REVIEW_REQUIRED,0.56066475,0.24386035,False,False
LAB2-0501,lithium carbonate,clean,approved,smollm2-1.7b,confidence_abstention,review required,REVIEW_REQUIRED,0.56066475,0.24386035,False,False
LAB2-0501,lithium carbonate,clean,approved,smollm2-1.7b,mcp_governed,review required,REVIEW_REQUIRED,0.56066475,0.24386035,False,False
LAB2-0502,lithium carbonate,clean,approved,smollm2-1.7b,deterministic_rules,approved,REVIEW_REQUIRED,0.55953129,0.23926003,False,False
LAB2-0502,lithium carbonate,clean,approved,smollm2-1.7b,mcp_access_only,review required,REVIEW_REQUIRED,0.55953129,0.23926003,False,False
LAB2-0502,lithium carbonate,clean,approved,smollm2-1.7b,confidence_abstention,review required,REVIEW_REQUIRED,0.55953129,0.23926003,False,False
LAB2-0502,lithium carbonate,clean,approved,smollm2-1.7b,mcp_governed,review required,REVIEW_REQUIRED,0.55953129,0.23926003,False,False
LAB2-0503,lithium carbonate,clean,approved,smollm2-1.7b,deterministic_rules,approved,REVIEW_REQUIRED,0.56843972,0.27548809,False,False
LAB2-0503,lithium carbonate,clean,approved,smollm2-1.7b,mcp_access_only,review required,REVIEW_REQUIRED,0.56843972,0.27548809,False,False
LAB2-0503,lithium carbonate,clean,approved,smollm2-1.7b,confidence_abstention,review required,REVIEW_REQUIRED,0.56843972,0.27548809,False,False
LAB2-0503,lithium carbonate,clean,approved,smollm2-1.7b,mcp_governed,review required,REVIEW_REQUIRED,0.56843972,0.27548809,False,False
LAB2-0504,lithium carbonate,clean,approved,smollm2-1.7b,deterministic_rules,approved,REVIEW_REQUIRED,0.56370713,0.2562211,False,False
LAB2-0504,lithium carbonate,clean,approved,smollm2-1.7b,mcp_access_only,review required,REVIEW_REQUIRED,0.56370713,0.2562211,False,False
LAB2-0504,lithium carbonate,clean,approved,smollm2-1.7b,confidence_abstention,review required,REVIEW_REQUIRED,0.56370713,0.2562211,False,False
LAB2-0504,lithium carbonate,clean,approved,smollm2-1.7b,mcp_governed,review required,REVIEW_REQUIRED,0.56370713,0.2562211,False,False
LAB2-0505,lithium carbonate,missing,review required,smollm2-1.7b,deterministic_rules,review required,REVIEW_REQUIRED,0.55845827,0.23490735,False,False
LAB2-0505,lithium carbonate,missing,review required,smollm2-1.7b,mcp_access_only,review required,REVIEW_REQUIRED,0.55845827,0.23490735,False,False
LAB2-0505,lithium carbonate,missing,review required,smollm2-1.7b,confidence_abstention,review required,REVIEW_REQUIRED,0.55845827,0.23490735,False,False
LAB2-0505,lithium carbonate,missing,review required,smollm2-1.7b,mcp_governed,review required,REVIEW_REQUIRED,0.55845827,0.23490735,False,False
LAB2-0506,lithium carbonate,missing,review required,smollm2-1.7b,deterministic_rules,review required,REVIEW_REQUIRED,0.55427548,0.21796074,False,False
LAB2-0506,lithium carbonate,missing,review required,smollm2-1.7b,mcp_access_only,review required,REVIEW_REQUIRED,0.55427548,0.21796074,False,False
LAB2-0506,lithium carbonate,missing,review required,smollm2-1.7b,confidence_abstention,review required,REVIEW_REQUIRED,0.55427548,0.21796074,False,False
LAB2-0506,lithium carbonate,missing,review required,smollm2-1.7b,mcp_governed,review required,REVIEW_REQUIRED,0.55427548,0.21796074,False,False
LAB2-0507,lithium carbonate,missing,review required,smollm2-1.7b,deterministic_rules,review required,REVIEW_REQUIRED,0.55386565,0.21630202,False,False
LAB2-0507,lithium carbonate,missing,review required,smollm2-1.7b,mcp_access_only,review required,REVIEW_REQUIRED,0.55386565,0.21630202,False,False
LAB2-0507,lithium carbonate,missing,review required,smollm2-1.7b,confidence_abstention,review required,REVIEW_REQUIRED,0.55386565,0.21630202,False,False
LAB2-0507,lithium carbonate,missing,review required,smollm2-1.7b,mcp_governed,review required,REVIEW_REQUIRED,0.55386565,0.21630202,False,False
LAB2-0508,lithium carbonate,missing,review required,smollm2-1.7b,deterministic_rules,review required,REVIEW_REQUIRED,0.5651233,0.26198141,False,False
LAB2-0508,lithium carbonate,missing,review required,smollm2-1.7b,mcp_access_only,review required,REVIEW_REQUIRED,0.5651233,0.26198141,False,False
LAB2-0508,lithium carbonate,missing,review required,smollm2-1.7b,confidence_abstention,review required,REVIEW_REQUIRED,0.5651233,0.26198141,False,False
LAB2-0508,lithium carbonate,missing,review required,smollm2-1.7b,mcp_governed,review required,REVIEW_REQUIRED,0.5651233,0.26198141,False,False
LAB2-0509,lithium carbonate,stale,review required,smollm2-1.7b,deterministic_rules,review required,REVIEW_REQUIRED,0.53907654,0.15662556,False,False
LAB2-0509,lithium carbonate,stale,review required,smollm2-1.7b,mcp_access_only,review required,REVIEW_REQUIRED,0.53907654,0.15662556,False,False
LAB2-0509,lithium carbonate,stale,review required,smollm2-1.7b,confidence_abstention,review required,REVIEW_REQUIRED,0.53907654,0.15662556,False,False
LAB2-0509,lithium carbonate,stale,review required,smollm2-1.7b,mcp_governed,review required,REVIEW_REQUIRED,0.53907654,0.15662556,False,False
LAB2-0510,lithium carbonate,stale,review required,smollm2-1.7b,deterministic_rules,review required,REVIEW_REQUIRED,0.54417816,0.17717466,False,False
LAB2-0510,lithium carbonate,stale,review required,smollm2-1.7b,mcp_access_only,review required,REVIEW_REQUIRED,0.54417816,0.17717466,False,False
LAB2-0510,lithium carbonate,stale,review required,smollm2-1.7b,confidence_abstention,review required,REVIEW_REQUIRED,0.54417816,0.17717466,False,False
LAB2-0510,lithium carbonate,stale,review required,smollm2-1.7b,mcp_governed,review required,REVIEW_REQUIRED,0.54417816,0.17717466,False,False
LAB2-0511,lithium carbonate,stale,review required,smollm2-1.7b,deterministic_rules,review required,REVIEW_REQUIRED,0.5390324,0.1564479,False,False
LAB2-0511,lithium carbonate,stale,review required,smollm2-1.7b,mcp_access_only,review required,REVIEW_REQUIRED,0.5390324,0.1564479,False,False
LAB2-0511,lithium carbonate,stale,review required,smollm2-1.7b,confidence_abstention,review required,REVIEW_REQUIRED,0.5390324,0.1564479,False,False
LAB2-0511,lithium carbonate,stale,review required,smollm2-1.7b,mcp_governed,review required,REVIEW_REQUIRED,0.5390324,0.1564479,False,False
LAB2-0512,lithium carbonate,stale,review required,smollm2-1.7b,deterministic_rules,review required,REVIEW_REQUIRED,0.54327833,0.17354762,False,False
LAB2-0512,lithium carbonate,stale,review required,smollm2-1.7b,mcp_access_only,review required,REVIEW_REQUIRED,0.54327833,0.17354762,False,False
LAB2-0512,lithium carbonate,stale,review required,smollm2-1.7b,confidence_abstention,review required,REVIEW_REQUIRED,0.54327833,0.17354762,False,False
LAB2-0512,lithium carbonate,stale,review required,smollm2-1.7b,mcp_governed,review required,REVIEW_REQUIRED,0.54327833,0.17354762,False,False
LAB2-0513,lithium carbonate,unit_error,review required,smollm2-1.7b,deterministic_rules,review required,REVIEW_REQUIRED,0.54933871,0.19799919,False,False
LAB2-0513,lithium carbonate,unit_error,review required,smollm2-1.7b,mcp_access_only,review required,REVIEW_REQUIRED,0.54933871,0.19799919,False,False
LAB2-0513,lithium carbonate,unit_error,review required,smollm2-1.7b,confidence_abstention,review required,REVIEW_REQUIRED,0.54933871,0.19799919,False,False
LAB2-0513,lithium carbonate,unit_error,review required,smollm2-1.7b,mcp_governed,review required,REVIEW_REQUIRED,0.54933871,0.19799919,False,False
LAB2-0514,lithium carbonate,unit_error,review required,smollm2-1.7b,deterministic_rules,review required,REVIEW_REQUIRED,0.55061908,0.20317234,False,False
LAB2-0514,lithium carbonate,unit_error,review required,smollm2-1.7b,mcp_access_only,review required,REVIEW_REQUIRED,0.55061908,0.20317234,False,False
LAB2-0514,lithium carbonate,unit_error,review required,smollm2-1.7b,confidence_abstention,review required,REVIEW_REQUIRED,0.55061908,0.20317234,False,False
LAB2-0514,lithium carbonate,unit_error,review required,smollm2-1.7b,mcp_governed,review required,REVIEW_REQUIRED,0.55061908,0.20317234,False,False
LAB2-0515,lithium carbonate,unit_error,review required,smollm2-1.7b,deterministic_rules,review required,REVIEW_REQUIRED,0.55050861,0.20272589,False,False
LAB2-0515,lithium carbonate,unit_error,review required,smollm2-1.7b,mcp_access_only,review required,REVIEW_REQUIRED,0.55050861,0.20272589,False,False
LAB2-0515,lithium carbonate,unit_error,review required,smollm2-1.7b,confidence_abstention,review required,REVIEW_REQUIRED,0.55050861,0.20272589,False,False
LAB2-0515,lithium carbonate,unit_error,review required,smollm2-1.7b,mcp_governed,review required,REVIEW_REQUIRED,0.55050861,0.20272589,False,False
LAB2-0516,lithium carbonate,unit_error,review required,smollm2-1.7b,deterministic_rules,review required,REVIEW_REQUIRED,0.54915296,0.1972489,False,False
LAB2-0516,lithium carbonate,unit_error,review required,smollm2-1.7b,mcp_access_only,review required,REVIEW_REQUIRED,0.54915296,0.1972489,False,False
LAB2-0516,lithium carbonate,unit_error,review required,smollm2-1.7b,confidence_abstention,review required,REVIEW_REQUIRED,0.54915296,0.1972489,False,False
LAB2-0516,lithium carbonate,unit_error,review required,smollm2-1.7b,mcp_governed,review required,REVIEW_REQUIRED,0.54915296,0.1972489,False,False
LAB2-0517,lithium carbonate,conflict,review required,smollm2-1.7b,deterministic_rules,review required,REVIEW_REQUIRED,0.5675197,0.27173868,False,False
LAB2-0517,lithium carbonate,conflict,review required,smollm2-1.7b,mcp_access_only,review required,REVIEW_REQUIRED,0.5675197,0.27173868,False,False
LAB2-0517,lithium carbonate,conflict,review required,smollm2-1.7b,confidence_abstention,review required,REVIEW_REQUIRED,0.5675197,0.27173868,False,False
LAB2-0517,lithium carbonate,conflict,review required,smollm2-1.7b,mcp_governed,review required,REVIEW_REQUIRED,0.5675197,0.27173868,False,False
LAB2-0518,lithium carbonate,conflict,review required,smollm2-1.7b,deterministic_rules,review required,REVIEW_REQUIRED,0.56674524,0.26858399,False,False
LAB2-0518,lithium carbonate,conflict,review required,smollm2-1.7b,mcp_access_only,review required,REVIEW_REQUIRED,0.56674524,0.26858399,False,False
LAB2-0518,lithium carbonate,conflict,review required,smollm2-1.7b,confidence_abstention,review required,REVIEW_REQUIRED,0.56674524,0.26858399,False,False
LAB2-0518,lithium carbonate,conflict,review required,smollm2-1.7b,mcp_governed,review required,REVIEW_REQUIRED,0.56674524,0.26858399,False,False
LAB2-0519,lithium carbonate,conflict,review required,smollm2-1.7b,deterministic_rules,review required,REVIEW_REQUIRED,0.56962254,0.28031129,False,False
LAB2-0519,lithium carbonate,conflict,review required,smollm2-1.7b,mcp_access_only,review required,REVIEW_REQUIRED,0.56962254,0.28031129,False,False
LAB2-0519,lithium carbonate,conflict,review required,smollm2-1.7b,confidence_abstention,review required,REVIEW_REQUIRED,0.56962254,0.28031129,False,False
LAB2-0519,lithium carbonate,conflict,review required,smollm2-1.7b,mcp_governed,review required,REVIEW_REQUIRED,0.56962254,0.28031129,False,False
LAB2-0520,lithium carbonate,conflict,review required,smollm2-1.7b,deterministic_rules,review required,REVIEW_REQUIRED,0.56647494,0.26748323,False,False
LAB2-0520,lithium carbonate,conflict,review required,smollm2-1.7b,mcp_access_only,review required,REVIEW_REQUIRED,0.56647494,0.26748323,False,False
LAB2-0520,lithium carbonate,conflict,review required,smollm2-1.7b,confidence_abstention,review required,REVIEW_REQUIRED,0.56647494,0.26748323,False,False
LAB2-0520,lithium carbonate,conflict,review required,smollm2-1.7b,mcp_governed,review required,REVIEW_REQUIRED,0.56647494,0.26748323,False,False
LAB2-0521,lithium carbonate,wrong_encounter,review required,smollm2-1.7b,deterministic_rules,review required,REVIEW_REQUIRED,0.55088884,0.2042626,False,False
LAB2-0521,lithium carbonate,wrong_encounter,review required,smollm2-1.7b,mcp_access_only,review required,REVIEW_REQUIRED,0.55088884,0.2042626,False,False
LAB2-0521,lithium carbonate,wrong_encounter,review required,smollm2-1.7b,confidence_abstention,review required,REVIEW_REQUIRED,0.55088884,0.2042626,False,False
LAB2-0521,lithium carbonate,wrong_encounter,review required,smollm2-1.7b,mcp_governed,review required,REVIEW_REQUIRED,0.55088884,0.2042626,False,False
LAB2-0522,lithium carbonate,wrong_encounter,review required,smollm2-1.7b,deterministic_rules,review required,REVIEW_REQUIRED,0.55413442,0.21738978,False,False
LAB2-0522,lithium carbonate,wrong_encounter,review required,smollm2-1.7b,mcp_access_only,review required,REVIEW_REQUIRED,0.55413442,0.21738978,False,False
LAB2-0522,lithium carbonate,wrong_encounter,review required,smollm2-1.7b,confidence_abstention,review required,REVIEW_REQUIRED,0.55413442,0.21738978,False,False
LAB2-0522,lithium carbonate,wrong_encounter,review required,smollm2-1.7b,mcp_governed,review required,REVIEW_REQUIRED,0.55413442,0.21738978,False,False
LAB2-0523,lithium carbonate,wrong_encounter,review required,smollm2-1.7b,deterministic_rules,review required,REVIEW_REQUIRED,0.54849581,0.19459498,False,False
LAB2-0523,lithium carbonate,wrong_encounter,review required,smollm2-1.7b,mcp_access_only,review required,REVIEW_REQUIRED,0.54849581,0.19459498,False,False
LAB2-0523,lithium carbonate,wrong_encounter,review required,smollm2-1.7b,confidence_abstention,review required,REVIEW_REQUIRED,0.54849581,0.19459498,False,False
LAB2-0523,lithium carbonate,wrong_encounter,review required,smollm2-1.7b,mcp_governed,review required,REVIEW_REQUIRED,0.54849581,0.19459498,False,False
LAB2-0524,lithium carbonate,wrong_encounter,review required,smollm2-1.7b,deterministic_rules,review required,REVIEW_REQUIRED,0.55184344,0.20812173,False,False
LAB2-0524,lithium carbonate,wrong_encounter,review required,smollm2-1.7b,mcp_access_only,review required,REVIEW_REQUIRED,0.55184344,0.20812173,False,False
LAB2-0524,lithium carbonate,wrong_encounter,review required,smollm2-1.7b,confidence_abstention,review required,REVIEW_REQUIRED,0.55184344,0.20812173,False,False
LAB2-0524,lithium carbonate,wrong_encounter,review required,smollm2-1.7b,mcp_governed,review required,REVIEW_REQUIRED,0.55184344,0.20812173,False,False
LAB2-0525,lithium carbonate,service_failure,review required,smollm2-1.7b,deterministic_rules,review required,REVIEW_REQUIRED,0.54194163,0.1681617,False,False
LAB2-0525,lithium carbonate,service_failure,review required,smollm2-1.7b,mcp_access_only,review required,REVIEW_REQUIRED,0.54194163,0.1681617,False,False
LAB2-0525,lithium carbonate,service_failure,review required,smollm2-1.7b,confidence_abstention,review required,REVIEW_REQUIRED,0.54194163,0.1681617,False,False
LAB2-0525,lithium carbonate,service_failure,review required,smollm2-1.7b,mcp_governed,review required,REVIEW_REQUIRED,0.54194163,0.1681617,False,False
LAB2-0526,lithium carbonate,service_failure,review required,smollm2-1.7b,deterministic_rules,review required,REVIEW_REQUIRED,0.5427634,0.1714725,False,False
LAB2-0526,lithium carbonate,service_failure,review required,smollm2-1.7b,mcp_access_only,review required,REVIEW_REQUIRED,0.5427634,0.1714725,False,False
LAB2-0526,lithium carbonate,service_failure,review required,smollm2-1.7b,confidence_abstention,review required,REVIEW_REQUIRED,0.5427634,0.1714725,False,False
LAB2-0526,lithium carbonate,service_failure,review required,smollm2-1.7b,mcp_governed,review required,REVIEW_REQUIRED,0.5427634,0.1714725,False,False
LAB2-0527,lithium carbonate,service_failure,review required,smollm2-1.7b,deterministic_rules,review required,REVIEW_REQUIRED,0.54423452,0.1774019,False,False
LAB2-0527,lithium carbonate,service_failure,review required,smollm2-1.7b,mcp_access_only,review required,REVIEW_REQUIRED,0.54423452,0.1774019,False,False
LAB2-0527,lithium carbonate,service_failure,review required,smollm2-1.7b,confidence_abstention,review required,REVIEW_REQUIRED,0.54423452,0.1774019,False,False
LAB2-0527,lithium carbonate,service_failure,review required,smollm2-1.7b,mcp_governed,review required,REVIEW_REQUIRED,0.54423452,0.1774019,False,False
LAB2-0528,lithium carbonate,service_failure,review required,smollm2-1.7b,deterministic_rules,review required,REVIEW_REQUIRED,0.5493984,0.1982403,False,False
LAB2-0528,lithium carbonate,service_failure,review required,smollm2-1.7b,mcp_access_only,review required,REVIEW_REQUIRED,0.5493984,0.1982403,False,False
LAB2-0528,lithium carbonate,service_failure,review required,smollm2-1.7b,confidence_abstention,review required,REVIEW_REQUIRED,0.5493984,0.1982403,False,False
LAB2-0528,lithium carbonate,service_failure,review required,smollm2-1.7b,mcp_governed,review required,REVIEW_REQUIRED,0.5493984,0.1982403,False,False
LAB2-0541,linezolid,clean,review required,smollm2-1.7b,deterministic_rules,review required,REVIEW_REQUIRED,0.55578573,0.22407581,False,False
LAB2-0541,linezolid,clean,review required,smollm2-1.7b,mcp_access_only,review required,REVIEW_REQUIRED,0.55578573,0.22407581,False,False
LAB2-0541,linezolid,clean,review required,smollm2-1.7b,confidence_abstention,review required,REVIEW_REQUIRED,0.55578573,0.22407581,False,False
LAB2-0541,linezolid,clean,review required,smollm2-1.7b,mcp_governed,review required,REVIEW_REQUIRED,0.55578573,0.22407581,False,False
LAB2-0542,linezolid,clean,review required,smollm2-1.7b,deterministic_rules,review required,REVIEW_REQUIRED,0.55520374,0.22171879,False,False
LAB2-0542,linezolid,clean,review required,smollm2-1.7b,mcp_access_only,review required,REVIEW_REQUIRED,0.55520374,0.22171879,False,False
LAB2-0542,linezolid,clean,review required,smollm2-1.7b,confidence_abstention,review required,REVIEW_REQUIRED,0.55520374,0.22171879,False,False
LAB2-0542,linezolid,clean,review required,smollm2-1.7b,mcp_governed,review required,REVIEW_REQUIRED,0.55520374,0.22171879,False,False
LAB2-0543,linezolid,clean,review required,smollm2-1.7b,deterministic_rules,review required,REVIEW_REQUIRED,0.55334271,0.21418592,False,False
LAB2-0543,linezolid,clean,review required,smollm2-1.7b,mcp_access_only,review required,REVIEW_REQUIRED,0.55334271,0.21418592,False,False
LAB2-0543,linezolid,clean,review required,smollm2-1.7b,confidence_abstention,review required,REVIEW_REQUIRED,0.55334271,0.21418592,False,False
LAB2-0543,linezolid,clean,review required,smollm2-1.7b,mcp_governed,review required,REVIEW_REQUIRED,0.55334271,0.21418592,False,False
LAB2-0544,linezolid,clean,review required,smollm2-1.7b,deterministic_rules,review required,REVIEW_REQUIRED,0.551475,0.20663208,False,False
LAB2-0544,linezolid,clean,review required,smollm2-1.7b,mcp_access_only,review required,REVIEW_REQUIRED,0.551475,0.20663208,False,False
LAB2-0544,linezolid,clean,review required,smollm2-1.7b,confidence_abstention,review required,REVIEW_REQUIRED,0.551475,0.20663208,False,False
LAB2-0544,linezolid,clean,review required,smollm2-1.7b,mcp_governed,review required,REVIEW_REQUIRED,0.551475,0.20663208,False,False
LAB2-0545,linezolid,clean,review required,smollm2-1.7b,deterministic_rules,review required,REVIEW_REQUIRED,0.55425427,0.21787487,False,False
LAB2-0545,linezolid,clean,review required,smollm2-1.7b,mcp_access_only,review required,REVIEW_REQUIRED,0.55425427,0.21787487,False,False
LAB2-0545,linezolid,clean,review required,smollm2-1.7b,confidence_abstention,review required,REVIEW_REQUIRED,0.55425427,0.21787487,False,False
LAB2-0545,linezolid,clean,review required,smollm2-1.7b,mcp_governed,review required,REVIEW_REQUIRED,0.55425427,0.21787487,False,False
LAB2-0546,linezolid,clean,review required,smollm2-1.7b,deterministic_rules,review required,REVIEW_REQUIRED,0.55320168,0.21361531,False,False
LAB2-0546,linezolid,clean,review required,smollm2-1.7b,mcp_access_only,review required,REVIEW_REQUIRED,0.55320168,0.21361531,False,False
LAB2-0546,linezolid,clean,review required,smollm2-1.7b,confidence_abstention,review required,REVIEW_REQUIRED,0.55320168,0.21361531,False,False
LAB2-0546,linezolid,clean,review required,smollm2-1.7b,mcp_governed,review required,REVIEW_REQUIRED,0.55320168,0.21361531,False,False
LAB2-0547,linezolid,clean,review required,smollm2-1.7b,deterministic_rules,review required,REVIEW_REQUIRED,0.55121364,0.2055755,False,False
LAB2-0547,linezolid,clean,review required,smollm2-1.7b,mcp_access_only,review required,REVIEW_REQUIRED,0.55121364,0.2055755,False,False
LAB2-0547,linezolid,clean,review required,smollm2-1.7b,confidence_abstention,review required,REVIEW_REQUIRED,0.55121364,0.2055755,False,False
LAB2-0547,linezolid,clean,review required,smollm2-1.7b,mcp_governed,review required,REVIEW_REQUIRED,0.55121364,0.2055755,False,False
LAB2-0548,linezolid,clean,review required,smollm2-1.7b,deterministic_rules,review required,REVIEW_REQUIRED,0.5584101,0.23471202,False,False
LAB2-0548,linezolid,clean,review required,smollm2-1.7b,mcp_access_only,review required,REVIEW_REQUIRED,0.5584101,0.23471202,False,False
LAB2-0548,linezolid,clean,review required,smollm2-1.7b,confidence_abstention,review required,REVIEW_REQUIRED,0.5584101,0.23471202,False,False
LAB2-0548,linezolid,clean,review required,smollm2-1.7b,mcp_governed,review required,REVIEW_REQUIRED,0.5584101,0.23471202,False,False
LAB2-0549,linezolid,clean,review required,smollm2-1.7b,deterministic_rules,review required,REVIEW_REQUIRED,0.55364081,0.21539215,False,False
LAB2-0549,linezolid,clean,review required,smollm2-1.7b,mcp_access_only,review required,REVIEW_REQUIRED,0.55364081,0.21539215,False,False
LAB2-0549,linezolid,clean,review required,smollm2-1.7b,confidence_abstention,review required,REVIEW_REQUIRED,0.55364081,0.21539215,False,False
LAB2-0549,linezolid,clean,review required,smollm2-1.7b,mcp_governed,review required,REVIEW_REQUIRED,0.55364081,0.21539215,False,False
LAB2-0550,linezolid,clean,review required,smollm2-1.7b,deterministic_rules,review required,REVIEW_REQUIRED,0.5565072,0.22699853,False,False
LAB2-0550,linezolid,clean,review required,smollm2-1.7b,mcp_access_only,review required,REVIEW_REQUIRED,0.5565072,0.22699853,False,False
LAB2-0550,linezolid,clean,review required,smollm2-1.7b,confidence_abstention,review required,REVIEW_REQUIRED,0.5565072,0.22699853,False,False
LAB2-0550,linezolid,clean,review required,smollm2-1.7b,mcp_governed,review required,REVIEW_REQUIRED,0.5565072,0.22699853,False,False
LAB2-0551,linezolid,clean,review required,smollm2-1.7b,deterministic_rules,review required,REVIEW_REQUIRED,0.55735782,0.2304457,False,False
LAB2-0551,linezolid,clean,review required,smollm2-1.7b,mcp_access_only,review required,REVIEW_REQUIRED,0.55735782,0.2304457,False,False
LAB2-0551,linezolid,clean,review required,smollm2-1.7b,confidence_abstention,review required,REVIEW_REQUIRED,0.55735782,0.2304457,False,False
LAB2-0551,linezolid,clean,review required,smollm2-1.7b,mcp_governed,review required,REVIEW_REQUIRED,0.55735782,0.2304457,False,False
LAB2-0552,linezolid,clean,review required,smollm2-1.7b,deterministic_rules,review required,REVIEW_REQUIRED,0.55526392,0.22196249,False,False
LAB2-0552,linezolid,clean,review required,smollm2-1.7b,mcp_access_only,review required,REVIEW_REQUIRED,0.55526392,0.22196249,False,False
LAB2-0552,linezolid,clean,review required,smollm2-1.7b,confidence_abstention,review required,REVIEW_REQUIRED,0.55526392,0.22196249,False,False
LAB2-0552,linezolid,clean,review required,smollm2-1.7b,mcp_governed,review required,REVIEW_REQUIRED,0.55526392,0.22196249,False,False
LAB2-0553,linezolid,clean,approved,smollm2-1.7b,deterministic_rules,approved,REVIEW_REQUIRED,0.55291255,0.21244564,False,False
LAB2-0553,linezolid,clean,approved,smollm2-1.7b,mcp_access_only,review required,REVIEW_REQUIRED,0.55291255,0.21244564,False,False
LAB2-0553,linezolid,clean,approved,smollm2-1.7b,confidence_abstention,review required,REVIEW_REQUIRED,0.55291255,0.21244564,False,False
LAB2-0553,linezolid,clean,approved,smollm2-1.7b,mcp_governed,review required,REVIEW_REQUIRED,0.55291255,0.21244564,False,False
LAB2-0554,linezolid,clean,approved,smollm2-1.7b,deterministic_rules,approved,REVIEW_REQUIRED,0.55443469,0.21860519,False,False
LAB2-0554,linezolid,clean,approved,smollm2-1.7b,mcp_access_only,review required,REVIEW_REQUIRED,0.55443469,0.21860519,False,False
LAB2-0554,linezolid,clean,approved,smollm2-1.7b,confidence_abstention,review required,REVIEW_REQUIRED,0.55443469,0.21860519,False,False
LAB2-0554,linezolid,clean,approved,smollm2-1.7b,mcp_governed,review required,REVIEW_REQUIRED,0.55443469,0.21860519,False,False
LAB2-0555,linezolid,clean,approved,smollm2-1.7b,deterministic_rules,approved,REVIEW_REQUIRED,0.56096197,0.24506706,False,False
LAB2-0555,linezolid,clean,approved,smollm2-1.7b,mcp_access_only,review required,REVIEW_REQUIRED,0.56096197,0.24506706,False,False
LAB2-0555,linezolid,clean,approved,smollm2-1.7b,confidence_abstention,review required,REVIEW_REQUIRED,0.56096197,0.24506706,False,False
LAB2-0555,linezolid,clean,approved,smollm2-1.7b,mcp_governed,review required,REVIEW_REQUIRED,0.56096197,0.24506706,False,False
LAB2-0556,linezolid,clean,approved,smollm2-1.7b,deterministic_rules,approved,REVIEW_REQUIRED,0.55812643,0.2335617,False,False
LAB2-0556,linezolid,clean,approved,smollm2-1.7b,mcp_access_only,review required,REVIEW_REQUIRED,0.55812643,0.2335617,False,False
LAB2-0556,linezolid,clean,approved,smollm2-1.7b,confidence_abstention,review required,REVIEW_REQUIRED,0.55812643,0.2335617,False,False
LAB2-0556,linezolid,clean,approved,smollm2-1.7b,mcp_governed,review required,REVIEW_REQUIRED,0.55812643,0.2335617,False,False
LAB2-0557,linezolid,clean,approved,smollm2-1.7b,deterministic_rules,approved,REVIEW_REQUIRED,0.55636716,0.22643117,False,False
LAB2-0557,linezolid,clean,approved,smollm2-1.7b,mcp_access_only,review required,REVIEW_REQUIRED,0.55636716,0.22643117,False,False
LAB2-0557,linezolid,clean,approved,smollm2-1.7b,confidence_abstention,review required,REVIEW_REQUIRED,0.55636716,0.22643117,False,False
LAB2-0557,linezolid,clean,approved,smollm2-1.7b,mcp_governed,review required,REVIEW_REQUIRED,0.55636716,0.22643117,False,False
LAB2-0558,linezolid,clean,approved,smollm2-1.7b,deterministic_rules,approved,REVIEW_REQUIRED,0.55826724,0.2341327,False,False
LAB2-0558,linezolid,clean,approved,smollm2-1.7b,mcp_access_only,review required,REVIEW_REQUIRED,0.55826724,0.2341327,False,False
LAB2-0558,linezolid,clean,approved,smollm2-1.7b,confidence_abstention,review required,REVIEW_REQUIRED,0.55826724,0.2341327,False,False
LAB2-0558,linezolid,clean,approved,smollm2-1.7b,mcp_governed,review required,REVIEW_REQUIRED,0.55826724,0.2341327,False,False
LAB2-0559,linezolid,clean,approved,smollm2-1.7b,deterministic_rules,approved,REVIEW_REQUIRED,0.55567387,0.22362274,False,False
LAB2-0559,linezolid,clean,approved,smollm2-1.7b,mcp_access_only,review required,REVIEW_REQUIRED,0.55567387,0.22362274,False,False
LAB2-0559,linezolid,clean,approved,smollm2-1.7b,confidence_abstention,review required,REVIEW_REQUIRED,0.55567387,0.22362274,False,False
LAB2-0559,linezolid,clean,approved,smollm2-1.7b,mcp_governed,review required,REVIEW_REQUIRED,0.55567387,0.22362274,False,False
LAB2-0560,linezolid,clean,approved,smollm2-1.7b,deterministic_rules,approved,REVIEW_REQUIRED,0.55577355,0.22402646,False,False
LAB2-0560,linezolid,clean,approved,smollm2-1.7b,mcp_access_only,review required,REVIEW_REQUIRED,0.55577355,0.22402646,False,False
LAB2-0560,linezolid,clean,approved,smollm2-1.7b,confidence_abstention,review required,REVIEW_REQUIRED,0.55577355,0.22402646,False,False
LAB2-0560,linezolid,clean,approved,smollm2-1.7b,mcp_governed,review required,REVIEW_REQUIRED,0.55577355,0.22402646,False,False
LAB2-0561,linezolid,clean,approved,smollm2-1.7b,deterministic_rules,approved,REVIEW_REQUIRED,0.55671086,0.22782376,False,False
LAB2-0561,linezolid,clean,approved,smollm2-1.7b,mcp_access_only,review required,REVIEW_REQUIRED,0.55671086,0.22782376,False,False
LAB2-0561,linezolid,clean,approved,smollm2-1.7b,confidence_abstention,review required,REVIEW_REQUIRED,0.55671086,0.22782376,False,False
LAB2-0561,linezolid,clean,approved,smollm2-1.7b,mcp_governed,review required,REVIEW_REQUIRED,0.55671086,0.22782376,False,False
LAB2-0562,linezolid,clean,approved,smollm2-1.7b,deterministic_rules,approved,REVIEW_REQUIRED,0.55836831,0.23454254,False,False
LAB2-0562,linezolid,clean,approved,smollm2-1.7b,mcp_access_only,review required,REVIEW_REQUIRED,0.55836831,0.23454254,False,False
LAB2-0562,linezolid,clean,approved,smollm2-1.7b,confidence_abstention,review required,REVIEW_REQUIRED,0.55836831,0.23454254,False,False
LAB2-0562,linezolid,clean,approved,smollm2-1.7b,mcp_governed,review required,REVIEW_REQUIRED,0.55836831,0.23454254,False,False
LAB2-0563,linezolid,clean,approved,smollm2-1.7b,deterministic_rules,approved,REVIEW_REQUIRED,0.54896394,0.19648546,False,False
LAB2-0563,linezolid,clean,approved,smollm2-1.7b,mcp_access_only,review required,REVIEW_REQUIRED,0.54896394,0.19648546,False,False
LAB2-0563,linezolid,clean,approved,smollm2-1.7b,confidence_abstention,review required,REVIEW_REQUIRED,0.54896394,0.19648546,False,False
LAB2-0563,linezolid,clean,approved,smollm2-1.7b,mcp_governed,review required,REVIEW_REQUIRED,0.54896394,0.19648546,False,False
LAB2-0564,linezolid,clean,approved,smollm2-1.7b,deterministic_rules,approved,REVIEW_REQUIRED,0.55307389,0.21309833,False,False
LAB2-0564,linezolid,clean,approved,smollm2-1.7b,mcp_access_only,review required,REVIEW_REQUIRED,0.55307389,0.21309833,False,False
LAB2-0564,linezolid,clean,approved,smollm2-1.7b,confidence_abstention,review required,REVIEW_REQUIRED,0.55307389,0.21309833,False,False
LAB2-0564,linezolid,clean,approved,smollm2-1.7b,mcp_governed,review required,REVIEW_REQUIRED,0.55307389,0.21309833,False,False
LAB2-0565,linezolid,missing,review required,smollm2-1.7b,deterministic_rules,review required,REVIEW_REQUIRED,0.5770069,0.31049838,False,False
LAB2-0565,linezolid,missing,review required,smollm2-1.7b,mcp_access_only,review required,REVIEW_REQUIRED,0.5770069,0.31049838,False,False
LAB2-0565,linezolid,missing,review required,smollm2-1.7b,confidence_abstention,review required,REVIEW_REQUIRED,0.5770069,0.31049838,False,False
LAB2-0565,linezolid,missing,review required,smollm2-1.7b,mcp_governed,review required,REVIEW_REQUIRED,0.5770069,0.31049838,False,False
LAB2-0566,linezolid,missing,review required,smollm2-1.7b,deterministic_rules,review required,REVIEW_REQUIRED,0.5787111,0.31748458,False,False
LAB2-0566,linezolid,missing,review required,smollm2-1.7b,mcp_access_only,review required,REVIEW_REQUIRED,0.5787111,0.31748458,False,False
LAB2-0566,linezolid,missing,review required,smollm2-1.7b,confidence_abstention,review required,REVIEW_REQUIRED,0.5787111,0.31748458,False,False
LAB2-0566,linezolid,missing,review required,smollm2-1.7b,mcp_governed,review required,REVIEW_REQUIRED,0.5787111,0.31748458,False,False
LAB2-0567,linezolid,missing,review required,smollm2-1.7b,deterministic_rules,review required,REVIEW_REQUIRED,0.58183015,0.33029089,False,False
LAB2-0567,linezolid,missing,review required,smollm2-1.7b,mcp_access_only,review required,REVIEW_REQUIRED,0.58183015,0.33029089,False,False
LAB2-0567,linezolid,missing,review required,smollm2-1.7b,confidence_abstention,review required,REVIEW_REQUIRED,0.58183015,0.33029089,False,False
LAB2-0567,linezolid,missing,review required,smollm2-1.7b,mcp_governed,review required,REVIEW_REQUIRED,0.58183015,0.33029089,False,False
LAB2-0568,linezolid,missing,review required,smollm2-1.7b,deterministic_rules,review required,REVIEW_REQUIRED,0.57792015,0.3142412,False,False
LAB2-0568,linezolid,missing,review required,smollm2-1.7b,mcp_access_only,review required,REVIEW_REQUIRED,0.57792015,0.3142412,False,False
LAB2-0568,linezolid,missing,review required,smollm2-1.7b,confidence_abstention,review required,REVIEW_REQUIRED,0.57792015,0.3142412,False,False
LAB2-0568,linezolid,missing,review required,smollm2-1.7b,mcp_governed,review required,REVIEW_REQUIRED,0.57792015,0.3142412,False,False
LAB2-0569,linezolid,stale,review required,smollm2-1.7b,deterministic_rules,review required,REVIEW_REQUIRED,0.57292722,0.29380424,False,False
LAB2-0569,linezolid,stale,review required,smollm2-1.7b,mcp_access_only,review required,REVIEW_REQUIRED,0.57292722,0.29380424,False,False
LAB2-0569,linezolid,stale,review required,smollm2-1.7b,confidence_abstention,review required,REVIEW_REQUIRED,0.57292722,0.29380424,False,False
LAB2-0569,linezolid,stale,review required,smollm2-1.7b,mcp_governed,review required,REVIEW_REQUIRED,0.57292722,0.29380424,False,False
LAB2-0570,linezolid,stale,review required,smollm2-1.7b,deterministic_rules,review required,REVIEW_REQUIRED,0.57480176,0.3014697,False,False
LAB2-0570,linezolid,stale,review required,smollm2-1.7b,mcp_access_only,review required,REVIEW_REQUIRED,0.57480176,0.3014697,False,False
LAB2-0570,linezolid,stale,review required,smollm2-1.7b,confidence_abstention,review required,REVIEW_REQUIRED,0.57480176,0.3014697,False,False
LAB2-0570,linezolid,stale,review required,smollm2-1.7b,mcp_governed,review required,REVIEW_REQUIRED,0.57480176,0.3014697,False,False
LAB2-0571,linezolid,stale,review required,smollm2-1.7b,deterministic_rules,review required,REVIEW_REQUIRED,0.57111783,0.28641333,False,False
LAB2-0571,linezolid,stale,review required,smollm2-1.7b,mcp_access_only,review required,REVIEW_REQUIRED,0.57111783,0.28641333,False,False
LAB2-0571,linezolid,stale,review required,smollm2-1.7b,confidence_abstention,review required,REVIEW_REQUIRED,0.57111783,0.28641333,False,False
LAB2-0571,linezolid,stale,review required,smollm2-1.7b,mcp_governed,review required,REVIEW_REQUIRED,0.57111783,0.28641333,False,False
LAB2-0572,linezolid,stale,review required,smollm2-1.7b,deterministic_rules,review required,REVIEW_REQUIRED,0.57426593,0.29927767,False,False
LAB2-0572,linezolid,stale,review required,smollm2-1.7b,mcp_access_only,review required,REVIEW_REQUIRED,0.57426593,0.29927767,False,False
LAB2-0572,linezolid,stale,review required,smollm2-1.7b,confidence_abstention,review required,REVIEW_REQUIRED,0.57426593,0.29927767,False,False
LAB2-0572,linezolid,stale,review required,smollm2-1.7b,mcp_governed,review required,REVIEW_REQUIRED,0.57426593,0.29927767,False,False
LAB2-0573,linezolid,unit_error,review required,smollm2-1.7b,deterministic_rules,review required,REVIEW_REQUIRED,0.56458367,0.25978594,False,False
LAB2-0573,linezolid,unit_error,review required,smollm2-1.7b,mcp_access_only,review required,REVIEW_REQUIRED,0.56458367,0.25978594,False,False
LAB2-0573,linezolid,unit_error,review required,smollm2-1.7b,confidence_abstention,review required,REVIEW_REQUIRED,0.56458367,0.25978594,False,False
LAB2-0573,linezolid,unit_error,review required,smollm2-1.7b,mcp_governed,review required,REVIEW_REQUIRED,0.56458367,0.25978594,False,False
LAB2-0574,linezolid,unit_error,review required,smollm2-1.7b,deterministic_rules,review required,REVIEW_REQUIRED,0.56919675,0.27857465,False,False
LAB2-0574,linezolid,unit_error,review required,smollm2-1.7b,mcp_access_only,review required,REVIEW_REQUIRED,0.56919675,0.27857465,False,False
LAB2-0574,linezolid,unit_error,review required,smollm2-1.7b,confidence_abstention,review required,REVIEW_REQUIRED,0.56919675,0.27857465,False,False
LAB2-0574,linezolid,unit_error,review required,smollm2-1.7b,mcp_governed,review required,REVIEW_REQUIRED,0.56919675,0.27857465,False,False
LAB2-0575,linezolid,unit_error,review required,smollm2-1.7b,deterministic_rules,review required,REVIEW_REQUIRED,0.56707855,0.26994153,False,False
LAB2-0575,linezolid,unit_error,review required,smollm2-1.7b,mcp_access_only,review required,REVIEW_REQUIRED,0.56707855,0.26994153,False,False
LAB2-0575,linezolid,unit_error,review required,smollm2-1.7b,confidence_abstention,review required,REVIEW_REQUIRED,0.56707855,0.26994153,False,False
LAB2-0575,linezolid,unit_error,review required,smollm2-1.7b,mcp_governed,review required,REVIEW_REQUIRED,0.56707855,0.26994153,False,False
LAB2-0576,linezolid,unit_error,review required,smollm2-1.7b,deterministic_rules,review required,REVIEW_REQUIRED,0.56402998,0.25753392,False,False
LAB2-0576,linezolid,unit_error,review required,smollm2-1.7b,mcp_access_only,review required,REVIEW_REQUIRED,0.56402998,0.25753392,False,False
LAB2-0576,linezolid,unit_error,review required,smollm2-1.7b,confidence_abstention,review required,REVIEW_REQUIRED,0.56402998,0.25753392,False,False
LAB2-0576,linezolid,unit_error,review required,smollm2-1.7b,mcp_governed,review required,REVIEW_REQUIRED,0.56402998,0.25753392,False,False
LAB2-0577,linezolid,conflict,review required,smollm2-1.7b,deterministic_rules,review required,REVIEW_REQUIRED,0.57196425,0.28986978,False,False
LAB2-0577,linezolid,conflict,review required,smollm2-1.7b,mcp_access_only,review required,REVIEW_REQUIRED,0.57196425,0.28986978,False,False
LAB2-0577,linezolid,conflict,review required,smollm2-1.7b,confidence_abstention,review required,REVIEW_REQUIRED,0.57196425,0.28986978,False,False
LAB2-0577,linezolid,conflict,review required,smollm2-1.7b,mcp_governed,review required,REVIEW_REQUIRED,0.57196425,0.28986978,False,False
LAB2-0578,linezolid,conflict,review required,smollm2-1.7b,deterministic_rules,review required,REVIEW_REQUIRED,0.56739289,0.27122203,False,False
LAB2-0578,linezolid,conflict,review required,smollm2-1.7b,mcp_access_only,review required,REVIEW_REQUIRED,0.56739289,0.27122203,False,False
LAB2-0578,linezolid,conflict,review required,smollm2-1.7b,confidence_abstention,review required,REVIEW_REQUIRED,0.56739289,0.27122203,False,False
LAB2-0578,linezolid,conflict,review required,smollm2-1.7b,mcp_governed,review required,REVIEW_REQUIRED,0.56739289,0.27122203,False,False
LAB2-0579,linezolid,conflict,review required,smollm2-1.7b,deterministic_rules,review required,REVIEW_REQUIRED,0.56735968,0.27108673,False,False
LAB2-0579,linezolid,conflict,review required,smollm2-1.7b,mcp_access_only,review required,REVIEW_REQUIRED,0.56735968,0.27108673,False,False
LAB2-0579,linezolid,conflict,review required,smollm2-1.7b,confidence_abstention,review required,REVIEW_REQUIRED,0.56735968,0.27108673,False,False
LAB2-0579,linezolid,conflict,review required,smollm2-1.7b,mcp_governed,review required,REVIEW_REQUIRED,0.56735968,0.27108673,False,False
LAB2-0580,linezolid,conflict,review required,smollm2-1.7b,deterministic_rules,review required,REVIEW_REQUIRED,0.57248828,0.29201057,False,False
LAB2-0580,linezolid,conflict,review required,smollm2-1.7b,mcp_access_only,review required,REVIEW_REQUIRED,0.57248828,0.29201057,False,False
LAB2-0580,linezolid,conflict,review required,smollm2-1.7b,confidence_abstention,review required,REVIEW_REQUIRED,0.57248828,0.29201057,False,False
LAB2-0580,linezolid,conflict,review required,smollm2-1.7b,mcp_governed,review required,REVIEW_REQUIRED,0.57248828,0.29201057,False,False
LAB2-0581,linezolid,wrong_encounter,review required,smollm2-1.7b,deterministic_rules,review required,REVIEW_REQUIRED,0.55660172,0.22738153,False,False
LAB2-0581,linezolid,wrong_encounter,review required,smollm2-1.7b,mcp_access_only,review required,REVIEW_REQUIRED,0.55660172,0.22738153,False,False
LAB2-0581,linezolid,wrong_encounter,review required,smollm2-1.7b,confidence_abstention,review required,REVIEW_REQUIRED,0.55660172,0.22738153,False,False
LAB2-0581,linezolid,wrong_encounter,review required,smollm2-1.7b,mcp_governed,review required,REVIEW_REQUIRED,0.55660172,0.22738153,False,False
LAB2-0582,linezolid,wrong_encounter,review required,smollm2-1.7b,deterministic_rules,review required,REVIEW_REQUIRED,0.55690169,0.22859707,False,False
LAB2-0582,linezolid,wrong_encounter,review required,smollm2-1.7b,mcp_access_only,review required,REVIEW_REQUIRED,0.55690169,0.22859707,False,False
LAB2-0582,linezolid,wrong_encounter,review required,smollm2-1.7b,confidence_abstention,review required,REVIEW_REQUIRED,0.55690169,0.22859707,False,False
LAB2-0582,linezolid,wrong_encounter,review required,smollm2-1.7b,mcp_governed,review required,REVIEW_REQUIRED,0.55690169,0.22859707,False,False
LAB2-0583,linezolid,wrong_encounter,review required,smollm2-1.7b,deterministic_rules,review required,REVIEW_REQUIRED,0.57303337,0.29423809,False,False
LAB2-0583,linezolid,wrong_encounter,review required,smollm2-1.7b,mcp_access_only,review required,REVIEW_REQUIRED,0.57303337,0.29423809,False,False
LAB2-0583,linezolid,wrong_encounter,review required,smollm2-1.7b,confidence_abstention,review required,REVIEW_REQUIRED,0.57303337,0.29423809,False,False
LAB2-0583,linezolid,wrong_encounter,review required,smollm2-1.7b,mcp_governed,review required,REVIEW_REQUIRED,0.57303337,0.29423809,False,False
LAB2-0584,linezolid,wrong_encounter,review required,smollm2-1.7b,deterministic_rules,review required,REVIEW_REQUIRED,0.57766432,0.31319247,False,False
LAB2-0584,linezolid,wrong_encounter,review required,smollm2-1.7b,mcp_access_only,review required,REVIEW_REQUIRED,0.57766432,0.31319247,False,False
LAB2-0584,linezolid,wrong_encounter,review required,smollm2-1.7b,confidence_abstention,review required,REVIEW_REQUIRED,0.57766432,0.31319247,False,False
LAB2-0584,linezolid,wrong_encounter,review required,smollm2-1.7b,mcp_governed,review required,REVIEW_REQUIRED,0.57766432,0.31319247,False,False
LAB2-0585,linezolid,service_failure,review required,smollm2-1.7b,deterministic_rules,review required,REVIEW_REQUIRED,0.55564323,0.22349863,False,False
LAB2-0585,linezolid,service_failure,review required,smollm2-1.7b,mcp_access_only,review required,REVIEW_REQUIRED,0.55564323,0.22349863,False,False
LAB2-0585,linezolid,service_failure,review required,smollm2-1.7b,confidence_abstention,review required,REVIEW_REQUIRED,0.55564323,0.22349863,False,False
LAB2-0585,linezolid,service_failure,review required,smollm2-1.7b,mcp_governed,review required,REVIEW_REQUIRED,0.55564323,0.22349863,False,False
LAB2-0586,linezolid,service_failure,review required,smollm2-1.7b,deterministic_rules,review required,REVIEW_REQUIRED,0.55461465,0.2193337,False,False
LAB2-0586,linezolid,service_failure,review required,smollm2-1.7b,mcp_access_only,review required,REVIEW_REQUIRED,0.55461465,0.2193337,False,False
LAB2-0586,linezolid,service_failure,review required,smollm2-1.7b,confidence_abstention,review required,REVIEW_REQUIRED,0.55461465,0.2193337,False,False
LAB2-0586,linezolid,service_failure,review required,smollm2-1.7b,mcp_governed,review required,REVIEW_REQUIRED,0.55461465,0.2193337,False,False
LAB2-0587,linezolid,service_failure,review required,smollm2-1.7b,deterministic_rules,review required,REVIEW_REQUIRED,0.57213215,0.29055562,False,False
LAB2-0587,linezolid,service_failure,review required,smollm2-1.7b,mcp_access_only,review required,REVIEW_REQUIRED,0.57213215,0.29055562,False,False
LAB2-0587,linezolid,service_failure,review required,smollm2-1.7b,confidence_abstention,review required,REVIEW_REQUIRED,0.57213215,0.29055562,False,False
LAB2-0587,linezolid,service_failure,review required,smollm2-1.7b,mcp_governed,review required,REVIEW_REQUIRED,0.57213215,0.29055562,False,False
LAB2-0588,linezolid,service_failure,review required,smollm2-1.7b,deterministic_rules,review required,REVIEW_REQUIRED,0.57162872,0.28849939,False,False
LAB2-0588,linezolid,service_failure,review required,smollm2-1.7b,mcp_access_only,review required,REVIEW_REQUIRED,0.57162872,0.28849939,False,False
LAB2-0588,linezolid,service_failure,review required,smollm2-1.7b,confidence_abstention,review required,REVIEW_REQUIRED,0.57162872,0.28849939,False,False
LAB2-0588,linezolid,service_failure,review required,smollm2-1.7b,mcp_governed,review required,REVIEW_REQUIRED,0.57162872,0.28849939,False,False
LAB2-0601,divalproex sodium,clean,review required,smollm2-1.7b,deterministic_rules,review required,REVIEW_REQUIRED,0.57111606,0.2864061,False,False
LAB2-0601,divalproex sodium,clean,review required,smollm2-1.7b,mcp_access_only,review required,REVIEW_REQUIRED,0.57111606,0.2864061,False,False
LAB2-0601,divalproex sodium,clean,review required,smollm2-1.7b,confidence_abstention,review required,REVIEW_REQUIRED,0.57111606,0.2864061,False,False
LAB2-0601,divalproex sodium,clean,review required,smollm2-1.7b,mcp_governed,review required,REVIEW_REQUIRED,0.57111606,0.2864061,False,False
LAB2-0602,divalproex sodium,clean,review required,smollm2-1.7b,deterministic_rules,review required,REVIEW_REQUIRED,0.57103612,0.28607974,False,False
LAB2-0602,divalproex sodium,clean,review required,smollm2-1.7b,mcp_access_only,review required,REVIEW_REQUIRED,0.57103612,0.28607974,False,False
LAB2-0602,divalproex sodium,clean,review required,smollm2-1.7b,confidence_abstention,review required,REVIEW_REQUIRED,0.57103612,0.28607974,False,False
LAB2-0602,divalproex sodium,clean,review required,smollm2-1.7b,mcp_governed,review required,REVIEW_REQUIRED,0.57103612,0.28607974,False,False
LAB2-0603,divalproex sodium,clean,review required,smollm2-1.7b,deterministic_rules,review required,REVIEW_REQUIRED,0.57411137,0.29864552,False,False
LAB2-0603,divalproex sodium,clean,review required,smollm2-1.7b,mcp_access_only,review required,REVIEW_REQUIRED,0.57411137,0.29864552,False,False
LAB2-0603,divalproex sodium,clean,review required,smollm2-1.7b,confidence_abstention,review required,REVIEW_REQUIRED,0.57411137,0.29864552,False,False
LAB2-0603,divalproex sodium,clean,review required,smollm2-1.7b,mcp_governed,review required,REVIEW_REQUIRED,0.57411137,0.29864552,False,False
LAB2-0604,divalproex sodium,clean,review required,smollm2-1.7b,deterministic_rules,review required,REVIEW_REQUIRED,0.56969082,0.28058983,False,False
LAB2-0604,divalproex sodium,clean,review required,smollm2-1.7b,mcp_access_only,review required,REVIEW_REQUIRED,0.56969082,0.28058983,False,False
LAB2-0604,divalproex sodium,clean,review required,smollm2-1.7b,confidence_abstention,review required,REVIEW_REQUIRED,0.56969082,0.28058983,False,False
LAB2-0604,divalproex sodium,clean,review required,smollm2-1.7b,mcp_governed,review required,REVIEW_REQUIRED,0.56969082,0.28058983,False,False
LAB2-0605,divalproex sodium,clean,review required,smollm2-1.7b,deterministic_rules,review required,REVIEW_REQUIRED,0.57163592,0.2885288,False,False
LAB2-0605,divalproex sodium,clean,review required,smollm2-1.7b,mcp_access_only,review required,REVIEW_REQUIRED,0.57163592,0.2885288,False,False
LAB2-0605,divalproex sodium,clean,review required,smollm2-1.7b,confidence_abstention,review required,REVIEW_REQUIRED,0.57163592,0.2885288,False,False
LAB2-0605,divalproex sodium,clean,review required,smollm2-1.7b,mcp_governed,review required,REVIEW_REQUIRED,0.57163592,0.2885288,False,False
LAB2-0606,divalproex sodium,clean,review required,smollm2-1.7b,deterministic_rules,review required,REVIEW_REQUIRED,0.5690393,0.27793261,False,False
LAB2-0606,divalproex sodium,clean,review required,smollm2-1.7b,mcp_access_only,review required,REVIEW_REQUIRED,0.5690393,0.27793261,False,False
LAB2-0606,divalproex sodium,clean,review required,smollm2-1.7b,confidence_abstention,review required,REVIEW_REQUIRED,0.5690393,0.27793261,False,False
LAB2-0606,divalproex sodium,clean,review required,smollm2-1.7b,mcp_governed,review required,REVIEW_REQUIRED,0.5690393,0.27793261,False,False
LAB2-0607,divalproex sodium,clean,review required,smollm2-1.7b,deterministic_rules,review required,REVIEW_REQUIRED,0.57090989,0.28556446,False,False
LAB2-0607,divalproex sodium,clean,review required,smollm2-1.7b,mcp_access_only,review required,REVIEW_REQUIRED,0.57090989,0.28556446,False,False
LAB2-0607,divalproex sodium,clean,review required,smollm2-1.7b,confidence_abstention,review required,REVIEW_REQUIRED,0.57090989,0.28556446,False,False
LAB2-0607,divalproex sodium,clean,review required,smollm2-1.7b,mcp_governed,review required,REVIEW_REQUIRED,0.57090989,0.28556446,False,False
LAB2-0608,divalproex sodium,clean,review required,smollm2-1.7b,deterministic_rules,review required,REVIEW_REQUIRED,0.56182711,0.24858062,False,False
LAB2-0608,divalproex sodium,clean,review required,smollm2-1.7b,mcp_access_only,review required,REVIEW_REQUIRED,0.56182711,0.24858062,False,False
LAB2-0608,divalproex sodium,clean,review required,smollm2-1.7b,confidence_abstention,review required,REVIEW_REQUIRED,0.56182711,0.24858062,False,False
LAB2-0608,divalproex sodium,clean,review required,smollm2-1.7b,mcp_governed,review required,REVIEW_REQUIRED,0.56182711,0.24858062,False,False
LAB2-0609,divalproex sodium,clean,review required,smollm2-1.7b,deterministic_rules,review required,REVIEW_REQUIRED,0.5701295,0.28237954,False,False
LAB2-0609,divalproex sodium,clean,review required,smollm2-1.7b,mcp_access_only,review required,REVIEW_REQUIRED,0.5701295,0.28237954,False,False
LAB2-0609,divalproex sodium,clean,review required,smollm2-1.7b,confidence_abstention,review required,REVIEW_REQUIRED,0.5701295,0.28237954,False,False
LAB2-0609,divalproex sodium,clean,review required,smollm2-1.7b,mcp_governed,review required,REVIEW_REQUIRED,0.5701295,0.28237954,False,False
LAB2-0610,divalproex sodium,clean,review required,smollm2-1.7b,deterministic_rules,review required,REVIEW_REQUIRED,0.5681776,0.27441964,False,False
LAB2-0610,divalproex sodium,clean,review required,smollm2-1.7b,mcp_access_only,review required,REVIEW_REQUIRED,0.5681776,0.27441964,False,False
LAB2-0610,divalproex sodium,clean,review required,smollm2-1.7b,confidence_abstention,review required,REVIEW_REQUIRED,0.5681776,0.27441964,False,False
LAB2-0610,divalproex sodium,clean,review required,smollm2-1.7b,mcp_governed,review required,REVIEW_REQUIRED,0.5681776,0.27441964,False,False
LAB2-0611,divalproex sodium,clean,review required,smollm2-1.7b,deterministic_rules,review required,REVIEW_REQUIRED,0.5694454,0.27958875,False,False
LAB2-0611,divalproex sodium,clean,review required,smollm2-1.7b,mcp_access_only,review required,REVIEW_REQUIRED,0.5694454,0.27958875,False,False
LAB2-0611,divalproex sodium,clean,review required,smollm2-1.7b,confidence_abstention,review required,REVIEW_REQUIRED,0.5694454,0.27958875,False,False
LAB2-0611,divalproex sodium,clean,review required,smollm2-1.7b,mcp_governed,review required,REVIEW_REQUIRED,0.5694454,0.27958875,False,False
LAB2-0612,divalproex sodium,clean,review required,smollm2-1.7b,deterministic_rules,review required,REVIEW_REQUIRED,0.57113988,0.28650335,False,False
LAB2-0612,divalproex sodium,clean,review required,smollm2-1.7b,mcp_access_only,review required,REVIEW_REQUIRED,0.57113988,0.28650335,False,False
LAB2-0612,divalproex sodium,clean,review required,smollm2-1.7b,confidence_abstention,review required,REVIEW_REQUIRED,0.57113988,0.28650335,False,False
LAB2-0612,divalproex sodium,clean,review required,smollm2-1.7b,mcp_governed,review required,REVIEW_REQUIRED,0.57113988,0.28650335,False,False
LAB2-0613,divalproex sodium,clean,approved,smollm2-1.7b,deterministic_rules,approved,REVIEW_REQUIRED,0.57592366,0.30606164,False,False
LAB2-0613,divalproex sodium,clean,approved,smollm2-1.7b,mcp_access_only,review required,REVIEW_REQUIRED,0.57592366,0.30606164,False,False
LAB2-0613,divalproex sodium,clean,approved,smollm2-1.7b,confidence_abstention,review required,REVIEW_REQUIRED,0.57592366,0.30606164,False,False
LAB2-0613,divalproex sodium,clean,approved,smollm2-1.7b,mcp_governed,review required,REVIEW_REQUIRED,0.57592366,0.30606164,False,False
LAB2-0614,divalproex sodium,clean,approved,smollm2-1.7b,deterministic_rules,approved,REVIEW_REQUIRED,0.58227543,0.33212131,False,False
LAB2-0614,divalproex sodium,clean,approved,smollm2-1.7b,mcp_access_only,review required,REVIEW_REQUIRED,0.58227543,0.33212131,False,False
LAB2-0614,divalproex sodium,clean,approved,smollm2-1.7b,confidence_abstention,review required,REVIEW_REQUIRED,0.58227543,0.33212131,False,False
LAB2-0614,divalproex sodium,clean,approved,smollm2-1.7b,mcp_governed,review required,REVIEW_REQUIRED,0.58227543,0.33212131,False,False
LAB2-0615,divalproex sodium,clean,approved,smollm2-1.7b,deterministic_rules,approved,REVIEW_REQUIRED,0.57906846,0.31895051,False,False
LAB2-0615,divalproex sodium,clean,approved,smollm2-1.7b,mcp_access_only,review required,REVIEW_REQUIRED,0.57906846,0.31895051,False,False
LAB2-0615,divalproex sodium,clean,approved,smollm2-1.7b,confidence_abstention,review required,REVIEW_REQUIRED,0.57906846,0.31895051,False,False
LAB2-0615,divalproex sodium,clean,approved,smollm2-1.7b,mcp_governed,review required,REVIEW_REQUIRED,0.57906846,0.31895051,False,False
LAB2-0616,divalproex sodium,clean,approved,smollm2-1.7b,deterministic_rules,approved,REVIEW_REQUIRED,0.57707376,0.31077229,False,False
LAB2-0616,divalproex sodium,clean,approved,smollm2-1.7b,mcp_access_only,review required,REVIEW_REQUIRED,0.57707376,0.31077229,False,False
LAB2-0616,divalproex sodium,clean,approved,smollm2-1.7b,confidence_abstention,review required,REVIEW_REQUIRED,0.57707376,0.31077229,False,False
LAB2-0616,divalproex sodium,clean,approved,smollm2-1.7b,mcp_governed,review required,REVIEW_REQUIRED,0.57707376,0.31077229,False,False
LAB2-0617,divalproex sodium,clean,approved,smollm2-1.7b,deterministic_rules,approved,REVIEW_REQUIRED,0.57985881,0.32219382,False,False
LAB2-0617,divalproex sodium,clean,approved,smollm2-1.7b,mcp_access_only,review required,REVIEW_REQUIRED,0.57985881,0.32219382,False,False
LAB2-0617,divalproex sodium,clean,approved,smollm2-1.7b,confidence_abstention,review required,REVIEW_REQUIRED,0.57985881,0.32219382,False,False
LAB2-0617,divalproex sodium,clean,approved,smollm2-1.7b,mcp_governed,review required,REVIEW_REQUIRED,0.57985881,0.32219382,False,False
LAB2-0618,divalproex sodium,clean,approved,smollm2-1.7b,deterministic_rules,approved,REVIEW_REQUIRED,0.57985731,0.32218765,False,False
LAB2-0618,divalproex sodium,clean,approved,smollm2-1.7b,mcp_access_only,review required,REVIEW_REQUIRED,0.57985731,0.32218765,False,False
LAB2-0618,divalproex sodium,clean,approved,smollm2-1.7b,confidence_abstention,review required,REVIEW_REQUIRED,0.57985731,0.32218765,False,False
LAB2-0618,divalproex sodium,clean,approved,smollm2-1.7b,mcp_governed,review required,REVIEW_REQUIRED,0.57985731,0.32218765,False,False
LAB2-0619,divalproex sodium,clean,approved,smollm2-1.7b,deterministic_rules,approved,REVIEW_REQUIRED,0.58451554,0.34133815,False,False
LAB2-0619,divalproex sodium,clean,approved,smollm2-1.7b,mcp_access_only,review required,REVIEW_REQUIRED,0.58451554,0.34133815,False,False
LAB2-0619,divalproex sodium,clean,approved,smollm2-1.7b,confidence_abstention,review required,REVIEW_REQUIRED,0.58451554,0.34133815,False,False
LAB2-0619,divalproex sodium,clean,approved,smollm2-1.7b,mcp_governed,review required,REVIEW_REQUIRED,0.58451554,0.34133815,False,False
LAB2-0620,divalproex sodium,clean,approved,smollm2-1.7b,deterministic_rules,approved,REVIEW_REQUIRED,0.57684361,0.30982935,False,False
LAB2-0620,divalproex sodium,clean,approved,smollm2-1.7b,mcp_access_only,review required,REVIEW_REQUIRED,0.57684361,0.30982935,False,False
LAB2-0620,divalproex sodium,clean,approved,smollm2-1.7b,confidence_abstention,review required,REVIEW_REQUIRED,0.57684361,0.30982935,False,False
LAB2-0620,divalproex sodium,clean,approved,smollm2-1.7b,mcp_governed,review required,REVIEW_REQUIRED,0.57684361,0.30982935,False,False
LAB2-0621,divalproex sodium,clean,approved,smollm2-1.7b,deterministic_rules,approved,REVIEW_REQUIRED,0.57630806,0.3076357,False,False
LAB2-0621,divalproex sodium,clean,approved,smollm2-1.7b,mcp_access_only,review required,REVIEW_REQUIRED,0.57630806,0.3076357,False,False
LAB2-0621,divalproex sodium,clean,approved,smollm2-1.7b,confidence_abstention,review required,REVIEW_REQUIRED,0.57630806,0.3076357,False,False
LAB2-0621,divalproex sodium,clean,approved,smollm2-1.7b,mcp_governed,review required,REVIEW_REQUIRED,0.57630806,0.3076357,False,False
LAB2-0622,divalproex sodium,clean,approved,smollm2-1.7b,deterministic_rules,approved,REVIEW_REQUIRED,0.57696296,0.31031831,False,False
LAB2-0622,divalproex sodium,clean,approved,smollm2-1.7b,mcp_access_only,review required,REVIEW_REQUIRED,0.57696296,0.31031831,False,False
LAB2-0622,divalproex sodium,clean,approved,smollm2-1.7b,confidence_abstention,review required,REVIEW_REQUIRED,0.57696296,0.31031831,False,False
LAB2-0622,divalproex sodium,clean,approved,smollm2-1.7b,mcp_governed,review required,REVIEW_REQUIRED,0.57696296,0.31031831,False,False
LAB2-0623,divalproex sodium,clean,approved,smollm2-1.7b,deterministic_rules,approved,REVIEW_REQUIRED,0.58055948,0.32507052,False,False
LAB2-0623,divalproex sodium,clean,approved,smollm2-1.7b,mcp_access_only,review required,REVIEW_REQUIRED,0.58055948,0.32507052,False,False
LAB2-0623,divalproex sodium,clean,approved,smollm2-1.7b,confidence_abstention,review required,REVIEW_REQUIRED,0.58055948,0.32507052,False,False
LAB2-0623,divalproex sodium,clean,approved,smollm2-1.7b,mcp_governed,review required,REVIEW_REQUIRED,0.58055948,0.32507052,False,False
LAB2-0624,divalproex sodium,clean,approved,smollm2-1.7b,deterministic_rules,approved,REVIEW_REQUIRED,0.57727162,0.31158306,False,False
LAB2-0624,divalproex sodium,clean,approved,smollm2-1.7b,mcp_access_only,review required,REVIEW_REQUIRED,0.57727162,0.31158306,False,False
LAB2-0624,divalproex sodium,clean,approved,smollm2-1.7b,confidence_abstention,review required,REVIEW_REQUIRED,0.57727162,0.31158306,False,False
LAB2-0624,divalproex sodium,clean,approved,smollm2-1.7b,mcp_governed,review required,REVIEW_REQUIRED,0.57727162,0.31158306,False,False
LAB2-0625,divalproex sodium,missing,review required,smollm2-1.7b,deterministic_rules,review required,REVIEW_REQUIRED,0.59980546,0.40465461,False,False
LAB2-0625,divalproex sodium,missing,review required,smollm2-1.7b,mcp_access_only,review required,REVIEW_REQUIRED,0.59980546,0.40465461,False,False
LAB2-0625,divalproex sodium,missing,review required,smollm2-1.7b,confidence_abstention,review required,REVIEW_REQUIRED,0.59980546,0.40465461,False,False
LAB2-0625,divalproex sodium,missing,review required,smollm2-1.7b,mcp_governed,review required,REVIEW_REQUIRED,0.59980546,0.40465461,False,False
LAB2-0626,divalproex sodium,missing,review required,smollm2-1.7b,deterministic_rules,review required,REVIEW_REQUIRED,0.59801388,0.3971964,False,False
LAB2-0626,divalproex sodium,missing,review required,smollm2-1.7b,mcp_access_only,review required,REVIEW_REQUIRED,0.59801388,0.3971964,False,False
LAB2-0626,divalproex sodium,missing,review required,smollm2-1.7b,confidence_abstention,review required,REVIEW_REQUIRED,0.59801388,0.3971964,False,False
LAB2-0626,divalproex sodium,missing,review required,smollm2-1.7b,mcp_governed,review required,REVIEW_REQUIRED,0.59801388,0.3971964,False,False
LAB2-0627,divalproex sodium,missing,review required,smollm2-1.7b,deterministic_rules,review required,REVIEW_REQUIRED,0.5963031,0.39008474,False,False
LAB2-0627,divalproex sodium,missing,review required,smollm2-1.7b,mcp_access_only,review required,REVIEW_REQUIRED,0.5963031,0.39008474,False,False
LAB2-0627,divalproex sodium,missing,review required,smollm2-1.7b,confidence_abstention,review required,REVIEW_REQUIRED,0.5963031,0.39008474,False,False
LAB2-0627,divalproex sodium,missing,review required,smollm2-1.7b,mcp_governed,review required,REVIEW_REQUIRED,0.5963031,0.39008474,False,False
LAB2-0628,divalproex sodium,missing,review required,smollm2-1.7b,deterministic_rules,review required,REVIEW_REQUIRED,0.60018628,0.40624132,False,False
LAB2-0628,divalproex sodium,missing,review required,smollm2-1.7b,mcp_access_only,review required,REVIEW_REQUIRED,0.60018628,0.40624132,False,False
LAB2-0628,divalproex sodium,missing,review required,smollm2-1.7b,confidence_abstention,review required,REVIEW_REQUIRED,0.60018628,0.40624132,False,False
LAB2-0628,divalproex sodium,missing,review required,smollm2-1.7b,mcp_governed,review required,REVIEW_REQUIRED,0.60018628,0.40624132,False,False
LAB2-0629,divalproex sodium,stale,review required,smollm2-1.7b,deterministic_rules,review required,REVIEW_REQUIRED,0.56936747,0.27927093,False,False
LAB2-0629,divalproex sodium,stale,review required,smollm2-1.7b,mcp_access_only,review required,REVIEW_REQUIRED,0.56936747,0.27927093,False,False
LAB2-0629,divalproex sodium,stale,review required,smollm2-1.7b,confidence_abstention,review required,REVIEW_REQUIRED,0.56936747,0.27927093,False,False
LAB2-0629,divalproex sodium,stale,review required,smollm2-1.7b,mcp_governed,review required,REVIEW_REQUIRED,0.56936747,0.27927093,False,False
LAB2-0630,divalproex sodium,stale,review required,smollm2-1.7b,deterministic_rules,review required,REVIEW_REQUIRED,0.56715115,0.27023726,False,False
LAB2-0630,divalproex sodium,stale,review required,smollm2-1.7b,mcp_access_only,review required,REVIEW_REQUIRED,0.56715115,0.27023726,False,False
LAB2-0630,divalproex sodium,stale,review required,smollm2-1.7b,confidence_abstention,review required,REVIEW_REQUIRED,0.56715115,0.27023726,False,False
LAB2-0630,divalproex sodium,stale,review required,smollm2-1.7b,mcp_governed,review required,REVIEW_REQUIRED,0.56715115,0.27023726,False,False
LAB2-0631,divalproex sodium,stale,review required,smollm2-1.7b,deterministic_rules,review required,REVIEW_REQUIRED,0.57546262,0.30417421,False,False
LAB2-0631,divalproex sodium,stale,review required,smollm2-1.7b,mcp_access_only,review required,REVIEW_REQUIRED,0.57546262,0.30417421,False,False
LAB2-0631,divalproex sodium,stale,review required,smollm2-1.7b,confidence_abstention,review required,REVIEW_REQUIRED,0.57546262,0.30417421,False,False
LAB2-0631,divalproex sodium,stale,review required,smollm2-1.7b,mcp_governed,review required,REVIEW_REQUIRED,0.57546262,0.30417421,False,False
LAB2-0632,divalproex sodium,stale,review required,smollm2-1.7b,deterministic_rules,review required,REVIEW_REQUIRED,0.57554213,0.30449968,False,False
LAB2-0632,divalproex sodium,stale,review required,smollm2-1.7b,mcp_access_only,review required,REVIEW_REQUIRED,0.57554213,0.30449968,False,False
LAB2-0632,divalproex sodium,stale,review required,smollm2-1.7b,confidence_abstention,review required,REVIEW_REQUIRED,0.57554213,0.30449968,False,False
LAB2-0632,divalproex sodium,stale,review required,smollm2-1.7b,mcp_governed,review required,REVIEW_REQUIRED,0.57554213,0.30449968,False,False
LAB2-0633,divalproex sodium,unit_error,review required,smollm2-1.7b,deterministic_rules,review required,REVIEW_REQUIRED,0.56230214,0.25051047,False,False
LAB2-0633,divalproex sodium,unit_error,review required,smollm2-1.7b,mcp_access_only,review required,REVIEW_REQUIRED,0.56230214,0.25051047,False,False
LAB2-0633,divalproex sodium,unit_error,review required,smollm2-1.7b,confidence_abstention,review required,REVIEW_REQUIRED,0.56230214,0.25051047,False,False
LAB2-0633,divalproex sodium,unit_error,review required,smollm2-1.7b,mcp_governed,review required,REVIEW_REQUIRED,0.56230214,0.25051047,False,False
LAB2-0634,divalproex sodium,unit_error,review required,smollm2-1.7b,deterministic_rules,review required,REVIEW_REQUIRED,0.56228455,0.25043899,False,False
LAB2-0634,divalproex sodium,unit_error,review required,smollm2-1.7b,mcp_access_only,review required,REVIEW_REQUIRED,0.56228455,0.25043899,False,False
LAB2-0634,divalproex sodium,unit_error,review required,smollm2-1.7b,confidence_abstention,review required,REVIEW_REQUIRED,0.56228455,0.25043899,False,False
LAB2-0634,divalproex sodium,unit_error,review required,smollm2-1.7b,mcp_governed,review required,REVIEW_REQUIRED,0.56228455,0.25043899,False,False
LAB2-0635,divalproex sodium,unit_error,review required,smollm2-1.7b,deterministic_rules,review required,REVIEW_REQUIRED,0.56115822,0.24586396,False,False
LAB2-0635,divalproex sodium,unit_error,review required,smollm2-1.7b,mcp_access_only,review required,REVIEW_REQUIRED,0.56115822,0.24586396,False,False
LAB2-0635,divalproex sodium,unit_error,review required,smollm2-1.7b,confidence_abstention,review required,REVIEW_REQUIRED,0.56115822,0.24586396,False,False
LAB2-0635,divalproex sodium,unit_error,review required,smollm2-1.7b,mcp_governed,review required,REVIEW_REQUIRED,0.56115822,0.24586396,False,False
LAB2-0636,divalproex sodium,unit_error,review required,smollm2-1.7b,deterministic_rules,review required,REVIEW_REQUIRED,0.57308756,0.2944596,False,False
LAB2-0636,divalproex sodium,unit_error,review required,smollm2-1.7b,mcp_access_only,review required,REVIEW_REQUIRED,0.57308756,0.2944596,False,False
LAB2-0636,divalproex sodium,unit_error,review required,smollm2-1.7b,confidence_abstention,review required,REVIEW_REQUIRED,0.57308756,0.2944596,False,False
LAB2-0636,divalproex sodium,unit_error,review required,smollm2-1.7b,mcp_governed,review required,REVIEW_REQUIRED,0.57308756,0.2944596,False,False
LAB2-0637,divalproex sodium,conflict,review required,smollm2-1.7b,deterministic_rules,review required,REVIEW_REQUIRED,0.57218361,0.29076581,False,False
LAB2-0637,divalproex sodium,conflict,review required,smollm2-1.7b,mcp_access_only,review required,REVIEW_REQUIRED,0.57218361,0.29076581,False,False
LAB2-0637,divalproex sodium,conflict,review required,smollm2-1.7b,confidence_abstention,review required,REVIEW_REQUIRED,0.57218361,0.29076581,False,False
LAB2-0637,divalproex sodium,conflict,review required,smollm2-1.7b,mcp_governed,review required,REVIEW_REQUIRED,0.57218361,0.29076581,False,False
LAB2-0638,divalproex sodium,conflict,review required,smollm2-1.7b,deterministic_rules,review required,REVIEW_REQUIRED,0.56588827,0.26509469,False,False
LAB2-0638,divalproex sodium,conflict,review required,smollm2-1.7b,mcp_access_only,review required,REVIEW_REQUIRED,0.56588827,0.26509469,False,False
LAB2-0638,divalproex sodium,conflict,review required,smollm2-1.7b,confidence_abstention,review required,REVIEW_REQUIRED,0.56588827,0.26509469,False,False
LAB2-0638,divalproex sodium,conflict,review required,smollm2-1.7b,mcp_governed,review required,REVIEW_REQUIRED,0.56588827,0.26509469,False,False
LAB2-0639,divalproex sodium,conflict,review required,smollm2-1.7b,deterministic_rules,review required,REVIEW_REQUIRED,0.56734628,0.27103217,False,False
LAB2-0639,divalproex sodium,conflict,review required,smollm2-1.7b,mcp_access_only,review required,REVIEW_REQUIRED,0.56734628,0.27103217,False,False
LAB2-0639,divalproex sodium,conflict,review required,smollm2-1.7b,confidence_abstention,review required,REVIEW_REQUIRED,0.56734628,0.27103217,False,False
LAB2-0639,divalproex sodium,conflict,review required,smollm2-1.7b,mcp_governed,review required,REVIEW_REQUIRED,0.56734628,0.27103217,False,False
LAB2-0640,divalproex sodium,conflict,review required,smollm2-1.7b,deterministic_rules,review required,REVIEW_REQUIRED,0.57171471,0.28885056,False,False
LAB2-0640,divalproex sodium,conflict,review required,smollm2-1.7b,mcp_access_only,review required,REVIEW_REQUIRED,0.57171471,0.28885056,False,False
LAB2-0640,divalproex sodium,conflict,review required,smollm2-1.7b,confidence_abstention,review required,REVIEW_REQUIRED,0.57171471,0.28885056,False,False
LAB2-0640,divalproex sodium,conflict,review required,smollm2-1.7b,mcp_governed,review required,REVIEW_REQUIRED,0.57171471,0.28885056,False,False
LAB2-0641,divalproex sodium,wrong_encounter,review required,smollm2-1.7b,deterministic_rules,review required,REVIEW_REQUIRED,0.55658682,0.22732113,False,False
LAB2-0641,divalproex sodium,wrong_encounter,review required,smollm2-1.7b,mcp_access_only,review required,REVIEW_REQUIRED,0.55658682,0.22732113,False,False
LAB2-0641,divalproex sodium,wrong_encounter,review required,smollm2-1.7b,confidence_abstention,review required,REVIEW_REQUIRED,0.55658682,0.22732113,False,False
LAB2-0641,divalproex sodium,wrong_encounter,review required,smollm2-1.7b,mcp_governed,review required,REVIEW_REQUIRED,0.55658682,0.22732113,False,False
LAB2-0642,divalproex sodium,wrong_encounter,review required,smollm2-1.7b,deterministic_rules,review required,REVIEW_REQUIRED,0.55666075,0.22762069,False,False
LAB2-0642,divalproex sodium,wrong_encounter,review required,smollm2-1.7b,mcp_access_only,review required,REVIEW_REQUIRED,0.55666075,0.22762069,False,False
LAB2-0642,divalproex sodium,wrong_encounter,review required,smollm2-1.7b,confidence_abstention,review required,REVIEW_REQUIRED,0.55666075,0.22762069,False,False
LAB2-0642,divalproex sodium,wrong_encounter,review required,smollm2-1.7b,mcp_governed,review required,REVIEW_REQUIRED,0.55666075,0.22762069,False,False
LAB2-0643,divalproex sodium,wrong_encounter,review required,smollm2-1.7b,deterministic_rules,review required,REVIEW_REQUIRED,0.57232768,0.29135439,False,False
LAB2-0643,divalproex sodium,wrong_encounter,review required,smollm2-1.7b,mcp_access_only,review required,REVIEW_REQUIRED,0.57232768,0.29135439,False,False
LAB2-0643,divalproex sodium,wrong_encounter,review required,smollm2-1.7b,confidence_abstention,review required,REVIEW_REQUIRED,0.57232768,0.29135439,False,False
LAB2-0643,divalproex sodium,wrong_encounter,review required,smollm2-1.7b,mcp_governed,review required,REVIEW_REQUIRED,0.57232768,0.29135439,False,False
LAB2-0644,divalproex sodium,wrong_encounter,review required,smollm2-1.7b,deterministic_rules,review required,REVIEW_REQUIRED,0.57285897,0.29352531,False,False
LAB2-0644,divalproex sodium,wrong_encounter,review required,smollm2-1.7b,mcp_access_only,review required,REVIEW_REQUIRED,0.57285897,0.29352531,False,False
LAB2-0644,divalproex sodium,wrong_encounter,review required,smollm2-1.7b,confidence_abstention,review required,REVIEW_REQUIRED,0.57285897,0.29352531,False,False
LAB2-0644,divalproex sodium,wrong_encounter,review required,smollm2-1.7b,mcp_governed,review required,REVIEW_REQUIRED,0.57285897,0.29352531,False,False
LAB2-0645,divalproex sodium,service_failure,review required,smollm2-1.7b,deterministic_rules,review required,REVIEW_REQUIRED,0.57058204,0.28422626,False,False
LAB2-0645,divalproex sodium,service_failure,review required,smollm2-1.7b,mcp_access_only,review required,REVIEW_REQUIRED,0.57058204,0.28422626,False,False
LAB2-0645,divalproex sodium,service_failure,review required,smollm2-1.7b,confidence_abstention,review required,REVIEW_REQUIRED,0.57058204,0.28422626,False,False
LAB2-0645,divalproex sodium,service_failure,review required,smollm2-1.7b,mcp_governed,review required,REVIEW_REQUIRED,0.57058204,0.28422626,False,False
LAB2-0646,divalproex sodium,service_failure,review required,smollm2-1.7b,deterministic_rules,review required,REVIEW_REQUIRED,0.56410939,0.25785687,False,False
LAB2-0646,divalproex sodium,service_failure,review required,smollm2-1.7b,mcp_access_only,review required,REVIEW_REQUIRED,0.56410939,0.25785687,False,False
LAB2-0646,divalproex sodium,service_failure,review required,smollm2-1.7b,confidence_abstention,review required,REVIEW_REQUIRED,0.56410939,0.25785687,False,False
LAB2-0646,divalproex sodium,service_failure,review required,smollm2-1.7b,mcp_governed,review required,REVIEW_REQUIRED,0.56410939,0.25785687,False,False
LAB2-0647,divalproex sodium,service_failure,review required,smollm2-1.7b,deterministic_rules,review required,REVIEW_REQUIRED,0.57166183,0.2886346,False,False
LAB2-0647,divalproex sodium,service_failure,review required,smollm2-1.7b,mcp_access_only,review required,REVIEW_REQUIRED,0.57166183,0.2886346,False,False
LAB2-0647,divalproex sodium,service_failure,review required,smollm2-1.7b,confidence_abstention,review required,REVIEW_REQUIRED,0.57166183,0.2886346,False,False
LAB2-0647,divalproex sodium,service_failure,review required,smollm2-1.7b,mcp_governed,review required,REVIEW_REQUIRED,0.57166183,0.2886346,False,False
LAB2-0648,divalproex sodium,service_failure,review required,smollm2-1.7b,deterministic_rules,review required,REVIEW_REQUIRED,0.57008507,0.28219823,False,False
LAB2-0648,divalproex sodium,service_failure,review required,smollm2-1.7b,mcp_access_only,review required,REVIEW_REQUIRED,0.57008507,0.28219823,False,False
LAB2-0648,divalproex sodium,service_failure,review required,smollm2-1.7b,confidence_abstention,review required,REVIEW_REQUIRED,0.57008507,0.28219823,False,False
LAB2-0648,divalproex sodium,service_failure,review required,smollm2-1.7b,mcp_governed,review required,REVIEW_REQUIRED,0.57008507,0.28219823,False,False
LAB2-B-0049,ceftazidime,silent_plausible_substitution,review required,smollm2-1.7b,deterministic_rules,approved,REVIEW_REQUIRED,0.53372671,0.135112,False,False
LAB2-B-0049,ceftazidime,silent_plausible_substitution,review required,smollm2-1.7b,mcp_access_only,review required,REVIEW_REQUIRED,0.53372671,0.135112,False,False
LAB2-B-0049,ceftazidime,silent_plausible_substitution,review required,smollm2-1.7b,confidence_abstention,review required,REVIEW_REQUIRED,0.53372671,0.135112,False,False
LAB2-B-0049,ceftazidime,silent_plausible_substitution,review required,smollm2-1.7b,mcp_governed,review required,REVIEW_REQUIRED,0.53372671,0.135112,False,False
LAB2-B-0050,ceftazidime,silent_plausible_substitution,review required,smollm2-1.7b,deterministic_rules,approved,REVIEW_REQUIRED,0.52904034,0.11629225,False,False
LAB2-B-0050,ceftazidime,silent_plausible_substitution,review required,smollm2-1.7b,mcp_access_only,review required,REVIEW_REQUIRED,0.52904034,0.11629225,False,False
LAB2-B-0050,ceftazidime,silent_plausible_substitution,review required,smollm2-1.7b,confidence_abstention,review required,REVIEW_REQUIRED,0.52904034,0.11629225,False,False
LAB2-B-0050,ceftazidime,silent_plausible_substitution,review required,smollm2-1.7b,mcp_governed,review required,REVIEW_REQUIRED,0.52904034,0.11629225,False,False
LAB2-B-0051,ceftazidime,silent_plausible_substitution,review required,smollm2-1.7b,deterministic_rules,approved,REVIEW_REQUIRED,0.52875302,0.11513911,False,False
LAB2-B-0051,ceftazidime,silent_plausible_substitution,review required,smollm2-1.7b,mcp_access_only,review required,REVIEW_REQUIRED,0.52875302,0.11513911,False,False
LAB2-B-0051,ceftazidime,silent_plausible_substitution,review required,smollm2-1.7b,confidence_abstention,review required,REVIEW_REQUIRED,0.52875302,0.11513911,False,False
LAB2-B-0051,ceftazidime,silent_plausible_substitution,review required,smollm2-1.7b,mcp_governed,review required,REVIEW_REQUIRED,0.52875302,0.11513911,False,False
LAB2-B-0052,ceftazidime,silent_plausible_substitution,review required,smollm2-1.7b,deterministic_rules,approved,REVIEW_REQUIRED,0.52895916,0.11596643,False,False
LAB2-B-0052,ceftazidime,silent_plausible_substitution,review required,smollm2-1.7b,mcp_access_only,review required,REVIEW_REQUIRED,0.52895916,0.11596643,False,False
LAB2-B-0052,ceftazidime,silent_plausible_substitution,review required,smollm2-1.7b,confidence_abstention,review required,REVIEW_REQUIRED,0.52895916,0.11596643,False,False
LAB2-B-0052,ceftazidime,silent_plausible_substitution,review required,smollm2-1.7b,mcp_governed,review required,REVIEW_REQUIRED,0.52895916,0.11596643,False,False
LAB2-B-0053,ceftazidime,silent_plausible_substitution,review required,smollm2-1.7b,deterministic_rules,approved,REVIEW_REQUIRED,0.52923918,0.11709032,False,False
LAB2-B-0053,ceftazidime,silent_plausible_substitution,review required,smollm2-1.7b,mcp_access_only,review required,REVIEW_REQUIRED,0.52923918,0.11709032,False,False
LAB2-B-0053,ceftazidime,silent_plausible_substitution,review required,smollm2-1.7b,confidence_abstention,review required,REVIEW_REQUIRED,0.52923918,0.11709032,False,False
LAB2-B-0053,ceftazidime,silent_plausible_substitution,review required,smollm2-1.7b,mcp_governed,review required,REVIEW_REQUIRED,0.52923918,0.11709032,False,False
LAB2-B-0054,ceftazidime,silent_plausible_substitution,review required,smollm2-1.7b,deterministic_rules,approved,REVIEW_REQUIRED,0.52973541,0.11908217,False,False
LAB2-B-0054,ceftazidime,silent_plausible_substitution,review required,smollm2-1.7b,mcp_access_only,review required,REVIEW_REQUIRED,0.52973541,0.11908217,False,False
LAB2-B-0054,ceftazidime,silent_plausible_substitution,review required,smollm2-1.7b,confidence_abstention,review required,REVIEW_REQUIRED,0.52973541,0.11908217,False,False
LAB2-B-0054,ceftazidime,silent_plausible_substitution,review required,smollm2-1.7b,mcp_governed,review required,REVIEW_REQUIRED,0.52973541,0.11908217,False,False
LAB2-B-0055,ceftazidime,silent_plausible_substitution,review required,smollm2-1.7b,deterministic_rules,approved,REVIEW_REQUIRED,0.52627207,0.10518514,False,False
LAB2-B-0055,ceftazidime,silent_plausible_substitution,review required,smollm2-1.7b,mcp_access_only,review required,REVIEW_REQUIRED,0.52627207,0.10518514,False,False
LAB2-B-0055,ceftazidime,silent_plausible_substitution,review required,smollm2-1.7b,confidence_abstention,review required,REVIEW_REQUIRED,0.52627207,0.10518514,False,False
LAB2-B-0055,ceftazidime,silent_plausible_substitution,review required,smollm2-1.7b,mcp_governed,review required,REVIEW_REQUIRED,0.52627207,0.10518514,False,False
LAB2-B-0056,ceftazidime,silent_plausible_substitution,review required,smollm2-1.7b,deterministic_rules,approved,REVIEW_REQUIRED,0.52904285,0.11630232,False,False
LAB2-B-0056,ceftazidime,silent_plausible_substitution,review required,smollm2-1.7b,mcp_access_only,review required,REVIEW_REQUIRED,0.52904285,0.11630232,False,False
LAB2-B-0056,ceftazidime,silent_plausible_substitution,review required,smollm2-1.7b,confidence_abstention,review required,REVIEW_REQUIRED,0.52904285,0.11630232,False,False
LAB2-B-0056,ceftazidime,silent_plausible_substitution,review required,smollm2-1.7b,mcp_governed,review required,REVIEW_REQUIRED,0.52904285,0.11630232,False,False
LAB2-B-0057,ceftazidime,silent_plausible_substitution,review required,smollm2-1.7b,deterministic_rules,approved,REVIEW_REQUIRED,0.53108195,0.12448831,False,False
LAB2-B-0057,ceftazidime,silent_plausible_substitution,review required,smollm2-1.7b,mcp_access_only,review required,REVIEW_REQUIRED,0.53108195,0.12448831,False,False
LAB2-B-0057,ceftazidime,silent_plausible_substitution,review required,smollm2-1.7b,confidence_abstention,review required,REVIEW_REQUIRED,0.53108195,0.12448831,False,False
LAB2-B-0057,ceftazidime,silent_plausible_substitution,review required,smollm2-1.7b,mcp_governed,review required,REVIEW_REQUIRED,0.53108195,0.12448831,False,False
LAB2-B-0058,ceftazidime,silent_plausible_substitution,review required,smollm2-1.7b,deterministic_rules,approved,REVIEW_REQUIRED,0.53119893,0.12495806,False,False
LAB2-B-0058,ceftazidime,silent_plausible_substitution,review required,smollm2-1.7b,mcp_access_only,review required,REVIEW_REQUIRED,0.53119893,0.12495806,False,False
LAB2-B-0058,ceftazidime,silent_plausible_substitution,review required,smollm2-1.7b,confidence_abstention,review required,REVIEW_REQUIRED,0.53119893,0.12495806,False,False
LAB2-B-0058,ceftazidime,silent_plausible_substitution,review required,smollm2-1.7b,mcp_governed,review required,REVIEW_REQUIRED,0.53119893,0.12495806,False,False
LAB2-B-0059,ceftazidime,silent_plausible_substitution,review required,smollm2-1.7b,deterministic_rules,approved,REVIEW_REQUIRED,0.53240324,0.12979489,False,False
LAB2-B-0059,ceftazidime,silent_plausible_substitution,review required,smollm2-1.7b,mcp_access_only,review required,REVIEW_REQUIRED,0.53240324,0.12979489,False,False
LAB2-B-0059,ceftazidime,silent_plausible_substitution,review required,smollm2-1.7b,confidence_abstention,review required,REVIEW_REQUIRED,0.53240324,0.12979489,False,False
LAB2-B-0059,ceftazidime,silent_plausible_substitution,review required,smollm2-1.7b,mcp_governed,review required,REVIEW_REQUIRED,0.53240324,0.12979489,False,False
LAB2-B-0060,ceftazidime,silent_plausible_substitution,review required,smollm2-1.7b,deterministic_rules,approved,REVIEW_REQUIRED,0.52773092,0.11103762,False,False
LAB2-B-0060,ceftazidime,silent_plausible_substitution,review required,smollm2-1.7b,mcp_access_only,review required,REVIEW_REQUIRED,0.52773092,0.11103762,False,False
LAB2-B-0060,ceftazidime,silent_plausible_substitution,review required,smollm2-1.7b,confidence_abstention,review required,REVIEW_REQUIRED,0.52773092,0.11103762,False,False
LAB2-B-0060,ceftazidime,silent_plausible_substitution,review required,smollm2-1.7b,mcp_governed,review required,REVIEW_REQUIRED,0.52773092,0.11103762,False,False
LAB2-B-0109,metformin,silent_plausible_substitution,review required,smollm2-1.7b,deterministic_rules,approved,REVIEW_REQUIRED,0.56258498,0.25165977,False,False
LAB2-B-0109,metformin,silent_plausible_substitution,review required,smollm2-1.7b,mcp_access_only,review required,REVIEW_REQUIRED,0.56258498,0.25165977,False,False
LAB2-B-0109,metformin,silent_plausible_substitution,review required,smollm2-1.7b,confidence_abstention,review required,REVIEW_REQUIRED,0.56258498,0.25165977,False,False
LAB2-B-0109,metformin,silent_plausible_substitution,review required,smollm2-1.7b,mcp_governed,review required,REVIEW_REQUIRED,0.56258498,0.25165977,False,False
LAB2-B-0110,metformin,silent_plausible_substitution,review required,smollm2-1.7b,deterministic_rules,approved,REVIEW_REQUIRED,0.55912005,0.23759157,False,False
LAB2-B-0110,metformin,silent_plausible_substitution,review required,smollm2-1.7b,mcp_access_only,review required,REVIEW_REQUIRED,0.55912005,0.23759157,False,False
LAB2-B-0110,metformin,silent_plausible_substitution,review required,smollm2-1.7b,confidence_abstention,review required,REVIEW_REQUIRED,0.55912005,0.23759157,False,False
LAB2-B-0110,metformin,silent_plausible_substitution,review required,smollm2-1.7b,mcp_governed,review required,REVIEW_REQUIRED,0.55912005,0.23759157,False,False
LAB2-B-0111,metformin,silent_plausible_substitution,review required,smollm2-1.7b,deterministic_rules,approved,REVIEW_REQUIRED,0.56277896,0.25244807,False,False
LAB2-B-0111,metformin,silent_plausible_substitution,review required,smollm2-1.7b,mcp_access_only,review required,REVIEW_REQUIRED,0.56277896,0.25244807,False,False
LAB2-B-0111,metformin,silent_plausible_substitution,review required,smollm2-1.7b,confidence_abstention,review required,REVIEW_REQUIRED,0.56277896,0.25244807,False,False
LAB2-B-0111,metformin,silent_plausible_substitution,review required,smollm2-1.7b,mcp_governed,review required,REVIEW_REQUIRED,0.56277896,0.25244807,False,False
LAB2-B-0112,metformin,silent_plausible_substitution,review required,smollm2-1.7b,deterministic_rules,approved,REVIEW_REQUIRED,0.5568078,0.22821658,False,False
LAB2-B-0112,metformin,silent_plausible_substitution,review required,smollm2-1.7b,mcp_access_only,review required,REVIEW_REQUIRED,0.5568078,0.22821658,False,False
LAB2-B-0112,metformin,silent_plausible_substitution,review required,smollm2-1.7b,confidence_abstention,review required,REVIEW_REQUIRED,0.5568078,0.22821658,False,False
LAB2-B-0112,metformin,silent_plausible_substitution,review required,smollm2-1.7b,mcp_governed,review required,REVIEW_REQUIRED,0.5568078,0.22821658,False,False
LAB2-B-0113,metformin,silent_plausible_substitution,review required,smollm2-1.7b,deterministic_rules,approved,REVIEW_REQUIRED,0.55918347,0.23784886,False,False
LAB2-B-0113,metformin,silent_plausible_substitution,review required,smollm2-1.7b,mcp_access_only,review required,REVIEW_REQUIRED,0.55918347,0.23784886,False,False
LAB2-B-0113,metformin,silent_plausible_substitution,review required,smollm2-1.7b,confidence_abstention,review required,REVIEW_REQUIRED,0.55918347,0.23784886,False,False
LAB2-B-0113,metformin,silent_plausible_substitution,review required,smollm2-1.7b,mcp_governed,review required,REVIEW_REQUIRED,0.55918347,0.23784886,False,False
LAB2-B-0114,metformin,silent_plausible_substitution,review required,smollm2-1.7b,deterministic_rules,approved,REVIEW_REQUIRED,0.56175523,0.24828862,False,False
LAB2-B-0114,metformin,silent_plausible_substitution,review required,smollm2-1.7b,mcp_access_only,review required,REVIEW_REQUIRED,0.56175523,0.24828862,False,False
LAB2-B-0114,metformin,silent_plausible_substitution,review required,smollm2-1.7b,confidence_abstention,review required,REVIEW_REQUIRED,0.56175523,0.24828862,False,False
LAB2-B-0114,metformin,silent_plausible_substitution,review required,smollm2-1.7b,mcp_governed,review required,REVIEW_REQUIRED,0.56175523,0.24828862,False,False
LAB2-B-0115,metformin,silent_plausible_substitution,review required,smollm2-1.7b,deterministic_rules,approved,REVIEW_REQUIRED,0.55604982,0.22514554,False,False
LAB2-B-0115,metformin,silent_plausible_substitution,review required,smollm2-1.7b,mcp_access_only,review required,REVIEW_REQUIRED,0.55604982,0.22514554,False,False
LAB2-B-0115,metformin,silent_plausible_substitution,review required,smollm2-1.7b,confidence_abstention,review required,REVIEW_REQUIRED,0.55604982,0.22514554,False,False
LAB2-B-0115,metformin,silent_plausible_substitution,review required,smollm2-1.7b,mcp_governed,review required,REVIEW_REQUIRED,0.55604982,0.22514554,False,False
LAB2-B-0116,metformin,silent_plausible_substitution,review required,smollm2-1.7b,deterministic_rules,approved,REVIEW_REQUIRED,0.5608637,0.24466808,False,False
LAB2-B-0116,metformin,silent_plausible_substitution,review required,smollm2-1.7b,mcp_access_only,review required,REVIEW_REQUIRED,0.5608637,0.24466808,False,False
LAB2-B-0116,metformin,silent_plausible_substitution,review required,smollm2-1.7b,confidence_abstention,review required,REVIEW_REQUIRED,0.5608637,0.24466808,False,False
LAB2-B-0116,metformin,silent_plausible_substitution,review required,smollm2-1.7b,mcp_governed,review required,REVIEW_REQUIRED,0.5608637,0.24466808,False,False
LAB2-B-0117,metformin,silent_plausible_substitution,review required,smollm2-1.7b,deterministic_rules,approved,REVIEW_REQUIRED,0.55690648,0.22861645,False,False
LAB2-B-0117,metformin,silent_plausible_substitution,review required,smollm2-1.7b,mcp_access_only,review required,REVIEW_REQUIRED,0.55690648,0.22861645,False,False
LAB2-B-0117,metformin,silent_plausible_substitution,review required,smollm2-1.7b,confidence_abstention,review required,REVIEW_REQUIRED,0.55690648,0.22861645,False,False
LAB2-B-0117,metformin,silent_plausible_substitution,review required,smollm2-1.7b,mcp_governed,review required,REVIEW_REQUIRED,0.55690648,0.22861645,False,False
LAB2-B-0118,metformin,silent_plausible_substitution,review required,smollm2-1.7b,deterministic_rules,approved,REVIEW_REQUIRED,0.56076769,0.24427826,False,False
LAB2-B-0118,metformin,silent_plausible_substitution,review required,smollm2-1.7b,mcp_access_only,review required,REVIEW_REQUIRED,0.56076769,0.24427826,False,False
LAB2-B-0118,metformin,silent_plausible_substitution,review required,smollm2-1.7b,confidence_abstention,review required,REVIEW_REQUIRED,0.56076769,0.24427826,False,False
LAB2-B-0118,metformin,silent_plausible_substitution,review required,smollm2-1.7b,mcp_governed,review required,REVIEW_REQUIRED,0.56076769,0.24427826,False,False
LAB2-B-0119,metformin,silent_plausible_substitution,review required,smollm2-1.7b,deterministic_rules,approved,REVIEW_REQUIRED,0.55774821,0.23202822,False,False
LAB2-B-0119,metformin,silent_plausible_substitution,review required,smollm2-1.7b,mcp_access_only,review required,REVIEW_REQUIRED,0.55774821,0.23202822,False,False
LAB2-B-0119,metformin,silent_plausible_substitution,review required,smollm2-1.7b,confidence_abstention,review required,REVIEW_REQUIRED,0.55774821,0.23202822,False,False
LAB2-B-0119,metformin,silent_plausible_substitution,review required,smollm2-1.7b,mcp_governed,review required,REVIEW_REQUIRED,0.55774821,0.23202822,False,False
LAB2-B-0120,metformin,silent_plausible_substitution,review required,smollm2-1.7b,deterministic_rules,approved,REVIEW_REQUIRED,0.56008313,0.24149945,False,False
LAB2-B-0120,metformin,silent_plausible_substitution,review required,smollm2-1.7b,mcp_access_only,review required,REVIEW_REQUIRED,0.56008313,0.24149945,False,False
LAB2-B-0120,metformin,silent_plausible_substitution,review required,smollm2-1.7b,confidence_abstention,review required,REVIEW_REQUIRED,0.56008313,0.24149945,False,False
LAB2-B-0120,metformin,silent_plausible_substitution,review required,smollm2-1.7b,mcp_governed,review required,REVIEW_REQUIRED,0.56008313,0.24149945,False,False
LAB2-B-0169,enoxaparin,silent_plausible_substitution,review required,smollm2-1.7b,deterministic_rules,approved,REVIEW_REQUIRED,0.55349273,0.21479292,False,False
LAB2-B-0169,enoxaparin,silent_plausible_substitution,review required,smollm2-1.7b,mcp_access_only,review required,REVIEW_REQUIRED,0.55349273,0.21479292,False,False
LAB2-B-0169,enoxaparin,silent_plausible_substitution,review required,smollm2-1.7b,confidence_abstention,review required,REVIEW_REQUIRED,0.55349273,0.21479292,False,False
LAB2-B-0169,enoxaparin,silent_plausible_substitution,review required,smollm2-1.7b,mcp_governed,review required,REVIEW_REQUIRED,0.55349273,0.21479292,False,False
LAB2-B-0170,enoxaparin,silent_plausible_substitution,review required,smollm2-1.7b,deterministic_rules,approved,REVIEW_REQUIRED,0.55367701,0.21553863,False,False
LAB2-B-0170,enoxaparin,silent_plausible_substitution,review required,smollm2-1.7b,mcp_access_only,review required,REVIEW_REQUIRED,0.55367701,0.21553863,False,False
LAB2-B-0170,enoxaparin,silent_plausible_substitution,review required,smollm2-1.7b,confidence_abstention,review required,REVIEW_REQUIRED,0.55367701,0.21553863,False,False
LAB2-B-0170,enoxaparin,silent_plausible_substitution,review required,smollm2-1.7b,mcp_governed,review required,REVIEW_REQUIRED,0.55367701,0.21553863,False,False
LAB2-B-0171,enoxaparin,silent_plausible_substitution,review required,smollm2-1.7b,deterministic_rules,approved,REVIEW_REQUIRED,0.55528176,0.22203473,False,False
LAB2-B-0171,enoxaparin,silent_plausible_substitution,review required,smollm2-1.7b,mcp_access_only,review required,REVIEW_REQUIRED,0.55528176,0.22203473,False,False
LAB2-B-0171,enoxaparin,silent_plausible_substitution,review required,smollm2-1.7b,confidence_abstention,review required,REVIEW_REQUIRED,0.55528176,0.22203473,False,False
LAB2-B-0171,enoxaparin,silent_plausible_substitution,review required,smollm2-1.7b,mcp_governed,review required,REVIEW_REQUIRED,0.55528176,0.22203473,False,False
LAB2-B-0172,enoxaparin,silent_plausible_substitution,review required,smollm2-1.7b,deterministic_rules,approved,REVIEW_REQUIRED,0.55136348,0.20618125,False,False
LAB2-B-0172,enoxaparin,silent_plausible_substitution,review required,smollm2-1.7b,mcp_access_only,review required,REVIEW_REQUIRED,0.55136348,0.20618125,False,False
LAB2-B-0172,enoxaparin,silent_plausible_substitution,review required,smollm2-1.7b,confidence_abstention,review required,REVIEW_REQUIRED,0.55136348,0.20618125,False,False
LAB2-B-0172,enoxaparin,silent_plausible_substitution,review required,smollm2-1.7b,mcp_governed,review required,REVIEW_REQUIRED,0.55136348,0.20618125,False,False
LAB2-B-0173,enoxaparin,silent_plausible_substitution,review required,smollm2-1.7b,deterministic_rules,approved,REVIEW_REQUIRED,0.55225375,0.20978097,False,False
LAB2-B-0173,enoxaparin,silent_plausible_substitution,review required,smollm2-1.7b,mcp_access_only,review required,REVIEW_REQUIRED,0.55225375,0.20978097,False,False
LAB2-B-0173,enoxaparin,silent_plausible_substitution,review required,smollm2-1.7b,confidence_abstention,review required,REVIEW_REQUIRED,0.55225375,0.20978097,False,False
LAB2-B-0173,enoxaparin,silent_plausible_substitution,review required,smollm2-1.7b,mcp_governed,review required,REVIEW_REQUIRED,0.55225375,0.20978097,False,False
LAB2-B-0174,enoxaparin,silent_plausible_substitution,review required,smollm2-1.7b,deterministic_rules,approved,REVIEW_REQUIRED,0.55461771,0.21934606,False,False
LAB2-B-0174,enoxaparin,silent_plausible_substitution,review required,smollm2-1.7b,mcp_access_only,review required,REVIEW_REQUIRED,0.55461771,0.21934606,False,False
LAB2-B-0174,enoxaparin,silent_plausible_substitution,review required,smollm2-1.7b,confidence_abstention,review required,REVIEW_REQUIRED,0.55461771,0.21934606,False,False
LAB2-B-0174,enoxaparin,silent_plausible_substitution,review required,smollm2-1.7b,mcp_governed,review required,REVIEW_REQUIRED,0.55461771,0.21934606,False,False
LAB2-B-0175,enoxaparin,silent_plausible_substitution,review required,smollm2-1.7b,deterministic_rules,approved,REVIEW_REQUIRED,0.55382291,0.21612905,False,False
LAB2-B-0175,enoxaparin,silent_plausible_substitution,review required,smollm2-1.7b,mcp_access_only,review required,REVIEW_REQUIRED,0.55382291,0.21612905,False,False
LAB2-B-0175,enoxaparin,silent_plausible_substitution,review required,smollm2-1.7b,confidence_abstention,review required,REVIEW_REQUIRED,0.55382291,0.21612905,False,False
LAB2-B-0175,enoxaparin,silent_plausible_substitution,review required,smollm2-1.7b,mcp_governed,review required,REVIEW_REQUIRED,0.55382291,0.21612905,False,False
LAB2-B-0176,enoxaparin,silent_plausible_substitution,review required,smollm2-1.7b,deterministic_rules,approved,REVIEW_REQUIRED,0.55716021,0.22964477,False,False
LAB2-B-0176,enoxaparin,silent_plausible_substitution,review required,smollm2-1.7b,mcp_access_only,review required,REVIEW_REQUIRED,0.55716021,0.22964477,False,False
LAB2-B-0176,enoxaparin,silent_plausible_substitution,review required,smollm2-1.7b,confidence_abstention,review required,REVIEW_REQUIRED,0.55716021,0.22964477,False,False
LAB2-B-0176,enoxaparin,silent_plausible_substitution,review required,smollm2-1.7b,mcp_governed,review required,REVIEW_REQUIRED,0.55716021,0.22964477,False,False
LAB2-B-0177,enoxaparin,silent_plausible_substitution,review required,smollm2-1.7b,deterministic_rules,approved,REVIEW_REQUIRED,0.5527276,0.21169749,False,False
LAB2-B-0177,enoxaparin,silent_plausible_substitution,review required,smollm2-1.7b,mcp_access_only,review required,REVIEW_REQUIRED,0.5527276,0.21169749,False,False
LAB2-B-0177,enoxaparin,silent_plausible_substitution,review required,smollm2-1.7b,confidence_abstention,review required,REVIEW_REQUIRED,0.5527276,0.21169749,False,False
LAB2-B-0177,enoxaparin,silent_plausible_substitution,review required,smollm2-1.7b,mcp_governed,review required,REVIEW_REQUIRED,0.5527276,0.21169749,False,False
LAB2-B-0178,enoxaparin,silent_plausible_substitution,review required,smollm2-1.7b,deterministic_rules,approved,REVIEW_REQUIRED,0.55455135,0.21907742,False,False
LAB2-B-0178,enoxaparin,silent_plausible_substitution,review required,smollm2-1.7b,mcp_access_only,review required,REVIEW_REQUIRED,0.55455135,0.21907742,False,False
LAB2-B-0178,enoxaparin,silent_plausible_substitution,review required,smollm2-1.7b,confidence_abstention,review required,REVIEW_REQUIRED,0.55455135,0.21907742,False,False
LAB2-B-0178,enoxaparin,silent_plausible_substitution,review required,smollm2-1.7b,mcp_governed,review required,REVIEW_REQUIRED,0.55455135,0.21907742,False,False
LAB2-B-0179,enoxaparin,silent_plausible_substitution,review required,smollm2-1.7b,deterministic_rules,approved,REVIEW_REQUIRED,0.55365256,0.21543968,False,False
LAB2-B-0179,enoxaparin,silent_plausible_substitution,review required,smollm2-1.7b,mcp_access_only,review required,REVIEW_REQUIRED,0.55365256,0.21543968,False,False
LAB2-B-0179,enoxaparin,silent_plausible_substitution,review required,smollm2-1.7b,confidence_abstention,review required,REVIEW_REQUIRED,0.55365256,0.21543968,False,False
LAB2-B-0179,enoxaparin,silent_plausible_substitution,review required,smollm2-1.7b,mcp_governed,review required,REVIEW_REQUIRED,0.55365256,0.21543968,False,False
LAB2-B-0180,enoxaparin,silent_plausible_substitution,review required,smollm2-1.7b,deterministic_rules,approved,REVIEW_REQUIRED,0.55166952,0.20741855,False,False
LAB2-B-0180,enoxaparin,silent_plausible_substitution,review required,smollm2-1.7b,mcp_access_only,review required,REVIEW_REQUIRED,0.55166952,0.20741855,False,False
LAB2-B-0180,enoxaparin,silent_plausible_substitution,review required,smollm2-1.7b,confidence_abstention,review required,REVIEW_REQUIRED,0.55166952,0.20741855,False,False
LAB2-B-0180,enoxaparin,silent_plausible_substitution,review required,smollm2-1.7b,mcp_governed,review required,REVIEW_REQUIRED,0.55166952,0.20741855,False,False
LAB2-B-0229,gabapentin,silent_plausible_substitution,review required,smollm2-1.7b,deterministic_rules,approved,REVIEW_REQUIRED,0.5792349,0.31963336,False,False
LAB2-B-0229,gabapentin,silent_plausible_substitution,review required,smollm2-1.7b,mcp_access_only,review required,REVIEW_REQUIRED,0.5792349,0.31963336,False,False
LAB2-B-0229,gabapentin,silent_plausible_substitution,review required,smollm2-1.7b,confidence_abstention,review required,REVIEW_REQUIRED,0.5792349,0.31963336,False,False
LAB2-B-0229,gabapentin,silent_plausible_substitution,review required,smollm2-1.7b,mcp_governed,review required,REVIEW_REQUIRED,0.5792349,0.31963336,False,False
LAB2-B-0230,gabapentin,silent_plausible_substitution,review required,smollm2-1.7b,deterministic_rules,approved,REVIEW_REQUIRED,0.58163643,0.32949472,False,False
LAB2-B-0230,gabapentin,silent_plausible_substitution,review required,smollm2-1.7b,mcp_access_only,review required,REVIEW_REQUIRED,0.58163643,0.32949472,False,False
LAB2-B-0230,gabapentin,silent_plausible_substitution,review required,smollm2-1.7b,confidence_abstention,review required,REVIEW_REQUIRED,0.58163643,0.32949472,False,False
LAB2-B-0230,gabapentin,silent_plausible_substitution,review required,smollm2-1.7b,mcp_governed,review required,REVIEW_REQUIRED,0.58163643,0.32949472,False,False
LAB2-B-0231,gabapentin,silent_plausible_substitution,review required,smollm2-1.7b,deterministic_rules,approved,REVIEW_REQUIRED,0.58059316,0.32520883,False,False
LAB2-B-0231,gabapentin,silent_plausible_substitution,review required,smollm2-1.7b,mcp_access_only,review required,REVIEW_REQUIRED,0.58059316,0.32520883,False,False
LAB2-B-0231,gabapentin,silent_plausible_substitution,review required,smollm2-1.7b,confidence_abstention,review required,REVIEW_REQUIRED,0.58059316,0.32520883,False,False
LAB2-B-0231,gabapentin,silent_plausible_substitution,review required,smollm2-1.7b,mcp_governed,review required,REVIEW_REQUIRED,0.58059316,0.32520883,False,False
LAB2-B-0232,gabapentin,silent_plausible_substitution,review required,smollm2-1.7b,deterministic_rules,approved,REVIEW_REQUIRED,0.58404679,0.33940832,False,False
LAB2-B-0232,gabapentin,silent_plausible_substitution,review required,smollm2-1.7b,mcp_access_only,review required,REVIEW_REQUIRED,0.58404679,0.33940832,False,False
LAB2-B-0232,gabapentin,silent_plausible_substitution,review required,smollm2-1.7b,confidence_abstention,review required,REVIEW_REQUIRED,0.58404679,0.33940832,False,False
LAB2-B-0232,gabapentin,silent_plausible_substitution,review required,smollm2-1.7b,mcp_governed,review required,REVIEW_REQUIRED,0.58404679,0.33940832,False,False
LAB2-B-0233,gabapentin,silent_plausible_substitution,review required,smollm2-1.7b,deterministic_rules,approved,REVIEW_REQUIRED,0.58397547,0.33911473,False,False
LAB2-B-0233,gabapentin,silent_plausible_substitution,review required,smollm2-1.7b,mcp_access_only,review required,REVIEW_REQUIRED,0.58397547,0.33911473,False,False
LAB2-B-0233,gabapentin,silent_plausible_substitution,review required,smollm2-1.7b,confidence_abstention,review required,REVIEW_REQUIRED,0.58397547,0.33911473,False,False
LAB2-B-0233,gabapentin,silent_plausible_substitution,review required,smollm2-1.7b,mcp_governed,review required,REVIEW_REQUIRED,0.58397547,0.33911473,False,False
LAB2-B-0234,gabapentin,silent_plausible_substitution,review required,smollm2-1.7b,deterministic_rules,approved,REVIEW_REQUIRED,0.58110173,0.32729775,False,False
LAB2-B-0234,gabapentin,silent_plausible_substitution,review required,smollm2-1.7b,mcp_access_only,review required,REVIEW_REQUIRED,0.58110173,0.32729775,False,False
LAB2-B-0234,gabapentin,silent_plausible_substitution,review required,smollm2-1.7b,confidence_abstention,review required,REVIEW_REQUIRED,0.58110173,0.32729775,False,False
LAB2-B-0234,gabapentin,silent_plausible_substitution,review required,smollm2-1.7b,mcp_governed,review required,REVIEW_REQUIRED,0.58110173,0.32729775,False,False
LAB2-B-0235,gabapentin,silent_plausible_substitution,review required,smollm2-1.7b,deterministic_rules,approved,REVIEW_REQUIRED,0.58332531,0.33643924,False,False
LAB2-B-0235,gabapentin,silent_plausible_substitution,review required,smollm2-1.7b,mcp_access_only,review required,REVIEW_REQUIRED,0.58332531,0.33643924,False,False
LAB2-B-0235,gabapentin,silent_plausible_substitution,review required,smollm2-1.7b,confidence_abstention,review required,REVIEW_REQUIRED,0.58332531,0.33643924,False,False
LAB2-B-0235,gabapentin,silent_plausible_substitution,review required,smollm2-1.7b,mcp_governed,review required,REVIEW_REQUIRED,0.58332531,0.33643924,False,False
LAB2-B-0236,gabapentin,silent_plausible_substitution,review required,smollm2-1.7b,deterministic_rules,approved,REVIEW_REQUIRED,0.58192648,0.33068684,False,False
LAB2-B-0236,gabapentin,silent_plausible_substitution,review required,smollm2-1.7b,mcp_access_only,review required,REVIEW_REQUIRED,0.58192648,0.33068684,False,False
LAB2-B-0236,gabapentin,silent_plausible_substitution,review required,smollm2-1.7b,confidence_abstention,review required,REVIEW_REQUIRED,0.58192648,0.33068684,False,False
LAB2-B-0236,gabapentin,silent_plausible_substitution,review required,smollm2-1.7b,mcp_governed,review required,REVIEW_REQUIRED,0.58192648,0.33068684,False,False
LAB2-B-0237,gabapentin,silent_plausible_substitution,review required,smollm2-1.7b,deterministic_rules,approved,REVIEW_REQUIRED,0.58756083,0.35389104,False,False
LAB2-B-0237,gabapentin,silent_plausible_substitution,review required,smollm2-1.7b,mcp_access_only,review required,REVIEW_REQUIRED,0.58756083,0.35389104,False,False
LAB2-B-0237,gabapentin,silent_plausible_substitution,review required,smollm2-1.7b,confidence_abstention,review required,REVIEW_REQUIRED,0.58756083,0.35389104,False,False
LAB2-B-0237,gabapentin,silent_plausible_substitution,review required,smollm2-1.7b,mcp_governed,review required,REVIEW_REQUIRED,0.58756083,0.35389104,False,False
LAB2-B-0238,gabapentin,silent_plausible_substitution,review required,smollm2-1.7b,deterministic_rules,approved,REVIEW_REQUIRED,0.58396615,0.33907641,False,False
LAB2-B-0238,gabapentin,silent_plausible_substitution,review required,smollm2-1.7b,mcp_access_only,review required,REVIEW_REQUIRED,0.58396615,0.33907641,False,False
LAB2-B-0238,gabapentin,silent_plausible_substitution,review required,smollm2-1.7b,confidence_abstention,review required,REVIEW_REQUIRED,0.58396615,0.33907641,False,False
LAB2-B-0238,gabapentin,silent_plausible_substitution,review required,smollm2-1.7b,mcp_governed,review required,REVIEW_REQUIRED,0.58396615,0.33907641,False,False
LAB2-B-0239,gabapentin,silent_plausible_substitution,review required,smollm2-1.7b,deterministic_rules,approved,REVIEW_REQUIRED,0.5824529,0.33285097,False,False
LAB2-B-0239,gabapentin,silent_plausible_substitution,review required,smollm2-1.7b,mcp_access_only,review required,REVIEW_REQUIRED,0.5824529,0.33285097,False,False
LAB2-B-0239,gabapentin,silent_plausible_substitution,review required,smollm2-1.7b,confidence_abstention,review required,REVIEW_REQUIRED,0.5824529,0.33285097,False,False
LAB2-B-0239,gabapentin,silent_plausible_substitution,review required,smollm2-1.7b,mcp_governed,review required,REVIEW_REQUIRED,0.5824529,0.33285097,False,False
LAB2-B-0240,gabapentin,silent_plausible_substitution,review required,smollm2-1.7b,deterministic_rules,approved,REVIEW_REQUIRED,0.58291006,0.33473102,False,False
LAB2-B-0240,gabapentin,silent_plausible_substitution,review required,smollm2-1.7b,mcp_access_only,review required,REVIEW_REQUIRED,0.58291006,0.33473102,False,False
LAB2-B-0240,gabapentin,silent_plausible_substitution,review required,smollm2-1.7b,confidence_abstention,review required,REVIEW_REQUIRED,0.58291006,0.33473102,False,False
LAB2-B-0240,gabapentin,silent_plausible_substitution,review required,smollm2-1.7b,mcp_governed,review required,REVIEW_REQUIRED,0.58291006,0.33473102,False,False
LAB2-B-0289,dofetilide,silent_plausible_substitution,review required,smollm2-1.7b,deterministic_rules,approved,REVIEW_REQUIRED,0.55770319,0.23184574,False,False
LAB2-B-0289,dofetilide,silent_plausible_substitution,review required,smollm2-1.7b,mcp_access_only,review required,REVIEW_REQUIRED,0.55770319,0.23184574,False,False
LAB2-B-0289,dofetilide,silent_plausible_substitution,review required,smollm2-1.7b,confidence_abstention,review required,REVIEW_REQUIRED,0.55770319,0.23184574,False,False
LAB2-B-0289,dofetilide,silent_plausible_substitution,review required,smollm2-1.7b,mcp_governed,review required,REVIEW_REQUIRED,0.55770319,0.23184574,False,False
LAB2-B-0290,dofetilide,silent_plausible_substitution,review required,smollm2-1.7b,deterministic_rules,approved,REVIEW_REQUIRED,0.57716901,0.3111626,False,False
LAB2-B-0290,dofetilide,silent_plausible_substitution,review required,smollm2-1.7b,mcp_access_only,review required,REVIEW_REQUIRED,0.57716901,0.3111626,False,False
LAB2-B-0290,dofetilide,silent_plausible_substitution,review required,smollm2-1.7b,confidence_abstention,review required,REVIEW_REQUIRED,0.57716901,0.3111626,False,False
LAB2-B-0290,dofetilide,silent_plausible_substitution,review required,smollm2-1.7b,mcp_governed,review required,REVIEW_REQUIRED,0.57716901,0.3111626,False,False
LAB2-B-0291,dofetilide,silent_plausible_substitution,review required,smollm2-1.7b,deterministic_rules,approved,REVIEW_REQUIRED,0.5742359,0.29915484,False,False
LAB2-B-0291,dofetilide,silent_plausible_substitution,review required,smollm2-1.7b,mcp_access_only,review required,REVIEW_REQUIRED,0.5742359,0.29915484,False,False
LAB2-B-0291,dofetilide,silent_plausible_substitution,review required,smollm2-1.7b,confidence_abstention,review required,REVIEW_REQUIRED,0.5742359,0.29915484,False,False
LAB2-B-0291,dofetilide,silent_plausible_substitution,review required,smollm2-1.7b,mcp_governed,review required,REVIEW_REQUIRED,0.5742359,0.29915484,False,False
LAB2-B-0292,dofetilide,silent_plausible_substitution,review required,smollm2-1.7b,deterministic_rules,approved,REVIEW_REQUIRED,0.55987283,0.24064598,False,False
LAB2-B-0292,dofetilide,silent_plausible_substitution,review required,smollm2-1.7b,mcp_access_only,review required,REVIEW_REQUIRED,0.55987283,0.24064598,False,False
LAB2-B-0292,dofetilide,silent_plausible_substitution,review required,smollm2-1.7b,confidence_abstention,review required,REVIEW_REQUIRED,0.55987283,0.24064598,False,False
LAB2-B-0292,dofetilide,silent_plausible_substitution,review required,smollm2-1.7b,mcp_governed,review required,REVIEW_REQUIRED,0.55987283,0.24064598,False,False
LAB2-B-0293,dofetilide,silent_plausible_substitution,review required,smollm2-1.7b,deterministic_rules,approved,REVIEW_REQUIRED,0.57663456,0.30897298,False,False
LAB2-B-0293,dofetilide,silent_plausible_substitution,review required,smollm2-1.7b,mcp_access_only,review required,REVIEW_REQUIRED,0.57663456,0.30897298,False,False
LAB2-B-0293,dofetilide,silent_plausible_substitution,review required,smollm2-1.7b,confidence_abstention,review required,REVIEW_REQUIRED,0.57663456,0.30897298,False,False
LAB2-B-0293,dofetilide,silent_plausible_substitution,review required,smollm2-1.7b,mcp_governed,review required,REVIEW_REQUIRED,0.57663456,0.30897298,False,False
LAB2-B-0294,dofetilide,silent_plausible_substitution,review required,smollm2-1.7b,deterministic_rules,approved,REVIEW_REQUIRED,0.56451669,0.25951348,False,False
LAB2-B-0294,dofetilide,silent_plausible_substitution,review required,smollm2-1.7b,mcp_access_only,review required,REVIEW_REQUIRED,0.56451669,0.25951348,False,False
LAB2-B-0294,dofetilide,silent_plausible_substitution,review required,smollm2-1.7b,confidence_abstention,review required,REVIEW_REQUIRED,0.56451669,0.25951348,False,False
LAB2-B-0294,dofetilide,silent_plausible_substitution,review required,smollm2-1.7b,mcp_governed,review required,REVIEW_REQUIRED,0.56451669,0.25951348,False,False
LAB2-B-0295,dofetilide,silent_plausible_substitution,review required,smollm2-1.7b,deterministic_rules,approved,REVIEW_REQUIRED,0.56658532,0.26793272,False,False
LAB2-B-0295,dofetilide,silent_plausible_substitution,review required,smollm2-1.7b,mcp_access_only,review required,REVIEW_REQUIRED,0.56658532,0.26793272,False,False
LAB2-B-0295,dofetilide,silent_plausible_substitution,review required,smollm2-1.7b,confidence_abstention,review required,REVIEW_REQUIRED,0.56658532,0.26793272,False,False
LAB2-B-0295,dofetilide,silent_plausible_substitution,review required,smollm2-1.7b,mcp_governed,review required,REVIEW_REQUIRED,0.56658532,0.26793272,False,False
LAB2-B-0296,dofetilide,silent_plausible_substitution,review required,smollm2-1.7b,deterministic_rules,approved,REVIEW_REQUIRED,0.56229629,0.25048671,False,False
LAB2-B-0296,dofetilide,silent_plausible_substitution,review required,smollm2-1.7b,mcp_access_only,review required,REVIEW_REQUIRED,0.56229629,0.25048671,False,False
LAB2-B-0296,dofetilide,silent_plausible_substitution,review required,smollm2-1.7b,confidence_abstention,review required,REVIEW_REQUIRED,0.56229629,0.25048671,False,False
LAB2-B-0296,dofetilide,silent_plausible_substitution,review required,smollm2-1.7b,mcp_governed,review required,REVIEW_REQUIRED,0.56229629,0.25048671,False,False
LAB2-B-0297,dofetilide,silent_plausible_substitution,review required,smollm2-1.7b,deterministic_rules,approved,REVIEW_REQUIRED,0.56234836,0.25069828,False,False
LAB2-B-0297,dofetilide,silent_plausible_substitution,review required,smollm2-1.7b,mcp_access_only,review required,REVIEW_REQUIRED,0.56234836,0.25069828,False,False
LAB2-B-0297,dofetilide,silent_plausible_substitution,review required,smollm2-1.7b,confidence_abstention,review required,REVIEW_REQUIRED,0.56234836,0.25069828,False,False
LAB2-B-0297,dofetilide,silent_plausible_substitution,review required,smollm2-1.7b,mcp_governed,review required,REVIEW_REQUIRED,0.56234836,0.25069828,False,False
LAB2-B-0298,dofetilide,silent_plausible_substitution,review required,smollm2-1.7b,deterministic_rules,approved,REVIEW_REQUIRED,0.57460514,0.30066528,False,False
LAB2-B-0298,dofetilide,silent_plausible_substitution,review required,smollm2-1.7b,mcp_access_only,review required,REVIEW_REQUIRED,0.57460514,0.30066528,False,False
LAB2-B-0298,dofetilide,silent_plausible_substitution,review required,smollm2-1.7b,confidence_abstention,review required,REVIEW_REQUIRED,0.57460514,0.30066528,False,False
LAB2-B-0298,dofetilide,silent_plausible_substitution,review required,smollm2-1.7b,mcp_governed,review required,REVIEW_REQUIRED,0.57460514,0.30066528,False,False
LAB2-B-0299,dofetilide,silent_plausible_substitution,review required,smollm2-1.7b,deterministic_rules,approved,REVIEW_REQUIRED,0.56409708,0.25780679,False,False
LAB2-B-0299,dofetilide,silent_plausible_substitution,review required,smollm2-1.7b,mcp_access_only,review required,REVIEW_REQUIRED,0.56409708,0.25780679,False,False
LAB2-B-0299,dofetilide,silent_plausible_substitution,review required,smollm2-1.7b,confidence_abstention,review required,REVIEW_REQUIRED,0.56409708,0.25780679,False,False
LAB2-B-0299,dofetilide,silent_plausible_substitution,review required,smollm2-1.7b,mcp_governed,review required,REVIEW_REQUIRED,0.56409708,0.25780679,False,False
LAB2-B-0300,dofetilide,silent_plausible_substitution,review required,smollm2-1.7b,deterministic_rules,approved,REVIEW_REQUIRED,0.56632653,0.26687895,False,False
LAB2-B-0300,dofetilide,silent_plausible_substitution,review required,smollm2-1.7b,mcp_access_only,review required,REVIEW_REQUIRED,0.56632653,0.26687895,False,False
LAB2-B-0300,dofetilide,silent_plausible_substitution,review required,smollm2-1.7b,confidence_abstention,review required,REVIEW_REQUIRED,0.56632653,0.26687895,False,False
LAB2-B-0300,dofetilide,silent_plausible_substitution,review required,smollm2-1.7b,mcp_governed,review required,REVIEW_REQUIRED,0.56632653,0.26687895,False,False
LAB2-B-0349,spironolactone,silent_plausible_substitution,review required,smollm2-1.7b,deterministic_rules,approved,REVIEW_REQUIRED,0.55890191,0.23670672,False,False
LAB2-B-0349,spironolactone,silent_plausible_substitution,review required,smollm2-1.7b,mcp_access_only,review required,REVIEW_REQUIRED,0.55890191,0.23670672,False,False
LAB2-B-0349,spironolactone,silent_plausible_substitution,review required,smollm2-1.7b,confidence_abstention,review required,REVIEW_REQUIRED,0.55890191,0.23670672,False,False
LAB2-B-0349,spironolactone,silent_plausible_substitution,review required,smollm2-1.7b,mcp_governed,review required,REVIEW_REQUIRED,0.55890191,0.23670672,False,False
LAB2-B-0350,spironolactone,silent_plausible_substitution,review required,smollm2-1.7b,deterministic_rules,approved,REVIEW_REQUIRED,0.55556969,0.22320081,False,False
LAB2-B-0350,spironolactone,silent_plausible_substitution,review required,smollm2-1.7b,mcp_access_only,review required,REVIEW_REQUIRED,0.55556969,0.22320081,False,False
LAB2-B-0350,spironolactone,silent_plausible_substitution,review required,smollm2-1.7b,confidence_abstention,review required,REVIEW_REQUIRED,0.55556969,0.22320081,False,False
LAB2-B-0350,spironolactone,silent_plausible_substitution,review required,smollm2-1.7b,mcp_governed,review required,REVIEW_REQUIRED,0.55556969,0.22320081,False,False
LAB2-B-0351,spironolactone,silent_plausible_substitution,review required,smollm2-1.7b,deterministic_rules,approved,REVIEW_REQUIRED,0.55505611,0.22112104,False,False
LAB2-B-0351,spironolactone,silent_plausible_substitution,review required,smollm2-1.7b,mcp_access_only,review required,REVIEW_REQUIRED,0.55505611,0.22112104,False,False
LAB2-B-0351,spironolactone,silent_plausible_substitution,review required,smollm2-1.7b,confidence_abstention,review required,REVIEW_REQUIRED,0.55505611,0.22112104,False,False
LAB2-B-0351,spironolactone,silent_plausible_substitution,review required,smollm2-1.7b,mcp_governed,review required,REVIEW_REQUIRED,0.55505611,0.22112104,False,False
LAB2-B-0352,spironolactone,silent_plausible_substitution,review required,smollm2-1.7b,deterministic_rules,approved,REVIEW_REQUIRED,0.55564237,0.22349516,False,False
LAB2-B-0352,spironolactone,silent_plausible_substitution,review required,smollm2-1.7b,mcp_access_only,review required,REVIEW_REQUIRED,0.55564237,0.22349516,False,False
LAB2-B-0352,spironolactone,silent_plausible_substitution,review required,smollm2-1.7b,confidence_abstention,review required,REVIEW_REQUIRED,0.55564237,0.22349516,False,False
LAB2-B-0352,spironolactone,silent_plausible_substitution,review required,smollm2-1.7b,mcp_governed,review required,REVIEW_REQUIRED,0.55564237,0.22349516,False,False
LAB2-B-0353,spironolactone,silent_plausible_substitution,review required,smollm2-1.7b,deterministic_rules,approved,REVIEW_REQUIRED,0.55350331,0.21483576,False,False
LAB2-B-0353,spironolactone,silent_plausible_substitution,review required,smollm2-1.7b,mcp_access_only,review required,REVIEW_REQUIRED,0.55350331,0.21483576,False,False
LAB2-B-0353,spironolactone,silent_plausible_substitution,review required,smollm2-1.7b,confidence_abstention,review required,REVIEW_REQUIRED,0.55350331,0.21483576,False,False
LAB2-B-0353,spironolactone,silent_plausible_substitution,review required,smollm2-1.7b,mcp_governed,review required,REVIEW_REQUIRED,0.55350331,0.21483576,False,False
LAB2-B-0354,spironolactone,silent_plausible_substitution,review required,smollm2-1.7b,deterministic_rules,approved,REVIEW_REQUIRED,0.55484668,0.22027307,False,False
LAB2-B-0354,spironolactone,silent_plausible_substitution,review required,smollm2-1.7b,mcp_access_only,review required,REVIEW_REQUIRED,0.55484668,0.22027307,False,False
LAB2-B-0354,spironolactone,silent_plausible_substitution,review required,smollm2-1.7b,confidence_abstention,review required,REVIEW_REQUIRED,0.55484668,0.22027307,False,False
LAB2-B-0354,spironolactone,silent_plausible_substitution,review required,smollm2-1.7b,mcp_governed,review required,REVIEW_REQUIRED,0.55484668,0.22027307,False,False
LAB2-B-0355,spironolactone,silent_plausible_substitution,review required,smollm2-1.7b,deterministic_rules,approved,REVIEW_REQUIRED,0.56101619,0.24528725,False,False
LAB2-B-0355,spironolactone,silent_plausible_substitution,review required,smollm2-1.7b,mcp_access_only,review required,REVIEW_REQUIRED,0.56101619,0.24528725,False,False
LAB2-B-0355,spironolactone,silent_plausible_substitution,review required,smollm2-1.7b,confidence_abstention,review required,REVIEW_REQUIRED,0.56101619,0.24528725,False,False
LAB2-B-0355,spironolactone,silent_plausible_substitution,review required,smollm2-1.7b,mcp_governed,review required,REVIEW_REQUIRED,0.56101619,0.24528725,False,False
LAB2-B-0356,spironolactone,silent_plausible_substitution,review required,smollm2-1.7b,deterministic_rules,approved,REVIEW_REQUIRED,0.5559327,0.2246711,False,False
LAB2-B-0356,spironolactone,silent_plausible_substitution,review required,smollm2-1.7b,mcp_access_only,review required,REVIEW_REQUIRED,0.5559327,0.2246711,False,False
LAB2-B-0356,spironolactone,silent_plausible_substitution,review required,smollm2-1.7b,confidence_abstention,review required,REVIEW_REQUIRED,0.5559327,0.2246711,False,False
LAB2-B-0356,spironolactone,silent_plausible_substitution,review required,smollm2-1.7b,mcp_governed,review required,REVIEW_REQUIRED,0.5559327,0.2246711,False,False
LAB2-B-0357,spironolactone,silent_plausible_substitution,review required,smollm2-1.7b,deterministic_rules,approved,REVIEW_REQUIRED,0.55271394,0.21164223,False,False
LAB2-B-0357,spironolactone,silent_plausible_substitution,review required,smollm2-1.7b,mcp_access_only,review required,REVIEW_REQUIRED,0.55271394,0.21164223,False,False
LAB2-B-0357,spironolactone,silent_plausible_substitution,review required,smollm2-1.7b,confidence_abstention,review required,REVIEW_REQUIRED,0.55271394,0.21164223,False,False
LAB2-B-0357,spironolactone,silent_plausible_substitution,review required,smollm2-1.7b,mcp_governed,review required,REVIEW_REQUIRED,0.55271394,0.21164223,False,False
LAB2-B-0358,spironolactone,silent_plausible_substitution,review required,smollm2-1.7b,deterministic_rules,approved,REVIEW_REQUIRED,0.55778816,0.23219019,False,False
LAB2-B-0358,spironolactone,silent_plausible_substitution,review required,smollm2-1.7b,mcp_access_only,review required,REVIEW_REQUIRED,0.55778816,0.23219019,False,False
LAB2-B-0358,spironolactone,silent_plausible_substitution,review required,smollm2-1.7b,confidence_abstention,review required,REVIEW_REQUIRED,0.55778816,0.23219019,False,False
LAB2-B-0358,spironolactone,silent_plausible_substitution,review required,smollm2-1.7b,mcp_governed,review required,REVIEW_REQUIRED,0.55778816,0.23219019,False,False
LAB2-B-0359,spironolactone,silent_plausible_substitution,review required,smollm2-1.7b,deterministic_rules,approved,REVIEW_REQUIRED,0.55104695,0.20490171,False,False
LAB2-B-0359,spironolactone,silent_plausible_substitution,review required,smollm2-1.7b,mcp_access_only,review required,REVIEW_REQUIRED,0.55104695,0.20490171,False,False
LAB2-B-0359,spironolactone,silent_plausible_substitution,review required,smollm2-1.7b,confidence_abstention,review required,REVIEW_REQUIRED,0.55104695,0.20490171,False,False
LAB2-B-0359,spironolactone,silent_plausible_substitution,review required,smollm2-1.7b,mcp_governed,review required,REVIEW_REQUIRED,0.55104695,0.20490171,False,False
LAB2-B-0360,spironolactone,silent_plausible_substitution,review required,smollm2-1.7b,deterministic_rules,approved,REVIEW_REQUIRED,0.55625773,0.2259878,False,False
LAB2-B-0360,spironolactone,silent_plausible_substitution,review required,smollm2-1.7b,mcp_access_only,review required,REVIEW_REQUIRED,0.55625773,0.2259878,False,False
LAB2-B-0360,spironolactone,silent_plausible_substitution,review required,smollm2-1.7b,confidence_abstention,review required,REVIEW_REQUIRED,0.55625773,0.2259878,False,False
LAB2-B-0360,spironolactone,silent_plausible_substitution,review required,smollm2-1.7b,mcp_governed,review required,REVIEW_REQUIRED,0.55625773,0.2259878,False,False
LAB2-B-0409,clozapine,silent_plausible_substitution,review required,smollm2-1.7b,deterministic_rules,approved,REVIEW_REQUIRED,0.54641524,0.18619705,False,False
LAB2-B-0409,clozapine,silent_plausible_substitution,review required,smollm2-1.7b,mcp_access_only,review required,REVIEW_REQUIRED,0.54641524,0.18619705,False,False
LAB2-B-0409,clozapine,silent_plausible_substitution,review required,smollm2-1.7b,confidence_abstention,review required,REVIEW_REQUIRED,0.54641524,0.18619705,False,False
LAB2-B-0409,clozapine,silent_plausible_substitution,review required,smollm2-1.7b,mcp_governed,review required,REVIEW_REQUIRED,0.54641524,0.18619705,False,False
LAB2-B-0410,clozapine,silent_plausible_substitution,review required,smollm2-1.7b,deterministic_rules,approved,REVIEW_REQUIRED,0.55512036,0.22138118,False,False
LAB2-B-0410,clozapine,silent_plausible_substitution,review required,smollm2-1.7b,mcp_access_only,review required,REVIEW_REQUIRED,0.55512036,0.22138118,False,False
LAB2-B-0410,clozapine,silent_plausible_substitution,review required,smollm2-1.7b,confidence_abstention,review required,REVIEW_REQUIRED,0.55512036,0.22138118,False,False
LAB2-B-0410,clozapine,silent_plausible_substitution,review required,smollm2-1.7b,mcp_governed,review required,REVIEW_REQUIRED,0.55512036,0.22138118,False,False
LAB2-B-0411,clozapine,silent_plausible_substitution,review required,smollm2-1.7b,deterministic_rules,approved,REVIEW_REQUIRED,0.54910482,0.19705445,False,False
LAB2-B-0411,clozapine,silent_plausible_substitution,review required,smollm2-1.7b,mcp_access_only,review required,REVIEW_REQUIRED,0.54910482,0.19705445,False,False
LAB2-B-0411,clozapine,silent_plausible_substitution,review required,smollm2-1.7b,confidence_abstention,review required,REVIEW_REQUIRED,0.54910482,0.19705445,False,False
LAB2-B-0411,clozapine,silent_plausible_substitution,review required,smollm2-1.7b,mcp_governed,review required,REVIEW_REQUIRED,0.54910482,0.19705445,False,False
LAB2-B-0412,clozapine,silent_plausible_substitution,review required,smollm2-1.7b,deterministic_rules,approved,REVIEW_REQUIRED,0.54963799,0.19920815,False,False
LAB2-B-0412,clozapine,silent_plausible_substitution,review required,smollm2-1.7b,mcp_access_only,review required,REVIEW_REQUIRED,0.54963799,0.19920815,False,False
LAB2-B-0412,clozapine,silent_plausible_substitution,review required,smollm2-1.7b,confidence_abstention,review required,REVIEW_REQUIRED,0.54963799,0.19920815,False,False
LAB2-B-0412,clozapine,silent_plausible_substitution,review required,smollm2-1.7b,mcp_governed,review required,REVIEW_REQUIRED,0.54963799,0.19920815,False,False
LAB2-B-0413,clozapine,silent_plausible_substitution,review required,smollm2-1.7b,deterministic_rules,approved,REVIEW_REQUIRED,0.55102319,0.20480566,False,False
LAB2-B-0413,clozapine,silent_plausible_substitution,review required,smollm2-1.7b,mcp_access_only,review required,REVIEW_REQUIRED,0.55102319,0.20480566,False,False
LAB2-B-0413,clozapine,silent_plausible_substitution,review required,smollm2-1.7b,confidence_abstention,review required,REVIEW_REQUIRED,0.55102319,0.20480566,False,False
LAB2-B-0413,clozapine,silent_plausible_substitution,review required,smollm2-1.7b,mcp_governed,review required,REVIEW_REQUIRED,0.55102319,0.20480566,False,False
LAB2-B-0414,clozapine,silent_plausible_substitution,review required,smollm2-1.7b,deterministic_rules,approved,REVIEW_REQUIRED,0.54770197,0.19138998,False,False
LAB2-B-0414,clozapine,silent_plausible_substitution,review required,smollm2-1.7b,mcp_access_only,review required,REVIEW_REQUIRED,0.54770197,0.19138998,False,False
LAB2-B-0414,clozapine,silent_plausible_substitution,review required,smollm2-1.7b,confidence_abstention,review required,REVIEW_REQUIRED,0.54770197,0.19138998,False,False
LAB2-B-0414,clozapine,silent_plausible_substitution,review required,smollm2-1.7b,mcp_governed,review required,REVIEW_REQUIRED,0.54770197,0.19138998,False,False
LAB2-B-0415,clozapine,silent_plausible_substitution,review required,smollm2-1.7b,deterministic_rules,approved,REVIEW_REQUIRED,0.55143673,0.20647737,False,False
LAB2-B-0415,clozapine,silent_plausible_substitution,review required,smollm2-1.7b,mcp_access_only,review required,REVIEW_REQUIRED,0.55143673,0.20647737,False,False
LAB2-B-0415,clozapine,silent_plausible_substitution,review required,smollm2-1.7b,confidence_abstention,review required,REVIEW_REQUIRED,0.55143673,0.20647737,False,False
LAB2-B-0415,clozapine,silent_plausible_substitution,review required,smollm2-1.7b,mcp_governed,review required,REVIEW_REQUIRED,0.55143673,0.20647737,False,False
LAB2-B-0416,clozapine,silent_plausible_substitution,review required,smollm2-1.7b,deterministic_rules,approved,REVIEW_REQUIRED,0.54767422,0.19127795,False,False
LAB2-B-0416,clozapine,silent_plausible_substitution,review required,smollm2-1.7b,mcp_access_only,review required,REVIEW_REQUIRED,0.54767422,0.19127795,False,False
LAB2-B-0416,clozapine,silent_plausible_substitution,review required,smollm2-1.7b,confidence_abstention,review required,REVIEW_REQUIRED,0.54767422,0.19127795,False,False
LAB2-B-0416,clozapine,silent_plausible_substitution,review required,smollm2-1.7b,mcp_governed,review required,REVIEW_REQUIRED,0.54767422,0.19127795,False,False
LAB2-B-0417,clozapine,silent_plausible_substitution,review required,smollm2-1.7b,deterministic_rules,approved,REVIEW_REQUIRED,0.54705333,0.18877191,False,False
LAB2-B-0417,clozapine,silent_plausible_substitution,review required,smollm2-1.7b,mcp_access_only,review required,REVIEW_REQUIRED,0.54705333,0.18877191,False,False
LAB2-B-0417,clozapine,silent_plausible_substitution,review required,smollm2-1.7b,confidence_abstention,review required,REVIEW_REQUIRED,0.54705333,0.18877191,False,False
LAB2-B-0417,clozapine,silent_plausible_substitution,review required,smollm2-1.7b,mcp_governed,review required,REVIEW_REQUIRED,0.54705333,0.18877191,False,False
LAB2-B-0418,clozapine,silent_plausible_substitution,review required,smollm2-1.7b,deterministic_rules,approved,REVIEW_REQUIRED,0.54930705,0.1978713,False,False
LAB2-B-0418,clozapine,silent_plausible_substitution,review required,smollm2-1.7b,mcp_access_only,review required,REVIEW_REQUIRED,0.54930705,0.1978713,False,False
LAB2-B-0418,clozapine,silent_plausible_substitution,review required,smollm2-1.7b,confidence_abstention,review required,REVIEW_REQUIRED,0.54930705,0.1978713,False,False
LAB2-B-0418,clozapine,silent_plausible_substitution,review required,smollm2-1.7b,mcp_governed,review required,REVIEW_REQUIRED,0.54930705,0.1978713,False,False
LAB2-B-0419,clozapine,silent_plausible_substitution,review required,smollm2-1.7b,deterministic_rules,approved,REVIEW_REQUIRED,0.54694765,0.1883454,False,False
LAB2-B-0419,clozapine,silent_plausible_substitution,review required,smollm2-1.7b,mcp_access_only,review required,REVIEW_REQUIRED,0.54694765,0.1883454,False,False
LAB2-B-0419,clozapine,silent_plausible_substitution,review required,smollm2-1.7b,confidence_abstention,review required,REVIEW_REQUIRED,0.54694765,0.1883454,False,False
LAB2-B-0419,clozapine,silent_plausible_substitution,review required,smollm2-1.7b,mcp_governed,review required,REVIEW_REQUIRED,0.54694765,0.1883454,False,False
LAB2-B-0420,clozapine,silent_plausible_substitution,review required,smollm2-1.7b,deterministic_rules,approved,REVIEW_REQUIRED,0.55494185,0.22065838,False,False
LAB2-B-0420,clozapine,silent_plausible_substitution,review required,smollm2-1.7b,mcp_access_only,review required,REVIEW_REQUIRED,0.55494185,0.22065838,False,False
LAB2-B-0420,clozapine,silent_plausible_substitution,review required,smollm2-1.7b,confidence_abstention,review required,REVIEW_REQUIRED,0.55494185,0.22065838,False,False
LAB2-B-0420,clozapine,silent_plausible_substitution,review required,smollm2-1.7b,mcp_governed,review required,REVIEW_REQUIRED,0.55494185,0.22065838,False,False
LAB2-B-0469,heparin,silent_plausible_substitution,review required,smollm2-1.7b,deterministic_rules,review required,REVIEW_REQUIRED,0.55605632,0.22517187,False,False
LAB2-B-0469,heparin,silent_plausible_substitution,review required,smollm2-1.7b,mcp_access_only,review required,REVIEW_REQUIRED,0.55605632,0.22517187,False,False
LAB2-B-0469,heparin,silent_plausible_substitution,review required,smollm2-1.7b,confidence_abstention,review required,REVIEW_REQUIRED,0.55605632,0.22517187,False,False
LAB2-B-0469,heparin,silent_plausible_substitution,review required,smollm2-1.7b,mcp_governed,review required,REVIEW_REQUIRED,0.55605632,0.22517187,False,False
LAB2-B-0470,heparin,silent_plausible_substitution,review required,smollm2-1.7b,deterministic_rules,review required,REVIEW_REQUIRED,0.54791623,0.19225494,False,False
LAB2-B-0470,heparin,silent_plausible_substitution,review required,smollm2-1.7b,mcp_access_only,review required,REVIEW_REQUIRED,0.54791623,0.19225494,False,False
LAB2-B-0470,heparin,silent_plausible_substitution,review required,smollm2-1.7b,confidence_abstention,review required,REVIEW_REQUIRED,0.54791623,0.19225494,False,False
LAB2-B-0470,heparin,silent_plausible_substitution,review required,smollm2-1.7b,mcp_governed,review required,REVIEW_REQUIRED,0.54791623,0.19225494,False,False
LAB2-B-0471,heparin,silent_plausible_substitution,review required,smollm2-1.7b,deterministic_rules,review required,REVIEW_REQUIRED,0.54936387,0.19810079,False,False
LAB2-B-0471,heparin,silent_plausible_substitution,review required,smollm2-1.7b,mcp_access_only,review required,REVIEW_REQUIRED,0.54936387,0.19810079,False,False
LAB2-B-0471,heparin,silent_plausible_substitution,review required,smollm2-1.7b,confidence_abstention,review required,REVIEW_REQUIRED,0.54936387,0.19810079,False,False
LAB2-B-0471,heparin,silent_plausible_substitution,review required,smollm2-1.7b,mcp_governed,review required,REVIEW_REQUIRED,0.54936387,0.19810079,False,False
LAB2-B-0472,heparin,silent_plausible_substitution,review required,smollm2-1.7b,deterministic_rules,review required,REVIEW_REQUIRED,0.55323735,0.21375962,False,False
LAB2-B-0472,heparin,silent_plausible_substitution,review required,smollm2-1.7b,mcp_access_only,review required,REVIEW_REQUIRED,0.55323735,0.21375962,False,False
LAB2-B-0472,heparin,silent_plausible_substitution,review required,smollm2-1.7b,confidence_abstention,review required,REVIEW_REQUIRED,0.55323735,0.21375962,False,False
LAB2-B-0472,heparin,silent_plausible_substitution,review required,smollm2-1.7b,mcp_governed,review required,REVIEW_REQUIRED,0.55323735,0.21375962,False,False
LAB2-B-0473,heparin,silent_plausible_substitution,review required,smollm2-1.7b,deterministic_rules,review required,REVIEW_REQUIRED,0.55814813,0.23364972,False,False
LAB2-B-0473,heparin,silent_plausible_substitution,review required,smollm2-1.7b,mcp_access_only,review required,REVIEW_REQUIRED,0.55814813,0.23364972,False,False
LAB2-B-0473,heparin,silent_plausible_substitution,review required,smollm2-1.7b,confidence_abstention,review required,REVIEW_REQUIRED,0.55814813,0.23364972,False,False
LAB2-B-0473,heparin,silent_plausible_substitution,review required,smollm2-1.7b,mcp_governed,review required,REVIEW_REQUIRED,0.55814813,0.23364972,False,False
LAB2-B-0474,heparin,silent_plausible_substitution,review required,smollm2-1.7b,deterministic_rules,review required,REVIEW_REQUIRED,0.55667691,0.22768621,False,False
LAB2-B-0474,heparin,silent_plausible_substitution,review required,smollm2-1.7b,mcp_access_only,review required,REVIEW_REQUIRED,0.55667691,0.22768621,False,False
LAB2-B-0474,heparin,silent_plausible_substitution,review required,smollm2-1.7b,confidence_abstention,review required,REVIEW_REQUIRED,0.55667691,0.22768621,False,False
LAB2-B-0474,heparin,silent_plausible_substitution,review required,smollm2-1.7b,mcp_governed,review required,REVIEW_REQUIRED,0.55667691,0.22768621,False,False
LAB2-B-0475,heparin,silent_plausible_substitution,review required,smollm2-1.7b,deterministic_rules,review required,REVIEW_REQUIRED,0.5522591,0.2098026,False,False
LAB2-B-0475,heparin,silent_plausible_substitution,review required,smollm2-1.7b,mcp_access_only,review required,REVIEW_REQUIRED,0.5522591,0.2098026,False,False
LAB2-B-0475,heparin,silent_plausible_substitution,review required,smollm2-1.7b,confidence_abstention,review required,REVIEW_REQUIRED,0.5522591,0.2098026,False,False
LAB2-B-0475,heparin,silent_plausible_substitution,review required,smollm2-1.7b,mcp_governed,review required,REVIEW_REQUIRED,0.5522591,0.2098026,False,False
LAB2-B-0476,heparin,silent_plausible_substitution,review required,smollm2-1.7b,deterministic_rules,review required,REVIEW_REQUIRED,0.55615703,0.22557984,False,False
LAB2-B-0476,heparin,silent_plausible_substitution,review required,smollm2-1.7b,mcp_access_only,review required,REVIEW_REQUIRED,0.55615703,0.22557984,False,False
LAB2-B-0476,heparin,silent_plausible_substitution,review required,smollm2-1.7b,confidence_abstention,review required,REVIEW_REQUIRED,0.55615703,0.22557984,False,False
LAB2-B-0476,heparin,silent_plausible_substitution,review required,smollm2-1.7b,mcp_governed,review required,REVIEW_REQUIRED,0.55615703,0.22557984,False,False
LAB2-B-0477,heparin,silent_plausible_substitution,review required,smollm2-1.7b,deterministic_rules,review required,REVIEW_REQUIRED,0.55436817,0.21833593,False,False
LAB2-B-0477,heparin,silent_plausible_substitution,review required,smollm2-1.7b,mcp_access_only,review required,REVIEW_REQUIRED,0.55436817,0.21833593,False,False
LAB2-B-0477,heparin,silent_plausible_substitution,review required,smollm2-1.7b,confidence_abstention,review required,REVIEW_REQUIRED,0.55436817,0.21833593,False,False
LAB2-B-0477,heparin,silent_plausible_substitution,review required,smollm2-1.7b,mcp_governed,review required,REVIEW_REQUIRED,0.55436817,0.21833593,False,False
LAB2-B-0478,heparin,silent_plausible_substitution,review required,smollm2-1.7b,deterministic_rules,review required,REVIEW_REQUIRED,0.55611464,0.22540815,False,False
LAB2-B-0478,heparin,silent_plausible_substitution,review required,smollm2-1.7b,mcp_access_only,review required,REVIEW_REQUIRED,0.55611464,0.22540815,False,False
LAB2-B-0478,heparin,silent_plausible_substitution,review required,smollm2-1.7b,confidence_abstention,review required,REVIEW_REQUIRED,0.55611464,0.22540815,False,False
LAB2-B-0478,heparin,silent_plausible_substitution,review required,smollm2-1.7b,mcp_governed,review required,REVIEW_REQUIRED,0.55611464,0.22540815,False,False
LAB2-B-0479,heparin,silent_plausible_substitution,review required,smollm2-1.7b,deterministic_rules,review required,REVIEW_REQUIRED,0.55301612,0.21286462,False,False
LAB2-B-0479,heparin,silent_plausible_substitution,review required,smollm2-1.7b,mcp_access_only,review required,REVIEW_REQUIRED,0.55301612,0.21286462,False,False
LAB2-B-0479,heparin,silent_plausible_substitution,review required,smollm2-1.7b,confidence_abstention,review required,REVIEW_REQUIRED,0.55301612,0.21286462,False,False
LAB2-B-0479,heparin,silent_plausible_substitution,review required,smollm2-1.7b,mcp_governed,review required,REVIEW_REQUIRED,0.55301612,0.21286462,False,False
LAB2-B-0480,heparin,silent_plausible_substitution,review required,smollm2-1.7b,deterministic_rules,review required,REVIEW_REQUIRED,0.55977528,0.2402501,False,False
LAB2-B-0480,heparin,silent_plausible_substitution,review required,smollm2-1.7b,mcp_access_only,review required,REVIEW_REQUIRED,0.55977528,0.2402501,False,False
LAB2-B-0480,heparin,silent_plausible_substitution,review required,smollm2-1.7b,confidence_abstention,review required,REVIEW_REQUIRED,0.55977528,0.2402501,False,False
LAB2-B-0480,heparin,silent_plausible_substitution,review required,smollm2-1.7b,mcp_governed,review required,REVIEW_REQUIRED,0.55977528,0.2402501,False,False
LAB2-B-0529,lithium carbonate,silent_plausible_substitution,review required,smollm2-1.7b,deterministic_rules,approved,REVIEW_REQUIRED,0.55508322,0.2212308,False,False
LAB2-B-0529,lithium carbonate,silent_plausible_substitution,review required,smollm2-1.7b,mcp_access_only,review required,REVIEW_REQUIRED,0.55508322,0.2212308,False,False
LAB2-B-0529,lithium carbonate,silent_plausible_substitution,review required,smollm2-1.7b,confidence_abstention,review required,REVIEW_REQUIRED,0.55508322,0.2212308,False,False
LAB2-B-0529,lithium carbonate,silent_plausible_substitution,review required,smollm2-1.7b,mcp_governed,review required,REVIEW_REQUIRED,0.55508322,0.2212308,False,False
LAB2-B-0530,lithium carbonate,silent_plausible_substitution,review required,smollm2-1.7b,deterministic_rules,approved,REVIEW_REQUIRED,0.55383371,0.21617273,False,False
LAB2-B-0530,lithium carbonate,silent_plausible_substitution,review required,smollm2-1.7b,mcp_access_only,review required,REVIEW_REQUIRED,0.55383371,0.21617273,False,False
LAB2-B-0530,lithium carbonate,silent_plausible_substitution,review required,smollm2-1.7b,confidence_abstention,review required,REVIEW_REQUIRED,0.55383371,0.21617273,False,False
LAB2-B-0530,lithium carbonate,silent_plausible_substitution,review required,smollm2-1.7b,mcp_governed,review required,REVIEW_REQUIRED,0.55383371,0.21617273,False,False
LAB2-B-0531,lithium carbonate,silent_plausible_substitution,review required,smollm2-1.7b,deterministic_rules,approved,REVIEW_REQUIRED,0.54959092,0.19901797,False,False
LAB2-B-0531,lithium carbonate,silent_plausible_substitution,review required,smollm2-1.7b,mcp_access_only,review required,REVIEW_REQUIRED,0.54959092,0.19901797,False,False
LAB2-B-0531,lithium carbonate,silent_plausible_substitution,review required,smollm2-1.7b,confidence_abstention,review required,REVIEW_REQUIRED,0.54959092,0.19901797,False,False
LAB2-B-0531,lithium carbonate,silent_plausible_substitution,review required,smollm2-1.7b,mcp_governed,review required,REVIEW_REQUIRED,0.54959092,0.19901797,False,False
LAB2-B-0532,lithium carbonate,silent_plausible_substitution,review required,smollm2-1.7b,deterministic_rules,approved,REVIEW_REQUIRED,0.55740138,0.2306223,False,False
LAB2-B-0532,lithium carbonate,silent_plausible_substitution,review required,smollm2-1.7b,mcp_access_only,review required,REVIEW_REQUIRED,0.55740138,0.2306223,False,False
LAB2-B-0532,lithium carbonate,silent_plausible_substitution,review required,smollm2-1.7b,confidence_abstention,review required,REVIEW_REQUIRED,0.55740138,0.2306223,False,False
LAB2-B-0532,lithium carbonate,silent_plausible_substitution,review required,smollm2-1.7b,mcp_governed,review required,REVIEW_REQUIRED,0.55740138,0.2306223,False,False
LAB2-B-0533,lithium carbonate,silent_plausible_substitution,review required,smollm2-1.7b,deterministic_rules,approved,REVIEW_REQUIRED,0.55223656,0.20971146,False,False
LAB2-B-0533,lithium carbonate,silent_plausible_substitution,review required,smollm2-1.7b,mcp_access_only,review required,REVIEW_REQUIRED,0.55223656,0.20971146,False,False
LAB2-B-0533,lithium carbonate,silent_plausible_substitution,review required,smollm2-1.7b,confidence_abstention,review required,REVIEW_REQUIRED,0.55223656,0.20971146,False,False
LAB2-B-0533,lithium carbonate,silent_plausible_substitution,review required,smollm2-1.7b,mcp_governed,review required,REVIEW_REQUIRED,0.55223656,0.20971146,False,False
LAB2-B-0534,lithium carbonate,silent_plausible_substitution,review required,smollm2-1.7b,deterministic_rules,approved,REVIEW_REQUIRED,0.55388644,0.21638616,False,False
LAB2-B-0534,lithium carbonate,silent_plausible_substitution,review required,smollm2-1.7b,mcp_access_only,review required,REVIEW_REQUIRED,0.55388644,0.21638616,False,False
LAB2-B-0534,lithium carbonate,silent_plausible_substitution,review required,smollm2-1.7b,confidence_abstention,review required,REVIEW_REQUIRED,0.55388644,0.21638616,False,False
LAB2-B-0534,lithium carbonate,silent_plausible_substitution,review required,smollm2-1.7b,mcp_governed,review required,REVIEW_REQUIRED,0.55388644,0.21638616,False,False
LAB2-B-0535,lithium carbonate,silent_plausible_substitution,review required,smollm2-1.7b,deterministic_rules,approved,REVIEW_REQUIRED,0.55386725,0.21630849,False,False
LAB2-B-0535,lithium carbonate,silent_plausible_substitution,review required,smollm2-1.7b,mcp_access_only,review required,REVIEW_REQUIRED,0.55386725,0.21630849,False,False
LAB2-B-0535,lithium carbonate,silent_plausible_substitution,review required,smollm2-1.7b,confidence_abstention,review required,REVIEW_REQUIRED,0.55386725,0.21630849,False,False
LAB2-B-0535,lithium carbonate,silent_plausible_substitution,review required,smollm2-1.7b,mcp_governed,review required,REVIEW_REQUIRED,0.55386725,0.21630849,False,False
LAB2-B-0536,lithium carbonate,silent_plausible_substitution,review required,smollm2-1.7b,deterministic_rules,approved,REVIEW_REQUIRED,0.55451843,0.21894418,False,False
LAB2-B-0536,lithium carbonate,silent_plausible_substitution,review required,smollm2-1.7b,mcp_access_only,review required,REVIEW_REQUIRED,0.55451843,0.21894418,False,False
LAB2-B-0536,lithium carbonate,silent_plausible_substitution,review required,smollm2-1.7b,confidence_abstention,review required,REVIEW_REQUIRED,0.55451843,0.21894418,False,False
LAB2-B-0536,lithium carbonate,silent_plausible_substitution,review required,smollm2-1.7b,mcp_governed,review required,REVIEW_REQUIRED,0.55451843,0.21894418,False,False
LAB2-B-0537,lithium carbonate,silent_plausible_substitution,review required,smollm2-1.7b,deterministic_rules,approved,REVIEW_REQUIRED,0.55569715,0.22371705,False,False
LAB2-B-0537,lithium carbonate,silent_plausible_substitution,review required,smollm2-1.7b,mcp_access_only,review required,REVIEW_REQUIRED,0.55569715,0.22371705,False,False
LAB2-B-0537,lithium carbonate,silent_plausible_substitution,review required,smollm2-1.7b,confidence_abstention,review required,REVIEW_REQUIRED,0.55569715,0.22371705,False,False
LAB2-B-0537,lithium carbonate,silent_plausible_substitution,review required,smollm2-1.7b,mcp_governed,review required,REVIEW_REQUIRED,0.55569715,0.22371705,False,False
LAB2-B-0538,lithium carbonate,silent_plausible_substitution,review required,smollm2-1.7b,deterministic_rules,approved,REVIEW_REQUIRED,0.55222526,0.20966575,False,False
LAB2-B-0538,lithium carbonate,silent_plausible_substitution,review required,smollm2-1.7b,mcp_access_only,review required,REVIEW_REQUIRED,0.55222526,0.20966575,False,False
LAB2-B-0538,lithium carbonate,silent_plausible_substitution,review required,smollm2-1.7b,confidence_abstention,review required,REVIEW_REQUIRED,0.55222526,0.20966575,False,False
LAB2-B-0538,lithium carbonate,silent_plausible_substitution,review required,smollm2-1.7b,mcp_governed,review required,REVIEW_REQUIRED,0.55222526,0.20966575,False,False
LAB2-B-0539,lithium carbonate,silent_plausible_substitution,review required,smollm2-1.7b,deterministic_rules,approved,REVIEW_REQUIRED,0.5526924,0.21155509,False,False
LAB2-B-0539,lithium carbonate,silent_plausible_substitution,review required,smollm2-1.7b,mcp_access_only,review required,REVIEW_REQUIRED,0.5526924,0.21155509,False,False
LAB2-B-0539,lithium carbonate,silent_plausible_substitution,review required,smollm2-1.7b,confidence_abstention,review required,REVIEW_REQUIRED,0.5526924,0.21155509,False,False
LAB2-B-0539,lithium carbonate,silent_plausible_substitution,review required,smollm2-1.7b,mcp_governed,review required,REVIEW_REQUIRED,0.5526924,0.21155509,False,False
LAB2-B-0540,lithium carbonate,silent_plausible_substitution,review required,smollm2-1.7b,deterministic_rules,approved,REVIEW_REQUIRED,0.55911185,0.23755832,False,False
LAB2-B-0540,lithium carbonate,silent_plausible_substitution,review required,smollm2-1.7b,mcp_access_only,review required,REVIEW_REQUIRED,0.55911185,0.23755832,False,False
LAB2-B-0540,lithium carbonate,silent_plausible_substitution,review required,smollm2-1.7b,confidence_abstention,review required,REVIEW_REQUIRED,0.55911185,0.23755832,False,False
LAB2-B-0540,lithium carbonate,silent_plausible_substitution,review required,smollm2-1.7b,mcp_governed,review required,REVIEW_REQUIRED,0.55911185,0.23755832,False,False
LAB2-B-0589,linezolid,silent_plausible_substitution,review required,smollm2-1.7b,deterministic_rules,approved,REVIEW_REQUIRED,0.57228692,0.29118786,False,False
LAB2-B-0589,linezolid,silent_plausible_substitution,review required,smollm2-1.7b,mcp_access_only,review required,REVIEW_REQUIRED,0.57228692,0.29118786,False,False
LAB2-B-0589,linezolid,silent_plausible_substitution,review required,smollm2-1.7b,confidence_abstention,review required,REVIEW_REQUIRED,0.57228692,0.29118786,False,False
LAB2-B-0589,linezolid,silent_plausible_substitution,review required,smollm2-1.7b,mcp_governed,review required,REVIEW_REQUIRED,0.57228692,0.29118786,False,False
LAB2-B-0590,linezolid,silent_plausible_substitution,review required,smollm2-1.7b,deterministic_rules,approved,REVIEW_REQUIRED,0.57097681,0.28583761,False,False
LAB2-B-0590,linezolid,silent_plausible_substitution,review required,smollm2-1.7b,mcp_access_only,review required,REVIEW_REQUIRED,0.57097681,0.28583761,False,False
LAB2-B-0590,linezolid,silent_plausible_substitution,review required,smollm2-1.7b,confidence_abstention,review required,REVIEW_REQUIRED,0.57097681,0.28583761,False,False
LAB2-B-0590,linezolid,silent_plausible_substitution,review required,smollm2-1.7b,mcp_governed,review required,REVIEW_REQUIRED,0.57097681,0.28583761,False,False
LAB2-B-0591,linezolid,silent_plausible_substitution,review required,smollm2-1.7b,deterministic_rules,approved,REVIEW_REQUIRED,0.57137678,0.28747059,False,False
LAB2-B-0591,linezolid,silent_plausible_substitution,review required,smollm2-1.7b,mcp_access_only,review required,REVIEW_REQUIRED,0.57137678,0.28747059,False,False
LAB2-B-0591,linezolid,silent_plausible_substitution,review required,smollm2-1.7b,confidence_abstention,review required,REVIEW_REQUIRED,0.57137678,0.28747059,False,False
LAB2-B-0591,linezolid,silent_plausible_substitution,review required,smollm2-1.7b,mcp_governed,review required,REVIEW_REQUIRED,0.57137678,0.28747059,False,False
LAB2-B-0592,linezolid,silent_plausible_substitution,review required,smollm2-1.7b,deterministic_rules,approved,REVIEW_REQUIRED,0.57140904,0.28760232,False,False
LAB2-B-0592,linezolid,silent_plausible_substitution,review required,smollm2-1.7b,mcp_access_only,review required,REVIEW_REQUIRED,0.57140904,0.28760232,False,False
LAB2-B-0592,linezolid,silent_plausible_substitution,review required,smollm2-1.7b,confidence_abstention,review required,REVIEW_REQUIRED,0.57140904,0.28760232,False,False
LAB2-B-0592,linezolid,silent_plausible_substitution,review required,smollm2-1.7b,mcp_governed,review required,REVIEW_REQUIRED,0.57140904,0.28760232,False,False
LAB2-B-0593,linezolid,silent_plausible_substitution,review required,smollm2-1.7b,deterministic_rules,approved,REVIEW_REQUIRED,0.57489662,0.30185784,False,False
LAB2-B-0593,linezolid,silent_plausible_substitution,review required,smollm2-1.7b,mcp_access_only,review required,REVIEW_REQUIRED,0.57489662,0.30185784,False,False
LAB2-B-0593,linezolid,silent_plausible_substitution,review required,smollm2-1.7b,confidence_abstention,review required,REVIEW_REQUIRED,0.57489662,0.30185784,False,False
LAB2-B-0593,linezolid,silent_plausible_substitution,review required,smollm2-1.7b,mcp_governed,review required,REVIEW_REQUIRED,0.57489662,0.30185784,False,False
LAB2-B-0594,linezolid,silent_plausible_substitution,review required,smollm2-1.7b,deterministic_rules,approved,REVIEW_REQUIRED,0.56977222,0.28092188,False,False
LAB2-B-0594,linezolid,silent_plausible_substitution,review required,smollm2-1.7b,mcp_access_only,review required,REVIEW_REQUIRED,0.56977222,0.28092188,False,False
LAB2-B-0594,linezolid,silent_plausible_substitution,review required,smollm2-1.7b,confidence_abstention,review required,REVIEW_REQUIRED,0.56977222,0.28092188,False,False
LAB2-B-0594,linezolid,silent_plausible_substitution,review required,smollm2-1.7b,mcp_governed,review required,REVIEW_REQUIRED,0.56977222,0.28092188,False,False
LAB2-B-0595,linezolid,silent_plausible_substitution,review required,smollm2-1.7b,deterministic_rules,approved,REVIEW_REQUIRED,0.57514712,0.30288291,False,False
LAB2-B-0595,linezolid,silent_plausible_substitution,review required,smollm2-1.7b,mcp_access_only,review required,REVIEW_REQUIRED,0.57514712,0.30288291,False,False
LAB2-B-0595,linezolid,silent_plausible_substitution,review required,smollm2-1.7b,confidence_abstention,review required,REVIEW_REQUIRED,0.57514712,0.30288291,False,False
LAB2-B-0595,linezolid,silent_plausible_substitution,review required,smollm2-1.7b,mcp_governed,review required,REVIEW_REQUIRED,0.57514712,0.30288291,False,False
LAB2-B-0596,linezolid,silent_plausible_substitution,review required,smollm2-1.7b,deterministic_rules,approved,REVIEW_REQUIRED,0.57059086,0.28426223,False,False
LAB2-B-0596,linezolid,silent_plausible_substitution,review required,smollm2-1.7b,mcp_access_only,review required,REVIEW_REQUIRED,0.57059086,0.28426223,False,False
LAB2-B-0596,linezolid,silent_plausible_substitution,review required,smollm2-1.7b,confidence_abstention,review required,REVIEW_REQUIRED,0.57059086,0.28426223,False,False
LAB2-B-0596,linezolid,silent_plausible_substitution,review required,smollm2-1.7b,mcp_governed,review required,REVIEW_REQUIRED,0.57059086,0.28426223,False,False
LAB2-B-0597,linezolid,silent_plausible_substitution,review required,smollm2-1.7b,deterministic_rules,approved,REVIEW_REQUIRED,0.5713344,0.28729757,False,False
LAB2-B-0597,linezolid,silent_plausible_substitution,review required,smollm2-1.7b,mcp_access_only,review required,REVIEW_REQUIRED,0.5713344,0.28729757,False,False
LAB2-B-0597,linezolid,silent_plausible_substitution,review required,smollm2-1.7b,confidence_abstention,review required,REVIEW_REQUIRED,0.5713344,0.28729757,False,False
LAB2-B-0597,linezolid,silent_plausible_substitution,review required,smollm2-1.7b,mcp_governed,review required,REVIEW_REQUIRED,0.5713344,0.28729757,False,False
LAB2-B-0598,linezolid,silent_plausible_substitution,review required,smollm2-1.7b,deterministic_rules,approved,REVIEW_REQUIRED,0.57628359,0.30753551,False,False
LAB2-B-0598,linezolid,silent_plausible_substitution,review required,smollm2-1.7b,mcp_access_only,review required,REVIEW_REQUIRED,0.57628359,0.30753551,False,False
LAB2-B-0598,linezolid,silent_plausible_substitution,review required,smollm2-1.7b,confidence_abstention,review required,REVIEW_REQUIRED,0.57628359,0.30753551,False,False
LAB2-B-0598,linezolid,silent_plausible_substitution,review required,smollm2-1.7b,mcp_governed,review required,REVIEW_REQUIRED,0.57628359,0.30753551,False,False
LAB2-B-0599,linezolid,silent_plausible_substitution,review required,smollm2-1.7b,deterministic_rules,approved,REVIEW_REQUIRED,0.568696,0.27653285,False,False
LAB2-B-0599,linezolid,silent_plausible_substitution,review required,smollm2-1.7b,mcp_access_only,review required,REVIEW_REQUIRED,0.568696,0.27653285,False,False
LAB2-B-0599,linezolid,silent_plausible_substitution,review required,smollm2-1.7b,confidence_abstention,review required,REVIEW_REQUIRED,0.568696,0.27653285,False,False
LAB2-B-0599,linezolid,silent_plausible_substitution,review required,smollm2-1.7b,mcp_governed,review required,REVIEW_REQUIRED,0.568696,0.27653285,False,False
LAB2-B-0600,linezolid,silent_plausible_substitution,review required,smollm2-1.7b,deterministic_rules,approved,REVIEW_REQUIRED,0.56706208,0.26987445,False,False
LAB2-B-0600,linezolid,silent_plausible_substitution,review required,smollm2-1.7b,mcp_access_only,review required,REVIEW_REQUIRED,0.56706208,0.26987445,False,False
LAB2-B-0600,linezolid,silent_plausible_substitution,review required,smollm2-1.7b,confidence_abstention,review required,REVIEW_REQUIRED,0.56706208,0.26987445,False,False
LAB2-B-0600,linezolid,silent_plausible_substitution,review required,smollm2-1.7b,mcp_governed,review required,REVIEW_REQUIRED,0.56706208,0.26987445,False,False
LAB2-B-0649,divalproex sodium,silent_plausible_substitution,review required,smollm2-1.7b,deterministic_rules,approved,REVIEW_REQUIRED,0.5768466,0.3098416,False,False
LAB2-B-0649,divalproex sodium,silent_plausible_substitution,review required,smollm2-1.7b,mcp_access_only,review required,REVIEW_REQUIRED,0.5768466,0.3098416,False,False
LAB2-B-0649,divalproex sodium,silent_plausible_substitution,review required,smollm2-1.7b,confidence_abstention,review required,REVIEW_REQUIRED,0.5768466,0.3098416,False,False
LAB2-B-0649,divalproex sodium,silent_plausible_substitution,review required,smollm2-1.7b,mcp_governed,review required,REVIEW_REQUIRED,0.5768466,0.3098416,False,False
LAB2-B-0650,divalproex sodium,silent_plausible_substitution,review required,smollm2-1.7b,deterministic_rules,approved,REVIEW_REQUIRED,0.57971861,0.32161835,False,False
LAB2-B-0650,divalproex sodium,silent_plausible_substitution,review required,smollm2-1.7b,mcp_access_only,review required,REVIEW_REQUIRED,0.57971861,0.32161835,False,False
LAB2-B-0650,divalproex sodium,silent_plausible_substitution,review required,smollm2-1.7b,confidence_abstention,review required,REVIEW_REQUIRED,0.57971861,0.32161835,False,False
LAB2-B-0650,divalproex sodium,silent_plausible_substitution,review required,smollm2-1.7b,mcp_governed,review required,REVIEW_REQUIRED,0.57971861,0.32161835,False,False
LAB2-B-0651,divalproex sodium,silent_plausible_substitution,review required,smollm2-1.7b,deterministic_rules,approved,REVIEW_REQUIRED,0.57906812,0.31894911,False,False
LAB2-B-0651,divalproex sodium,silent_plausible_substitution,review required,smollm2-1.7b,mcp_access_only,review required,REVIEW_REQUIRED,0.57906812,0.31894911,False,False
LAB2-B-0651,divalproex sodium,silent_plausible_substitution,review required,smollm2-1.7b,confidence_abstention,review required,REVIEW_REQUIRED,0.57906812,0.31894911,False,False
LAB2-B-0651,divalproex sodium,silent_plausible_substitution,review required,smollm2-1.7b,mcp_governed,review required,REVIEW_REQUIRED,0.57906812,0.31894911,False,False
LAB2-B-0652,divalproex sodium,silent_plausible_substitution,review required,smollm2-1.7b,deterministic_rules,approved,REVIEW_REQUIRED,0.57263373,0.29260489,False,False
LAB2-B-0652,divalproex sodium,silent_plausible_substitution,review required,smollm2-1.7b,mcp_access_only,review required,REVIEW_REQUIRED,0.57263373,0.29260489,False,False
LAB2-B-0652,divalproex sodium,silent_plausible_substitution,review required,smollm2-1.7b,confidence_abstention,review required,REVIEW_REQUIRED,0.57263373,0.29260489,False,False
LAB2-B-0652,divalproex sodium,silent_plausible_substitution,review required,smollm2-1.7b,mcp_governed,review required,REVIEW_REQUIRED,0.57263373,0.29260489,False,False
LAB2-B-0653,divalproex sodium,silent_plausible_substitution,review required,smollm2-1.7b,deterministic_rules,approved,REVIEW_REQUIRED,0.57498696,0.30222752,False,False
LAB2-B-0653,divalproex sodium,silent_plausible_substitution,review required,smollm2-1.7b,mcp_access_only,review required,REVIEW_REQUIRED,0.57498696,0.30222752,False,False
LAB2-B-0653,divalproex sodium,silent_plausible_substitution,review required,smollm2-1.7b,confidence_abstention,review required,REVIEW_REQUIRED,0.57498696,0.30222752,False,False
LAB2-B-0653,divalproex sodium,silent_plausible_substitution,review required,smollm2-1.7b,mcp_governed,review required,REVIEW_REQUIRED,0.57498696,0.30222752,False,False
LAB2-B-0654,divalproex sodium,silent_plausible_substitution,review required,smollm2-1.7b,deterministic_rules,approved,REVIEW_REQUIRED,0.57921593,0.31955553,False,False
LAB2-B-0654,divalproex sodium,silent_plausible_substitution,review required,smollm2-1.7b,mcp_access_only,review required,REVIEW_REQUIRED,0.57921593,0.31955553,False,False
LAB2-B-0654,divalproex sodium,silent_plausible_substitution,review required,smollm2-1.7b,confidence_abstention,review required,REVIEW_REQUIRED,0.57921593,0.31955553,False,False
LAB2-B-0654,divalproex sodium,silent_plausible_substitution,review required,smollm2-1.7b,mcp_governed,review required,REVIEW_REQUIRED,0.57921593,0.31955553,False,False
LAB2-B-0655,divalproex sodium,silent_plausible_substitution,review required,smollm2-1.7b,deterministic_rules,approved,REVIEW_REQUIRED,0.57546169,0.3041704,False,False
LAB2-B-0655,divalproex sodium,silent_plausible_substitution,review required,smollm2-1.7b,mcp_access_only,review required,REVIEW_REQUIRED,0.57546169,0.3041704,False,False
LAB2-B-0655,divalproex sodium,silent_plausible_substitution,review required,smollm2-1.7b,confidence_abstention,review required,REVIEW_REQUIRED,0.57546169,0.3041704,False,False
LAB2-B-0655,divalproex sodium,silent_plausible_substitution,review required,smollm2-1.7b,mcp_governed,review required,REVIEW_REQUIRED,0.57546169,0.3041704,False,False
LAB2-B-0656,divalproex sodium,silent_plausible_substitution,review required,smollm2-1.7b,deterministic_rules,approved,REVIEW_REQUIRED,0.57170275,0.28880172,False,False
LAB2-B-0656,divalproex sodium,silent_plausible_substitution,review required,smollm2-1.7b,mcp_access_only,review required,REVIEW_REQUIRED,0.57170275,0.28880172,False,False
LAB2-B-0656,divalproex sodium,silent_plausible_substitution,review required,smollm2-1.7b,confidence_abstention,review required,REVIEW_REQUIRED,0.57170275,0.28880172,False,False
LAB2-B-0656,divalproex sodium,silent_plausible_substitution,review required,smollm2-1.7b,mcp_governed,review required,REVIEW_REQUIRED,0.57170275,0.28880172,False,False
LAB2-B-0657,divalproex sodium,silent_plausible_substitution,review required,smollm2-1.7b,deterministic_rules,approved,REVIEW_REQUIRED,0.57571132,0.30519228,False,False
LAB2-B-0657,divalproex sodium,silent_plausible_substitution,review required,smollm2-1.7b,mcp_access_only,review required,REVIEW_REQUIRED,0.57571132,0.30519228,False,False
LAB2-B-0657,divalproex sodium,silent_plausible_substitution,review required,smollm2-1.7b,confidence_abstention,review required,REVIEW_REQUIRED,0.57571132,0.30519228,False,False
LAB2-B-0657,divalproex sodium,silent_plausible_substitution,review required,smollm2-1.7b,mcp_governed,review required,REVIEW_REQUIRED,0.57571132,0.30519228,False,False
LAB2-B-0658,divalproex sodium,silent_plausible_substitution,review required,smollm2-1.7b,deterministic_rules,approved,REVIEW_REQUIRED,0.57223243,0.29096527,False,False
LAB2-B-0658,divalproex sodium,silent_plausible_substitution,review required,smollm2-1.7b,mcp_access_only,review required,REVIEW_REQUIRED,0.57223243,0.29096527,False,False
LAB2-B-0658,divalproex sodium,silent_plausible_substitution,review required,smollm2-1.7b,confidence_abstention,review required,REVIEW_REQUIRED,0.57223243,0.29096527,False,False
LAB2-B-0658,divalproex sodium,silent_plausible_substitution,review required,smollm2-1.7b,mcp_governed,review required,REVIEW_REQUIRED,0.57223243,0.29096527,False,False
LAB2-B-0659,divalproex sodium,silent_plausible_substitution,review required,smollm2-1.7b,deterministic_rules,approved,REVIEW_REQUIRED,0.57833145,0.31592759,False,False
LAB2-B-0659,divalproex sodium,silent_plausible_substitution,review required,smollm2-1.7b,mcp_access_only,review required,REVIEW_REQUIRED,0.57833145,0.31592759,False,False
LAB2-B-0659,divalproex sodium,silent_plausible_substitution,review required,smollm2-1.7b,confidence_abstention,review required,REVIEW_REQUIRED,0.57833145,0.31592759,False,False
LAB2-B-0659,divalproex sodium,silent_plausible_substitution,review required,smollm2-1.7b,mcp_governed,review required,REVIEW_REQUIRED,0.57833145,0.31592759,False,False
LAB2-B-0660,divalproex sodium,silent_plausible_substitution,review required,smollm2-1.7b,deterministic_rules,approved,REVIEW_REQUIRED,0.57682783,0.30976473,False,False
LAB2-B-0660,divalproex sodium,silent_plausible_substitution,review required,smollm2-1.7b,mcp_access_only,review required,REVIEW_REQUIRED,0.57682783,0.30976473,False,False
LAB2-B-0660,divalproex sodium,silent_plausible_substitution,review required,smollm2-1.7b,confidence_abstention,review required,REVIEW_REQUIRED,0.57682783,0.30976473,False,False
LAB2-B-0660,divalproex sodium,silent_plausible_substitution,review required,smollm2-1.7b,mcp_governed,review required,REVIEW_REQUIRED,0.57682783,0.30976473,False,False
