case_id,domain,state,reference,model,method,prediction,model_choice,review_probability,score_margin,confidence_abstained,gate_override
LAB2-0001,ceftazidime,clean,review required,qwen2.5-3b,deterministic_rules,review required,REVIEW_REQUIRED,0.97882186,3.83338012,False,False
LAB2-0001,ceftazidime,clean,review required,qwen2.5-3b,mcp_access_only,review required,REVIEW_REQUIRED,0.97882186,3.83338012,False,False
LAB2-0001,ceftazidime,clean,review required,qwen2.5-3b,confidence_abstention,review required,REVIEW_REQUIRED,0.97882186,3.83338012,False,False
LAB2-0001,ceftazidime,clean,review required,qwen2.5-3b,mcp_governed,review required,REVIEW_REQUIRED,0.97882186,3.83338012,False,False
LAB2-0002,ceftazidime,clean,review required,qwen2.5-3b,deterministic_rules,review required,REVIEW_REQUIRED,0.97507609,3.66668794,False,False
LAB2-0002,ceftazidime,clean,review required,qwen2.5-3b,mcp_access_only,review required,REVIEW_REQUIRED,0.97507609,3.66668794,False,False
LAB2-0002,ceftazidime,clean,review required,qwen2.5-3b,confidence_abstention,review required,REVIEW_REQUIRED,0.97507609,3.66668794,False,False
LAB2-0002,ceftazidime,clean,review required,qwen2.5-3b,mcp_governed,review required,REVIEW_REQUIRED,0.97507609,3.66668794,False,False
LAB2-0003,ceftazidime,clean,review required,qwen2.5-3b,deterministic_rules,review required,REVIEW_REQUIRED,0.97882139,3.83335727,False,False
LAB2-0003,ceftazidime,clean,review required,qwen2.5-3b,mcp_access_only,review required,REVIEW_REQUIRED,0.97882139,3.83335727,False,False
LAB2-0003,ceftazidime,clean,review required,qwen2.5-3b,confidence_abstention,review required,REVIEW_REQUIRED,0.97882139,3.83335727,False,False
LAB2-0003,ceftazidime,clean,review required,qwen2.5-3b,mcp_governed,review required,REVIEW_REQUIRED,0.97882139,3.83335727,False,False
LAB2-0004,ceftazidime,clean,review required,qwen2.5-3b,deterministic_rules,review required,REVIEW_REQUIRED,0.97404323,3.62502314,False,False
LAB2-0004,ceftazidime,clean,review required,qwen2.5-3b,mcp_access_only,review required,REVIEW_REQUIRED,0.97404323,3.62502314,False,False
LAB2-0004,ceftazidime,clean,review required,qwen2.5-3b,confidence_abstention,review required,REVIEW_REQUIRED,0.97404323,3.62502314,False,False
LAB2-0004,ceftazidime,clean,review required,qwen2.5-3b,mcp_governed,review required,REVIEW_REQUIRED,0.97404323,3.62502314,False,False
LAB2-0005,ceftazidime,clean,review required,qwen2.5-3b,deterministic_rules,review required,REVIEW_REQUIRED,0.9788214,3.83335794,False,False
LAB2-0005,ceftazidime,clean,review required,qwen2.5-3b,mcp_access_only,review required,REVIEW_REQUIRED,0.9788214,3.83335794,False,False
LAB2-0005,ceftazidime,clean,review required,qwen2.5-3b,confidence_abstention,review required,REVIEW_REQUIRED,0.9788214,3.83335794,False,False
LAB2-0005,ceftazidime,clean,review required,qwen2.5-3b,mcp_governed,review required,REVIEW_REQUIRED,0.9788214,3.83335794,False,False
LAB2-0006,ceftazidime,clean,review required,qwen2.5-3b,deterministic_rules,review required,REVIEW_REQUIRED,0.97794016,3.79168973,False,False
LAB2-0006,ceftazidime,clean,review required,qwen2.5-3b,mcp_access_only,review required,REVIEW_REQUIRED,0.97794016,3.79168973,False,False
LAB2-0006,ceftazidime,clean,review required,qwen2.5-3b,confidence_abstention,review required,REVIEW_REQUIRED,0.97794016,3.79168973,False,False
LAB2-0006,ceftazidime,clean,review required,qwen2.5-3b,mcp_governed,review required,REVIEW_REQUIRED,0.97794016,3.79168973,False,False
LAB2-0007,ceftazidime,clean,review required,qwen2.5-3b,deterministic_rules,review required,REVIEW_REQUIRED,0.97882145,3.83336024,False,False
LAB2-0007,ceftazidime,clean,review required,qwen2.5-3b,mcp_access_only,review required,REVIEW_REQUIRED,0.97882145,3.83336024,False,False
LAB2-0007,ceftazidime,clean,review required,qwen2.5-3b,confidence_abstention,review required,REVIEW_REQUIRED,0.97882145,3.83336024,False,False
LAB2-0007,ceftazidime,clean,review required,qwen2.5-3b,mcp_governed,review required,REVIEW_REQUIRED,0.97882145,3.83336024,False,False
LAB2-0008,ceftazidime,clean,review required,qwen2.5-3b,deterministic_rules,review required,REVIEW_REQUIRED,0.97507607,3.6666873,False,False
LAB2-0008,ceftazidime,clean,review required,qwen2.5-3b,mcp_access_only,review required,REVIEW_REQUIRED,0.97507607,3.6666873,False,False
LAB2-0008,ceftazidime,clean,review required,qwen2.5-3b,confidence_abstention,review required,REVIEW_REQUIRED,0.97507607,3.6666873,False,False
LAB2-0008,ceftazidime,clean,review required,qwen2.5-3b,mcp_governed,review required,REVIEW_REQUIRED,0.97507607,3.6666873,False,False
LAB2-0009,ceftazidime,clean,review required,qwen2.5-3b,deterministic_rules,review required,REVIEW_REQUIRED,0.97606867,3.70834463,False,False
LAB2-0009,ceftazidime,clean,review required,qwen2.5-3b,mcp_access_only,review required,REVIEW_REQUIRED,0.97606867,3.70834463,False,False
LAB2-0009,ceftazidime,clean,review required,qwen2.5-3b,confidence_abstention,review required,REVIEW_REQUIRED,0.97606867,3.70834463,False,False
LAB2-0009,ceftazidime,clean,review required,qwen2.5-3b,mcp_governed,review required,REVIEW_REQUIRED,0.97606867,3.70834463,False,False
LAB2-0010,ceftazidime,clean,review required,qwen2.5-3b,deterministic_rules,review required,REVIEW_REQUIRED,0.97882101,3.83333927,False,False
LAB2-0010,ceftazidime,clean,review required,qwen2.5-3b,mcp_access_only,review required,REVIEW_REQUIRED,0.97882101,3.83333927,False,False
LAB2-0010,ceftazidime,clean,review required,qwen2.5-3b,confidence_abstention,review required,REVIEW_REQUIRED,0.97882101,3.83333927,False,False
LAB2-0010,ceftazidime,clean,review required,qwen2.5-3b,mcp_governed,review required,REVIEW_REQUIRED,0.97882101,3.83333927,False,False
LAB2-0011,ceftazidime,clean,review required,qwen2.5-3b,deterministic_rules,review required,REVIEW_REQUIRED,0.97794014,3.79168858,False,False
LAB2-0011,ceftazidime,clean,review required,qwen2.5-3b,mcp_access_only,review required,REVIEW_REQUIRED,0.97794014,3.79168858,False,False
LAB2-0011,ceftazidime,clean,review required,qwen2.5-3b,confidence_abstention,review required,REVIEW_REQUIRED,0.97794014,3.79168858,False,False
LAB2-0011,ceftazidime,clean,review required,qwen2.5-3b,mcp_governed,review required,REVIEW_REQUIRED,0.97794014,3.79168858,False,False
LAB2-0012,ceftazidime,clean,review required,qwen2.5-3b,deterministic_rules,review required,REVIEW_REQUIRED,0.97794013,3.79168817,False,False
LAB2-0012,ceftazidime,clean,review required,qwen2.5-3b,mcp_access_only,review required,REVIEW_REQUIRED,0.97794013,3.79168817,False,False
LAB2-0012,ceftazidime,clean,review required,qwen2.5-3b,confidence_abstention,review required,REVIEW_REQUIRED,0.97794013,3.79168817,False,False
LAB2-0012,ceftazidime,clean,review required,qwen2.5-3b,mcp_governed,review required,REVIEW_REQUIRED,0.97794013,3.79168817,False,False
LAB2-0013,ceftazidime,clean,approved,qwen2.5-3b,deterministic_rules,approved,REVIEW_REQUIRED,0.82967207,1.58330495,False,False
LAB2-0013,ceftazidime,clean,approved,qwen2.5-3b,mcp_access_only,review required,REVIEW_REQUIRED,0.82967207,1.58330495,False,False
LAB2-0013,ceftazidime,clean,approved,qwen2.5-3b,confidence_abstention,review required,REVIEW_REQUIRED,0.82967207,1.58330495,False,False
LAB2-0013,ceftazidime,clean,approved,qwen2.5-3b,mcp_governed,review required,REVIEW_REQUIRED,0.82967207,1.58330495,False,False
LAB2-0014,ceftazidime,clean,approved,qwen2.5-3b,deterministic_rules,approved,REVIEW_REQUIRED,0.86703259,1.87497253,False,False
LAB2-0014,ceftazidime,clean,approved,qwen2.5-3b,mcp_access_only,review required,REVIEW_REQUIRED,0.86703259,1.87497253,False,False
LAB2-0014,ceftazidime,clean,approved,qwen2.5-3b,confidence_abstention,review required,REVIEW_REQUIRED,0.86703259,1.87497253,False,False
LAB2-0014,ceftazidime,clean,approved,qwen2.5-3b,mcp_governed,review required,REVIEW_REQUIRED,0.86703259,1.87497253,False,False
LAB2-0015,ceftazidime,clean,approved,qwen2.5-3b,deterministic_rules,approved,REVIEW_REQUIRED,0.79138634,1.33330224,False,False
LAB2-0015,ceftazidime,clean,approved,qwen2.5-3b,mcp_access_only,review required,REVIEW_REQUIRED,0.79138634,1.33330224,False,False
LAB2-0015,ceftazidime,clean,approved,qwen2.5-3b,confidence_abstention,review required,REVIEW_REQUIRED,0.79138634,1.33330224,False,False
LAB2-0015,ceftazidime,clean,approved,qwen2.5-3b,mcp_governed,review required,REVIEW_REQUIRED,0.79138634,1.33330224,False,False
LAB2-0016,ceftazidime,clean,approved,qwen2.5-3b,deterministic_rules,approved,REVIEW_REQUIRED,0.86215694,1.83332151,False,False
LAB2-0016,ceftazidime,clean,approved,qwen2.5-3b,mcp_access_only,review required,REVIEW_REQUIRED,0.86215694,1.83332151,False,False
LAB2-0016,ceftazidime,clean,approved,qwen2.5-3b,confidence_abstention,review required,REVIEW_REQUIRED,0.86215694,1.83332151,False,False
LAB2-0016,ceftazidime,clean,approved,qwen2.5-3b,mcp_governed,review required,REVIEW_REQUIRED,0.86215694,1.83332151,False,False
LAB2-0017,ceftazidime,clean,approved,qwen2.5-3b,deterministic_rules,approved,REVIEW_REQUIRED,0.91808885,2.41665907,False,False
LAB2-0017,ceftazidime,clean,approved,qwen2.5-3b,mcp_access_only,review required,REVIEW_REQUIRED,0.91808885,2.41665907,False,False
LAB2-0017,ceftazidime,clean,approved,qwen2.5-3b,confidence_abstention,review required,REVIEW_REQUIRED,0.91808885,2.41665907,False,False
LAB2-0017,ceftazidime,clean,approved,qwen2.5-3b,mcp_governed,review required,REVIEW_REQUIRED,0.91808885,2.41665907,False,False
LAB2-0018,ceftazidime,clean,approved,qwen2.5-3b,deterministic_rules,approved,REVIEW_REQUIRED,0.92116752,2.45831682,False,False
LAB2-0018,ceftazidime,clean,approved,qwen2.5-3b,mcp_access_only,review required,REVIEW_REQUIRED,0.92116752,2.45831682,False,False
LAB2-0018,ceftazidime,clean,approved,qwen2.5-3b,confidence_abstention,review required,REVIEW_REQUIRED,0.92116752,2.45831682,False,False
LAB2-0018,ceftazidime,clean,approved,qwen2.5-3b,mcp_governed,review required,REVIEW_REQUIRED,0.92116752,2.45831682,False,False
LAB2-0019,ceftazidime,clean,approved,qwen2.5-3b,deterministic_rules,approved,REVIEW_REQUIRED,0.91808851,2.41665447,False,False
LAB2-0019,ceftazidime,clean,approved,qwen2.5-3b,mcp_access_only,review required,REVIEW_REQUIRED,0.91808851,2.41665447,False,False
LAB2-0019,ceftazidime,clean,approved,qwen2.5-3b,confidence_abstention,review required,REVIEW_REQUIRED,0.91808851,2.41665447,False,False
LAB2-0019,ceftazidime,clean,approved,qwen2.5-3b,mcp_governed,review required,REVIEW_REQUIRED,0.91808851,2.41665447,False,False
LAB2-0020,ceftazidime,clean,approved,qwen2.5-3b,deterministic_rules,approved,REVIEW_REQUIRED,0.91808811,2.41664925,False,False
LAB2-0020,ceftazidime,clean,approved,qwen2.5-3b,mcp_access_only,review required,REVIEW_REQUIRED,0.91808811,2.41664925,False,False
LAB2-0020,ceftazidime,clean,approved,qwen2.5-3b,confidence_abstention,review required,REVIEW_REQUIRED,0.91808811,2.41664925,False,False
LAB2-0020,ceftazidime,clean,approved,qwen2.5-3b,mcp_governed,review required,REVIEW_REQUIRED,0.91808811,2.41664925,False,False
LAB2-0021,ceftazidime,clean,approved,qwen2.5-3b,deterministic_rules,approved,REVIEW_REQUIRED,0.82967372,1.58331664,False,False
LAB2-0021,ceftazidime,clean,approved,qwen2.5-3b,mcp_access_only,review required,REVIEW_REQUIRED,0.82967372,1.58331664,False,False
LAB2-0021,ceftazidime,clean,approved,qwen2.5-3b,confidence_abstention,review required,REVIEW_REQUIRED,0.82967372,1.58331664,False,False
LAB2-0021,ceftazidime,clean,approved,qwen2.5-3b,mcp_governed,review required,REVIEW_REQUIRED,0.82967372,1.58331664,False,False
LAB2-0022,ceftazidime,clean,approved,qwen2.5-3b,deterministic_rules,approved,REVIEW_REQUIRED,0.91808879,2.41665821,False,False
LAB2-0022,ceftazidime,clean,approved,qwen2.5-3b,mcp_access_only,review required,REVIEW_REQUIRED,0.91808879,2.41665821,False,False
LAB2-0022,ceftazidime,clean,approved,qwen2.5-3b,confidence_abstention,review required,REVIEW_REQUIRED,0.91808879,2.41665821,False,False
LAB2-0022,ceftazidime,clean,approved,qwen2.5-3b,mcp_governed,review required,REVIEW_REQUIRED,0.91808879,2.41665821,False,False
LAB2-0023,ceftazidime,clean,approved,qwen2.5-3b,deterministic_rules,approved,REVIEW_REQUIRED,0.85195009,1.74997852,False,False
LAB2-0023,ceftazidime,clean,approved,qwen2.5-3b,mcp_access_only,review required,REVIEW_REQUIRED,0.85195009,1.74997852,False,False
LAB2-0023,ceftazidime,clean,approved,qwen2.5-3b,confidence_abstention,review required,REVIEW_REQUIRED,0.85195009,1.74997852,False,False
LAB2-0023,ceftazidime,clean,approved,qwen2.5-3b,mcp_governed,review required,REVIEW_REQUIRED,0.85195009,1.74997852,False,False
LAB2-0024,ceftazidime,clean,approved,qwen2.5-3b,deterministic_rules,approved,REVIEW_REQUIRED,0.81127412,1.45831038,False,False
LAB2-0024,ceftazidime,clean,approved,qwen2.5-3b,mcp_access_only,review required,REVIEW_REQUIRED,0.81127412,1.45831038,False,False
LAB2-0024,ceftazidime,clean,approved,qwen2.5-3b,confidence_abstention,review required,REVIEW_REQUIRED,0.81127412,1.45831038,False,False
LAB2-0024,ceftazidime,clean,approved,qwen2.5-3b,mcp_governed,review required,REVIEW_REQUIRED,0.81127412,1.45831038,False,False
LAB2-0025,ceftazidime,missing,review required,qwen2.5-3b,deterministic_rules,review required,REVIEW_REQUIRED,0.98476638,4.16889978,False,False
LAB2-0025,ceftazidime,missing,review required,qwen2.5-3b,mcp_access_only,review required,REVIEW_REQUIRED,0.98476638,4.16889978,False,False
LAB2-0025,ceftazidime,missing,review required,qwen2.5-3b,confidence_abstention,review required,REVIEW_REQUIRED,0.98476638,4.16889978,False,False
LAB2-0025,ceftazidime,missing,review required,qwen2.5-3b,mcp_governed,review required,REVIEW_REQUIRED,0.98476638,4.16889978,False,False
LAB2-0026,ceftazidime,missing,review required,qwen2.5-3b,deterministic_rules,review required,REVIEW_REQUIRED,0.98706565,4.33485012,False,False
LAB2-0026,ceftazidime,missing,review required,qwen2.5-3b,mcp_access_only,review required,REVIEW_REQUIRED,0.98706565,4.33485012,False,False
LAB2-0026,ceftazidime,missing,review required,qwen2.5-3b,confidence_abstention,review required,REVIEW_REQUIRED,0.98706565,4.33485012,False,False
LAB2-0026,ceftazidime,missing,review required,qwen2.5-3b,mcp_governed,review required,REVIEW_REQUIRED,0.98706565,4.33485012,False,False
LAB2-0027,ceftazidime,missing,review required,qwen2.5-3b,deterministic_rules,review required,REVIEW_REQUIRED,0.98652539,4.29338175,False,False
LAB2-0027,ceftazidime,missing,review required,qwen2.5-3b,mcp_access_only,review required,REVIEW_REQUIRED,0.98652539,4.29338175,False,False
LAB2-0027,ceftazidime,missing,review required,qwen2.5-3b,confidence_abstention,review required,REVIEW_REQUIRED,0.98652539,4.29338175,False,False
LAB2-0027,ceftazidime,missing,review required,qwen2.5-3b,mcp_governed,review required,REVIEW_REQUIRED,0.98652539,4.29338175,False,False
LAB2-0028,ceftazidime,missing,review required,qwen2.5-3b,deterministic_rules,review required,REVIEW_REQUIRED,0.98596738,4.25223897,False,False
LAB2-0028,ceftazidime,missing,review required,qwen2.5-3b,mcp_access_only,review required,REVIEW_REQUIRED,0.98596738,4.25223897,False,False
LAB2-0028,ceftazidime,missing,review required,qwen2.5-3b,confidence_abstention,review required,REVIEW_REQUIRED,0.98596738,4.25223897,False,False
LAB2-0028,ceftazidime,missing,review required,qwen2.5-3b,mcp_governed,review required,REVIEW_REQUIRED,0.98596738,4.25223897,False,False
LAB2-0029,ceftazidime,stale,review required,qwen2.5-3b,deterministic_rules,review required,REVIEW_REQUIRED,0.98988759,4.58382785,False,False
LAB2-0029,ceftazidime,stale,review required,qwen2.5-3b,mcp_access_only,review required,REVIEW_REQUIRED,0.98988759,4.58382785,False,False
LAB2-0029,ceftazidime,stale,review required,qwen2.5-3b,confidence_abstention,review required,REVIEW_REQUIRED,0.98988759,4.58382785,False,False
LAB2-0029,ceftazidime,stale,review required,qwen2.5-3b,mcp_governed,review required,REVIEW_REQUIRED,0.98988759,4.58382785,False,False
LAB2-0030,ceftazidime,stale,review required,qwen2.5-3b,deterministic_rules,review required,REVIEW_REQUIRED,0.98946068,4.54204659,False,False
LAB2-0030,ceftazidime,stale,review required,qwen2.5-3b,mcp_access_only,review required,REVIEW_REQUIRED,0.98946068,4.54204659,False,False
LAB2-0030,ceftazidime,stale,review required,qwen2.5-3b,confidence_abstention,review required,REVIEW_REQUIRED,0.98946068,4.54204659,False,False
LAB2-0030,ceftazidime,stale,review required,qwen2.5-3b,mcp_governed,review required,REVIEW_REQUIRED,0.98946068,4.54204659,False,False
LAB2-0031,ceftazidime,stale,review required,qwen2.5-3b,deterministic_rules,review required,REVIEW_REQUIRED,0.97882198,3.8333861,False,False
LAB2-0031,ceftazidime,stale,review required,qwen2.5-3b,mcp_access_only,review required,REVIEW_REQUIRED,0.97882198,3.8333861,False,False
LAB2-0031,ceftazidime,stale,review required,qwen2.5-3b,confidence_abstention,review required,REVIEW_REQUIRED,0.97882198,3.8333861,False,False
LAB2-0031,ceftazidime,stale,review required,qwen2.5-3b,mcp_governed,review required,REVIEW_REQUIRED,0.97882198,3.8333861,False,False
LAB2-0032,ceftazidime,stale,review required,qwen2.5-3b,deterministic_rules,review required,REVIEW_REQUIRED,0.98126418,3.95840457,False,False
LAB2-0032,ceftazidime,stale,review required,qwen2.5-3b,mcp_access_only,review required,REVIEW_REQUIRED,0.98126418,3.95840457,False,False
LAB2-0032,ceftazidime,stale,review required,qwen2.5-3b,confidence_abstention,review required,REVIEW_REQUIRED,0.98126418,3.95840457,False,False
LAB2-0032,ceftazidime,stale,review required,qwen2.5-3b,mcp_governed,review required,REVIEW_REQUIRED,0.98126418,3.95840457,False,False
LAB2-0033,ceftazidime,unit_error,review required,qwen2.5-3b,deterministic_rules,review required,REVIEW_REQUIRED,0.99211214,4.83451171,False,False
LAB2-0033,ceftazidime,unit_error,review required,qwen2.5-3b,mcp_access_only,review required,REVIEW_REQUIRED,0.99211214,4.83451171,False,False
LAB2-0033,ceftazidime,unit_error,review required,qwen2.5-3b,confidence_abstention,review required,REVIEW_REQUIRED,0.99211214,4.83451171,False,False
LAB2-0033,ceftazidime,unit_error,review required,qwen2.5-3b,mcp_governed,review required,REVIEW_REQUIRED,0.99211214,4.83451171,False,False
LAB2-0034,ceftazidime,unit_error,review required,qwen2.5-3b,deterministic_rules,review required,REVIEW_REQUIRED,0.99303394,4.95971502,False,False
LAB2-0034,ceftazidime,unit_error,review required,qwen2.5-3b,mcp_access_only,review required,REVIEW_REQUIRED,0.99303394,4.95971502,False,False
LAB2-0034,ceftazidime,unit_error,review required,qwen2.5-3b,confidence_abstention,review required,REVIEW_REQUIRED,0.99303394,4.95971502,False,False
LAB2-0034,ceftazidime,unit_error,review required,qwen2.5-3b,mcp_governed,review required,REVIEW_REQUIRED,0.99303394,4.95971502,False,False
LAB2-0035,ceftazidime,unit_error,review required,qwen2.5-3b,deterministic_rules,review required,REVIEW_REQUIRED,0.99303141,4.95934965,False,False
LAB2-0035,ceftazidime,unit_error,review required,qwen2.5-3b,mcp_access_only,review required,REVIEW_REQUIRED,0.99303141,4.95934965,False,False
LAB2-0035,ceftazidime,unit_error,review required,qwen2.5-3b,confidence_abstention,review required,REVIEW_REQUIRED,0.99303141,4.95934965,False,False
LAB2-0035,ceftazidime,unit_error,review required,qwen2.5-3b,mcp_governed,review required,REVIEW_REQUIRED,0.99303141,4.95934965,False,False
LAB2-0036,ceftazidime,unit_error,review required,qwen2.5-3b,deterministic_rules,review required,REVIEW_REQUIRED,0.98901811,4.50046553,False,False
LAB2-0036,ceftazidime,unit_error,review required,qwen2.5-3b,mcp_access_only,review required,REVIEW_REQUIRED,0.98901811,4.50046553,False,False
LAB2-0036,ceftazidime,unit_error,review required,qwen2.5-3b,confidence_abstention,review required,REVIEW_REQUIRED,0.98901811,4.50046553,False,False
LAB2-0036,ceftazidime,unit_error,review required,qwen2.5-3b,mcp_governed,review required,REVIEW_REQUIRED,0.98901811,4.50046553,False,False
LAB2-0037,ceftazidime,conflict,review required,qwen2.5-3b,deterministic_rules,review required,REVIEW_REQUIRED,0.98201448,4.00003893,False,False
LAB2-0037,ceftazidime,conflict,review required,qwen2.5-3b,mcp_access_only,review required,REVIEW_REQUIRED,0.98201448,4.00003893,False,False
LAB2-0037,ceftazidime,conflict,review required,qwen2.5-3b,confidence_abstention,review required,REVIEW_REQUIRED,0.98201448,4.00003893,False,False
LAB2-0037,ceftazidime,conflict,review required,qwen2.5-3b,mcp_governed,review required,REVIEW_REQUIRED,0.98201448,4.00003893,False,False
LAB2-0038,ceftazidime,conflict,review required,qwen2.5-3b,deterministic_rules,review required,REVIEW_REQUIRED,0.97966857,3.87504651,False,False
LAB2-0038,ceftazidime,conflict,review required,qwen2.5-3b,mcp_access_only,review required,REVIEW_REQUIRED,0.97966857,3.87504651,False,False
LAB2-0038,ceftazidime,conflict,review required,qwen2.5-3b,confidence_abstention,review required,REVIEW_REQUIRED,0.97966857,3.87504651,False,False
LAB2-0038,ceftazidime,conflict,review required,qwen2.5-3b,mcp_governed,review required,REVIEW_REQUIRED,0.97966857,3.87504651,False,False
LAB2-0039,ceftazidime,conflict,review required,qwen2.5-3b,deterministic_rules,review required,REVIEW_REQUIRED,0.98534783,4.2084063,False,False
LAB2-0039,ceftazidime,conflict,review required,qwen2.5-3b,mcp_access_only,review required,REVIEW_REQUIRED,0.98534783,4.2084063,False,False
LAB2-0039,ceftazidime,conflict,review required,qwen2.5-3b,confidence_abstention,review required,REVIEW_REQUIRED,0.98534783,4.2084063,False,False
LAB2-0039,ceftazidime,conflict,review required,qwen2.5-3b,mcp_governed,review required,REVIEW_REQUIRED,0.98534783,4.2084063,False,False
LAB2-0040,ceftazidime,conflict,review required,qwen2.5-3b,deterministic_rules,review required,REVIEW_REQUIRED,0.98534784,4.2084071,False,False
LAB2-0040,ceftazidime,conflict,review required,qwen2.5-3b,mcp_access_only,review required,REVIEW_REQUIRED,0.98534784,4.2084071,False,False
LAB2-0040,ceftazidime,conflict,review required,qwen2.5-3b,confidence_abstention,review required,REVIEW_REQUIRED,0.98534784,4.2084071,False,False
LAB2-0040,ceftazidime,conflict,review required,qwen2.5-3b,mcp_governed,review required,REVIEW_REQUIRED,0.98534784,4.2084071,False,False
LAB2-0041,ceftazidime,wrong_encounter,review required,qwen2.5-3b,deterministic_rules,review required,REVIEW_REQUIRED,0.98593968,4.2502382,False,False
LAB2-0041,ceftazidime,wrong_encounter,review required,qwen2.5-3b,mcp_access_only,review required,REVIEW_REQUIRED,0.98593968,4.2502382,False,False
LAB2-0041,ceftazidime,wrong_encounter,review required,qwen2.5-3b,confidence_abstention,review required,REVIEW_REQUIRED,0.98593968,4.2502382,False,False
LAB2-0041,ceftazidime,wrong_encounter,review required,qwen2.5-3b,mcp_governed,review required,REVIEW_REQUIRED,0.98593968,4.2502382,False,False
LAB2-0042,ceftazidime,wrong_encounter,review required,qwen2.5-3b,deterministic_rules,review required,REVIEW_REQUIRED,0.98473612,4.16688477,False,False
LAB2-0042,ceftazidime,wrong_encounter,review required,qwen2.5-3b,mcp_access_only,review required,REVIEW_REQUIRED,0.98473612,4.16688477,False,False
LAB2-0042,ceftazidime,wrong_encounter,review required,qwen2.5-3b,confidence_abstention,review required,REVIEW_REQUIRED,0.98473612,4.16688477,False,False
LAB2-0042,ceftazidime,wrong_encounter,review required,qwen2.5-3b,mcp_governed,review required,REVIEW_REQUIRED,0.98473612,4.16688477,False,False
LAB2-0043,ceftazidime,wrong_encounter,review required,qwen2.5-3b,deterministic_rules,review required,REVIEW_REQUIRED,0.95791284,3.12501419,False,False
LAB2-0043,ceftazidime,wrong_encounter,review required,qwen2.5-3b,mcp_access_only,review required,REVIEW_REQUIRED,0.95791284,3.12501419,False,False
LAB2-0043,ceftazidime,wrong_encounter,review required,qwen2.5-3b,confidence_abstention,review required,REVIEW_REQUIRED,0.95791284,3.12501419,False,False
LAB2-0043,ceftazidime,wrong_encounter,review required,qwen2.5-3b,mcp_governed,review required,REVIEW_REQUIRED,0.95791284,3.12501419,False,False
LAB2-0044,ceftazidime,wrong_encounter,review required,qwen2.5-3b,deterministic_rules,review required,REVIEW_REQUIRED,0.96555647,3.33338339,False,False
LAB2-0044,ceftazidime,wrong_encounter,review required,qwen2.5-3b,mcp_access_only,review required,REVIEW_REQUIRED,0.96555647,3.33338339,False,False
LAB2-0044,ceftazidime,wrong_encounter,review required,qwen2.5-3b,confidence_abstention,review required,REVIEW_REQUIRED,0.96555647,3.33338339,False,False
LAB2-0044,ceftazidime,wrong_encounter,review required,qwen2.5-3b,mcp_governed,review required,REVIEW_REQUIRED,0.96555647,3.33338339,False,False
LAB2-0045,ceftazidime,service_failure,review required,qwen2.5-3b,deterministic_rules,review required,REVIEW_REQUIRED,0.98201785,4.00022984,False,False
LAB2-0045,ceftazidime,service_failure,review required,qwen2.5-3b,mcp_access_only,review required,REVIEW_REQUIRED,0.98201785,4.00022984,False,False
LAB2-0045,ceftazidime,service_failure,review required,qwen2.5-3b,confidence_abstention,review required,REVIEW_REQUIRED,0.98201785,4.00022984,False,False
LAB2-0045,ceftazidime,service_failure,review required,qwen2.5-3b,mcp_governed,review required,REVIEW_REQUIRED,0.98201785,4.00022984,False,False
LAB2-0046,ceftazidime,service_failure,review required,qwen2.5-3b,deterministic_rules,review required,REVIEW_REQUIRED,0.98126623,3.95851629,False,False
LAB2-0046,ceftazidime,service_failure,review required,qwen2.5-3b,mcp_access_only,review required,REVIEW_REQUIRED,0.98126623,3.95851629,False,False
LAB2-0046,ceftazidime,service_failure,review required,qwen2.5-3b,confidence_abstention,review required,REVIEW_REQUIRED,0.98126623,3.95851629,False,False
LAB2-0046,ceftazidime,service_failure,review required,qwen2.5-3b,mcp_governed,review required,REVIEW_REQUIRED,0.98126623,3.95851629,False,False
LAB2-0047,ceftazidime,service_failure,review required,qwen2.5-3b,deterministic_rules,review required,REVIEW_REQUIRED,0.92978113,2.58333209,False,False
LAB2-0047,ceftazidime,service_failure,review required,qwen2.5-3b,mcp_access_only,review required,REVIEW_REQUIRED,0.92978113,2.58333209,False,False
LAB2-0047,ceftazidime,service_failure,review required,qwen2.5-3b,confidence_abstention,review required,REVIEW_REQUIRED,0.92978113,2.58333209,False,False
LAB2-0047,ceftazidime,service_failure,review required,qwen2.5-3b,mcp_governed,review required,REVIEW_REQUIRED,0.92978113,2.58333209,False,False
LAB2-0048,ceftazidime,service_failure,review required,qwen2.5-3b,deterministic_rules,review required,REVIEW_REQUIRED,0.94222418,2.79167279,False,False
LAB2-0048,ceftazidime,service_failure,review required,qwen2.5-3b,mcp_access_only,review required,REVIEW_REQUIRED,0.94222418,2.79167279,False,False
LAB2-0048,ceftazidime,service_failure,review required,qwen2.5-3b,confidence_abstention,review required,REVIEW_REQUIRED,0.94222418,2.79167279,False,False
LAB2-0048,ceftazidime,service_failure,review required,qwen2.5-3b,mcp_governed,review required,REVIEW_REQUIRED,0.94222418,2.79167279,False,False
LAB2-0061,metformin,clean,review required,qwen2.5-3b,deterministic_rules,review required,REVIEW_REQUIRED,0.97793987,3.79167641,False,False
LAB2-0061,metformin,clean,review required,qwen2.5-3b,mcp_access_only,review required,REVIEW_REQUIRED,0.97793987,3.79167641,False,False
LAB2-0061,metformin,clean,review required,qwen2.5-3b,confidence_abstention,review required,REVIEW_REQUIRED,0.97793987,3.79167641,False,False
LAB2-0061,metformin,clean,review required,qwen2.5-3b,mcp_governed,review required,REVIEW_REQUIRED,0.97793987,3.79167641,False,False
LAB2-0062,metformin,clean,review required,qwen2.5-3b,deterministic_rules,review required,REVIEW_REQUIRED,0.98342854,4.08336334,False,False
LAB2-0062,metformin,clean,review required,qwen2.5-3b,mcp_access_only,review required,REVIEW_REQUIRED,0.98342854,4.08336334,False,False
LAB2-0062,metformin,clean,review required,qwen2.5-3b,confidence_abstention,review required,REVIEW_REQUIRED,0.98342854,4.08336334,False,False
LAB2-0062,metformin,clean,review required,qwen2.5-3b,mcp_governed,review required,REVIEW_REQUIRED,0.98342854,4.08336334,False,False
LAB2-0063,metformin,clean,review required,qwen2.5-3b,deterministic_rules,review required,REVIEW_REQUIRED,0.984094,4.12502512,False,False
LAB2-0063,metformin,clean,review required,qwen2.5-3b,mcp_access_only,review required,REVIEW_REQUIRED,0.984094,4.12502512,False,False
LAB2-0063,metformin,clean,review required,qwen2.5-3b,confidence_abstention,review required,REVIEW_REQUIRED,0.984094,4.12502512,False,False
LAB2-0063,metformin,clean,review required,qwen2.5-3b,mcp_governed,review required,REVIEW_REQUIRED,0.984094,4.12502512,False,False
LAB2-0064,metformin,clean,review required,qwen2.5-3b,deterministic_rules,review required,REVIEW_REQUIRED,0.98473356,4.16671423,False,False
LAB2-0064,metformin,clean,review required,qwen2.5-3b,mcp_access_only,review required,REVIEW_REQUIRED,0.98473356,4.16671423,False,False
LAB2-0064,metformin,clean,review required,qwen2.5-3b,confidence_abstention,review required,REVIEW_REQUIRED,0.98473356,4.16671423,False,False
LAB2-0064,metformin,clean,review required,qwen2.5-3b,mcp_governed,review required,REVIEW_REQUIRED,0.98473356,4.16671423,False,False
LAB2-0065,metformin,clean,review required,qwen2.5-3b,deterministic_rules,review required,REVIEW_REQUIRED,0.98593687,4.25003549,False,False
LAB2-0065,metformin,clean,review required,qwen2.5-3b,mcp_access_only,review required,REVIEW_REQUIRED,0.98593687,4.25003549,False,False
LAB2-0065,metformin,clean,review required,qwen2.5-3b,confidence_abstention,review required,REVIEW_REQUIRED,0.98593687,4.25003549,False,False
LAB2-0065,metformin,clean,review required,qwen2.5-3b,mcp_governed,review required,REVIEW_REQUIRED,0.98593687,4.25003549,False,False
LAB2-0066,metformin,clean,review required,qwen2.5-3b,deterministic_rules,review required,REVIEW_REQUIRED,0.98473357,4.16671471,False,False
LAB2-0066,metformin,clean,review required,qwen2.5-3b,mcp_access_only,review required,REVIEW_REQUIRED,0.98473357,4.16671471,False,False
LAB2-0066,metformin,clean,review required,qwen2.5-3b,confidence_abstention,review required,REVIEW_REQUIRED,0.98473357,4.16671471,False,False
LAB2-0066,metformin,clean,review required,qwen2.5-3b,mcp_governed,review required,REVIEW_REQUIRED,0.98473357,4.16671471,False,False
LAB2-0067,metformin,clean,review required,qwen2.5-3b,deterministic_rules,review required,REVIEW_REQUIRED,0.98473334,4.1666993,False,False
LAB2-0067,metformin,clean,review required,qwen2.5-3b,mcp_access_only,review required,REVIEW_REQUIRED,0.98473334,4.1666993,False,False
LAB2-0067,metformin,clean,review required,qwen2.5-3b,confidence_abstention,review required,REVIEW_REQUIRED,0.98473334,4.1666993,False,False
LAB2-0067,metformin,clean,review required,qwen2.5-3b,mcp_governed,review required,REVIEW_REQUIRED,0.98473334,4.1666993,False,False
LAB2-0068,metformin,clean,review required,qwen2.5-3b,deterministic_rules,review required,REVIEW_REQUIRED,0.98593692,4.25003954,False,False
LAB2-0068,metformin,clean,review required,qwen2.5-3b,mcp_access_only,review required,REVIEW_REQUIRED,0.98593692,4.25003954,False,False
LAB2-0068,metformin,clean,review required,qwen2.5-3b,confidence_abstention,review required,REVIEW_REQUIRED,0.98593692,4.25003954,False,False
LAB2-0068,metformin,clean,review required,qwen2.5-3b,mcp_governed,review required,REVIEW_REQUIRED,0.98593692,4.25003954,False,False
LAB2-0069,metformin,clean,review required,qwen2.5-3b,deterministic_rules,review required,REVIEW_REQUIRED,0.98273525,4.04167311,False,False
LAB2-0069,metformin,clean,review required,qwen2.5-3b,mcp_access_only,review required,REVIEW_REQUIRED,0.98273525,4.04167311,False,False
LAB2-0069,metformin,clean,review required,qwen2.5-3b,confidence_abstention,review required,REVIEW_REQUIRED,0.98273525,4.04167311,False,False
LAB2-0069,metformin,clean,review required,qwen2.5-3b,mcp_governed,review required,REVIEW_REQUIRED,0.98273525,4.04167311,False,False
LAB2-0070,metformin,clean,review required,qwen2.5-3b,deterministic_rules,review required,REVIEW_REQUIRED,0.98201416,4.00002119,False,False
LAB2-0070,metformin,clean,review required,qwen2.5-3b,mcp_access_only,review required,REVIEW_REQUIRED,0.98201416,4.00002119,False,False
LAB2-0070,metformin,clean,review required,qwen2.5-3b,confidence_abstention,review required,REVIEW_REQUIRED,0.98201416,4.00002119,False,False
LAB2-0070,metformin,clean,review required,qwen2.5-3b,mcp_governed,review required,REVIEW_REQUIRED,0.98201416,4.00002119,False,False
LAB2-0071,metformin,clean,review required,qwen2.5-3b,deterministic_rules,review required,REVIEW_REQUIRED,0.98273546,4.04168523,False,False
LAB2-0071,metformin,clean,review required,qwen2.5-3b,mcp_access_only,review required,REVIEW_REQUIRED,0.98273546,4.04168523,False,False
LAB2-0071,metformin,clean,review required,qwen2.5-3b,confidence_abstention,review required,REVIEW_REQUIRED,0.98273546,4.04168523,False,False
LAB2-0071,metformin,clean,review required,qwen2.5-3b,mcp_governed,review required,REVIEW_REQUIRED,0.98273546,4.04168523,False,False
LAB2-0072,metformin,clean,review required,qwen2.5-3b,deterministic_rules,review required,REVIEW_REQUIRED,0.98342896,4.08338877,False,False
LAB2-0072,metformin,clean,review required,qwen2.5-3b,mcp_access_only,review required,REVIEW_REQUIRED,0.98342896,4.08338877,False,False
LAB2-0072,metformin,clean,review required,qwen2.5-3b,confidence_abstention,review required,REVIEW_REQUIRED,0.98342896,4.08338877,False,False
LAB2-0072,metformin,clean,review required,qwen2.5-3b,mcp_governed,review required,REVIEW_REQUIRED,0.98342896,4.08338877,False,False
LAB2-0073,metformin,clean,approved,qwen2.5-3b,deterministic_rules,approved,REVIEW_REQUIRED,0.82370124,1.54162784,False,False
LAB2-0073,metformin,clean,approved,qwen2.5-3b,mcp_access_only,review required,REVIEW_REQUIRED,0.82370124,1.54162784,False,False
LAB2-0073,metformin,clean,approved,qwen2.5-3b,confidence_abstention,review required,REVIEW_REQUIRED,0.82370124,1.54162784,False,False
LAB2-0073,metformin,clean,approved,qwen2.5-3b,mcp_governed,review required,REVIEW_REQUIRED,0.82370124,1.54162784,False,False
LAB2-0074,metformin,clean,approved,qwen2.5-3b,deterministic_rules,approved,REVIEW_REQUIRED,0.79138605,1.33330051,False,False
LAB2-0074,metformin,clean,approved,qwen2.5-3b,mcp_access_only,review required,REVIEW_REQUIRED,0.79138605,1.33330051,False,False
LAB2-0074,metformin,clean,approved,qwen2.5-3b,confidence_abstention,review required,REVIEW_REQUIRED,0.79138605,1.33330051,False,False
LAB2-0074,metformin,clean,approved,qwen2.5-3b,mcp_governed,review required,REVIEW_REQUIRED,0.79138605,1.33330051,False,False
LAB2-0075,metformin,clean,approved,qwen2.5-3b,deterministic_rules,approved,REVIEW_REQUIRED,0.8571279,1.79163735,False,False
LAB2-0075,metformin,clean,approved,qwen2.5-3b,mcp_access_only,review required,REVIEW_REQUIRED,0.8571279,1.79163735,False,False
LAB2-0075,metformin,clean,approved,qwen2.5-3b,confidence_abstention,review required,REVIEW_REQUIRED,0.8571279,1.79163735,False,False
LAB2-0075,metformin,clean,approved,qwen2.5-3b,mcp_governed,review required,REVIEW_REQUIRED,0.8571279,1.79163735,False,False
LAB2-0076,metformin,clean,approved,qwen2.5-3b,deterministic_rules,approved,REVIEW_REQUIRED,0.76999856,1.20830308,False,False
LAB2-0076,metformin,clean,approved,qwen2.5-3b,mcp_access_only,review required,REVIEW_REQUIRED,0.76999856,1.20830308,False,False
LAB2-0076,metformin,clean,approved,qwen2.5-3b,confidence_abstention,review required,REVIEW_REQUIRED,0.76999856,1.20830308,False,False
LAB2-0076,metformin,clean,approved,qwen2.5-3b,mcp_governed,review required,REVIEW_REQUIRED,0.76999856,1.20830308,False,False
LAB2-0077,metformin,clean,approved,qwen2.5-3b,deterministic_rules,approved,REVIEW_REQUIRED,0.83547939,1.62496986,False,False
LAB2-0077,metformin,clean,approved,qwen2.5-3b,mcp_access_only,review required,REVIEW_REQUIRED,0.83547939,1.62496986,False,False
LAB2-0077,metformin,clean,approved,qwen2.5-3b,confidence_abstention,review required,REVIEW_REQUIRED,0.83547939,1.62496986,False,False
LAB2-0077,metformin,clean,approved,qwen2.5-3b,mcp_governed,review required,REVIEW_REQUIRED,0.83547939,1.62496986,False,False
LAB2-0078,metformin,clean,approved,qwen2.5-3b,deterministic_rules,approved,REVIEW_REQUIRED,0.73105228,0.99996799,False,False
LAB2-0078,metformin,clean,approved,qwen2.5-3b,mcp_access_only,review required,REVIEW_REQUIRED,0.73105228,0.99996799,False,False
LAB2-0078,metformin,clean,approved,qwen2.5-3b,confidence_abstention,review required,REVIEW_REQUIRED,0.73105228,0.99996799,False,False
LAB2-0078,metformin,clean,approved,qwen2.5-3b,mcp_governed,review required,REVIEW_REQUIRED,0.73105228,0.99996799,False,False
LAB2-0079,metformin,clean,approved,qwen2.5-3b,deterministic_rules,approved,REVIEW_REQUIRED,0.67002562,0.70830091,False,False
LAB2-0079,metformin,clean,approved,qwen2.5-3b,mcp_access_only,review required,REVIEW_REQUIRED,0.67002562,0.70830091,False,False
LAB2-0079,metformin,clean,approved,qwen2.5-3b,confidence_abstention,review required,REVIEW_REQUIRED,0.67002562,0.70830091,False,False
LAB2-0079,metformin,clean,approved,qwen2.5-3b,mcp_governed,review required,REVIEW_REQUIRED,0.67002562,0.70830091,False,False
LAB2-0080,metformin,clean,approved,qwen2.5-3b,deterministic_rules,approved,REVIEW_REQUIRED,0.62245254,0.49997111,False,False
LAB2-0080,metformin,clean,approved,qwen2.5-3b,mcp_access_only,review required,REVIEW_REQUIRED,0.62245254,0.49997111,False,False
LAB2-0080,metformin,clean,approved,qwen2.5-3b,confidence_abstention,review required,REVIEW_REQUIRED,0.62245254,0.49997111,False,False
LAB2-0080,metformin,clean,approved,qwen2.5-3b,mcp_governed,review required,REVIEW_REQUIRED,0.62245254,0.49997111,False,False
LAB2-0081,metformin,clean,approved,qwen2.5-3b,deterministic_rules,approved,REVIEW_REQUIRED,0.6700245,0.70829588,False,False
LAB2-0081,metformin,clean,approved,qwen2.5-3b,mcp_access_only,review required,REVIEW_REQUIRED,0.6700245,0.70829588,False,False
LAB2-0081,metformin,clean,approved,qwen2.5-3b,confidence_abstention,review required,REVIEW_REQUIRED,0.6700245,0.70829588,False,False
LAB2-0081,metformin,clean,approved,qwen2.5-3b,mcp_governed,review required,REVIEW_REQUIRED,0.6700245,0.70829588,False,False
LAB2-0082,metformin,clean,approved,qwen2.5-3b,deterministic_rules,approved,REVIEW_REQUIRED,0.74711838,1.08330219,False,False
LAB2-0082,metformin,clean,approved,qwen2.5-3b,mcp_access_only,review required,REVIEW_REQUIRED,0.74711838,1.08330219,False,False
LAB2-0082,metformin,clean,approved,qwen2.5-3b,confidence_abstention,review required,REVIEW_REQUIRED,0.74711838,1.08330219,False,False
LAB2-0082,metformin,clean,approved,qwen2.5-3b,mcp_governed,review required,REVIEW_REQUIRED,0.74711838,1.08330219,False,False
LAB2-0083,metformin,clean,approved,qwen2.5-3b,deterministic_rules,approved,REVIEW_REQUIRED,0.5825609,0.33329507,False,False
LAB2-0083,metformin,clean,approved,qwen2.5-3b,mcp_access_only,review required,REVIEW_REQUIRED,0.5825609,0.33329507,False,False
LAB2-0083,metformin,clean,approved,qwen2.5-3b,confidence_abstention,review required,REVIEW_REQUIRED,0.5825609,0.33329507,False,False
LAB2-0083,metformin,clean,approved,qwen2.5-3b,mcp_governed,review required,REVIEW_REQUIRED,0.5825609,0.33329507,False,False
LAB2-0084,metformin,clean,approved,qwen2.5-3b,deterministic_rules,approved,REVIEW_REQUIRED,0.56216747,0.24996331,False,False
LAB2-0084,metformin,clean,approved,qwen2.5-3b,mcp_access_only,review required,REVIEW_REQUIRED,0.56216747,0.24996331,False,False
LAB2-0084,metformin,clean,approved,qwen2.5-3b,confidence_abstention,review required,REVIEW_REQUIRED,0.56216747,0.24996331,False,False
LAB2-0084,metformin,clean,approved,qwen2.5-3b,mcp_governed,review required,REVIEW_REQUIRED,0.56216747,0.24996331,False,False
LAB2-0085,metformin,missing,review required,qwen2.5-3b,deterministic_rules,review required,REVIEW_REQUIRED,0.98410794,4.12591606,False,False
LAB2-0085,metformin,missing,review required,qwen2.5-3b,mcp_access_only,review required,REVIEW_REQUIRED,0.98410794,4.12591606,False,False
LAB2-0085,metformin,missing,review required,qwen2.5-3b,confidence_abstention,review required,REVIEW_REQUIRED,0.98410794,4.12591606,False,False
LAB2-0085,metformin,missing,review required,qwen2.5-3b,mcp_governed,review required,REVIEW_REQUIRED,0.98410794,4.12591606,False,False
LAB2-0086,metformin,missing,review required,qwen2.5-3b,deterministic_rules,review required,REVIEW_REQUIRED,0.98474573,4.16752429,False,False
LAB2-0086,metformin,missing,review required,qwen2.5-3b,mcp_access_only,review required,REVIEW_REQUIRED,0.98474573,4.16752429,False,False
LAB2-0086,metformin,missing,review required,qwen2.5-3b,confidence_abstention,review required,REVIEW_REQUIRED,0.98474573,4.16752429,False,False
LAB2-0086,metformin,missing,review required,qwen2.5-3b,mcp_governed,review required,REVIEW_REQUIRED,0.98474573,4.16752429,False,False
LAB2-0087,metformin,missing,review required,qwen2.5-3b,deterministic_rules,review required,REVIEW_REQUIRED,0.98474416,4.16741959,False,False
LAB2-0087,metformin,missing,review required,qwen2.5-3b,mcp_access_only,review required,REVIEW_REQUIRED,0.98474416,4.16741959,False,False
LAB2-0087,metformin,missing,review required,qwen2.5-3b,confidence_abstention,review required,REVIEW_REQUIRED,0.98474416,4.16741959,False,False
LAB2-0087,metformin,missing,review required,qwen2.5-3b,mcp_governed,review required,REVIEW_REQUIRED,0.98474416,4.16741959,False,False
LAB2-0088,metformin,missing,review required,qwen2.5-3b,deterministic_rules,review required,REVIEW_REQUIRED,0.98410665,4.12583371,False,False
LAB2-0088,metformin,missing,review required,qwen2.5-3b,mcp_access_only,review required,REVIEW_REQUIRED,0.98410665,4.12583371,False,False
LAB2-0088,metformin,missing,review required,qwen2.5-3b,confidence_abstention,review required,REVIEW_REQUIRED,0.98410665,4.12583371,False,False
LAB2-0088,metformin,missing,review required,qwen2.5-3b,mcp_governed,review required,REVIEW_REQUIRED,0.98410665,4.12583371,False,False
LAB2-0089,metformin,stale,review required,qwen2.5-3b,deterministic_rules,review required,REVIEW_REQUIRED,0.98757498,4.37554048,False,False
LAB2-0089,metformin,stale,review required,qwen2.5-3b,mcp_access_only,review required,REVIEW_REQUIRED,0.98757498,4.37554048,False,False
LAB2-0089,metformin,stale,review required,qwen2.5-3b,confidence_abstention,review required,REVIEW_REQUIRED,0.98757498,4.37554048,False,False
LAB2-0089,metformin,stale,review required,qwen2.5-3b,mcp_governed,review required,REVIEW_REQUIRED,0.98757498,4.37554048,False,False
LAB2-0090,metformin,stale,review required,qwen2.5-3b,deterministic_rules,review required,REVIEW_REQUIRED,0.98343495,4.08375654,False,False
LAB2-0090,metformin,stale,review required,qwen2.5-3b,mcp_access_only,review required,REVIEW_REQUIRED,0.98343495,4.08375654,False,False
LAB2-0090,metformin,stale,review required,qwen2.5-3b,confidence_abstention,review required,REVIEW_REQUIRED,0.98343495,4.08375654,False,False
LAB2-0090,metformin,stale,review required,qwen2.5-3b,mcp_governed,review required,REVIEW_REQUIRED,0.98343495,4.08375654,False,False
LAB2-0091,metformin,stale,review required,qwen2.5-3b,deterministic_rules,review required,REVIEW_REQUIRED,0.9669164,3.37507446,False,False
LAB2-0091,metformin,stale,review required,qwen2.5-3b,mcp_access_only,review required,REVIEW_REQUIRED,0.9669164,3.37507446,False,False
LAB2-0091,metformin,stale,review required,qwen2.5-3b,confidence_abstention,review required,REVIEW_REQUIRED,0.9669164,3.37507446,False,False
LAB2-0091,metformin,stale,review required,qwen2.5-3b,mcp_governed,review required,REVIEW_REQUIRED,0.9669164,3.37507446,False,False
LAB2-0092,metformin,stale,review required,qwen2.5-3b,deterministic_rules,review required,REVIEW_REQUIRED,0.96691651,3.37507768,False,False
LAB2-0092,metformin,stale,review required,qwen2.5-3b,mcp_access_only,review required,REVIEW_REQUIRED,0.96691651,3.37507768,False,False
LAB2-0092,metformin,stale,review required,qwen2.5-3b,confidence_abstention,review required,REVIEW_REQUIRED,0.96691651,3.37507768,False,False
LAB2-0092,metformin,stale,review required,qwen2.5-3b,mcp_governed,review required,REVIEW_REQUIRED,0.96691651,3.37507768,False,False
LAB2-0093,metformin,unit_error,review required,qwen2.5-3b,deterministic_rules,review required,REVIEW_REQUIRED,0.99143386,4.75133458,False,False
LAB2-0093,metformin,unit_error,review required,qwen2.5-3b,mcp_access_only,review required,REVIEW_REQUIRED,0.99143386,4.75133458,False,False
LAB2-0093,metformin,unit_error,review required,qwen2.5-3b,confidence_abstention,review required,REVIEW_REQUIRED,0.99143386,4.75133458,False,False
LAB2-0093,metformin,unit_error,review required,qwen2.5-3b,mcp_governed,review required,REVIEW_REQUIRED,0.99143386,4.75133458,False,False
LAB2-0094,metformin,unit_error,review required,qwen2.5-3b,deterministic_rules,review required,REVIEW_REQUIRED,0.99030766,4.62668006,False,False
LAB2-0094,metformin,unit_error,review required,qwen2.5-3b,mcp_access_only,review required,REVIEW_REQUIRED,0.99030766,4.62668006,False,False
LAB2-0094,metformin,unit_error,review required,qwen2.5-3b,confidence_abstention,review required,REVIEW_REQUIRED,0.99030766,4.62668006,False,False
LAB2-0094,metformin,unit_error,review required,qwen2.5-3b,mcp_governed,review required,REVIEW_REQUIRED,0.99030766,4.62668006,False,False
LAB2-0095,metformin,unit_error,review required,qwen2.5-3b,deterministic_rules,review required,REVIEW_REQUIRED,0.9933115,5.00065523,False,False
LAB2-0095,metformin,unit_error,review required,qwen2.5-3b,mcp_access_only,review required,REVIEW_REQUIRED,0.9933115,5.00065523,False,False
LAB2-0095,metformin,unit_error,review required,qwen2.5-3b,confidence_abstention,review required,REVIEW_REQUIRED,0.9933115,5.00065523,False,False
LAB2-0095,metformin,unit_error,review required,qwen2.5-3b,mcp_governed,review required,REVIEW_REQUIRED,0.9933115,5.00065523,False,False
LAB2-0096,metformin,unit_error,review required,qwen2.5-3b,deterministic_rules,review required,REVIEW_REQUIRED,0.99106848,4.70919668,False,False
LAB2-0096,metformin,unit_error,review required,qwen2.5-3b,mcp_access_only,review required,REVIEW_REQUIRED,0.99106848,4.70919668,False,False
LAB2-0096,metformin,unit_error,review required,qwen2.5-3b,confidence_abstention,review required,REVIEW_REQUIRED,0.99106848,4.70919668,False,False
LAB2-0096,metformin,unit_error,review required,qwen2.5-3b,mcp_governed,review required,REVIEW_REQUIRED,0.99106848,4.70919668,False,False
LAB2-0097,metformin,conflict,review required,qwen2.5-3b,deterministic_rules,review required,REVIEW_REQUIRED,0.97966891,3.87506366,False,False
LAB2-0097,metformin,conflict,review required,qwen2.5-3b,mcp_access_only,review required,REVIEW_REQUIRED,0.97966891,3.87506366,False,False
LAB2-0097,metformin,conflict,review required,qwen2.5-3b,confidence_abstention,review required,REVIEW_REQUIRED,0.97966891,3.87506366,False,False
LAB2-0097,metformin,conflict,review required,qwen2.5-3b,mcp_governed,review required,REVIEW_REQUIRED,0.97966891,3.87506366,False,False
LAB2-0098,metformin,conflict,review required,qwen2.5-3b,deterministic_rules,review required,REVIEW_REQUIRED,0.97794071,3.79171531,False,False
LAB2-0098,metformin,conflict,review required,qwen2.5-3b,mcp_access_only,review required,REVIEW_REQUIRED,0.97794071,3.79171531,False,False
LAB2-0098,metformin,conflict,review required,qwen2.5-3b,confidence_abstention,review required,REVIEW_REQUIRED,0.97794071,3.79171531,False,False
LAB2-0098,metformin,conflict,review required,qwen2.5-3b,mcp_governed,review required,REVIEW_REQUIRED,0.97794071,3.79171531,False,False
LAB2-0099,metformin,conflict,review required,qwen2.5-3b,deterministic_rules,review required,REVIEW_REQUIRED,0.98704817,4.33348157,False,False
LAB2-0099,metformin,conflict,review required,qwen2.5-3b,mcp_access_only,review required,REVIEW_REQUIRED,0.98704817,4.33348157,False,False
LAB2-0099,metformin,conflict,review required,qwen2.5-3b,confidence_abstention,review required,REVIEW_REQUIRED,0.98704817,4.33348157,False,False
LAB2-0099,metformin,conflict,review required,qwen2.5-3b,mcp_governed,review required,REVIEW_REQUIRED,0.98704817,4.33348157,False,False
LAB2-0100,metformin,conflict,review required,qwen2.5-3b,deterministic_rules,review required,REVIEW_REQUIRED,0.98757057,4.37518089,False,False
LAB2-0100,metformin,conflict,review required,qwen2.5-3b,mcp_access_only,review required,REVIEW_REQUIRED,0.98757057,4.37518089,False,False
LAB2-0100,metformin,conflict,review required,qwen2.5-3b,confidence_abstention,review required,REVIEW_REQUIRED,0.98757057,4.37518089,False,False
LAB2-0100,metformin,conflict,review required,qwen2.5-3b,mcp_governed,review required,REVIEW_REQUIRED,0.98757057,4.37518089,False,False
LAB2-0101,metformin,wrong_encounter,review required,qwen2.5-3b,deterministic_rules,review required,REVIEW_REQUIRED,0.98535554,4.20894048,False,False
LAB2-0101,metformin,wrong_encounter,review required,qwen2.5-3b,mcp_access_only,review required,REVIEW_REQUIRED,0.98535554,4.20894048,False,False
LAB2-0101,metformin,wrong_encounter,review required,qwen2.5-3b,confidence_abstention,review required,REVIEW_REQUIRED,0.98535554,4.20894048,False,False
LAB2-0101,metformin,wrong_encounter,review required,qwen2.5-3b,mcp_governed,review required,REVIEW_REQUIRED,0.98535554,4.20894048,False,False
LAB2-0102,metformin,wrong_encounter,review required,qwen2.5-3b,deterministic_rules,review required,REVIEW_REQUIRED,0.98650975,4.29220589,False,False
LAB2-0102,metformin,wrong_encounter,review required,qwen2.5-3b,mcp_access_only,review required,REVIEW_REQUIRED,0.98650975,4.29220589,False,False
LAB2-0102,metformin,wrong_encounter,review required,qwen2.5-3b,confidence_abstention,review required,REVIEW_REQUIRED,0.98650975,4.29220589,False,False
LAB2-0102,metformin,wrong_encounter,review required,qwen2.5-3b,mcp_governed,review required,REVIEW_REQUIRED,0.98650975,4.29220589,False,False
LAB2-0103,metformin,wrong_encounter,review required,qwen2.5-3b,deterministic_rules,review required,REVIEW_REQUIRED,0.97882481,3.83352238,False,False
LAB2-0103,metformin,wrong_encounter,review required,qwen2.5-3b,mcp_access_only,review required,REVIEW_REQUIRED,0.97882481,3.83352238,False,False
LAB2-0103,metformin,wrong_encounter,review required,qwen2.5-3b,confidence_abstention,review required,REVIEW_REQUIRED,0.97882481,3.83352238,False,False
LAB2-0103,metformin,wrong_encounter,review required,qwen2.5-3b,mcp_governed,review required,REVIEW_REQUIRED,0.97882481,3.83352238,False,False
LAB2-0104,metformin,wrong_encounter,review required,qwen2.5-3b,deterministic_rules,review required,REVIEW_REQUIRED,0.97794444,3.79188812,False,False
LAB2-0104,metformin,wrong_encounter,review required,qwen2.5-3b,mcp_access_only,review required,REVIEW_REQUIRED,0.97794444,3.79188812,False,False
LAB2-0104,metformin,wrong_encounter,review required,qwen2.5-3b,confidence_abstention,review required,REVIEW_REQUIRED,0.97794444,3.79188812,False,False
LAB2-0104,metformin,wrong_encounter,review required,qwen2.5-3b,mcp_governed,review required,REVIEW_REQUIRED,0.97794444,3.79188812,False,False
LAB2-0105,metformin,service_failure,review required,qwen2.5-3b,deterministic_rules,review required,REVIEW_REQUIRED,0.98274826,4.04244021,False,False
LAB2-0105,metformin,service_failure,review required,qwen2.5-3b,mcp_access_only,review required,REVIEW_REQUIRED,0.98274826,4.04244021,False,False
LAB2-0105,metformin,service_failure,review required,qwen2.5-3b,confidence_abstention,review required,REVIEW_REQUIRED,0.98274826,4.04244021,False,False
LAB2-0105,metformin,service_failure,review required,qwen2.5-3b,mcp_governed,review required,REVIEW_REQUIRED,0.98274826,4.04244021,False,False
LAB2-0106,metformin,service_failure,review required,qwen2.5-3b,deterministic_rules,review required,REVIEW_REQUIRED,0.98274518,4.04225858,False,False
LAB2-0106,metformin,service_failure,review required,qwen2.5-3b,mcp_access_only,review required,REVIEW_REQUIRED,0.98274518,4.04225858,False,False
LAB2-0106,metformin,service_failure,review required,qwen2.5-3b,confidence_abstention,review required,REVIEW_REQUIRED,0.98274518,4.04225858,False,False
LAB2-0106,metformin,service_failure,review required,qwen2.5-3b,mcp_governed,review required,REVIEW_REQUIRED,0.98274518,4.04225858,False,False
LAB2-0107,metformin,service_failure,review required,qwen2.5-3b,deterministic_rules,review required,REVIEW_REQUIRED,0.97507746,3.66674434,False,False
LAB2-0107,metformin,service_failure,review required,qwen2.5-3b,mcp_access_only,review required,REVIEW_REQUIRED,0.97507746,3.66674434,False,False
LAB2-0107,metformin,service_failure,review required,qwen2.5-3b,confidence_abstention,review required,REVIEW_REQUIRED,0.97507746,3.66674434,False,False
LAB2-0107,metformin,service_failure,review required,qwen2.5-3b,mcp_governed,review required,REVIEW_REQUIRED,0.97507746,3.66674434,False,False
LAB2-0108,metformin,service_failure,review required,qwen2.5-3b,deterministic_rules,review required,REVIEW_REQUIRED,0.97297118,3.58345069,False,False
LAB2-0108,metformin,service_failure,review required,qwen2.5-3b,mcp_access_only,review required,REVIEW_REQUIRED,0.97297118,3.58345069,False,False
LAB2-0108,metformin,service_failure,review required,qwen2.5-3b,confidence_abstention,review required,REVIEW_REQUIRED,0.97297118,3.58345069,False,False
LAB2-0108,metformin,service_failure,review required,qwen2.5-3b,mcp_governed,review required,REVIEW_REQUIRED,0.97297118,3.58345069,False,False
LAB2-0121,enoxaparin,clean,review required,qwen2.5-3b,deterministic_rules,review required,REVIEW_REQUIRED,0.98273614,4.04172529,False,False
LAB2-0121,enoxaparin,clean,review required,qwen2.5-3b,mcp_access_only,review required,REVIEW_REQUIRED,0.98273614,4.04172529,False,False
LAB2-0121,enoxaparin,clean,review required,qwen2.5-3b,confidence_abstention,review required,REVIEW_REQUIRED,0.98273614,4.04172529,False,False
LAB2-0121,enoxaparin,clean,review required,qwen2.5-3b,mcp_governed,review required,REVIEW_REQUIRED,0.98273614,4.04172529,False,False
LAB2-0122,enoxaparin,clean,review required,qwen2.5-3b,deterministic_rules,review required,REVIEW_REQUIRED,0.98945762,4.54175317,False,False
LAB2-0122,enoxaparin,clean,review required,qwen2.5-3b,mcp_access_only,review required,REVIEW_REQUIRED,0.98945762,4.54175317,False,False
LAB2-0122,enoxaparin,clean,review required,qwen2.5-3b,confidence_abstention,review required,REVIEW_REQUIRED,0.98945762,4.54175317,False,False
LAB2-0122,enoxaparin,clean,review required,qwen2.5-3b,mcp_governed,review required,REVIEW_REQUIRED,0.98945762,4.54175317,False,False
LAB2-0123,enoxaparin,clean,review required,qwen2.5-3b,deterministic_rules,review required,REVIEW_REQUIRED,0.98945764,4.54175512,False,False
LAB2-0123,enoxaparin,clean,review required,qwen2.5-3b,mcp_access_only,review required,REVIEW_REQUIRED,0.98945764,4.54175512,False,False
LAB2-0123,enoxaparin,clean,review required,qwen2.5-3b,confidence_abstention,review required,REVIEW_REQUIRED,0.98945764,4.54175512,False,False
LAB2-0123,enoxaparin,clean,review required,qwen2.5-3b,mcp_governed,review required,REVIEW_REQUIRED,0.98945764,4.54175512,False,False
LAB2-0124,enoxaparin,clean,review required,qwen2.5-3b,deterministic_rules,review required,REVIEW_REQUIRED,0.98945747,4.5417397,False,False
LAB2-0124,enoxaparin,clean,review required,qwen2.5-3b,mcp_access_only,review required,REVIEW_REQUIRED,0.98945747,4.5417397,False,False
LAB2-0124,enoxaparin,clean,review required,qwen2.5-3b,confidence_abstention,review required,REVIEW_REQUIRED,0.98945747,4.5417397,False,False
LAB2-0124,enoxaparin,clean,review required,qwen2.5-3b,mcp_governed,review required,REVIEW_REQUIRED,0.98945747,4.5417397,False,False
LAB2-0125,enoxaparin,clean,review required,qwen2.5-3b,deterministic_rules,review required,REVIEW_REQUIRED,0.98988342,4.58341125,False,False
LAB2-0125,enoxaparin,clean,review required,qwen2.5-3b,mcp_access_only,review required,REVIEW_REQUIRED,0.98988342,4.58341125,False,False
LAB2-0125,enoxaparin,clean,review required,qwen2.5-3b,confidence_abstention,review required,REVIEW_REQUIRED,0.98988342,4.58341125,False,False
LAB2-0125,enoxaparin,clean,review required,qwen2.5-3b,mcp_governed,review required,REVIEW_REQUIRED,0.98988342,4.58341125,False,False
LAB2-0126,enoxaparin,clean,review required,qwen2.5-3b,deterministic_rules,review required,REVIEW_REQUIRED,0.98756889,4.37504411,False,False
LAB2-0126,enoxaparin,clean,review required,qwen2.5-3b,mcp_access_only,review required,REVIEW_REQUIRED,0.98756889,4.37504411,False,False
LAB2-0126,enoxaparin,clean,review required,qwen2.5-3b,confidence_abstention,review required,REVIEW_REQUIRED,0.98756889,4.37504411,False,False
LAB2-0126,enoxaparin,clean,review required,qwen2.5-3b,mcp_governed,review required,REVIEW_REQUIRED,0.98756889,4.37504411,False,False
LAB2-0127,enoxaparin,clean,review required,qwen2.5-3b,deterministic_rules,review required,REVIEW_REQUIRED,0.98945738,4.54173076,False,False
LAB2-0127,enoxaparin,clean,review required,qwen2.5-3b,mcp_access_only,review required,REVIEW_REQUIRED,0.98945738,4.54173076,False,False
LAB2-0127,enoxaparin,clean,review required,qwen2.5-3b,confidence_abstention,review required,REVIEW_REQUIRED,0.98945738,4.54173076,False,False
LAB2-0127,enoxaparin,clean,review required,qwen2.5-3b,mcp_governed,review required,REVIEW_REQUIRED,0.98945738,4.54173076,False,False
LAB2-0128,enoxaparin,clean,review required,qwen2.5-3b,deterministic_rules,review required,REVIEW_REQUIRED,0.9906847,4.66673843,False,False
LAB2-0128,enoxaparin,clean,review required,qwen2.5-3b,mcp_access_only,review required,REVIEW_REQUIRED,0.9906847,4.66673843,False,False
LAB2-0128,enoxaparin,clean,review required,qwen2.5-3b,confidence_abstention,review required,REVIEW_REQUIRED,0.9906847,4.66673843,False,False
LAB2-0128,enoxaparin,clean,review required,qwen2.5-3b,mcp_governed,review required,REVIEW_REQUIRED,0.9906847,4.66673843,False,False
LAB2-0129,enoxaparin,clean,review required,qwen2.5-3b,deterministic_rules,review required,REVIEW_REQUIRED,0.98473353,4.16671205,False,False
LAB2-0129,enoxaparin,clean,review required,qwen2.5-3b,mcp_access_only,review required,REVIEW_REQUIRED,0.98473353,4.16671205,False,False
LAB2-0129,enoxaparin,clean,review required,qwen2.5-3b,confidence_abstention,review required,REVIEW_REQUIRED,0.98473353,4.16671205,False,False
LAB2-0129,enoxaparin,clean,review required,qwen2.5-3b,mcp_governed,review required,REVIEW_REQUIRED,0.98473353,4.16671205,False,False
LAB2-0130,enoxaparin,clean,review required,qwen2.5-3b,deterministic_rules,review required,REVIEW_REQUIRED,0.98534747,4.20838165,False,False
LAB2-0130,enoxaparin,clean,review required,qwen2.5-3b,mcp_access_only,review required,REVIEW_REQUIRED,0.98534747,4.20838165,False,False
LAB2-0130,enoxaparin,clean,review required,qwen2.5-3b,confidence_abstention,review required,REVIEW_REQUIRED,0.98534747,4.20838165,False,False
LAB2-0130,enoxaparin,clean,review required,qwen2.5-3b,mcp_governed,review required,REVIEW_REQUIRED,0.98534747,4.20838165,False,False
LAB2-0131,enoxaparin,clean,review required,qwen2.5-3b,deterministic_rules,review required,REVIEW_REQUIRED,0.98593691,4.25003894,False,False
LAB2-0131,enoxaparin,clean,review required,qwen2.5-3b,mcp_access_only,review required,REVIEW_REQUIRED,0.98593691,4.25003894,False,False
LAB2-0131,enoxaparin,clean,review required,qwen2.5-3b,confidence_abstention,review required,REVIEW_REQUIRED,0.98593691,4.25003894,False,False
LAB2-0131,enoxaparin,clean,review required,qwen2.5-3b,mcp_governed,review required,REVIEW_REQUIRED,0.98593691,4.25003894,False,False
LAB2-0132,enoxaparin,clean,review required,qwen2.5-3b,deterministic_rules,review required,REVIEW_REQUIRED,0.99106149,4.70840731,False,False
LAB2-0132,enoxaparin,clean,review required,qwen2.5-3b,mcp_access_only,review required,REVIEW_REQUIRED,0.99106149,4.70840731,False,False
LAB2-0132,enoxaparin,clean,review required,qwen2.5-3b,confidence_abstention,review required,REVIEW_REQUIRED,0.99106149,4.70840731,False,False
LAB2-0132,enoxaparin,clean,review required,qwen2.5-3b,mcp_governed,review required,REVIEW_REQUIRED,0.99106149,4.70840731,False,False
LAB2-0133,enoxaparin,clean,approved,qwen2.5-3b,deterministic_rules,approved,REVIEW_REQUIRED,0.84112799,1.66664496,False,False
LAB2-0133,enoxaparin,clean,approved,qwen2.5-3b,mcp_access_only,review required,REVIEW_REQUIRED,0.84112799,1.66664496,False,False
LAB2-0133,enoxaparin,clean,approved,qwen2.5-3b,confidence_abstention,review required,REVIEW_REQUIRED,0.84112799,1.66664496,False,False
LAB2-0133,enoxaparin,clean,approved,qwen2.5-3b,mcp_governed,review required,REVIEW_REQUIRED,0.84112799,1.66664496,False,False
LAB2-0134,enoxaparin,clean,approved,qwen2.5-3b,deterministic_rules,approved,REVIEW_REQUIRED,0.62245177,0.49996781,False,False
LAB2-0134,enoxaparin,clean,approved,qwen2.5-3b,mcp_access_only,review required,REVIEW_REQUIRED,0.62245177,0.49996781,False,False
LAB2-0134,enoxaparin,clean,approved,qwen2.5-3b,confidence_abstention,review required,REVIEW_REQUIRED,0.62245177,0.49996781,False,False
LAB2-0134,enoxaparin,clean,approved,qwen2.5-3b,mcp_governed,review required,REVIEW_REQUIRED,0.62245177,0.49996781,False,False
LAB2-0135,enoxaparin,clean,approved,qwen2.5-3b,deterministic_rules,approved,REVIEW_REQUIRED,0.70577917,0.87497178,False,False
LAB2-0135,enoxaparin,clean,approved,qwen2.5-3b,mcp_access_only,review required,REVIEW_REQUIRED,0.70577917,0.87497178,False,False
LAB2-0135,enoxaparin,clean,approved,qwen2.5-3b,confidence_abstention,review required,REVIEW_REQUIRED,0.70577917,0.87497178,False,False
LAB2-0135,enoxaparin,clean,approved,qwen2.5-3b,mcp_governed,review required,REVIEW_REQUIRED,0.70577917,0.87497178,False,False
LAB2-0136,enoxaparin,clean,approved,qwen2.5-3b,deterministic_rules,approved,REVIEW_REQUIRED,0.74712025,1.08331208,False,False
LAB2-0136,enoxaparin,clean,approved,qwen2.5-3b,mcp_access_only,review required,REVIEW_REQUIRED,0.74712025,1.08331208,False,False
LAB2-0136,enoxaparin,clean,approved,qwen2.5-3b,confidence_abstention,review required,REVIEW_REQUIRED,0.74712025,1.08331208,False,False
LAB2-0136,enoxaparin,clean,approved,qwen2.5-3b,mcp_governed,review required,REVIEW_REQUIRED,0.74712025,1.08331208,False,False
LAB2-0137,enoxaparin,clean,approved,qwen2.5-3b,deterministic_rules,approved,REVIEW_REQUIRED,0.7310553,0.99998334,False,False
LAB2-0137,enoxaparin,clean,approved,qwen2.5-3b,mcp_access_only,review required,REVIEW_REQUIRED,0.7310553,0.99998334,False,False
LAB2-0137,enoxaparin,clean,approved,qwen2.5-3b,confidence_abstention,review required,REVIEW_REQUIRED,0.7310553,0.99998334,False,False
LAB2-0137,enoxaparin,clean,approved,qwen2.5-3b,mcp_governed,review required,REVIEW_REQUIRED,0.7310553,0.99998334,False,False
LAB2-0138,enoxaparin,clean,approved,qwen2.5-3b,deterministic_rules,approved,REVIEW_REQUIRED,0.62245424,0.49997833,False,False
LAB2-0138,enoxaparin,clean,approved,qwen2.5-3b,mcp_access_only,review required,REVIEW_REQUIRED,0.62245424,0.49997833,False,False
LAB2-0138,enoxaparin,clean,approved,qwen2.5-3b,confidence_abstention,review required,REVIEW_REQUIRED,0.62245424,0.49997833,False,False
LAB2-0138,enoxaparin,clean,approved,qwen2.5-3b,mcp_governed,review required,REVIEW_REQUIRED,0.62245424,0.49997833,False,False
LAB2-0139,enoxaparin,clean,approved,qwen2.5-3b,deterministic_rules,approved,APPROVED,0.4999933,2.682e-05,False,False
LAB2-0139,enoxaparin,clean,approved,qwen2.5-3b,mcp_access_only,approved,APPROVED,0.4999933,2.682e-05,False,False
LAB2-0139,enoxaparin,clean,approved,qwen2.5-3b,confidence_abstention,review required,APPROVED,0.4999933,2.682e-05,True,False
LAB2-0139,enoxaparin,clean,approved,qwen2.5-3b,mcp_governed,approved,APPROVED,0.4999933,2.682e-05,False,False
LAB2-0140,enoxaparin,clean,approved,qwen2.5-3b,deterministic_rules,approved,REVIEW_REQUIRED,0.58256548,0.3333139,False,False
LAB2-0140,enoxaparin,clean,approved,qwen2.5-3b,mcp_access_only,review required,REVIEW_REQUIRED,0.58256548,0.3333139,False,False
LAB2-0140,enoxaparin,clean,approved,qwen2.5-3b,confidence_abstention,review required,REVIEW_REQUIRED,0.58256548,0.3333139,False,False
LAB2-0140,enoxaparin,clean,approved,qwen2.5-3b,mcp_governed,review required,REVIEW_REQUIRED,0.58256548,0.3333139,False,False
LAB2-0141,enoxaparin,clean,approved,qwen2.5-3b,deterministic_rules,approved,REVIEW_REQUIRED,0.56217105,0.24997787,False,False
LAB2-0141,enoxaparin,clean,approved,qwen2.5-3b,mcp_access_only,review required,REVIEW_REQUIRED,0.56217105,0.24997787,False,False
LAB2-0141,enoxaparin,clean,approved,qwen2.5-3b,confidence_abstention,review required,REVIEW_REQUIRED,0.56217105,0.24997787,False,False
LAB2-0141,enoxaparin,clean,approved,qwen2.5-3b,mcp_governed,review required,REVIEW_REQUIRED,0.56217105,0.24997787,False,False
LAB2-0142,enoxaparin,clean,approved,qwen2.5-3b,deterministic_rules,approved,REVIEW_REQUIRED,0.66075226,0.66664834,False,False
LAB2-0142,enoxaparin,clean,approved,qwen2.5-3b,mcp_access_only,review required,REVIEW_REQUIRED,0.66075226,0.66664834,False,False
LAB2-0142,enoxaparin,clean,approved,qwen2.5-3b,confidence_abstention,review required,REVIEW_REQUIRED,0.66075226,0.66664834,False,False
LAB2-0142,enoxaparin,clean,approved,qwen2.5-3b,mcp_governed,review required,REVIEW_REQUIRED,0.66075226,0.66664834,False,False
LAB2-0143,enoxaparin,clean,approved,qwen2.5-3b,deterministic_rules,approved,APPROVED,0.41742447,0.33335521,False,False
LAB2-0143,enoxaparin,clean,approved,qwen2.5-3b,mcp_access_only,approved,APPROVED,0.41742447,0.33335521,False,False
LAB2-0143,enoxaparin,clean,approved,qwen2.5-3b,confidence_abstention,review required,APPROVED,0.41742447,0.33335521,True,False
LAB2-0143,enoxaparin,clean,approved,qwen2.5-3b,mcp_governed,approved,APPROVED,0.41742447,0.33335521,False,False
LAB2-0144,enoxaparin,clean,approved,qwen2.5-3b,deterministic_rules,approved,REVIEW_REQUIRED,0.58256486,0.33331136,False,False
LAB2-0144,enoxaparin,clean,approved,qwen2.5-3b,mcp_access_only,review required,REVIEW_REQUIRED,0.58256486,0.33331136,False,False
LAB2-0144,enoxaparin,clean,approved,qwen2.5-3b,confidence_abstention,review required,REVIEW_REQUIRED,0.58256486,0.33331136,False,False
LAB2-0144,enoxaparin,clean,approved,qwen2.5-3b,mcp_governed,review required,REVIEW_REQUIRED,0.58256486,0.33331136,False,False
LAB2-0145,enoxaparin,missing,review required,qwen2.5-3b,deterministic_rules,review required,REVIEW_REQUIRED,0.98129618,3.96014652,False,False
LAB2-0145,enoxaparin,missing,review required,qwen2.5-3b,mcp_access_only,review required,REVIEW_REQUIRED,0.98129618,3.96014652,False,False
LAB2-0145,enoxaparin,missing,review required,qwen2.5-3b,confidence_abstention,review required,REVIEW_REQUIRED,0.98129618,3.96014652,False,False
LAB2-0145,enoxaparin,missing,review required,qwen2.5-3b,mcp_governed,review required,REVIEW_REQUIRED,0.98129618,3.96014652,False,False
LAB2-0146,enoxaparin,missing,review required,qwen2.5-3b,deterministic_rules,review required,REVIEW_REQUIRED,0.98204233,4.00161735,False,False
LAB2-0146,enoxaparin,missing,review required,qwen2.5-3b,mcp_access_only,review required,REVIEW_REQUIRED,0.98204233,4.00161735,False,False
LAB2-0146,enoxaparin,missing,review required,qwen2.5-3b,confidence_abstention,review required,REVIEW_REQUIRED,0.98204233,4.00161735,False,False
LAB2-0146,enoxaparin,missing,review required,qwen2.5-3b,mcp_governed,review required,REVIEW_REQUIRED,0.98204233,4.00161735,False,False
LAB2-0147,enoxaparin,missing,review required,qwen2.5-3b,deterministic_rules,review required,REVIEW_REQUIRED,0.98129276,3.95996012,False,False
LAB2-0147,enoxaparin,missing,review required,qwen2.5-3b,mcp_access_only,review required,REVIEW_REQUIRED,0.98129276,3.95996012,False,False
LAB2-0147,enoxaparin,missing,review required,qwen2.5-3b,confidence_abstention,review required,REVIEW_REQUIRED,0.98129276,3.95996012,False,False
LAB2-0147,enoxaparin,missing,review required,qwen2.5-3b,mcp_governed,review required,REVIEW_REQUIRED,0.98129276,3.95996012,False,False
LAB2-0148,enoxaparin,missing,review required,qwen2.5-3b,deterministic_rules,review required,REVIEW_REQUIRED,0.98128893,3.95975181,False,False
LAB2-0148,enoxaparin,missing,review required,qwen2.5-3b,mcp_access_only,review required,REVIEW_REQUIRED,0.98128893,3.95975181,False,False
LAB2-0148,enoxaparin,missing,review required,qwen2.5-3b,confidence_abstention,review required,REVIEW_REQUIRED,0.98128893,3.95975181,False,False
LAB2-0148,enoxaparin,missing,review required,qwen2.5-3b,mcp_governed,review required,REVIEW_REQUIRED,0.98128893,3.95975181,False,False
LAB2-0149,enoxaparin,stale,review required,qwen2.5-3b,deterministic_rules,review required,REVIEW_REQUIRED,0.98901543,4.50021866,False,False
LAB2-0149,enoxaparin,stale,review required,qwen2.5-3b,mcp_access_only,review required,REVIEW_REQUIRED,0.98901543,4.50021866,False,False
LAB2-0149,enoxaparin,stale,review required,qwen2.5-3b,confidence_abstention,review required,REVIEW_REQUIRED,0.98901543,4.50021866,False,False
LAB2-0149,enoxaparin,stale,review required,qwen2.5-3b,mcp_governed,review required,REVIEW_REQUIRED,0.98901543,4.50021866,False,False
LAB2-0150,enoxaparin,stale,review required,qwen2.5-3b,deterministic_rules,review required,REVIEW_REQUIRED,0.98704811,4.3334767,False,False
LAB2-0150,enoxaparin,stale,review required,qwen2.5-3b,mcp_access_only,review required,REVIEW_REQUIRED,0.98704811,4.3334767,False,False
LAB2-0150,enoxaparin,stale,review required,qwen2.5-3b,confidence_abstention,review required,REVIEW_REQUIRED,0.98704811,4.3334767,False,False
LAB2-0150,enoxaparin,stale,review required,qwen2.5-3b,mcp_governed,review required,REVIEW_REQUIRED,0.98704811,4.3334767,False,False
LAB2-0151,enoxaparin,stale,review required,qwen2.5-3b,deterministic_rules,review required,REVIEW_REQUIRED,0.82967188,1.58330363,False,False
LAB2-0151,enoxaparin,stale,review required,qwen2.5-3b,mcp_access_only,review required,REVIEW_REQUIRED,0.82967188,1.58330363,False,False
LAB2-0151,enoxaparin,stale,review required,qwen2.5-3b,confidence_abstention,review required,REVIEW_REQUIRED,0.82967188,1.58330363,False,False
LAB2-0151,enoxaparin,stale,review required,qwen2.5-3b,mcp_governed,review required,REVIEW_REQUIRED,0.82967188,1.58330363,False,False
LAB2-0152,enoxaparin,stale,review required,qwen2.5-3b,deterministic_rules,review required,REVIEW_REQUIRED,0.88510109,2.04164918,False,False
LAB2-0152,enoxaparin,stale,review required,qwen2.5-3b,mcp_access_only,review required,REVIEW_REQUIRED,0.88510109,2.04164918,False,False
LAB2-0152,enoxaparin,stale,review required,qwen2.5-3b,confidence_abstention,review required,REVIEW_REQUIRED,0.88510109,2.04164918,False,False
LAB2-0152,enoxaparin,stale,review required,qwen2.5-3b,mcp_governed,review required,REVIEW_REQUIRED,0.88510109,2.04164918,False,False
LAB2-0153,enoxaparin,unit_error,review required,qwen2.5-3b,deterministic_rules,review required,REVIEW_REQUIRED,0.99210792,4.83397227,False,False
LAB2-0153,enoxaparin,unit_error,review required,qwen2.5-3b,mcp_access_only,review required,REVIEW_REQUIRED,0.99210792,4.83397227,False,False
LAB2-0153,enoxaparin,unit_error,review required,qwen2.5-3b,confidence_abstention,review required,REVIEW_REQUIRED,0.99210792,4.83397227,False,False
LAB2-0153,enoxaparin,unit_error,review required,qwen2.5-3b,mcp_governed,review required,REVIEW_REQUIRED,0.99210792,4.83397227,False,False
LAB2-0154,enoxaparin,unit_error,review required,qwen2.5-3b,deterministic_rules,review required,REVIEW_REQUIRED,0.99358407,5.0425345,False,False
LAB2-0154,enoxaparin,unit_error,review required,qwen2.5-3b,mcp_access_only,review required,REVIEW_REQUIRED,0.99358407,5.0425345,False,False
LAB2-0154,enoxaparin,unit_error,review required,qwen2.5-3b,confidence_abstention,review required,REVIEW_REQUIRED,0.99358407,5.0425345,False,False
LAB2-0154,enoxaparin,unit_error,review required,qwen2.5-3b,mcp_governed,review required,REVIEW_REQUIRED,0.99358407,5.0425345,False,False
LAB2-0155,enoxaparin,unit_error,review required,qwen2.5-3b,deterministic_rules,review required,REVIEW_REQUIRED,0.99331534,5.00123298,False,False
LAB2-0155,enoxaparin,unit_error,review required,qwen2.5-3b,mcp_access_only,review required,REVIEW_REQUIRED,0.99331534,5.00123298,False,False
LAB2-0155,enoxaparin,unit_error,review required,qwen2.5-3b,confidence_abstention,review required,REVIEW_REQUIRED,0.99331534,5.00123298,False,False
LAB2-0155,enoxaparin,unit_error,review required,qwen2.5-3b,mcp_governed,review required,REVIEW_REQUIRED,0.99331534,5.00123298,False,False
LAB2-0156,enoxaparin,unit_error,review required,qwen2.5-3b,deterministic_rules,review required,REVIEW_REQUIRED,0.98946009,4.54199061,False,False
LAB2-0156,enoxaparin,unit_error,review required,qwen2.5-3b,mcp_access_only,review required,REVIEW_REQUIRED,0.98946009,4.54199061,False,False
LAB2-0156,enoxaparin,unit_error,review required,qwen2.5-3b,confidence_abstention,review required,REVIEW_REQUIRED,0.98946009,4.54199061,False,False
LAB2-0156,enoxaparin,unit_error,review required,qwen2.5-3b,mcp_governed,review required,REVIEW_REQUIRED,0.98946009,4.54199061,False,False
LAB2-0157,enoxaparin,conflict,review required,qwen2.5-3b,deterministic_rules,review required,REVIEW_REQUIRED,0.98593701,4.25004561,False,False
LAB2-0157,enoxaparin,conflict,review required,qwen2.5-3b,mcp_access_only,review required,REVIEW_REQUIRED,0.98593701,4.25004561,False,False
LAB2-0157,enoxaparin,conflict,review required,qwen2.5-3b,confidence_abstention,review required,REVIEW_REQUIRED,0.98593701,4.25004561,False,False
LAB2-0157,enoxaparin,conflict,review required,qwen2.5-3b,mcp_governed,review required,REVIEW_REQUIRED,0.98593701,4.25004561,False,False
LAB2-0158,enoxaparin,conflict,review required,qwen2.5-3b,deterministic_rules,review required,REVIEW_REQUIRED,0.98704715,4.33340215,False,False
LAB2-0158,enoxaparin,conflict,review required,qwen2.5-3b,mcp_access_only,review required,REVIEW_REQUIRED,0.98704715,4.33340215,False,False
LAB2-0158,enoxaparin,conflict,review required,qwen2.5-3b,confidence_abstention,review required,REVIEW_REQUIRED,0.98704715,4.33340215,False,False
LAB2-0158,enoxaparin,conflict,review required,qwen2.5-3b,mcp_governed,review required,REVIEW_REQUIRED,0.98704715,4.33340215,False,False
LAB2-0159,enoxaparin,conflict,review required,qwen2.5-3b,deterministic_rules,review required,REVIEW_REQUIRED,0.99029248,4.62509944,False,False
LAB2-0159,enoxaparin,conflict,review required,qwen2.5-3b,mcp_access_only,review required,REVIEW_REQUIRED,0.99029248,4.62509944,False,False
LAB2-0159,enoxaparin,conflict,review required,qwen2.5-3b,confidence_abstention,review required,REVIEW_REQUIRED,0.99029248,4.62509944,False,False
LAB2-0159,enoxaparin,conflict,review required,qwen2.5-3b,mcp_governed,review required,REVIEW_REQUIRED,0.99029248,4.62509944,False,False
LAB2-0160,enoxaparin,conflict,review required,qwen2.5-3b,deterministic_rules,review required,REVIEW_REQUIRED,0.98988345,4.58341422,False,False
LAB2-0160,enoxaparin,conflict,review required,qwen2.5-3b,mcp_access_only,review required,REVIEW_REQUIRED,0.98988345,4.58341422,False,False
LAB2-0160,enoxaparin,conflict,review required,qwen2.5-3b,confidence_abstention,review required,REVIEW_REQUIRED,0.98988345,4.58341422,False,False
LAB2-0160,enoxaparin,conflict,review required,qwen2.5-3b,mcp_governed,review required,REVIEW_REQUIRED,0.98988345,4.58341422,False,False
LAB2-0161,enoxaparin,wrong_encounter,review required,qwen2.5-3b,deterministic_rules,review required,REVIEW_REQUIRED,0.98650537,4.29187691,False,False
LAB2-0161,enoxaparin,wrong_encounter,review required,qwen2.5-3b,mcp_access_only,review required,REVIEW_REQUIRED,0.98650537,4.29187691,False,False
LAB2-0161,enoxaparin,wrong_encounter,review required,qwen2.5-3b,confidence_abstention,review required,REVIEW_REQUIRED,0.98650537,4.29187691,False,False
LAB2-0161,enoxaparin,wrong_encounter,review required,qwen2.5-3b,mcp_governed,review required,REVIEW_REQUIRED,0.98650537,4.29187691,False,False
LAB2-0162,enoxaparin,wrong_encounter,review required,qwen2.5-3b,deterministic_rules,review required,REVIEW_REQUIRED,0.98650472,4.29182846,False,False
LAB2-0162,enoxaparin,wrong_encounter,review required,qwen2.5-3b,mcp_access_only,review required,REVIEW_REQUIRED,0.98650472,4.29182846,False,False
LAB2-0162,enoxaparin,wrong_encounter,review required,qwen2.5-3b,confidence_abstention,review required,REVIEW_REQUIRED,0.98650472,4.29182846,False,False
LAB2-0162,enoxaparin,wrong_encounter,review required,qwen2.5-3b,mcp_governed,review required,REVIEW_REQUIRED,0.98650472,4.29182846,False,False
LAB2-0163,enoxaparin,wrong_encounter,review required,qwen2.5-3b,deterministic_rules,review required,REVIEW_REQUIRED,0.97185101,3.54169099,False,False
LAB2-0163,enoxaparin,wrong_encounter,review required,qwen2.5-3b,mcp_access_only,review required,REVIEW_REQUIRED,0.97185101,3.54169099,False,False
LAB2-0163,enoxaparin,wrong_encounter,review required,qwen2.5-3b,confidence_abstention,review required,REVIEW_REQUIRED,0.97185101,3.54169099,False,False
LAB2-0163,enoxaparin,wrong_encounter,review required,qwen2.5-3b,mcp_governed,review required,REVIEW_REQUIRED,0.97185101,3.54169099,False,False
LAB2-0164,enoxaparin,wrong_encounter,review required,qwen2.5-3b,deterministic_rules,review required,REVIEW_REQUIRED,0.97702326,3.75002826,False,False
LAB2-0164,enoxaparin,wrong_encounter,review required,qwen2.5-3b,mcp_access_only,review required,REVIEW_REQUIRED,0.97702326,3.75002826,False,False
LAB2-0164,enoxaparin,wrong_encounter,review required,qwen2.5-3b,confidence_abstention,review required,REVIEW_REQUIRED,0.97702326,3.75002826,False,False
LAB2-0164,enoxaparin,wrong_encounter,review required,qwen2.5-3b,mcp_governed,review required,REVIEW_REQUIRED,0.97702326,3.75002826,False,False
LAB2-0165,enoxaparin,service_failure,review required,qwen2.5-3b,deterministic_rules,review required,REVIEW_REQUIRED,0.9875711,4.37522435,False,False
LAB2-0165,enoxaparin,service_failure,review required,qwen2.5-3b,mcp_access_only,review required,REVIEW_REQUIRED,0.9875711,4.37522435,False,False
LAB2-0165,enoxaparin,service_failure,review required,qwen2.5-3b,confidence_abstention,review required,REVIEW_REQUIRED,0.9875711,4.37522435,False,False
LAB2-0165,enoxaparin,service_failure,review required,qwen2.5-3b,mcp_governed,review required,REVIEW_REQUIRED,0.9875711,4.37522435,False,False
LAB2-0166,enoxaparin,service_failure,review required,qwen2.5-3b,deterministic_rules,review required,REVIEW_REQUIRED,0.98704912,4.33355645,False,False
LAB2-0166,enoxaparin,service_failure,review required,qwen2.5-3b,mcp_access_only,review required,REVIEW_REQUIRED,0.98704912,4.33355645,False,False
LAB2-0166,enoxaparin,service_failure,review required,qwen2.5-3b,confidence_abstention,review required,REVIEW_REQUIRED,0.98704912,4.33355645,False,False
LAB2-0166,enoxaparin,service_failure,review required,qwen2.5-3b,mcp_governed,review required,REVIEW_REQUIRED,0.98704912,4.33355645,False,False
LAB2-0167,enoxaparin,service_failure,review required,qwen2.5-3b,deterministic_rules,review required,REVIEW_REQUIRED,0.91490002,2.37498798,False,False
LAB2-0167,enoxaparin,service_failure,review required,qwen2.5-3b,mcp_access_only,review required,REVIEW_REQUIRED,0.91490002,2.37498798,False,False
LAB2-0167,enoxaparin,service_failure,review required,qwen2.5-3b,confidence_abstention,review required,REVIEW_REQUIRED,0.91490002,2.37498798,False,False
LAB2-0167,enoxaparin,service_failure,review required,qwen2.5-3b,mcp_governed,review required,REVIEW_REQUIRED,0.91490002,2.37498798,False,False
LAB2-0168,enoxaparin,service_failure,review required,qwen2.5-3b,deterministic_rules,review required,REVIEW_REQUIRED,0.94659645,2.8749957,False,False
LAB2-0168,enoxaparin,service_failure,review required,qwen2.5-3b,mcp_access_only,review required,REVIEW_REQUIRED,0.94659645,2.8749957,False,False
LAB2-0168,enoxaparin,service_failure,review required,qwen2.5-3b,confidence_abstention,review required,REVIEW_REQUIRED,0.94659645,2.8749957,False,False
LAB2-0168,enoxaparin,service_failure,review required,qwen2.5-3b,mcp_governed,review required,REVIEW_REQUIRED,0.94659645,2.8749957,False,False
LAB2-0181,gabapentin,clean,review required,qwen2.5-3b,deterministic_rules,review required,REVIEW_REQUIRED,0.99177011,4.7917188,False,False
LAB2-0181,gabapentin,clean,review required,qwen2.5-3b,mcp_access_only,review required,REVIEW_REQUIRED,0.99177011,4.7917188,False,False
LAB2-0181,gabapentin,clean,review required,qwen2.5-3b,confidence_abstention,review required,REVIEW_REQUIRED,0.99177011,4.7917188,False,False
LAB2-0181,gabapentin,clean,review required,qwen2.5-3b,mcp_governed,review required,REVIEW_REQUIRED,0.99177011,4.7917188,False,False
LAB2-0182,gabapentin,clean,review required,qwen2.5-3b,deterministic_rules,review required,REVIEW_REQUIRED,0.99177059,4.79177704,False,False
LAB2-0182,gabapentin,clean,review required,qwen2.5-3b,mcp_access_only,review required,REVIEW_REQUIRED,0.99177059,4.79177704,False,False
LAB2-0182,gabapentin,clean,review required,qwen2.5-3b,confidence_abstention,review required,REVIEW_REQUIRED,0.99177059,4.79177704,False,False
LAB2-0182,gabapentin,clean,review required,qwen2.5-3b,mcp_governed,review required,REVIEW_REQUIRED,0.99177059,4.79177704,False,False
LAB2-0183,gabapentin,clean,review required,qwen2.5-3b,deterministic_rules,review required,REVIEW_REQUIRED,0.99068461,4.66672861,False,False
LAB2-0183,gabapentin,clean,review required,qwen2.5-3b,mcp_access_only,review required,REVIEW_REQUIRED,0.99068461,4.66672861,False,False
LAB2-0183,gabapentin,clean,review required,qwen2.5-3b,confidence_abstention,review required,REVIEW_REQUIRED,0.99068461,4.66672861,False,False
LAB2-0183,gabapentin,clean,review required,qwen2.5-3b,mcp_governed,review required,REVIEW_REQUIRED,0.99068461,4.66672861,False,False
LAB2-0184,gabapentin,clean,review required,qwen2.5-3b,deterministic_rules,review required,REVIEW_REQUIRED,0.9917704,4.79175479,False,False
LAB2-0184,gabapentin,clean,review required,qwen2.5-3b,mcp_access_only,review required,REVIEW_REQUIRED,0.9917704,4.79175479,False,False
LAB2-0184,gabapentin,clean,review required,qwen2.5-3b,confidence_abstention,review required,REVIEW_REQUIRED,0.9917704,4.79175479,False,False
LAB2-0184,gabapentin,clean,review required,qwen2.5-3b,mcp_governed,review required,REVIEW_REQUIRED,0.9917704,4.79175479,False,False
LAB2-0185,gabapentin,clean,review required,qwen2.5-3b,deterministic_rules,review required,REVIEW_REQUIRED,0.99177021,4.79173092,False,False
LAB2-0185,gabapentin,clean,review required,qwen2.5-3b,mcp_access_only,review required,REVIEW_REQUIRED,0.99177021,4.79173092,False,False
LAB2-0185,gabapentin,clean,review required,qwen2.5-3b,confidence_abstention,review required,REVIEW_REQUIRED,0.99177021,4.79173092,False,False
LAB2-0185,gabapentin,clean,review required,qwen2.5-3b,mcp_governed,review required,REVIEW_REQUIRED,0.99177021,4.79173092,False,False
LAB2-0186,gabapentin,clean,review required,qwen2.5-3b,deterministic_rules,review required,REVIEW_REQUIRED,0.9898831,4.58337939,False,False
LAB2-0186,gabapentin,clean,review required,qwen2.5-3b,mcp_access_only,review required,REVIEW_REQUIRED,0.9898831,4.58337939,False,False
LAB2-0186,gabapentin,clean,review required,qwen2.5-3b,confidence_abstention,review required,REVIEW_REQUIRED,0.9898831,4.58337939,False,False
LAB2-0186,gabapentin,clean,review required,qwen2.5-3b,mcp_governed,review required,REVIEW_REQUIRED,0.9898831,4.58337939,False,False
LAB2-0187,gabapentin,clean,review required,qwen2.5-3b,deterministic_rules,review required,REVIEW_REQUIRED,0.98945745,4.54173755,False,False
LAB2-0187,gabapentin,clean,review required,qwen2.5-3b,mcp_access_only,review required,REVIEW_REQUIRED,0.98945745,4.54173755,False,False
LAB2-0187,gabapentin,clean,review required,qwen2.5-3b,confidence_abstention,review required,REVIEW_REQUIRED,0.98945745,4.54173755,False,False
LAB2-0187,gabapentin,clean,review required,qwen2.5-3b,mcp_governed,review required,REVIEW_REQUIRED,0.98945745,4.54173755,False,False
LAB2-0188,gabapentin,clean,review required,qwen2.5-3b,deterministic_rules,review required,REVIEW_REQUIRED,0.98901358,4.5000482,False,False
LAB2-0188,gabapentin,clean,review required,qwen2.5-3b,mcp_access_only,review required,REVIEW_REQUIRED,0.98901358,4.5000482,False,False
LAB2-0188,gabapentin,clean,review required,qwen2.5-3b,confidence_abstention,review required,REVIEW_REQUIRED,0.98901358,4.5000482,False,False
LAB2-0188,gabapentin,clean,review required,qwen2.5-3b,mcp_governed,review required,REVIEW_REQUIRED,0.98901358,4.5000482,False,False
LAB2-0189,gabapentin,clean,review required,qwen2.5-3b,deterministic_rules,review required,REVIEW_REQUIRED,0.98855153,4.45838447,False,False
LAB2-0189,gabapentin,clean,review required,qwen2.5-3b,mcp_access_only,review required,REVIEW_REQUIRED,0.98855153,4.45838447,False,False
LAB2-0189,gabapentin,clean,review required,qwen2.5-3b,confidence_abstention,review required,REVIEW_REQUIRED,0.98855153,4.45838447,False,False
LAB2-0189,gabapentin,clean,review required,qwen2.5-3b,mcp_governed,review required,REVIEW_REQUIRED,0.98855153,4.45838447,False,False
LAB2-0190,gabapentin,clean,review required,qwen2.5-3b,deterministic_rules,review required,REVIEW_REQUIRED,0.98756879,4.37503612,False,False
LAB2-0190,gabapentin,clean,review required,qwen2.5-3b,mcp_access_only,review required,REVIEW_REQUIRED,0.98756879,4.37503612,False,False
LAB2-0190,gabapentin,clean,review required,qwen2.5-3b,confidence_abstention,review required,REVIEW_REQUIRED,0.98756879,4.37503612,False,False
LAB2-0190,gabapentin,clean,review required,qwen2.5-3b,mcp_governed,review required,REVIEW_REQUIRED,0.98756879,4.37503612,False,False
LAB2-0191,gabapentin,clean,review required,qwen2.5-3b,deterministic_rules,review required,REVIEW_REQUIRED,0.9875686,4.37502023,False,False
LAB2-0191,gabapentin,clean,review required,qwen2.5-3b,mcp_access_only,review required,REVIEW_REQUIRED,0.9875686,4.37502023,False,False
LAB2-0191,gabapentin,clean,review required,qwen2.5-3b,confidence_abstention,review required,REVIEW_REQUIRED,0.9875686,4.37502023,False,False
LAB2-0191,gabapentin,clean,review required,qwen2.5-3b,mcp_governed,review required,REVIEW_REQUIRED,0.9875686,4.37502023,False,False
LAB2-0192,gabapentin,clean,review required,qwen2.5-3b,deterministic_rules,review required,REVIEW_REQUIRED,0.99068467,4.66673516,False,False
LAB2-0192,gabapentin,clean,review required,qwen2.5-3b,mcp_access_only,review required,REVIEW_REQUIRED,0.99068467,4.66673516,False,False
LAB2-0192,gabapentin,clean,review required,qwen2.5-3b,confidence_abstention,review required,REVIEW_REQUIRED,0.99068467,4.66673516,False,False
LAB2-0192,gabapentin,clean,review required,qwen2.5-3b,mcp_governed,review required,REVIEW_REQUIRED,0.99068467,4.66673516,False,False
LAB2-0193,gabapentin,clean,approved,qwen2.5-3b,deterministic_rules,approved,REVIEW_REQUIRED,0.92116727,2.45831342,False,False
LAB2-0193,gabapentin,clean,approved,qwen2.5-3b,mcp_access_only,review required,REVIEW_REQUIRED,0.92116727,2.45831342,False,False
LAB2-0193,gabapentin,clean,approved,qwen2.5-3b,confidence_abstention,review required,REVIEW_REQUIRED,0.92116727,2.45831342,False,False
LAB2-0193,gabapentin,clean,approved,qwen2.5-3b,mcp_governed,review required,REVIEW_REQUIRED,0.92116727,2.45831342,False,False
LAB2-0194,gabapentin,clean,approved,qwen2.5-3b,deterministic_rules,approved,REVIEW_REQUIRED,0.87635021,1.95831253,False,False
LAB2-0194,gabapentin,clean,approved,qwen2.5-3b,mcp_access_only,review required,REVIEW_REQUIRED,0.87635021,1.95831253,False,False
LAB2-0194,gabapentin,clean,approved,qwen2.5-3b,confidence_abstention,review required,REVIEW_REQUIRED,0.87635021,1.95831253,False,False
LAB2-0194,gabapentin,clean,approved,qwen2.5-3b,mcp_governed,review required,REVIEW_REQUIRED,0.87635021,1.95831253,False,False
LAB2-0195,gabapentin,clean,approved,qwen2.5-3b,deterministic_rules,approved,REVIEW_REQUIRED,0.52081707,0.08331645,False,False
LAB2-0195,gabapentin,clean,approved,qwen2.5-3b,mcp_access_only,review required,REVIEW_REQUIRED,0.52081707,0.08331645,False,False
LAB2-0195,gabapentin,clean,approved,qwen2.5-3b,confidence_abstention,review required,REVIEW_REQUIRED,0.52081707,0.08331645,False,False
LAB2-0195,gabapentin,clean,approved,qwen2.5-3b,mcp_governed,review required,REVIEW_REQUIRED,0.52081707,0.08331645,False,False
LAB2-0196,gabapentin,clean,approved,qwen2.5-3b,deterministic_rules,approved,REVIEW_REQUIRED,0.85712909,1.79164702,False,False
LAB2-0196,gabapentin,clean,approved,qwen2.5-3b,mcp_access_only,review required,REVIEW_REQUIRED,0.85712909,1.79164702,False,False
LAB2-0196,gabapentin,clean,approved,qwen2.5-3b,confidence_abstention,review required,REVIEW_REQUIRED,0.85712909,1.79164702,False,False
LAB2-0196,gabapentin,clean,approved,qwen2.5-3b,mcp_governed,review required,REVIEW_REQUIRED,0.85712909,1.79164702,False,False
LAB2-0197,gabapentin,clean,approved,qwen2.5-3b,deterministic_rules,approved,REVIEW_REQUIRED,0.74712045,1.08331313,False,False
LAB2-0197,gabapentin,clean,approved,qwen2.5-3b,mcp_access_only,review required,REVIEW_REQUIRED,0.74712045,1.08331313,False,False
LAB2-0197,gabapentin,clean,approved,qwen2.5-3b,confidence_abstention,review required,REVIEW_REQUIRED,0.74712045,1.08331313,False,False
LAB2-0197,gabapentin,clean,approved,qwen2.5-3b,mcp_governed,review required,REVIEW_REQUIRED,0.74712045,1.08331313,False,False
LAB2-0198,gabapentin,clean,approved,qwen2.5-3b,deterministic_rules,approved,REVIEW_REQUIRED,0.67917339,0.74997564,False,False
LAB2-0198,gabapentin,clean,approved,qwen2.5-3b,mcp_access_only,review required,REVIEW_REQUIRED,0.67917339,0.74997564,False,False
LAB2-0198,gabapentin,clean,approved,qwen2.5-3b,confidence_abstention,review required,REVIEW_REQUIRED,0.67917339,0.74997564,False,False
LAB2-0198,gabapentin,clean,approved,qwen2.5-3b,mcp_governed,review required,REVIEW_REQUIRED,0.67917339,0.74997564,False,False
LAB2-0199,gabapentin,clean,approved,qwen2.5-3b,deterministic_rules,approved,APPROVED,0.49999537,1.851e-05,False,False
LAB2-0199,gabapentin,clean,approved,qwen2.5-3b,mcp_access_only,approved,APPROVED,0.49999537,1.851e-05,False,False
LAB2-0199,gabapentin,clean,approved,qwen2.5-3b,confidence_abstention,review required,APPROVED,0.49999537,1.851e-05,True,False
LAB2-0199,gabapentin,clean,approved,qwen2.5-3b,mcp_governed,approved,APPROVED,0.49999537,1.851e-05,False,False
LAB2-0200,gabapentin,clean,approved,qwen2.5-3b,deterministic_rules,approved,REVIEW_REQUIRED,0.62245414,0.49997792,False,False
LAB2-0200,gabapentin,clean,approved,qwen2.5-3b,mcp_access_only,review required,REVIEW_REQUIRED,0.62245414,0.49997792,False,False
LAB2-0200,gabapentin,clean,approved,qwen2.5-3b,confidence_abstention,review required,REVIEW_REQUIRED,0.62245414,0.49997792,False,False
LAB2-0200,gabapentin,clean,approved,qwen2.5-3b,mcp_governed,review required,REVIEW_REQUIRED,0.62245414,0.49997792,False,False
LAB2-0201,gabapentin,clean,approved,qwen2.5-3b,deterministic_rules,approved,APPROVED,0.35816349,0.58334404,False,False
LAB2-0201,gabapentin,clean,approved,qwen2.5-3b,mcp_access_only,approved,APPROVED,0.35816349,0.58334404,False,False
LAB2-0201,gabapentin,clean,approved,qwen2.5-3b,confidence_abstention,approved,APPROVED,0.35816349,0.58334404,False,False
LAB2-0201,gabapentin,clean,approved,qwen2.5-3b,mcp_governed,approved,APPROVED,0.35816349,0.58334404,False,False
LAB2-0202,gabapentin,clean,approved,qwen2.5-3b,deterministic_rules,approved,REVIEW_REQUIRED,0.66075436,0.6666577,False,False
LAB2-0202,gabapentin,clean,approved,qwen2.5-3b,mcp_access_only,review required,REVIEW_REQUIRED,0.66075436,0.6666577,False,False
LAB2-0202,gabapentin,clean,approved,qwen2.5-3b,confidence_abstention,review required,REVIEW_REQUIRED,0.66075436,0.6666577,False,False
LAB2-0202,gabapentin,clean,approved,qwen2.5-3b,mcp_governed,review required,REVIEW_REQUIRED,0.66075436,0.6666577,False,False
LAB2-0203,gabapentin,clean,approved,qwen2.5-3b,deterministic_rules,approved,APPROVED,0.37753644,0.50001799,False,False
LAB2-0203,gabapentin,clean,approved,qwen2.5-3b,mcp_access_only,approved,APPROVED,0.37753644,0.50001799,False,False
LAB2-0203,gabapentin,clean,approved,qwen2.5-3b,confidence_abstention,approved,APPROVED,0.37753644,0.50001799,False,False
LAB2-0203,gabapentin,clean,approved,qwen2.5-3b,mcp_governed,approved,APPROVED,0.37753644,0.50001799,False,False
LAB2-0204,gabapentin,clean,approved,qwen2.5-3b,deterministic_rules,approved,REVIEW_REQUIRED,0.54156669,0.1666514,False,False
LAB2-0204,gabapentin,clean,approved,qwen2.5-3b,mcp_access_only,review required,REVIEW_REQUIRED,0.54156669,0.1666514,False,False
LAB2-0204,gabapentin,clean,approved,qwen2.5-3b,confidence_abstention,review required,REVIEW_REQUIRED,0.54156669,0.1666514,False,False
LAB2-0204,gabapentin,clean,approved,qwen2.5-3b,mcp_governed,review required,REVIEW_REQUIRED,0.54156669,0.1666514,False,False
LAB2-0205,gabapentin,missing,review required,qwen2.5-3b,deterministic_rules,review required,REVIEW_REQUIRED,0.98052653,3.91903642,False,False
LAB2-0205,gabapentin,missing,review required,qwen2.5-3b,mcp_access_only,review required,REVIEW_REQUIRED,0.98052653,3.91903642,False,False
LAB2-0205,gabapentin,missing,review required,qwen2.5-3b,confidence_abstention,review required,REVIEW_REQUIRED,0.98052653,3.91903642,False,False
LAB2-0205,gabapentin,missing,review required,qwen2.5-3b,mcp_governed,review required,REVIEW_REQUIRED,0.98052653,3.91903642,False,False
LAB2-0206,gabapentin,missing,review required,qwen2.5-3b,deterministic_rules,review required,REVIEW_REQUIRED,0.98051682,3.91852814,False,False
LAB2-0206,gabapentin,missing,review required,qwen2.5-3b,mcp_access_only,review required,REVIEW_REQUIRED,0.98051682,3.91852814,False,False
LAB2-0206,gabapentin,missing,review required,qwen2.5-3b,confidence_abstention,review required,REVIEW_REQUIRED,0.98051682,3.91852814,False,False
LAB2-0206,gabapentin,missing,review required,qwen2.5-3b,mcp_governed,review required,REVIEW_REQUIRED,0.98051682,3.91852814,False,False
LAB2-0207,gabapentin,missing,review required,qwen2.5-3b,deterministic_rules,review required,REVIEW_REQUIRED,0.98130106,3.9604124,False,False
LAB2-0207,gabapentin,missing,review required,qwen2.5-3b,mcp_access_only,review required,REVIEW_REQUIRED,0.98130106,3.9604124,False,False
LAB2-0207,gabapentin,missing,review required,qwen2.5-3b,confidence_abstention,review required,REVIEW_REQUIRED,0.98130106,3.9604124,False,False
LAB2-0207,gabapentin,missing,review required,qwen2.5-3b,mcp_governed,review required,REVIEW_REQUIRED,0.98130106,3.9604124,False,False
LAB2-0208,gabapentin,missing,review required,qwen2.5-3b,deterministic_rules,review required,REVIEW_REQUIRED,0.97971457,3.87735822,False,False
LAB2-0208,gabapentin,missing,review required,qwen2.5-3b,mcp_access_only,review required,REVIEW_REQUIRED,0.97971457,3.87735822,False,False
LAB2-0208,gabapentin,missing,review required,qwen2.5-3b,confidence_abstention,review required,REVIEW_REQUIRED,0.97971457,3.87735822,False,False
LAB2-0208,gabapentin,missing,review required,qwen2.5-3b,mcp_governed,review required,REVIEW_REQUIRED,0.97971457,3.87735822,False,False
LAB2-0209,gabapentin,stale,review required,qwen2.5-3b,deterministic_rules,review required,REVIEW_REQUIRED,0.98855327,4.45853866,False,False
LAB2-0209,gabapentin,stale,review required,qwen2.5-3b,mcp_access_only,review required,REVIEW_REQUIRED,0.98855327,4.45853866,False,False
LAB2-0209,gabapentin,stale,review required,qwen2.5-3b,confidence_abstention,review required,REVIEW_REQUIRED,0.98855327,4.45853866,False,False
LAB2-0209,gabapentin,stale,review required,qwen2.5-3b,mcp_governed,review required,REVIEW_REQUIRED,0.98855327,4.45853866,False,False
LAB2-0210,gabapentin,stale,review required,qwen2.5-3b,deterministic_rules,review required,REVIEW_REQUIRED,0.9870481,4.33347599,False,False
LAB2-0210,gabapentin,stale,review required,qwen2.5-3b,mcp_access_only,review required,REVIEW_REQUIRED,0.9870481,4.33347599,False,False
LAB2-0210,gabapentin,stale,review required,qwen2.5-3b,confidence_abstention,review required,REVIEW_REQUIRED,0.9870481,4.33347599,False,False
LAB2-0210,gabapentin,stale,review required,qwen2.5-3b,mcp_governed,review required,REVIEW_REQUIRED,0.9870481,4.33347599,False,False
LAB2-0211,gabapentin,stale,review required,qwen2.5-3b,deterministic_rules,review required,REVIEW_REQUIRED,0.95257379,2.99999254,False,False
LAB2-0211,gabapentin,stale,review required,qwen2.5-3b,mcp_access_only,review required,REVIEW_REQUIRED,0.95257379,2.99999254,False,False
LAB2-0211,gabapentin,stale,review required,qwen2.5-3b,confidence_abstention,review required,REVIEW_REQUIRED,0.95257379,2.99999254,False,False
LAB2-0211,gabapentin,stale,review required,qwen2.5-3b,mcp_governed,review required,REVIEW_REQUIRED,0.95257379,2.99999254,False,False
LAB2-0212,gabapentin,stale,review required,qwen2.5-3b,deterministic_rules,review required,REVIEW_REQUIRED,0.67917415,0.74997911,False,False
LAB2-0212,gabapentin,stale,review required,qwen2.5-3b,mcp_access_only,review required,REVIEW_REQUIRED,0.67917415,0.74997911,False,False
LAB2-0212,gabapentin,stale,review required,qwen2.5-3b,confidence_abstention,review required,REVIEW_REQUIRED,0.67917415,0.74997911,False,False
LAB2-0212,gabapentin,stale,review required,qwen2.5-3b,mcp_governed,review required,REVIEW_REQUIRED,0.67917415,0.74997911,False,False
LAB2-0213,gabapentin,unit_error,review required,qwen2.5-3b,deterministic_rules,review required,REVIEW_REQUIRED,0.99243011,4.87597866,False,False
LAB2-0213,gabapentin,unit_error,review required,qwen2.5-3b,mcp_access_only,review required,REVIEW_REQUIRED,0.99243011,4.87597866,False,False
LAB2-0213,gabapentin,unit_error,review required,qwen2.5-3b,confidence_abstention,review required,REVIEW_REQUIRED,0.99243011,4.87597866,False,False
LAB2-0213,gabapentin,unit_error,review required,qwen2.5-3b,mcp_governed,review required,REVIEW_REQUIRED,0.99243011,4.87597866,False,False
LAB2-0214,gabapentin,unit_error,review required,qwen2.5-3b,deterministic_rules,review required,REVIEW_REQUIRED,0.99303211,4.95945105,False,False
LAB2-0214,gabapentin,unit_error,review required,qwen2.5-3b,mcp_access_only,review required,REVIEW_REQUIRED,0.99303211,4.95945105,False,False
LAB2-0214,gabapentin,unit_error,review required,qwen2.5-3b,confidence_abstention,review required,REVIEW_REQUIRED,0.99303211,4.95945105,False,False
LAB2-0214,gabapentin,unit_error,review required,qwen2.5-3b,mcp_governed,review required,REVIEW_REQUIRED,0.99303211,4.95945105,False,False
LAB2-0215,gabapentin,unit_error,review required,qwen2.5-3b,deterministic_rules,review required,REVIEW_REQUIRED,0.99243008,4.87597401,False,False
LAB2-0215,gabapentin,unit_error,review required,qwen2.5-3b,mcp_access_only,review required,REVIEW_REQUIRED,0.99243008,4.87597401,False,False
LAB2-0215,gabapentin,unit_error,review required,qwen2.5-3b,confidence_abstention,review required,REVIEW_REQUIRED,0.99243008,4.87597401,False,False
LAB2-0215,gabapentin,unit_error,review required,qwen2.5-3b,mcp_governed,review required,REVIEW_REQUIRED,0.99243008,4.87597401,False,False
LAB2-0216,gabapentin,unit_error,review required,qwen2.5-3b,deterministic_rules,review required,REVIEW_REQUIRED,0.98855412,4.45861373,False,False
LAB2-0216,gabapentin,unit_error,review required,qwen2.5-3b,mcp_access_only,review required,REVIEW_REQUIRED,0.98855412,4.45861373,False,False
LAB2-0216,gabapentin,unit_error,review required,qwen2.5-3b,confidence_abstention,review required,REVIEW_REQUIRED,0.98855412,4.45861373,False,False
LAB2-0216,gabapentin,unit_error,review required,qwen2.5-3b,mcp_governed,review required,REVIEW_REQUIRED,0.98855412,4.45861373,False,False
LAB2-0217,gabapentin,conflict,review required,qwen2.5-3b,deterministic_rules,review required,REVIEW_REQUIRED,0.98901445,4.50012812,False,False
LAB2-0217,gabapentin,conflict,review required,qwen2.5-3b,mcp_access_only,review required,REVIEW_REQUIRED,0.98901445,4.50012812,False,False
LAB2-0217,gabapentin,conflict,review required,qwen2.5-3b,confidence_abstention,review required,REVIEW_REQUIRED,0.98901445,4.50012812,False,False
LAB2-0217,gabapentin,conflict,review required,qwen2.5-3b,mcp_governed,review required,REVIEW_REQUIRED,0.98901445,4.50012812,False,False
LAB2-0218,gabapentin,conflict,review required,qwen2.5-3b,deterministic_rules,review required,REVIEW_REQUIRED,0.98756985,4.37512232,False,False
LAB2-0218,gabapentin,conflict,review required,qwen2.5-3b,mcp_access_only,review required,REVIEW_REQUIRED,0.98756985,4.37512232,False,False
LAB2-0218,gabapentin,conflict,review required,qwen2.5-3b,confidence_abstention,review required,REVIEW_REQUIRED,0.98756985,4.37512232,False,False
LAB2-0218,gabapentin,conflict,review required,qwen2.5-3b,mcp_governed,review required,REVIEW_REQUIRED,0.98756985,4.37512232,False,False
LAB2-0219,gabapentin,conflict,review required,qwen2.5-3b,deterministic_rules,review required,REVIEW_REQUIRED,0.98988406,4.58347519,False,False
LAB2-0219,gabapentin,conflict,review required,qwen2.5-3b,mcp_access_only,review required,REVIEW_REQUIRED,0.98988406,4.58347519,False,False
LAB2-0219,gabapentin,conflict,review required,qwen2.5-3b,confidence_abstention,review required,REVIEW_REQUIRED,0.98988406,4.58347519,False,False
LAB2-0219,gabapentin,conflict,review required,qwen2.5-3b,mcp_governed,review required,REVIEW_REQUIRED,0.98988406,4.58347519,False,False
LAB2-0220,gabapentin,conflict,review required,qwen2.5-3b,deterministic_rules,review required,REVIEW_REQUIRED,0.98855231,4.45845331,False,False
LAB2-0220,gabapentin,conflict,review required,qwen2.5-3b,mcp_access_only,review required,REVIEW_REQUIRED,0.98855231,4.45845331,False,False
LAB2-0220,gabapentin,conflict,review required,qwen2.5-3b,confidence_abstention,review required,REVIEW_REQUIRED,0.98855231,4.45845331,False,False
LAB2-0220,gabapentin,conflict,review required,qwen2.5-3b,mcp_governed,review required,REVIEW_REQUIRED,0.98855231,4.45845331,False,False
LAB2-0221,gabapentin,wrong_encounter,review required,qwen2.5-3b,deterministic_rules,review required,REVIEW_REQUIRED,0.9870499,4.33361699,False,False
LAB2-0221,gabapentin,wrong_encounter,review required,qwen2.5-3b,mcp_access_only,review required,REVIEW_REQUIRED,0.9870499,4.33361699,False,False
LAB2-0221,gabapentin,wrong_encounter,review required,qwen2.5-3b,confidence_abstention,review required,REVIEW_REQUIRED,0.9870499,4.33361699,False,False
LAB2-0221,gabapentin,wrong_encounter,review required,qwen2.5-3b,mcp_governed,review required,REVIEW_REQUIRED,0.9870499,4.33361699,False,False
LAB2-0222,gabapentin,wrong_encounter,review required,qwen2.5-3b,deterministic_rules,review required,REVIEW_REQUIRED,0.98650541,4.29187977,False,False
LAB2-0222,gabapentin,wrong_encounter,review required,qwen2.5-3b,mcp_access_only,review required,REVIEW_REQUIRED,0.98650541,4.29187977,False,False
LAB2-0222,gabapentin,wrong_encounter,review required,qwen2.5-3b,confidence_abstention,review required,REVIEW_REQUIRED,0.98650541,4.29187977,False,False
LAB2-0222,gabapentin,wrong_encounter,review required,qwen2.5-3b,mcp_governed,review required,REVIEW_REQUIRED,0.98650541,4.29187977,False,False
LAB2-0223,gabapentin,wrong_encounter,review required,qwen2.5-3b,deterministic_rules,review required,REVIEW_REQUIRED,0.98048208,3.91671137,False,False
LAB2-0223,gabapentin,wrong_encounter,review required,qwen2.5-3b,mcp_access_only,review required,REVIEW_REQUIRED,0.98048208,3.91671137,False,False
LAB2-0223,gabapentin,wrong_encounter,review required,qwen2.5-3b,confidence_abstention,review required,REVIEW_REQUIRED,0.98048208,3.91671137,False,False
LAB2-0223,gabapentin,wrong_encounter,review required,qwen2.5-3b,mcp_governed,review required,REVIEW_REQUIRED,0.98048208,3.91671137,False,False
LAB2-0224,gabapentin,wrong_encounter,review required,qwen2.5-3b,deterministic_rules,review required,REVIEW_REQUIRED,0.97185081,3.54168364,False,False
LAB2-0224,gabapentin,wrong_encounter,review required,qwen2.5-3b,mcp_access_only,review required,REVIEW_REQUIRED,0.97185081,3.54168364,False,False
LAB2-0224,gabapentin,wrong_encounter,review required,qwen2.5-3b,confidence_abstention,review required,REVIEW_REQUIRED,0.97185081,3.54168364,False,False
LAB2-0224,gabapentin,wrong_encounter,review required,qwen2.5-3b,mcp_governed,review required,REVIEW_REQUIRED,0.97185081,3.54168364,False,False
LAB2-0225,gabapentin,service_failure,review required,qwen2.5-3b,deterministic_rules,review required,REVIEW_REQUIRED,0.98807652,4.41725053,False,False
LAB2-0225,gabapentin,service_failure,review required,qwen2.5-3b,mcp_access_only,review required,REVIEW_REQUIRED,0.98807652,4.41725053,False,False
LAB2-0225,gabapentin,service_failure,review required,qwen2.5-3b,confidence_abstention,review required,REVIEW_REQUIRED,0.98807652,4.41725053,False,False
LAB2-0225,gabapentin,service_failure,review required,qwen2.5-3b,mcp_governed,review required,REVIEW_REQUIRED,0.98807652,4.41725053,False,False
LAB2-0226,gabapentin,service_failure,review required,qwen2.5-3b,deterministic_rules,review required,REVIEW_REQUIRED,0.98757454,4.37550432,False,False
LAB2-0226,gabapentin,service_failure,review required,qwen2.5-3b,mcp_access_only,review required,REVIEW_REQUIRED,0.98757454,4.37550432,False,False
LAB2-0226,gabapentin,service_failure,review required,qwen2.5-3b,confidence_abstention,review required,REVIEW_REQUIRED,0.98757454,4.37550432,False,False
LAB2-0226,gabapentin,service_failure,review required,qwen2.5-3b,mcp_governed,review required,REVIEW_REQUIRED,0.98757454,4.37550432,False,False
LAB2-0227,gabapentin,service_failure,review required,qwen2.5-3b,deterministic_rules,review required,REVIEW_REQUIRED,0.97966814,3.87502453,False,False
LAB2-0227,gabapentin,service_failure,review required,qwen2.5-3b,mcp_access_only,review required,REVIEW_REQUIRED,0.97966814,3.87502453,False,False
LAB2-0227,gabapentin,service_failure,review required,qwen2.5-3b,confidence_abstention,review required,REVIEW_REQUIRED,0.97966814,3.87502453,False,False
LAB2-0227,gabapentin,service_failure,review required,qwen2.5-3b,mcp_governed,review required,REVIEW_REQUIRED,0.97966814,3.87502453,False,False
LAB2-0228,gabapentin,service_failure,review required,qwen2.5-3b,deterministic_rules,review required,REVIEW_REQUIRED,0.95619999,3.08333303,False,False
LAB2-0228,gabapentin,service_failure,review required,qwen2.5-3b,mcp_access_only,review required,REVIEW_REQUIRED,0.95619999,3.08333303,False,False
LAB2-0228,gabapentin,service_failure,review required,qwen2.5-3b,confidence_abstention,review required,REVIEW_REQUIRED,0.95619999,3.08333303,False,False
LAB2-0228,gabapentin,service_failure,review required,qwen2.5-3b,mcp_governed,review required,REVIEW_REQUIRED,0.95619999,3.08333303,False,False
LAB2-0241,dofetilide,clean,review required,qwen2.5-3b,deterministic_rules,review required,REVIEW_REQUIRED,0.99330842,5.00019046,False,False
LAB2-0241,dofetilide,clean,review required,qwen2.5-3b,mcp_access_only,review required,REVIEW_REQUIRED,0.99330842,5.00019046,False,False
LAB2-0241,dofetilide,clean,review required,qwen2.5-3b,confidence_abstention,review required,REVIEW_REQUIRED,0.99330842,5.00019046,False,False
LAB2-0241,dofetilide,clean,review required,qwen2.5-3b,mcp_governed,review required,REVIEW_REQUIRED,0.99330842,5.00019046,False,False
LAB2-0242,dofetilide,clean,review required,qwen2.5-3b,deterministic_rules,review required,REVIEW_REQUIRED,0.99242436,4.87521239,False,False
LAB2-0242,dofetilide,clean,review required,qwen2.5-3b,mcp_access_only,review required,REVIEW_REQUIRED,0.99242436,4.87521239,False,False
LAB2-0242,dofetilide,clean,review required,qwen2.5-3b,confidence_abstention,review required,REVIEW_REQUIRED,0.99242436,4.87521239,False,False
LAB2-0242,dofetilide,clean,review required,qwen2.5-3b,mcp_governed,review required,REVIEW_REQUIRED,0.99242436,4.87521239,False,False
LAB2-0243,dofetilide,clean,review required,qwen2.5-3b,deterministic_rules,review required,REVIEW_REQUIRED,0.99273104,4.91684637,False,False
LAB2-0243,dofetilide,clean,review required,qwen2.5-3b,mcp_access_only,review required,REVIEW_REQUIRED,0.99273104,4.91684637,False,False
LAB2-0243,dofetilide,clean,review required,qwen2.5-3b,confidence_abstention,review required,REVIEW_REQUIRED,0.99273104,4.91684637,False,False
LAB2-0243,dofetilide,clean,review required,qwen2.5-3b,mcp_governed,review required,REVIEW_REQUIRED,0.99273104,4.91684637,False,False
LAB2-0244,dofetilide,clean,review required,qwen2.5-3b,deterministic_rules,review required,REVIEW_REQUIRED,0.99210437,4.83351911,False,False
LAB2-0244,dofetilide,clean,review required,qwen2.5-3b,mcp_access_only,review required,REVIEW_REQUIRED,0.99210437,4.83351911,False,False
LAB2-0244,dofetilide,clean,review required,qwen2.5-3b,confidence_abstention,review required,REVIEW_REQUIRED,0.99210437,4.83351911,False,False
LAB2-0244,dofetilide,clean,review required,qwen2.5-3b,mcp_governed,review required,REVIEW_REQUIRED,0.99210437,4.83351911,False,False
LAB2-0245,dofetilide,clean,review required,qwen2.5-3b,deterministic_rules,review required,REVIEW_REQUIRED,0.99302597,4.95856285,False,False
LAB2-0245,dofetilide,clean,review required,qwen2.5-3b,mcp_access_only,review required,REVIEW_REQUIRED,0.99302597,4.95856285,False,False
LAB2-0245,dofetilide,clean,review required,qwen2.5-3b,confidence_abstention,review required,REVIEW_REQUIRED,0.99302597,4.95856285,False,False
LAB2-0245,dofetilide,clean,review required,qwen2.5-3b,mcp_governed,review required,REVIEW_REQUIRED,0.99302597,4.95856285,False,False
LAB2-0246,dofetilide,clean,review required,qwen2.5-3b,deterministic_rules,review required,REVIEW_REQUIRED,0.99242401,4.87516683,False,False
LAB2-0246,dofetilide,clean,review required,qwen2.5-3b,mcp_access_only,review required,REVIEW_REQUIRED,0.99242401,4.87516683,False,False
LAB2-0246,dofetilide,clean,review required,qwen2.5-3b,confidence_abstention,review required,REVIEW_REQUIRED,0.99242401,4.87516683,False,False
LAB2-0246,dofetilide,clean,review required,qwen2.5-3b,mcp_governed,review required,REVIEW_REQUIRED,0.99242401,4.87516683,False,False
LAB2-0247,dofetilide,clean,review required,qwen2.5-3b,deterministic_rules,review required,REVIEW_REQUIRED,0.98945817,4.54180596,False,False
LAB2-0247,dofetilide,clean,review required,qwen2.5-3b,mcp_access_only,review required,REVIEW_REQUIRED,0.98945817,4.54180596,False,False
LAB2-0247,dofetilide,clean,review required,qwen2.5-3b,confidence_abstention,review required,REVIEW_REQUIRED,0.98945817,4.54180596,False,False
LAB2-0247,dofetilide,clean,review required,qwen2.5-3b,mcp_governed,review required,REVIEW_REQUIRED,0.98945817,4.54180596,False,False
LAB2-0248,dofetilide,clean,review required,qwen2.5-3b,deterministic_rules,review required,REVIEW_REQUIRED,0.99273157,4.91692016,False,False
LAB2-0248,dofetilide,clean,review required,qwen2.5-3b,mcp_access_only,review required,REVIEW_REQUIRED,0.99273157,4.91692016,False,False
LAB2-0248,dofetilide,clean,review required,qwen2.5-3b,confidence_abstention,review required,REVIEW_REQUIRED,0.99273157,4.91692016,False,False
LAB2-0248,dofetilide,clean,review required,qwen2.5-3b,mcp_governed,review required,REVIEW_REQUIRED,0.99273157,4.91692016,False,False
LAB2-0249,dofetilide,clean,review required,qwen2.5-3b,deterministic_rules,review required,REVIEW_REQUIRED,0.98855245,4.45846568,False,False
LAB2-0249,dofetilide,clean,review required,qwen2.5-3b,mcp_access_only,review required,REVIEW_REQUIRED,0.98855245,4.45846568,False,False
LAB2-0249,dofetilide,clean,review required,qwen2.5-3b,confidence_abstention,review required,REVIEW_REQUIRED,0.98855245,4.45846568,False,False
LAB2-0249,dofetilide,clean,review required,qwen2.5-3b,mcp_governed,review required,REVIEW_REQUIRED,0.98855245,4.45846568,False,False
LAB2-0250,dofetilide,clean,review required,qwen2.5-3b,deterministic_rules,review required,REVIEW_REQUIRED,0.98945804,4.54179353,False,False
LAB2-0250,dofetilide,clean,review required,qwen2.5-3b,mcp_access_only,review required,REVIEW_REQUIRED,0.98945804,4.54179353,False,False
LAB2-0250,dofetilide,clean,review required,qwen2.5-3b,confidence_abstention,review required,REVIEW_REQUIRED,0.98945804,4.54179353,False,False
LAB2-0250,dofetilide,clean,review required,qwen2.5-3b,mcp_governed,review required,REVIEW_REQUIRED,0.98945804,4.54179353,False,False
LAB2-0251,dofetilide,clean,review required,qwen2.5-3b,deterministic_rules,review required,REVIEW_REQUIRED,0.99177175,4.7919202,False,False
LAB2-0251,dofetilide,clean,review required,qwen2.5-3b,mcp_access_only,review required,REVIEW_REQUIRED,0.99177175,4.7919202,False,False
LAB2-0251,dofetilide,clean,review required,qwen2.5-3b,confidence_abstention,review required,REVIEW_REQUIRED,0.99177175,4.7919202,False,False
LAB2-0251,dofetilide,clean,review required,qwen2.5-3b,mcp_governed,review required,REVIEW_REQUIRED,0.99177175,4.7919202,False,False
LAB2-0252,dofetilide,clean,review required,qwen2.5-3b,deterministic_rules,review required,REVIEW_REQUIRED,0.99210416,4.8334921,False,False
LAB2-0252,dofetilide,clean,review required,qwen2.5-3b,mcp_access_only,review required,REVIEW_REQUIRED,0.99210416,4.8334921,False,False
LAB2-0252,dofetilide,clean,review required,qwen2.5-3b,confidence_abstention,review required,REVIEW_REQUIRED,0.99210416,4.8334921,False,False
LAB2-0252,dofetilide,clean,review required,qwen2.5-3b,mcp_governed,review required,REVIEW_REQUIRED,0.99210416,4.8334921,False,False
LAB2-0253,dofetilide,clean,approved,qwen2.5-3b,deterministic_rules,approved,REVIEW_REQUIRED,0.85195138,1.74998869,False,False
LAB2-0253,dofetilide,clean,approved,qwen2.5-3b,mcp_access_only,review required,REVIEW_REQUIRED,0.85195138,1.74998869,False,False
LAB2-0253,dofetilide,clean,approved,qwen2.5-3b,confidence_abstention,review required,REVIEW_REQUIRED,0.85195138,1.74998869,False,False
LAB2-0253,dofetilide,clean,approved,qwen2.5-3b,mcp_governed,review required,REVIEW_REQUIRED,0.85195138,1.74998869,False,False
LAB2-0254,dofetilide,clean,approved,qwen2.5-3b,deterministic_rules,approved,REVIEW_REQUIRED,0.54156164,0.16663107,False,False
LAB2-0254,dofetilide,clean,approved,qwen2.5-3b,mcp_access_only,review required,REVIEW_REQUIRED,0.54156164,0.16663107,False,False
LAB2-0254,dofetilide,clean,approved,qwen2.5-3b,confidence_abstention,review required,REVIEW_REQUIRED,0.54156164,0.16663107,False,False
LAB2-0254,dofetilide,clean,approved,qwen2.5-3b,mcp_governed,review required,REVIEW_REQUIRED,0.54156164,0.16663107,False,False
LAB2-0255,dofetilide,clean,approved,qwen2.5-3b,deterministic_rules,approved,REVIEW_REQUIRED,0.79138758,1.33330973,False,False
LAB2-0255,dofetilide,clean,approved,qwen2.5-3b,mcp_access_only,review required,REVIEW_REQUIRED,0.79138758,1.33330973,False,False
LAB2-0255,dofetilide,clean,approved,qwen2.5-3b,confidence_abstention,review required,REVIEW_REQUIRED,0.79138758,1.33330973,False,False
LAB2-0255,dofetilide,clean,approved,qwen2.5-3b,mcp_governed,review required,REVIEW_REQUIRED,0.79138758,1.33330973,False,False
LAB2-0256,dofetilide,clean,approved,qwen2.5-3b,deterministic_rules,approved,REVIEW_REQUIRED,0.62245352,0.49997528,False,False
LAB2-0256,dofetilide,clean,approved,qwen2.5-3b,mcp_access_only,review required,REVIEW_REQUIRED,0.62245352,0.49997528,False,False
LAB2-0256,dofetilide,clean,approved,qwen2.5-3b,confidence_abstention,review required,REVIEW_REQUIRED,0.62245352,0.49997528,False,False
LAB2-0256,dofetilide,clean,approved,qwen2.5-3b,mcp_governed,review required,REVIEW_REQUIRED,0.62245352,0.49997528,False,False
LAB2-0257,dofetilide,clean,approved,qwen2.5-3b,deterministic_rules,approved,REVIEW_REQUIRED,0.54156412,0.16664104,False,False
LAB2-0257,dofetilide,clean,approved,qwen2.5-3b,mcp_access_only,review required,REVIEW_REQUIRED,0.54156412,0.16664104,False,False
LAB2-0257,dofetilide,clean,approved,qwen2.5-3b,confidence_abstention,review required,REVIEW_REQUIRED,0.54156412,0.16664104,False,False
LAB2-0257,dofetilide,clean,approved,qwen2.5-3b,mcp_governed,review required,REVIEW_REQUIRED,0.54156412,0.16664104,False,False
LAB2-0258,dofetilide,clean,approved,qwen2.5-3b,deterministic_rules,approved,REVIEW_REQUIRED,0.54156628,0.16664973,False,False
LAB2-0258,dofetilide,clean,approved,qwen2.5-3b,mcp_access_only,review required,REVIEW_REQUIRED,0.54156628,0.16664973,False,False
LAB2-0258,dofetilide,clean,approved,qwen2.5-3b,confidence_abstention,review required,REVIEW_REQUIRED,0.54156628,0.16664973,False,False
LAB2-0258,dofetilide,clean,approved,qwen2.5-3b,mcp_governed,review required,REVIEW_REQUIRED,0.54156628,0.16664973,False,False
LAB2-0259,dofetilide,clean,approved,qwen2.5-3b,deterministic_rules,approved,REVIEW_REQUIRED,0.54156373,0.16663945,False,False
LAB2-0259,dofetilide,clean,approved,qwen2.5-3b,mcp_access_only,review required,REVIEW_REQUIRED,0.54156373,0.16663945,False,False
LAB2-0259,dofetilide,clean,approved,qwen2.5-3b,confidence_abstention,review required,REVIEW_REQUIRED,0.54156373,0.16663945,False,False
LAB2-0259,dofetilide,clean,approved,qwen2.5-3b,mcp_governed,review required,REVIEW_REQUIRED,0.54156373,0.16663945,False,False
LAB2-0260,dofetilide,clean,approved,qwen2.5-3b,deterministic_rules,approved,REVIEW_REQUIRED,0.5621686,0.24996789,False,False
LAB2-0260,dofetilide,clean,approved,qwen2.5-3b,mcp_access_only,review required,REVIEW_REQUIRED,0.5621686,0.24996789,False,False
LAB2-0260,dofetilide,clean,approved,qwen2.5-3b,confidence_abstention,review required,REVIEW_REQUIRED,0.5621686,0.24996789,False,False
LAB2-0260,dofetilide,clean,approved,qwen2.5-3b,mcp_governed,review required,REVIEW_REQUIRED,0.5621686,0.24996789,False,False
LAB2-0261,dofetilide,clean,approved,qwen2.5-3b,deterministic_rules,approved,REVIEW_REQUIRED,0.54156316,0.16663719,False,False
LAB2-0261,dofetilide,clean,approved,qwen2.5-3b,mcp_access_only,review required,REVIEW_REQUIRED,0.54156316,0.16663719,False,False
LAB2-0261,dofetilide,clean,approved,qwen2.5-3b,confidence_abstention,review required,REVIEW_REQUIRED,0.54156316,0.16663719,False,False
LAB2-0261,dofetilide,clean,approved,qwen2.5-3b,mcp_governed,review required,REVIEW_REQUIRED,0.54156316,0.16663719,False,False
LAB2-0262,dofetilide,clean,approved,qwen2.5-3b,deterministic_rules,approved,REVIEW_REQUIRED,0.58256348,0.33330566,False,False
LAB2-0262,dofetilide,clean,approved,qwen2.5-3b,mcp_access_only,review required,REVIEW_REQUIRED,0.58256348,0.33330566,False,False
LAB2-0262,dofetilide,clean,approved,qwen2.5-3b,confidence_abstention,review required,REVIEW_REQUIRED,0.58256348,0.33330566,False,False
LAB2-0262,dofetilide,clean,approved,qwen2.5-3b,mcp_governed,review required,REVIEW_REQUIRED,0.58256348,0.33330566,False,False
LAB2-0263,dofetilide,clean,approved,qwen2.5-3b,deterministic_rules,approved,APPROVED,0.41742251,0.3333633,False,False
LAB2-0263,dofetilide,clean,approved,qwen2.5-3b,mcp_access_only,approved,APPROVED,0.41742251,0.3333633,False,False
LAB2-0263,dofetilide,clean,approved,qwen2.5-3b,confidence_abstention,review required,APPROVED,0.41742251,0.3333633,True,False
LAB2-0263,dofetilide,clean,approved,qwen2.5-3b,mcp_governed,approved,APPROVED,0.41742251,0.3333633,False,False
LAB2-0264,dofetilide,clean,approved,qwen2.5-3b,deterministic_rules,approved,APPROVED,0.45842251,0.16669488,False,False
LAB2-0264,dofetilide,clean,approved,qwen2.5-3b,mcp_access_only,approved,APPROVED,0.45842251,0.16669488,False,False
LAB2-0264,dofetilide,clean,approved,qwen2.5-3b,confidence_abstention,review required,APPROVED,0.45842251,0.16669488,True,False
LAB2-0264,dofetilide,clean,approved,qwen2.5-3b,mcp_governed,approved,APPROVED,0.45842251,0.16669488,False,False
LAB2-0265,dofetilide,missing,review required,qwen2.5-3b,deterministic_rules,review required,REVIEW_REQUIRED,0.98537484,4.21027861,False,False
LAB2-0265,dofetilide,missing,review required,qwen2.5-3b,mcp_access_only,review required,REVIEW_REQUIRED,0.98537484,4.21027861,False,False
LAB2-0265,dofetilide,missing,review required,qwen2.5-3b,confidence_abstention,review required,REVIEW_REQUIRED,0.98537484,4.21027861,False,False
LAB2-0265,dofetilide,missing,review required,qwen2.5-3b,mcp_governed,review required,REVIEW_REQUIRED,0.98537484,4.21027861,False,False
LAB2-0266,dofetilide,missing,review required,qwen2.5-3b,deterministic_rules,review required,REVIEW_REQUIRED,0.98652823,4.29359545,False,False
LAB2-0266,dofetilide,missing,review required,qwen2.5-3b,mcp_access_only,review required,REVIEW_REQUIRED,0.98652823,4.29359545,False,False
LAB2-0266,dofetilide,missing,review required,qwen2.5-3b,confidence_abstention,review required,REVIEW_REQUIRED,0.98652823,4.29359545,False,False
LAB2-0266,dofetilide,missing,review required,qwen2.5-3b,mcp_governed,review required,REVIEW_REQUIRED,0.98652823,4.29359545,False,False
LAB2-0267,dofetilide,missing,review required,qwen2.5-3b,deterministic_rules,review required,REVIEW_REQUIRED,0.98596063,4.2517508,False,False
LAB2-0267,dofetilide,missing,review required,qwen2.5-3b,mcp_access_only,review required,REVIEW_REQUIRED,0.98596063,4.2517508,False,False
LAB2-0267,dofetilide,missing,review required,qwen2.5-3b,confidence_abstention,review required,REVIEW_REQUIRED,0.98596063,4.2517508,False,False
LAB2-0267,dofetilide,missing,review required,qwen2.5-3b,mcp_governed,review required,REVIEW_REQUIRED,0.98596063,4.2517508,False,False
LAB2-0268,dofetilide,missing,review required,qwen2.5-3b,deterministic_rules,review required,REVIEW_REQUIRED,0.98652567,4.29340263,False,False
LAB2-0268,dofetilide,missing,review required,qwen2.5-3b,mcp_access_only,review required,REVIEW_REQUIRED,0.98652567,4.29340263,False,False
LAB2-0268,dofetilide,missing,review required,qwen2.5-3b,confidence_abstention,review required,REVIEW_REQUIRED,0.98652567,4.29340263,False,False
LAB2-0268,dofetilide,missing,review required,qwen2.5-3b,mcp_governed,review required,REVIEW_REQUIRED,0.98652567,4.29340263,False,False
LAB2-0269,dofetilide,stale,review required,qwen2.5-3b,deterministic_rules,review required,REVIEW_REQUIRED,0.989461,4.54207806,False,False
LAB2-0269,dofetilide,stale,review required,qwen2.5-3b,mcp_access_only,review required,REVIEW_REQUIRED,0.989461,4.54207806,False,False
LAB2-0269,dofetilide,stale,review required,qwen2.5-3b,confidence_abstention,review required,REVIEW_REQUIRED,0.989461,4.54207806,False,False
LAB2-0269,dofetilide,stale,review required,qwen2.5-3b,mcp_governed,review required,REVIEW_REQUIRED,0.989461,4.54207806,False,False
LAB2-0270,dofetilide,stale,review required,qwen2.5-3b,deterministic_rules,review required,REVIEW_REQUIRED,0.98988521,4.58359074,False,False
LAB2-0270,dofetilide,stale,review required,qwen2.5-3b,mcp_access_only,review required,REVIEW_REQUIRED,0.98988521,4.58359074,False,False
LAB2-0270,dofetilide,stale,review required,qwen2.5-3b,confidence_abstention,review required,REVIEW_REQUIRED,0.98988521,4.58359074,False,False
LAB2-0270,dofetilide,stale,review required,qwen2.5-3b,mcp_governed,review required,REVIEW_REQUIRED,0.98988521,4.58359074,False,False
LAB2-0271,dofetilide,stale,review required,qwen2.5-3b,deterministic_rules,review required,REVIEW_REQUIRED,0.96267294,3.24999532,False,False
LAB2-0271,dofetilide,stale,review required,qwen2.5-3b,mcp_access_only,review required,REVIEW_REQUIRED,0.96267294,3.24999532,False,False
LAB2-0271,dofetilide,stale,review required,qwen2.5-3b,confidence_abstention,review required,REVIEW_REQUIRED,0.96267294,3.24999532,False,False
LAB2-0271,dofetilide,stale,review required,qwen2.5-3b,mcp_governed,review required,REVIEW_REQUIRED,0.96267294,3.24999532,False,False
LAB2-0272,dofetilide,stale,review required,qwen2.5-3b,deterministic_rules,review required,REVIEW_REQUIRED,0.96267312,3.25000029,False,False
LAB2-0272,dofetilide,stale,review required,qwen2.5-3b,mcp_access_only,review required,REVIEW_REQUIRED,0.96267312,3.25000029,False,False
LAB2-0272,dofetilide,stale,review required,qwen2.5-3b,confidence_abstention,review required,REVIEW_REQUIRED,0.96267312,3.25000029,False,False
LAB2-0272,dofetilide,stale,review required,qwen2.5-3b,mcp_governed,review required,REVIEW_REQUIRED,0.96267312,3.25000029,False,False
LAB2-0273,dofetilide,unit_error,review required,qwen2.5-3b,deterministic_rules,review required,REVIEW_REQUIRED,0.99409205,5.12553119,False,False
LAB2-0273,dofetilide,unit_error,review required,qwen2.5-3b,mcp_access_only,review required,REVIEW_REQUIRED,0.99409205,5.12553119,False,False
LAB2-0273,dofetilide,unit_error,review required,qwen2.5-3b,confidence_abstention,review required,REVIEW_REQUIRED,0.99409205,5.12553119,False,False
LAB2-0273,dofetilide,unit_error,review required,qwen2.5-3b,mcp_governed,review required,REVIEW_REQUIRED,0.99409205,5.12553119,False,False
LAB2-0274,dofetilide,unit_error,review required,qwen2.5-3b,deterministic_rules,review required,REVIEW_REQUIRED,0.99211417,4.83477019,False,False
LAB2-0274,dofetilide,unit_error,review required,qwen2.5-3b,mcp_access_only,review required,REVIEW_REQUIRED,0.99211417,4.83477019,False,False
LAB2-0274,dofetilide,unit_error,review required,qwen2.5-3b,confidence_abstention,review required,REVIEW_REQUIRED,0.99211417,4.83477019,False,False
LAB2-0274,dofetilide,unit_error,review required,qwen2.5-3b,mcp_governed,review required,REVIEW_REQUIRED,0.99211417,4.83477019,False,False
LAB2-0275,dofetilide,unit_error,review required,qwen2.5-3b,deterministic_rules,review required,REVIEW_REQUIRED,0.99433069,5.1670028,False,False
LAB2-0275,dofetilide,unit_error,review required,qwen2.5-3b,mcp_access_only,review required,REVIEW_REQUIRED,0.99433069,5.1670028,False,False
LAB2-0275,dofetilide,unit_error,review required,qwen2.5-3b,confidence_abstention,review required,REVIEW_REQUIRED,0.99433069,5.1670028,False,False
LAB2-0275,dofetilide,unit_error,review required,qwen2.5-3b,mcp_governed,review required,REVIEW_REQUIRED,0.99433069,5.1670028,False,False
LAB2-0276,dofetilide,unit_error,review required,qwen2.5-3b,deterministic_rules,review required,REVIEW_REQUIRED,0.99242557,4.87537363,False,False
LAB2-0276,dofetilide,unit_error,review required,qwen2.5-3b,mcp_access_only,review required,REVIEW_REQUIRED,0.99242557,4.87537363,False,False
LAB2-0276,dofetilide,unit_error,review required,qwen2.5-3b,confidence_abstention,review required,REVIEW_REQUIRED,0.99242557,4.87537363,False,False
LAB2-0276,dofetilide,unit_error,review required,qwen2.5-3b,mcp_governed,review required,REVIEW_REQUIRED,0.99242557,4.87537363,False,False
LAB2-0277,dofetilide,conflict,review required,qwen2.5-3b,deterministic_rules,review required,REVIEW_REQUIRED,0.98807169,4.41684035,False,False
LAB2-0277,dofetilide,conflict,review required,qwen2.5-3b,mcp_access_only,review required,REVIEW_REQUIRED,0.98807169,4.41684035,False,False
LAB2-0277,dofetilide,conflict,review required,qwen2.5-3b,confidence_abstention,review required,REVIEW_REQUIRED,0.98807169,4.41684035,False,False
LAB2-0277,dofetilide,conflict,review required,qwen2.5-3b,mcp_governed,review required,REVIEW_REQUIRED,0.98807169,4.41684035,False,False
LAB2-0278,dofetilide,conflict,review required,qwen2.5-3b,deterministic_rules,review required,REVIEW_REQUIRED,0.98757036,4.37516367,False,False
LAB2-0278,dofetilide,conflict,review required,qwen2.5-3b,mcp_access_only,review required,REVIEW_REQUIRED,0.98757036,4.37516367,False,False
LAB2-0278,dofetilide,conflict,review required,qwen2.5-3b,confidence_abstention,review required,REVIEW_REQUIRED,0.98757036,4.37516367,False,False
LAB2-0278,dofetilide,conflict,review required,qwen2.5-3b,mcp_governed,review required,REVIEW_REQUIRED,0.98757036,4.37516367,False,False
LAB2-0279,dofetilide,conflict,review required,qwen2.5-3b,deterministic_rules,review required,REVIEW_REQUIRED,0.9894581,4.54179964,False,False
LAB2-0279,dofetilide,conflict,review required,qwen2.5-3b,mcp_access_only,review required,REVIEW_REQUIRED,0.9894581,4.54179964,False,False
LAB2-0279,dofetilide,conflict,review required,qwen2.5-3b,confidence_abstention,review required,REVIEW_REQUIRED,0.9894581,4.54179964,False,False
LAB2-0279,dofetilide,conflict,review required,qwen2.5-3b,mcp_governed,review required,REVIEW_REQUIRED,0.9894581,4.54179964,False,False
LAB2-0280,dofetilide,conflict,review required,qwen2.5-3b,deterministic_rules,review required,REVIEW_REQUIRED,0.99029336,4.62519132,False,False
LAB2-0280,dofetilide,conflict,review required,qwen2.5-3b,mcp_access_only,review required,REVIEW_REQUIRED,0.99029336,4.62519132,False,False
LAB2-0280,dofetilide,conflict,review required,qwen2.5-3b,confidence_abstention,review required,REVIEW_REQUIRED,0.99029336,4.62519132,False,False
LAB2-0280,dofetilide,conflict,review required,qwen2.5-3b,mcp_governed,review required,REVIEW_REQUIRED,0.99029336,4.62519132,False,False
LAB2-0281,dofetilide,wrong_encounter,review required,qwen2.5-3b,deterministic_rules,review required,REVIEW_REQUIRED,0.99029494,4.62535571,False,False
LAB2-0281,dofetilide,wrong_encounter,review required,qwen2.5-3b,mcp_access_only,review required,REVIEW_REQUIRED,0.99029494,4.62535571,False,False
LAB2-0281,dofetilide,wrong_encounter,review required,qwen2.5-3b,confidence_abstention,review required,REVIEW_REQUIRED,0.99029494,4.62535571,False,False
LAB2-0281,dofetilide,wrong_encounter,review required,qwen2.5-3b,mcp_governed,review required,REVIEW_REQUIRED,0.99029494,4.62535571,False,False
LAB2-0282,dofetilide,wrong_encounter,review required,qwen2.5-3b,deterministic_rules,review required,REVIEW_REQUIRED,0.98705375,4.33391819,False,False
LAB2-0282,dofetilide,wrong_encounter,review required,qwen2.5-3b,mcp_access_only,review required,REVIEW_REQUIRED,0.98705375,4.33391819,False,False
LAB2-0282,dofetilide,wrong_encounter,review required,qwen2.5-3b,confidence_abstention,review required,REVIEW_REQUIRED,0.98705375,4.33391819,False,False
LAB2-0282,dofetilide,wrong_encounter,review required,qwen2.5-3b,mcp_governed,review required,REVIEW_REQUIRED,0.98705375,4.33391819,False,False
LAB2-0283,dofetilide,wrong_encounter,review required,qwen2.5-3b,deterministic_rules,review required,REVIEW_REQUIRED,0.98273706,4.04177985,False,False
LAB2-0283,dofetilide,wrong_encounter,review required,qwen2.5-3b,mcp_access_only,review required,REVIEW_REQUIRED,0.98273706,4.04177985,False,False
LAB2-0283,dofetilide,wrong_encounter,review required,qwen2.5-3b,confidence_abstention,review required,REVIEW_REQUIRED,0.98273706,4.04177985,False,False
LAB2-0283,dofetilide,wrong_encounter,review required,qwen2.5-3b,mcp_governed,review required,REVIEW_REQUIRED,0.98273706,4.04177985,False,False
LAB2-0284,dofetilide,wrong_encounter,review required,qwen2.5-3b,deterministic_rules,review required,REVIEW_REQUIRED,0.98201879,4.00028287,False,False
LAB2-0284,dofetilide,wrong_encounter,review required,qwen2.5-3b,mcp_access_only,review required,REVIEW_REQUIRED,0.98201879,4.00028287,False,False
LAB2-0284,dofetilide,wrong_encounter,review required,qwen2.5-3b,confidence_abstention,review required,REVIEW_REQUIRED,0.98201879,4.00028287,False,False
LAB2-0284,dofetilide,wrong_encounter,review required,qwen2.5-3b,mcp_governed,review required,REVIEW_REQUIRED,0.98201879,4.00028287,False,False
LAB2-0285,dofetilide,service_failure,review required,qwen2.5-3b,deterministic_rules,review required,REVIEW_REQUIRED,0.98946063,4.54204261,False,False
LAB2-0285,dofetilide,service_failure,review required,qwen2.5-3b,mcp_access_only,review required,REVIEW_REQUIRED,0.98946063,4.54204261,False,False
LAB2-0285,dofetilide,service_failure,review required,qwen2.5-3b,confidence_abstention,review required,REVIEW_REQUIRED,0.98946063,4.54204261,False,False
LAB2-0285,dofetilide,service_failure,review required,qwen2.5-3b,mcp_governed,review required,REVIEW_REQUIRED,0.98946063,4.54204261,False,False
LAB2-0286,dofetilide,service_failure,review required,qwen2.5-3b,deterministic_rules,review required,REVIEW_REQUIRED,0.98988644,4.58371325,False,False
LAB2-0286,dofetilide,service_failure,review required,qwen2.5-3b,mcp_access_only,review required,REVIEW_REQUIRED,0.98988644,4.58371325,False,False
LAB2-0286,dofetilide,service_failure,review required,qwen2.5-3b,confidence_abstention,review required,REVIEW_REQUIRED,0.98988644,4.58371325,False,False
LAB2-0286,dofetilide,service_failure,review required,qwen2.5-3b,mcp_governed,review required,REVIEW_REQUIRED,0.98988644,4.58371325,False,False
LAB2-0287,dofetilide,service_failure,review required,qwen2.5-3b,deterministic_rules,review required,REVIEW_REQUIRED,0.9820145,4.0000401,False,False
LAB2-0287,dofetilide,service_failure,review required,qwen2.5-3b,mcp_access_only,review required,REVIEW_REQUIRED,0.9820145,4.0000401,False,False
LAB2-0287,dofetilide,service_failure,review required,qwen2.5-3b,confidence_abstention,review required,REVIEW_REQUIRED,0.9820145,4.0000401,False,False
LAB2-0287,dofetilide,service_failure,review required,qwen2.5-3b,mcp_governed,review required,REVIEW_REQUIRED,0.9820145,4.0000401,False,False
LAB2-0288,dofetilide,service_failure,review required,qwen2.5-3b,deterministic_rules,review required,REVIEW_REQUIRED,0.98593684,4.25003366,False,False
LAB2-0288,dofetilide,service_failure,review required,qwen2.5-3b,mcp_access_only,review required,REVIEW_REQUIRED,0.98593684,4.25003366,False,False
LAB2-0288,dofetilide,service_failure,review required,qwen2.5-3b,confidence_abstention,review required,REVIEW_REQUIRED,0.98593684,4.25003366,False,False
LAB2-0288,dofetilide,service_failure,review required,qwen2.5-3b,mcp_governed,review required,REVIEW_REQUIRED,0.98593684,4.25003366,False,False
LAB2-0301,spironolactone,clean,review required,qwen2.5-3b,deterministic_rules,review required,REVIEW_REQUIRED,0.98855307,4.45852073,False,False
LAB2-0301,spironolactone,clean,review required,qwen2.5-3b,mcp_access_only,review required,REVIEW_REQUIRED,0.98855307,4.45852073,False,False
LAB2-0301,spironolactone,clean,review required,qwen2.5-3b,confidence_abstention,review required,REVIEW_REQUIRED,0.98855307,4.45852073,False,False
LAB2-0301,spironolactone,clean,review required,qwen2.5-3b,mcp_governed,review required,REVIEW_REQUIRED,0.98855307,4.45852073,False,False
LAB2-0302,spironolactone,clean,review required,qwen2.5-3b,deterministic_rules,review required,REVIEW_REQUIRED,0.98855252,4.45847259,False,False
LAB2-0302,spironolactone,clean,review required,qwen2.5-3b,mcp_access_only,review required,REVIEW_REQUIRED,0.98855252,4.45847259,False,False
LAB2-0302,spironolactone,clean,review required,qwen2.5-3b,confidence_abstention,review required,REVIEW_REQUIRED,0.98855252,4.45847259,False,False
LAB2-0302,spironolactone,clean,review required,qwen2.5-3b,mcp_governed,review required,REVIEW_REQUIRED,0.98855252,4.45847259,False,False
LAB2-0303,spironolactone,clean,review required,qwen2.5-3b,deterministic_rules,review required,REVIEW_REQUIRED,0.98988487,4.58355643,False,False
LAB2-0303,spironolactone,clean,review required,qwen2.5-3b,mcp_access_only,review required,REVIEW_REQUIRED,0.98988487,4.58355643,False,False
LAB2-0303,spironolactone,clean,review required,qwen2.5-3b,confidence_abstention,review required,REVIEW_REQUIRED,0.98988487,4.58355643,False,False
LAB2-0303,spironolactone,clean,review required,qwen2.5-3b,mcp_governed,review required,REVIEW_REQUIRED,0.98988487,4.58355643,False,False
LAB2-0304,spironolactone,clean,review required,qwen2.5-3b,deterministic_rules,review required,REVIEW_REQUIRED,0.98901491,4.50017044,False,False
LAB2-0304,spironolactone,clean,review required,qwen2.5-3b,mcp_access_only,review required,REVIEW_REQUIRED,0.98901491,4.50017044,False,False
LAB2-0304,spironolactone,clean,review required,qwen2.5-3b,confidence_abstention,review required,REVIEW_REQUIRED,0.98901491,4.50017044,False,False
LAB2-0304,spironolactone,clean,review required,qwen2.5-3b,mcp_governed,review required,REVIEW_REQUIRED,0.98901491,4.50017044,False,False
LAB2-0305,spironolactone,clean,review required,qwen2.5-3b,deterministic_rules,review required,REVIEW_REQUIRED,0.98901583,4.50025503,False,False
LAB2-0305,spironolactone,clean,review required,qwen2.5-3b,mcp_access_only,review required,REVIEW_REQUIRED,0.98901583,4.50025503,False,False
LAB2-0305,spironolactone,clean,review required,qwen2.5-3b,confidence_abstention,review required,REVIEW_REQUIRED,0.98901583,4.50025503,False,False
LAB2-0305,spironolactone,clean,review required,qwen2.5-3b,mcp_governed,review required,REVIEW_REQUIRED,0.98901583,4.50025503,False,False
LAB2-0306,spironolactone,clean,review required,qwen2.5-3b,deterministic_rules,review required,REVIEW_REQUIRED,0.99142453,4.75023705,False,False
LAB2-0306,spironolactone,clean,review required,qwen2.5-3b,mcp_access_only,review required,REVIEW_REQUIRED,0.99142453,4.75023705,False,False
LAB2-0306,spironolactone,clean,review required,qwen2.5-3b,confidence_abstention,review required,REVIEW_REQUIRED,0.99142453,4.75023705,False,False
LAB2-0306,spironolactone,clean,review required,qwen2.5-3b,mcp_governed,review required,REVIEW_REQUIRED,0.99142453,4.75023705,False,False
LAB2-0307,spironolactone,clean,review required,qwen2.5-3b,deterministic_rules,review required,REVIEW_REQUIRED,0.98855363,4.45857057,False,False
LAB2-0307,spironolactone,clean,review required,qwen2.5-3b,mcp_access_only,review required,REVIEW_REQUIRED,0.98855363,4.45857057,False,False
LAB2-0307,spironolactone,clean,review required,qwen2.5-3b,confidence_abstention,review required,REVIEW_REQUIRED,0.98855363,4.45857057,False,False
LAB2-0307,spironolactone,clean,review required,qwen2.5-3b,mcp_governed,review required,REVIEW_REQUIRED,0.98855363,4.45857057,False,False
LAB2-0308,spironolactone,clean,review required,qwen2.5-3b,deterministic_rules,review required,REVIEW_REQUIRED,0.99029358,4.6252139,False,False
LAB2-0308,spironolactone,clean,review required,qwen2.5-3b,mcp_access_only,review required,REVIEW_REQUIRED,0.99029358,4.6252139,False,False
LAB2-0308,spironolactone,clean,review required,qwen2.5-3b,confidence_abstention,review required,REVIEW_REQUIRED,0.99029358,4.6252139,False,False
LAB2-0308,spironolactone,clean,review required,qwen2.5-3b,mcp_governed,review required,REVIEW_REQUIRED,0.99029358,4.6252139,False,False
LAB2-0309,spironolactone,clean,review required,qwen2.5-3b,deterministic_rules,review required,REVIEW_REQUIRED,0.98855392,4.4585963,False,False
LAB2-0309,spironolactone,clean,review required,qwen2.5-3b,mcp_access_only,review required,REVIEW_REQUIRED,0.98855392,4.4585963,False,False
LAB2-0309,spironolactone,clean,review required,qwen2.5-3b,confidence_abstention,review required,REVIEW_REQUIRED,0.98855392,4.4585963,False,False
LAB2-0309,spironolactone,clean,review required,qwen2.5-3b,mcp_governed,review required,REVIEW_REQUIRED,0.98855392,4.4585963,False,False
LAB2-0310,spironolactone,clean,review required,qwen2.5-3b,deterministic_rules,review required,REVIEW_REQUIRED,0.99106271,4.70854505,False,False
LAB2-0310,spironolactone,clean,review required,qwen2.5-3b,mcp_access_only,review required,REVIEW_REQUIRED,0.99106271,4.70854505,False,False
LAB2-0310,spironolactone,clean,review required,qwen2.5-3b,confidence_abstention,review required,REVIEW_REQUIRED,0.99106271,4.70854505,False,False
LAB2-0310,spironolactone,clean,review required,qwen2.5-3b,mcp_governed,review required,REVIEW_REQUIRED,0.99106271,4.70854505,False,False
LAB2-0311,spironolactone,clean,review required,qwen2.5-3b,deterministic_rules,review required,REVIEW_REQUIRED,0.99210455,4.8335419,False,False
LAB2-0311,spironolactone,clean,review required,qwen2.5-3b,mcp_access_only,review required,REVIEW_REQUIRED,0.99210455,4.8335419,False,False
LAB2-0311,spironolactone,clean,review required,qwen2.5-3b,confidence_abstention,review required,REVIEW_REQUIRED,0.99210455,4.8335419,False,False
LAB2-0311,spironolactone,clean,review required,qwen2.5-3b,mcp_governed,review required,REVIEW_REQUIRED,0.99210455,4.8335419,False,False
LAB2-0312,spironolactone,clean,review required,qwen2.5-3b,deterministic_rules,review required,REVIEW_REQUIRED,0.99142442,4.75022402,False,False
LAB2-0312,spironolactone,clean,review required,qwen2.5-3b,mcp_access_only,review required,REVIEW_REQUIRED,0.99142442,4.75022402,False,False
LAB2-0312,spironolactone,clean,review required,qwen2.5-3b,confidence_abstention,review required,REVIEW_REQUIRED,0.99142442,4.75022402,False,False
LAB2-0312,spironolactone,clean,review required,qwen2.5-3b,mcp_governed,review required,REVIEW_REQUIRED,0.99142442,4.75022402,False,False
LAB2-0313,spironolactone,clean,approved,qwen2.5-3b,deterministic_rules,approved,REVIEW_REQUIRED,0.73917311,1.0416752,False,False
LAB2-0313,spironolactone,clean,approved,qwen2.5-3b,mcp_access_only,review required,REVIEW_REQUIRED,0.73917311,1.0416752,False,False
LAB2-0313,spironolactone,clean,approved,qwen2.5-3b,confidence_abstention,review required,REVIEW_REQUIRED,0.73917311,1.0416752,False,False
LAB2-0313,spironolactone,clean,approved,qwen2.5-3b,mcp_governed,review required,REVIEW_REQUIRED,0.73917311,1.0416752,False,False
LAB2-0314,spironolactone,clean,approved,qwen2.5-3b,deterministic_rules,approved,REVIEW_REQUIRED,0.76254292,1.16667192,False,False
LAB2-0314,spironolactone,clean,approved,qwen2.5-3b,mcp_access_only,review required,REVIEW_REQUIRED,0.76254292,1.16667192,False,False
LAB2-0314,spironolactone,clean,approved,qwen2.5-3b,confidence_abstention,review required,REVIEW_REQUIRED,0.76254292,1.16667192,False,False
LAB2-0314,spironolactone,clean,approved,qwen2.5-3b,mcp_governed,review required,REVIEW_REQUIRED,0.76254292,1.16667192,False,False
LAB2-0315,spironolactone,clean,approved,qwen2.5-3b,deterministic_rules,approved,REVIEW_REQUIRED,0.73917411,1.0416804,False,False
LAB2-0315,spironolactone,clean,approved,qwen2.5-3b,mcp_access_only,review required,REVIEW_REQUIRED,0.73917411,1.0416804,False,False
LAB2-0315,spironolactone,clean,approved,qwen2.5-3b,confidence_abstention,review required,REVIEW_REQUIRED,0.73917411,1.0416804,False,False
LAB2-0315,spironolactone,clean,approved,qwen2.5-3b,mcp_governed,review required,REVIEW_REQUIRED,0.73917411,1.0416804,False,False
LAB2-0316,spironolactone,clean,approved,qwen2.5-3b,deterministic_rules,approved,REVIEW_REQUIRED,0.77730141,1.25000894,False,False
LAB2-0316,spironolactone,clean,approved,qwen2.5-3b,mcp_access_only,review required,REVIEW_REQUIRED,0.77730141,1.25000894,False,False
LAB2-0316,spironolactone,clean,approved,qwen2.5-3b,confidence_abstention,review required,REVIEW_REQUIRED,0.77730141,1.25000894,False,False
LAB2-0316,spironolactone,clean,approved,qwen2.5-3b,mcp_governed,review required,REVIEW_REQUIRED,0.77730141,1.25000894,False,False
LAB2-0317,spironolactone,clean,approved,qwen2.5-3b,deterministic_rules,approved,REVIEW_REQUIRED,0.7143634,0.9166714,False,False
LAB2-0317,spironolactone,clean,approved,qwen2.5-3b,mcp_access_only,review required,REVIEW_REQUIRED,0.7143634,0.9166714,False,False
LAB2-0317,spironolactone,clean,approved,qwen2.5-3b,confidence_abstention,review required,REVIEW_REQUIRED,0.7143634,0.9166714,False,False
LAB2-0317,spironolactone,clean,approved,qwen2.5-3b,mcp_governed,review required,REVIEW_REQUIRED,0.7143634,0.9166714,False,False
LAB2-0318,spironolactone,clean,approved,qwen2.5-3b,deterministic_rules,approved,REVIEW_REQUIRED,0.68819043,0.79167293,False,False
LAB2-0318,spironolactone,clean,approved,qwen2.5-3b,mcp_access_only,review required,REVIEW_REQUIRED,0.68819043,0.79167293,False,False
LAB2-0318,spironolactone,clean,approved,qwen2.5-3b,confidence_abstention,review required,REVIEW_REQUIRED,0.68819043,0.79167293,False,False
LAB2-0318,spironolactone,clean,approved,qwen2.5-3b,mcp_governed,review required,REVIEW_REQUIRED,0.68819043,0.79167293,False,False
LAB2-0319,spironolactone,clean,approved,qwen2.5-3b,deterministic_rules,approved,REVIEW_REQUIRED,0.70578622,0.87500575,False,False
LAB2-0319,spironolactone,clean,approved,qwen2.5-3b,mcp_access_only,review required,REVIEW_REQUIRED,0.70578622,0.87500575,False,False
LAB2-0319,spironolactone,clean,approved,qwen2.5-3b,confidence_abstention,review required,REVIEW_REQUIRED,0.70578622,0.87500575,False,False
LAB2-0319,spironolactone,clean,approved,qwen2.5-3b,mcp_governed,review required,REVIEW_REQUIRED,0.70578622,0.87500575,False,False
LAB2-0320,spironolactone,clean,approved,qwen2.5-3b,deterministic_rules,approved,REVIEW_REQUIRED,0.72278925,0.95833963,False,False
LAB2-0320,spironolactone,clean,approved,qwen2.5-3b,mcp_access_only,review required,REVIEW_REQUIRED,0.72278925,0.95833963,False,False
LAB2-0320,spironolactone,clean,approved,qwen2.5-3b,confidence_abstention,review required,REVIEW_REQUIRED,0.72278925,0.95833963,False,False
LAB2-0320,spironolactone,clean,approved,qwen2.5-3b,mcp_governed,review required,REVIEW_REQUIRED,0.72278925,0.95833963,False,False
LAB2-0321,spironolactone,clean,approved,qwen2.5-3b,deterministic_rules,approved,REVIEW_REQUIRED,0.69706157,0.83334415,False,False
LAB2-0321,spironolactone,clean,approved,qwen2.5-3b,mcp_access_only,review required,REVIEW_REQUIRED,0.69706157,0.83334415,False,False
LAB2-0321,spironolactone,clean,approved,qwen2.5-3b,confidence_abstention,review required,REVIEW_REQUIRED,0.69706157,0.83334415,False,False
LAB2-0321,spironolactone,clean,approved,qwen2.5-3b,mcp_governed,review required,REVIEW_REQUIRED,0.69706157,0.83334415,False,False
LAB2-0322,spironolactone,clean,approved,qwen2.5-3b,deterministic_rules,approved,REVIEW_REQUIRED,0.70578464,0.87499813,False,False
LAB2-0322,spironolactone,clean,approved,qwen2.5-3b,mcp_access_only,review required,REVIEW_REQUIRED,0.70578464,0.87499813,False,False
LAB2-0322,spironolactone,clean,approved,qwen2.5-3b,confidence_abstention,review required,REVIEW_REQUIRED,0.70578464,0.87499813,False,False
LAB2-0322,spironolactone,clean,approved,qwen2.5-3b,mcp_governed,review required,REVIEW_REQUIRED,0.70578464,0.87499813,False,False
LAB2-0323,spironolactone,clean,approved,qwen2.5-3b,deterministic_rules,approved,REVIEW_REQUIRED,0.67003281,0.70833345,False,False
LAB2-0323,spironolactone,clean,approved,qwen2.5-3b,mcp_access_only,review required,REVIEW_REQUIRED,0.67003281,0.70833345,False,False
LAB2-0323,spironolactone,clean,approved,qwen2.5-3b,confidence_abstention,review required,REVIEW_REQUIRED,0.67003281,0.70833345,False,False
LAB2-0323,spironolactone,clean,approved,qwen2.5-3b,mcp_governed,review required,REVIEW_REQUIRED,0.67003281,0.70833345,False,False
LAB2-0324,spironolactone,clean,approved,qwen2.5-3b,deterministic_rules,approved,REVIEW_REQUIRED,0.68818972,0.79166965,False,False
LAB2-0324,spironolactone,clean,approved,qwen2.5-3b,mcp_access_only,review required,REVIEW_REQUIRED,0.68818972,0.79166965,False,False
LAB2-0324,spironolactone,clean,approved,qwen2.5-3b,confidence_abstention,review required,REVIEW_REQUIRED,0.68818972,0.79166965,False,False
LAB2-0324,spironolactone,clean,approved,qwen2.5-3b,mcp_governed,review required,REVIEW_REQUIRED,0.68818972,0.79166965,False,False
LAB2-0325,spironolactone,missing,review required,qwen2.5-3b,deterministic_rules,review required,REVIEW_REQUIRED,0.98345162,4.08478045,False,False
LAB2-0325,spironolactone,missing,review required,qwen2.5-3b,mcp_access_only,review required,REVIEW_REQUIRED,0.98345162,4.08478045,False,False
LAB2-0325,spironolactone,missing,review required,qwen2.5-3b,confidence_abstention,review required,REVIEW_REQUIRED,0.98345162,4.08478045,False,False
LAB2-0325,spironolactone,missing,review required,qwen2.5-3b,mcp_governed,review required,REVIEW_REQUIRED,0.98345162,4.08478045,False,False
LAB2-0326,spironolactone,missing,review required,qwen2.5-3b,deterministic_rules,review required,REVIEW_REQUIRED,0.98275427,4.04279441,False,False
LAB2-0326,spironolactone,missing,review required,qwen2.5-3b,mcp_access_only,review required,REVIEW_REQUIRED,0.98275427,4.04279441,False,False
LAB2-0326,spironolactone,missing,review required,qwen2.5-3b,confidence_abstention,review required,REVIEW_REQUIRED,0.98275427,4.04279441,False,False
LAB2-0326,spironolactone,missing,review required,qwen2.5-3b,mcp_governed,review required,REVIEW_REQUIRED,0.98275427,4.04279441,False,False
LAB2-0327,spironolactone,missing,review required,qwen2.5-3b,deterministic_rules,review required,REVIEW_REQUIRED,0.98275938,4.04309634,False,False
LAB2-0327,spironolactone,missing,review required,qwen2.5-3b,mcp_access_only,review required,REVIEW_REQUIRED,0.98275938,4.04309634,False,False
LAB2-0327,spironolactone,missing,review required,qwen2.5-3b,confidence_abstention,review required,REVIEW_REQUIRED,0.98275938,4.04309634,False,False
LAB2-0327,spironolactone,missing,review required,qwen2.5-3b,mcp_governed,review required,REVIEW_REQUIRED,0.98275938,4.04309634,False,False
LAB2-0328,spironolactone,missing,review required,qwen2.5-3b,deterministic_rules,review required,REVIEW_REQUIRED,0.98203146,4.00100072,False,False
LAB2-0328,spironolactone,missing,review required,qwen2.5-3b,mcp_access_only,review required,REVIEW_REQUIRED,0.98203146,4.00100072,False,False
LAB2-0328,spironolactone,missing,review required,qwen2.5-3b,confidence_abstention,review required,REVIEW_REQUIRED,0.98203146,4.00100072,False,False
LAB2-0328,spironolactone,missing,review required,qwen2.5-3b,mcp_governed,review required,REVIEW_REQUIRED,0.98203146,4.00100072,False,False
LAB2-0329,spironolactone,stale,review required,qwen2.5-3b,deterministic_rules,review required,REVIEW_REQUIRED,0.98902493,4.501093,False,False
LAB2-0329,spironolactone,stale,review required,qwen2.5-3b,mcp_access_only,review required,REVIEW_REQUIRED,0.98902493,4.501093,False,False
LAB2-0329,spironolactone,stale,review required,qwen2.5-3b,confidence_abstention,review required,REVIEW_REQUIRED,0.98902493,4.501093,False,False
LAB2-0329,spironolactone,stale,review required,qwen2.5-3b,mcp_governed,review required,REVIEW_REQUIRED,0.98902493,4.501093,False,False
LAB2-0330,spironolactone,stale,review required,qwen2.5-3b,deterministic_rules,review required,REVIEW_REQUIRED,0.99068851,4.66715087,False,False
LAB2-0330,spironolactone,stale,review required,qwen2.5-3b,mcp_access_only,review required,REVIEW_REQUIRED,0.99068851,4.66715087,False,False
LAB2-0330,spironolactone,stale,review required,qwen2.5-3b,confidence_abstention,review required,REVIEW_REQUIRED,0.99068851,4.66715087,False,False
LAB2-0330,spironolactone,stale,review required,qwen2.5-3b,mcp_governed,review required,REVIEW_REQUIRED,0.99068851,4.66715087,False,False
LAB2-0331,spironolactone,stale,review required,qwen2.5-3b,deterministic_rules,review required,REVIEW_REQUIRED,0.9641446,3.29174721,False,False
LAB2-0331,spironolactone,stale,review required,qwen2.5-3b,mcp_access_only,review required,REVIEW_REQUIRED,0.9641446,3.29174721,False,False
LAB2-0331,spironolactone,stale,review required,qwen2.5-3b,confidence_abstention,review required,REVIEW_REQUIRED,0.9641446,3.29174721,False,False
LAB2-0331,spironolactone,stale,review required,qwen2.5-3b,mcp_governed,review required,REVIEW_REQUIRED,0.9641446,3.29174721,False,False
LAB2-0332,spironolactone,stale,review required,qwen2.5-3b,deterministic_rules,review required,REVIEW_REQUIRED,0.95257624,3.00004674,False,False
LAB2-0332,spironolactone,stale,review required,qwen2.5-3b,mcp_access_only,review required,REVIEW_REQUIRED,0.95257624,3.00004674,False,False
LAB2-0332,spironolactone,stale,review required,qwen2.5-3b,confidence_abstention,review required,REVIEW_REQUIRED,0.95257624,3.00004674,False,False
LAB2-0332,spironolactone,stale,review required,qwen2.5-3b,mcp_governed,review required,REVIEW_REQUIRED,0.95257624,3.00004674,False,False
LAB2-0333,spironolactone,unit_error,review required,qwen2.5-3b,deterministic_rules,review required,REVIEW_REQUIRED,0.99109277,4.71194509,False,False
LAB2-0333,spironolactone,unit_error,review required,qwen2.5-3b,mcp_access_only,review required,REVIEW_REQUIRED,0.99109277,4.71194509,False,False
LAB2-0333,spironolactone,unit_error,review required,qwen2.5-3b,confidence_abstention,review required,REVIEW_REQUIRED,0.99109277,4.71194509,False,False
LAB2-0333,spironolactone,unit_error,review required,qwen2.5-3b,mcp_governed,review required,REVIEW_REQUIRED,0.99109277,4.71194509,False,False
LAB2-0334,spironolactone,unit_error,review required,qwen2.5-3b,deterministic_rules,review required,REVIEW_REQUIRED,0.99143896,4.7519356,False,False
LAB2-0334,spironolactone,unit_error,review required,qwen2.5-3b,mcp_access_only,review required,REVIEW_REQUIRED,0.99143896,4.7519356,False,False
LAB2-0334,spironolactone,unit_error,review required,qwen2.5-3b,confidence_abstention,review required,REVIEW_REQUIRED,0.99143896,4.7519356,False,False
LAB2-0334,spironolactone,unit_error,review required,qwen2.5-3b,mcp_governed,review required,REVIEW_REQUIRED,0.99143896,4.7519356,False,False
LAB2-0335,spironolactone,unit_error,review required,qwen2.5-3b,deterministic_rules,review required,REVIEW_REQUIRED,0.98474031,4.16716349,False,False
LAB2-0335,spironolactone,unit_error,review required,qwen2.5-3b,mcp_access_only,review required,REVIEW_REQUIRED,0.98474031,4.16716349,False,False
LAB2-0335,spironolactone,unit_error,review required,qwen2.5-3b,confidence_abstention,review required,REVIEW_REQUIRED,0.98474031,4.16716349,False,False
LAB2-0335,spironolactone,unit_error,review required,qwen2.5-3b,mcp_governed,review required,REVIEW_REQUIRED,0.98474031,4.16716349,False,False
LAB2-0336,spironolactone,unit_error,review required,qwen2.5-3b,deterministic_rules,review required,REVIEW_REQUIRED,0.98650483,4.29183645,False,False
LAB2-0336,spironolactone,unit_error,review required,qwen2.5-3b,mcp_access_only,review required,REVIEW_REQUIRED,0.98650483,4.29183645,False,False
LAB2-0336,spironolactone,unit_error,review required,qwen2.5-3b,confidence_abstention,review required,REVIEW_REQUIRED,0.98650483,4.29183645,False,False
LAB2-0336,spironolactone,unit_error,review required,qwen2.5-3b,mcp_governed,review required,REVIEW_REQUIRED,0.98650483,4.29183645,False,False
LAB2-0337,spironolactone,conflict,review required,qwen2.5-3b,deterministic_rules,review required,REVIEW_REQUIRED,0.98473577,4.16686117,False,False
LAB2-0337,spironolactone,conflict,review required,qwen2.5-3b,mcp_access_only,review required,REVIEW_REQUIRED,0.98473577,4.16686117,False,False
LAB2-0337,spironolactone,conflict,review required,qwen2.5-3b,confidence_abstention,review required,REVIEW_REQUIRED,0.98473577,4.16686117,False,False
LAB2-0337,spironolactone,conflict,review required,qwen2.5-3b,mcp_governed,review required,REVIEW_REQUIRED,0.98473577,4.16686117,False,False
LAB2-0338,spironolactone,conflict,review required,qwen2.5-3b,deterministic_rules,review required,REVIEW_REQUIRED,0.98901591,4.50026274,False,False
LAB2-0338,spironolactone,conflict,review required,qwen2.5-3b,mcp_access_only,review required,REVIEW_REQUIRED,0.98901591,4.50026274,False,False
LAB2-0338,spironolactone,conflict,review required,qwen2.5-3b,confidence_abstention,review required,REVIEW_REQUIRED,0.98901591,4.50026274,False,False
LAB2-0338,spironolactone,conflict,review required,qwen2.5-3b,mcp_governed,review required,REVIEW_REQUIRED,0.98901591,4.50026274,False,False
LAB2-0339,spironolactone,conflict,review required,qwen2.5-3b,deterministic_rules,review required,REVIEW_REQUIRED,0.98704894,4.33354213,False,False
LAB2-0339,spironolactone,conflict,review required,qwen2.5-3b,mcp_access_only,review required,REVIEW_REQUIRED,0.98704894,4.33354213,False,False
LAB2-0339,spironolactone,conflict,review required,qwen2.5-3b,confidence_abstention,review required,REVIEW_REQUIRED,0.98704894,4.33354213,False,False
LAB2-0339,spironolactone,conflict,review required,qwen2.5-3b,mcp_governed,review required,REVIEW_REQUIRED,0.98704894,4.33354213,False,False
LAB2-0340,spironolactone,conflict,review required,qwen2.5-3b,deterministic_rules,review required,REVIEW_REQUIRED,0.9870486,4.33351524,False,False
LAB2-0340,spironolactone,conflict,review required,qwen2.5-3b,mcp_access_only,review required,REVIEW_REQUIRED,0.9870486,4.33351524,False,False
LAB2-0340,spironolactone,conflict,review required,qwen2.5-3b,confidence_abstention,review required,REVIEW_REQUIRED,0.9870486,4.33351524,False,False
LAB2-0340,spironolactone,conflict,review required,qwen2.5-3b,mcp_governed,review required,REVIEW_REQUIRED,0.9870486,4.33351524,False,False
LAB2-0341,spironolactone,wrong_encounter,review required,qwen2.5-3b,deterministic_rules,review required,REVIEW_REQUIRED,0.98856825,4.45986338,False,False
LAB2-0341,spironolactone,wrong_encounter,review required,qwen2.5-3b,mcp_access_only,review required,REVIEW_REQUIRED,0.98856825,4.45986338,False,False
LAB2-0341,spironolactone,wrong_encounter,review required,qwen2.5-3b,confidence_abstention,review required,REVIEW_REQUIRED,0.98856825,4.45986338,False,False
LAB2-0341,spironolactone,wrong_encounter,review required,qwen2.5-3b,mcp_governed,review required,REVIEW_REQUIRED,0.98856825,4.45986338,False,False
LAB2-0342,spironolactone,wrong_encounter,review required,qwen2.5-3b,deterministic_rules,review required,REVIEW_REQUIRED,0.98856581,4.45964701,False,False
LAB2-0342,spironolactone,wrong_encounter,review required,qwen2.5-3b,mcp_access_only,review required,REVIEW_REQUIRED,0.98856581,4.45964701,False,False
LAB2-0342,spironolactone,wrong_encounter,review required,qwen2.5-3b,confidence_abstention,review required,REVIEW_REQUIRED,0.98856581,4.45964701,False,False
LAB2-0342,spironolactone,wrong_encounter,review required,qwen2.5-3b,mcp_governed,review required,REVIEW_REQUIRED,0.98856581,4.45964701,False,False
LAB2-0343,spironolactone,wrong_encounter,review required,qwen2.5-3b,deterministic_rules,review required,REVIEW_REQUIRED,0.96556223,3.33355657,False,False
LAB2-0343,spironolactone,wrong_encounter,review required,qwen2.5-3b,mcp_access_only,review required,REVIEW_REQUIRED,0.96556223,3.33355657,False,False
LAB2-0343,spironolactone,wrong_encounter,review required,qwen2.5-3b,confidence_abstention,review required,REVIEW_REQUIRED,0.96556223,3.33355657,False,False
LAB2-0343,spironolactone,wrong_encounter,review required,qwen2.5-3b,mcp_governed,review required,REVIEW_REQUIRED,0.96556223,3.33355657,False,False
LAB2-0344,spironolactone,wrong_encounter,review required,qwen2.5-3b,deterministic_rules,review required,REVIEW_REQUIRED,0.95791724,3.1251232,False,False
LAB2-0344,spironolactone,wrong_encounter,review required,qwen2.5-3b,mcp_access_only,review required,REVIEW_REQUIRED,0.95791724,3.1251232,False,False
LAB2-0344,spironolactone,wrong_encounter,review required,qwen2.5-3b,confidence_abstention,review required,REVIEW_REQUIRED,0.95791724,3.1251232,False,False
LAB2-0344,spironolactone,wrong_encounter,review required,qwen2.5-3b,mcp_governed,review required,REVIEW_REQUIRED,0.95791724,3.1251232,False,False
LAB2-0345,spironolactone,service_failure,review required,qwen2.5-3b,deterministic_rules,review required,REVIEW_REQUIRED,0.98594613,4.25070362,False,False
LAB2-0345,spironolactone,service_failure,review required,qwen2.5-3b,mcp_access_only,review required,REVIEW_REQUIRED,0.98594613,4.25070362,False,False
LAB2-0345,spironolactone,service_failure,review required,qwen2.5-3b,confidence_abstention,review required,REVIEW_REQUIRED,0.98594613,4.25070362,False,False
LAB2-0345,spironolactone,service_failure,review required,qwen2.5-3b,mcp_governed,review required,REVIEW_REQUIRED,0.98594613,4.25070362,False,False
LAB2-0346,spironolactone,service_failure,review required,qwen2.5-3b,deterministic_rules,review required,REVIEW_REQUIRED,0.98757699,4.37570414,False,False
LAB2-0346,spironolactone,service_failure,review required,qwen2.5-3b,mcp_access_only,review required,REVIEW_REQUIRED,0.98757699,4.37570414,False,False
LAB2-0346,spironolactone,service_failure,review required,qwen2.5-3b,confidence_abstention,review required,REVIEW_REQUIRED,0.98757699,4.37570414,False,False
LAB2-0346,spironolactone,service_failure,review required,qwen2.5-3b,mcp_governed,review required,REVIEW_REQUIRED,0.98757699,4.37570414,False,False
LAB2-0347,spironolactone,service_failure,review required,qwen2.5-3b,deterministic_rules,review required,REVIEW_REQUIRED,0.94866749,2.91673415,False,False
LAB2-0347,spironolactone,service_failure,review required,qwen2.5-3b,mcp_access_only,review required,REVIEW_REQUIRED,0.94866749,2.91673415,False,False
LAB2-0347,spironolactone,service_failure,review required,qwen2.5-3b,confidence_abstention,review required,REVIEW_REQUIRED,0.94866749,2.91673415,False,False
LAB2-0347,spironolactone,service_failure,review required,qwen2.5-3b,mcp_governed,review required,REVIEW_REQUIRED,0.94866749,2.91673415,False,False
LAB2-0348,spironolactone,service_failure,review required,qwen2.5-3b,deterministic_rules,review required,REVIEW_REQUIRED,0.90099956,2.20838045,False,False
LAB2-0348,spironolactone,service_failure,review required,qwen2.5-3b,mcp_access_only,review required,REVIEW_REQUIRED,0.90099956,2.20838045,False,False
LAB2-0348,spironolactone,service_failure,review required,qwen2.5-3b,confidence_abstention,review required,REVIEW_REQUIRED,0.90099956,2.20838045,False,False
LAB2-0348,spironolactone,service_failure,review required,qwen2.5-3b,mcp_governed,review required,REVIEW_REQUIRED,0.90099956,2.20838045,False,False
LAB2-0361,clozapine,clean,review required,qwen2.5-3b,deterministic_rules,review required,REVIEW_REQUIRED,0.98650537,4.29187721,False,False
LAB2-0361,clozapine,clean,review required,qwen2.5-3b,mcp_access_only,review required,REVIEW_REQUIRED,0.98650537,4.29187721,False,False
LAB2-0361,clozapine,clean,review required,qwen2.5-3b,confidence_abstention,review required,REVIEW_REQUIRED,0.98650537,4.29187721,False,False
LAB2-0361,clozapine,clean,review required,qwen2.5-3b,mcp_governed,review required,REVIEW_REQUIRED,0.98650537,4.29187721,False,False
LAB2-0362,clozapine,clean,review required,qwen2.5-3b,deterministic_rules,review required,REVIEW_REQUIRED,0.98650568,4.29190057,False,False
LAB2-0362,clozapine,clean,review required,qwen2.5-3b,mcp_access_only,review required,REVIEW_REQUIRED,0.98650568,4.29190057,False,False
LAB2-0362,clozapine,clean,review required,qwen2.5-3b,confidence_abstention,review required,REVIEW_REQUIRED,0.98650568,4.29190057,False,False
LAB2-0362,clozapine,clean,review required,qwen2.5-3b,mcp_governed,review required,REVIEW_REQUIRED,0.98650568,4.29190057,False,False
LAB2-0363,clozapine,clean,review required,qwen2.5-3b,deterministic_rules,review required,REVIEW_REQUIRED,0.9875715,4.37525657,False,False
LAB2-0363,clozapine,clean,review required,qwen2.5-3b,mcp_access_only,review required,REVIEW_REQUIRED,0.9875715,4.37525657,False,False
LAB2-0363,clozapine,clean,review required,qwen2.5-3b,confidence_abstention,review required,REVIEW_REQUIRED,0.9875715,4.37525657,False,False
LAB2-0363,clozapine,clean,review required,qwen2.5-3b,mcp_governed,review required,REVIEW_REQUIRED,0.9875715,4.37525657,False,False
LAB2-0364,clozapine,clean,review required,qwen2.5-3b,deterministic_rules,review required,REVIEW_REQUIRED,0.9875711,4.37522386,False,False
LAB2-0364,clozapine,clean,review required,qwen2.5-3b,mcp_access_only,review required,REVIEW_REQUIRED,0.9875711,4.37522386,False,False
LAB2-0364,clozapine,clean,review required,qwen2.5-3b,confidence_abstention,review required,REVIEW_REQUIRED,0.9875711,4.37522386,False,False
LAB2-0364,clozapine,clean,review required,qwen2.5-3b,mcp_governed,review required,REVIEW_REQUIRED,0.9875711,4.37522386,False,False
LAB2-0365,clozapine,clean,review required,qwen2.5-3b,deterministic_rules,review required,REVIEW_REQUIRED,0.98409614,4.12516201,False,False
LAB2-0365,clozapine,clean,review required,qwen2.5-3b,mcp_access_only,review required,REVIEW_REQUIRED,0.98409614,4.12516201,False,False
LAB2-0365,clozapine,clean,review required,qwen2.5-3b,confidence_abstention,review required,REVIEW_REQUIRED,0.98409614,4.12516201,False,False
LAB2-0365,clozapine,clean,review required,qwen2.5-3b,mcp_governed,review required,REVIEW_REQUIRED,0.98409614,4.12516201,False,False
LAB2-0366,clozapine,clean,review required,qwen2.5-3b,deterministic_rules,review required,REVIEW_REQUIRED,0.9820158,4.00011399,False,False
LAB2-0366,clozapine,clean,review required,qwen2.5-3b,mcp_access_only,review required,REVIEW_REQUIRED,0.9820158,4.00011399,False,False
LAB2-0366,clozapine,clean,review required,qwen2.5-3b,confidence_abstention,review required,REVIEW_REQUIRED,0.9820158,4.00011399,False,False
LAB2-0366,clozapine,clean,review required,qwen2.5-3b,mcp_governed,review required,REVIEW_REQUIRED,0.9820158,4.00011399,False,False
LAB2-0367,clozapine,clean,review required,qwen2.5-3b,deterministic_rules,review required,REVIEW_REQUIRED,0.98757142,4.3752505,False,False
LAB2-0367,clozapine,clean,review required,qwen2.5-3b,mcp_access_only,review required,REVIEW_REQUIRED,0.98757142,4.3752505,False,False
LAB2-0367,clozapine,clean,review required,qwen2.5-3b,confidence_abstention,review required,REVIEW_REQUIRED,0.98757142,4.3752505,False,False
LAB2-0367,clozapine,clean,review required,qwen2.5-3b,mcp_governed,review required,REVIEW_REQUIRED,0.98757142,4.3752505,False,False
LAB2-0368,clozapine,clean,review required,qwen2.5-3b,deterministic_rules,review required,REVIEW_REQUIRED,0.98650585,4.29191308,False,False
LAB2-0368,clozapine,clean,review required,qwen2.5-3b,mcp_access_only,review required,REVIEW_REQUIRED,0.98650585,4.29191308,False,False
LAB2-0368,clozapine,clean,review required,qwen2.5-3b,confidence_abstention,review required,REVIEW_REQUIRED,0.98650585,4.29191308,False,False
LAB2-0368,clozapine,clean,review required,qwen2.5-3b,mcp_governed,review required,REVIEW_REQUIRED,0.98650585,4.29191308,False,False
LAB2-0369,clozapine,clean,review required,qwen2.5-3b,deterministic_rules,review required,REVIEW_REQUIRED,0.98593911,4.25019753,False,False
LAB2-0369,clozapine,clean,review required,qwen2.5-3b,mcp_access_only,review required,REVIEW_REQUIRED,0.98593911,4.25019753,False,False
LAB2-0369,clozapine,clean,review required,qwen2.5-3b,confidence_abstention,review required,REVIEW_REQUIRED,0.98593911,4.25019753,False,False
LAB2-0369,clozapine,clean,review required,qwen2.5-3b,mcp_governed,review required,REVIEW_REQUIRED,0.98593911,4.25019753,False,False
LAB2-0370,clozapine,clean,review required,qwen2.5-3b,deterministic_rules,review required,REVIEW_REQUIRED,0.98704934,4.33357291,False,False
LAB2-0370,clozapine,clean,review required,qwen2.5-3b,mcp_access_only,review required,REVIEW_REQUIRED,0.98704934,4.33357291,False,False
LAB2-0370,clozapine,clean,review required,qwen2.5-3b,confidence_abstention,review required,REVIEW_REQUIRED,0.98704934,4.33357291,False,False
LAB2-0370,clozapine,clean,review required,qwen2.5-3b,mcp_governed,review required,REVIEW_REQUIRED,0.98704934,4.33357291,False,False
LAB2-0371,clozapine,clean,review required,qwen2.5-3b,deterministic_rules,review required,REVIEW_REQUIRED,0.98650555,4.2918906,False,False
LAB2-0371,clozapine,clean,review required,qwen2.5-3b,mcp_access_only,review required,REVIEW_REQUIRED,0.98650555,4.2918906,False,False
LAB2-0371,clozapine,clean,review required,qwen2.5-3b,confidence_abstention,review required,REVIEW_REQUIRED,0.98650555,4.2918906,False,False
LAB2-0371,clozapine,clean,review required,qwen2.5-3b,mcp_governed,review required,REVIEW_REQUIRED,0.98650555,4.2918906,False,False
LAB2-0372,clozapine,clean,review required,qwen2.5-3b,deterministic_rules,review required,REVIEW_REQUIRED,0.97966964,3.87509993,False,False
LAB2-0372,clozapine,clean,review required,qwen2.5-3b,mcp_access_only,review required,REVIEW_REQUIRED,0.97966964,3.87509993,False,False
LAB2-0372,clozapine,clean,review required,qwen2.5-3b,confidence_abstention,review required,REVIEW_REQUIRED,0.97966964,3.87509993,False,False
LAB2-0372,clozapine,clean,review required,qwen2.5-3b,mcp_governed,review required,REVIEW_REQUIRED,0.97966964,3.87509993,False,False
LAB2-0373,clozapine,clean,approved,qwen2.5-3b,deterministic_rules,approved,REVIEW_REQUIRED,0.90465022,2.24999636,False,False
LAB2-0373,clozapine,clean,approved,qwen2.5-3b,mcp_access_only,review required,REVIEW_REQUIRED,0.90465022,2.24999636,False,False
LAB2-0373,clozapine,clean,approved,qwen2.5-3b,confidence_abstention,review required,REVIEW_REQUIRED,0.90465022,2.24999636,False,False
LAB2-0373,clozapine,clean,approved,qwen2.5-3b,mcp_governed,review required,REVIEW_REQUIRED,0.90465022,2.24999636,False,False
LAB2-0374,clozapine,clean,approved,qwen2.5-3b,deterministic_rules,approved,REVIEW_REQUIRED,0.90818354,2.29165496,False,False
LAB2-0374,clozapine,clean,approved,qwen2.5-3b,mcp_access_only,review required,REVIEW_REQUIRED,0.90818354,2.29165496,False,False
LAB2-0374,clozapine,clean,approved,qwen2.5-3b,confidence_abstention,review required,REVIEW_REQUIRED,0.90818354,2.29165496,False,False
LAB2-0374,clozapine,clean,approved,qwen2.5-3b,mcp_governed,review required,REVIEW_REQUIRED,0.90818354,2.29165496,False,False
LAB2-0375,clozapine,clean,approved,qwen2.5-3b,deterministic_rules,approved,REVIEW_REQUIRED,0.8972147,2.1666528,False,False
LAB2-0375,clozapine,clean,approved,qwen2.5-3b,mcp_access_only,review required,REVIEW_REQUIRED,0.8972147,2.1666528,False,False
LAB2-0375,clozapine,clean,approved,qwen2.5-3b,confidence_abstention,review required,REVIEW_REQUIRED,0.8972147,2.1666528,False,False
LAB2-0375,clozapine,clean,approved,qwen2.5-3b,mcp_governed,review required,REVIEW_REQUIRED,0.8972147,2.1666528,False,False
LAB2-0376,clozapine,clean,approved,qwen2.5-3b,deterministic_rules,approved,REVIEW_REQUIRED,0.79138964,1.33332225,False,False
LAB2-0376,clozapine,clean,approved,qwen2.5-3b,mcp_access_only,review required,REVIEW_REQUIRED,0.79138964,1.33332225,False,False
LAB2-0376,clozapine,clean,approved,qwen2.5-3b,confidence_abstention,review required,REVIEW_REQUIRED,0.79138964,1.33332225,False,False
LAB2-0376,clozapine,clean,approved,qwen2.5-3b,mcp_governed,review required,REVIEW_REQUIRED,0.79138964,1.33332225,False,False
LAB2-0377,clozapine,clean,approved,qwen2.5-3b,deterministic_rules,approved,REVIEW_REQUIRED,0.8763499,1.95830967,False,False
LAB2-0377,clozapine,clean,approved,qwen2.5-3b,mcp_access_only,review required,REVIEW_REQUIRED,0.8763499,1.95830967,False,False
LAB2-0377,clozapine,clean,approved,qwen2.5-3b,confidence_abstention,review required,REVIEW_REQUIRED,0.8763499,1.95830967,False,False
LAB2-0377,clozapine,clean,approved,qwen2.5-3b,mcp_governed,review required,REVIEW_REQUIRED,0.8763499,1.95830967,False,False
LAB2-0378,clozapine,clean,approved,qwen2.5-3b,deterministic_rules,approved,REVIEW_REQUIRED,0.85712966,1.79165168,False,False
LAB2-0378,clozapine,clean,approved,qwen2.5-3b,mcp_access_only,review required,REVIEW_REQUIRED,0.85712966,1.79165168,False,False
LAB2-0378,clozapine,clean,approved,qwen2.5-3b,confidence_abstention,review required,REVIEW_REQUIRED,0.85712966,1.79165168,False,False
LAB2-0378,clozapine,clean,approved,qwen2.5-3b,mcp_governed,review required,REVIEW_REQUIRED,0.85712966,1.79165168,False,False
LAB2-0379,clozapine,clean,approved,qwen2.5-3b,deterministic_rules,approved,REVIEW_REQUIRED,0.84112927,1.66665451,False,False
LAB2-0379,clozapine,clean,approved,qwen2.5-3b,mcp_access_only,review required,REVIEW_REQUIRED,0.84112927,1.66665451,False,False
LAB2-0379,clozapine,clean,approved,qwen2.5-3b,confidence_abstention,review required,REVIEW_REQUIRED,0.84112927,1.66665451,False,False
LAB2-0379,clozapine,clean,approved,qwen2.5-3b,mcp_governed,review required,REVIEW_REQUIRED,0.84112927,1.66665451,False,False
LAB2-0380,clozapine,clean,approved,qwen2.5-3b,deterministic_rules,approved,REVIEW_REQUIRED,0.77729704,1.2499837,False,False
LAB2-0380,clozapine,clean,approved,qwen2.5-3b,mcp_access_only,review required,REVIEW_REQUIRED,0.77729704,1.2499837,False,False
LAB2-0380,clozapine,clean,approved,qwen2.5-3b,confidence_abstention,review required,REVIEW_REQUIRED,0.77729704,1.2499837,False,False
LAB2-0380,clozapine,clean,approved,qwen2.5-3b,mcp_governed,review required,REVIEW_REQUIRED,0.77729704,1.2499837,False,False
LAB2-0381,clozapine,clean,approved,qwen2.5-3b,deterministic_rules,approved,REVIEW_REQUIRED,0.66075182,0.66664637,False,False
LAB2-0381,clozapine,clean,approved,qwen2.5-3b,mcp_access_only,review required,REVIEW_REQUIRED,0.66075182,0.66664637,False,False
LAB2-0381,clozapine,clean,approved,qwen2.5-3b,confidence_abstention,review required,REVIEW_REQUIRED,0.66075182,0.66664637,False,False
LAB2-0381,clozapine,clean,approved,qwen2.5-3b,mcp_governed,review required,REVIEW_REQUIRED,0.66075182,0.66664637,False,False
LAB2-0382,clozapine,clean,approved,qwen2.5-3b,deterministic_rules,approved,REVIEW_REQUIRED,0.77729638,1.2499799,False,False
LAB2-0382,clozapine,clean,approved,qwen2.5-3b,mcp_access_only,review required,REVIEW_REQUIRED,0.77729638,1.2499799,False,False
LAB2-0382,clozapine,clean,approved,qwen2.5-3b,confidence_abstention,review required,REVIEW_REQUIRED,0.77729638,1.2499799,False,False
LAB2-0382,clozapine,clean,approved,qwen2.5-3b,mcp_governed,review required,REVIEW_REQUIRED,0.77729638,1.2499799,False,False
LAB2-0383,clozapine,clean,approved,qwen2.5-3b,deterministic_rules,approved,REVIEW_REQUIRED,0.68818561,0.79165046,False,False
LAB2-0383,clozapine,clean,approved,qwen2.5-3b,mcp_access_only,review required,REVIEW_REQUIRED,0.68818561,0.79165046,False,False
LAB2-0383,clozapine,clean,approved,qwen2.5-3b,confidence_abstention,review required,REVIEW_REQUIRED,0.68818561,0.79165046,False,False
LAB2-0383,clozapine,clean,approved,qwen2.5-3b,mcp_governed,review required,REVIEW_REQUIRED,0.68818561,0.79165046,False,False
LAB2-0384,clozapine,clean,approved,qwen2.5-3b,deterministic_rules,approved,REVIEW_REQUIRED,0.6970556,0.83331589,False,False
LAB2-0384,clozapine,clean,approved,qwen2.5-3b,mcp_access_only,review required,REVIEW_REQUIRED,0.6970556,0.83331589,False,False
LAB2-0384,clozapine,clean,approved,qwen2.5-3b,confidence_abstention,review required,REVIEW_REQUIRED,0.6970556,0.83331589,False,False
LAB2-0384,clozapine,clean,approved,qwen2.5-3b,mcp_governed,review required,REVIEW_REQUIRED,0.6970556,0.83331589,False,False
LAB2-0385,clozapine,missing,review required,qwen2.5-3b,deterministic_rules,review required,REVIEW_REQUIRED,0.97704016,3.75078116,False,False
LAB2-0385,clozapine,missing,review required,qwen2.5-3b,mcp_access_only,review required,REVIEW_REQUIRED,0.97704016,3.75078116,False,False
LAB2-0385,clozapine,missing,review required,qwen2.5-3b,confidence_abstention,review required,REVIEW_REQUIRED,0.97704016,3.75078116,False,False
LAB2-0385,clozapine,missing,review required,qwen2.5-3b,mcp_governed,review required,REVIEW_REQUIRED,0.97704016,3.75078116,False,False
LAB2-0386,clozapine,missing,review required,qwen2.5-3b,deterministic_rules,review required,REVIEW_REQUIRED,0.97703959,3.75075567,False,False
LAB2-0386,clozapine,missing,review required,qwen2.5-3b,mcp_access_only,review required,REVIEW_REQUIRED,0.97703959,3.75075567,False,False
LAB2-0386,clozapine,missing,review required,qwen2.5-3b,confidence_abstention,review required,REVIEW_REQUIRED,0.97703959,3.75075567,False,False
LAB2-0386,clozapine,missing,review required,qwen2.5-3b,mcp_governed,review required,REVIEW_REQUIRED,0.97703959,3.75075567,False,False
LAB2-0387,clozapine,missing,review required,qwen2.5-3b,deterministic_rules,review required,REVIEW_REQUIRED,0.97883675,3.83409876,False,False
LAB2-0387,clozapine,missing,review required,qwen2.5-3b,mcp_access_only,review required,REVIEW_REQUIRED,0.97883675,3.83409876,False,False
LAB2-0387,clozapine,missing,review required,qwen2.5-3b,confidence_abstention,review required,REVIEW_REQUIRED,0.97883675,3.83409876,False,False
LAB2-0387,clozapine,missing,review required,qwen2.5-3b,mcp_governed,review required,REVIEW_REQUIRED,0.97883675,3.83409876,False,False
LAB2-0388,clozapine,missing,review required,qwen2.5-3b,deterministic_rules,review required,REVIEW_REQUIRED,0.97704236,3.75087907,False,False
LAB2-0388,clozapine,missing,review required,qwen2.5-3b,mcp_access_only,review required,REVIEW_REQUIRED,0.97704236,3.75087907,False,False
LAB2-0388,clozapine,missing,review required,qwen2.5-3b,confidence_abstention,review required,REVIEW_REQUIRED,0.97704236,3.75087907,False,False
LAB2-0388,clozapine,missing,review required,qwen2.5-3b,mcp_governed,review required,REVIEW_REQUIRED,0.97704236,3.75087907,False,False
LAB2-0389,clozapine,stale,review required,qwen2.5-3b,deterministic_rules,review required,REVIEW_REQUIRED,0.98855505,4.45869599,False,False
LAB2-0389,clozapine,stale,review required,qwen2.5-3b,mcp_access_only,review required,REVIEW_REQUIRED,0.98855505,4.45869599,False,False
LAB2-0389,clozapine,stale,review required,qwen2.5-3b,confidence_abstention,review required,REVIEW_REQUIRED,0.98855505,4.45869599,False,False
LAB2-0389,clozapine,stale,review required,qwen2.5-3b,mcp_governed,review required,REVIEW_REQUIRED,0.98855505,4.45869599,False,False
LAB2-0390,clozapine,stale,review required,qwen2.5-3b,deterministic_rules,review required,REVIEW_REQUIRED,0.98807401,4.41703715,False,False
LAB2-0390,clozapine,stale,review required,qwen2.5-3b,mcp_access_only,review required,REVIEW_REQUIRED,0.98807401,4.41703715,False,False
LAB2-0390,clozapine,stale,review required,qwen2.5-3b,confidence_abstention,review required,REVIEW_REQUIRED,0.98807401,4.41703715,False,False
LAB2-0390,clozapine,stale,review required,qwen2.5-3b,mcp_governed,review required,REVIEW_REQUIRED,0.98807401,4.41703715,False,False
LAB2-0391,clozapine,stale,review required,qwen2.5-3b,deterministic_rules,review required,REVIEW_REQUIRED,0.98473424,4.16675963,False,False
LAB2-0391,clozapine,stale,review required,qwen2.5-3b,mcp_access_only,review required,REVIEW_REQUIRED,0.98473424,4.16675963,False,False
LAB2-0391,clozapine,stale,review required,qwen2.5-3b,confidence_abstention,review required,REVIEW_REQUIRED,0.98473424,4.16675963,False,False
LAB2-0391,clozapine,stale,review required,qwen2.5-3b,mcp_governed,review required,REVIEW_REQUIRED,0.98473424,4.16675963,False,False
LAB2-0392,clozapine,stale,review required,qwen2.5-3b,deterministic_rules,review required,REVIEW_REQUIRED,0.97702306,3.7500192,False,False
LAB2-0392,clozapine,stale,review required,qwen2.5-3b,mcp_access_only,review required,REVIEW_REQUIRED,0.97702306,3.7500192,False,False
LAB2-0392,clozapine,stale,review required,qwen2.5-3b,confidence_abstention,review required,REVIEW_REQUIRED,0.97702306,3.7500192,False,False
LAB2-0392,clozapine,stale,review required,qwen2.5-3b,mcp_governed,review required,REVIEW_REQUIRED,0.97702306,3.7500192,False,False
LAB2-0393,clozapine,unit_error,review required,qwen2.5-3b,deterministic_rules,review required,REVIEW_REQUIRED,0.99106455,4.70875314,False,False
LAB2-0393,clozapine,unit_error,review required,qwen2.5-3b,mcp_access_only,review required,REVIEW_REQUIRED,0.99106455,4.70875314,False,False
LAB2-0393,clozapine,unit_error,review required,qwen2.5-3b,confidence_abstention,review required,REVIEW_REQUIRED,0.99106455,4.70875314,False,False
LAB2-0393,clozapine,unit_error,review required,qwen2.5-3b,mcp_governed,review required,REVIEW_REQUIRED,0.99106455,4.70875314,False,False
LAB2-0394,clozapine,unit_error,review required,qwen2.5-3b,deterministic_rules,review required,REVIEW_REQUIRED,0.99274298,4.91850229,False,False
LAB2-0394,clozapine,unit_error,review required,qwen2.5-3b,mcp_access_only,review required,REVIEW_REQUIRED,0.99274298,4.91850229,False,False
LAB2-0394,clozapine,unit_error,review required,qwen2.5-3b,confidence_abstention,review required,REVIEW_REQUIRED,0.99274298,4.91850229,False,False
LAB2-0394,clozapine,unit_error,review required,qwen2.5-3b,mcp_governed,review required,REVIEW_REQUIRED,0.99274298,4.91850229,False,False
LAB2-0395,clozapine,unit_error,review required,qwen2.5-3b,deterministic_rules,review required,REVIEW_REQUIRED,0.98988511,4.58358054,False,False
LAB2-0395,clozapine,unit_error,review required,qwen2.5-3b,mcp_access_only,review required,REVIEW_REQUIRED,0.98988511,4.58358054,False,False
LAB2-0395,clozapine,unit_error,review required,qwen2.5-3b,confidence_abstention,review required,REVIEW_REQUIRED,0.98988511,4.58358054,False,False
LAB2-0395,clozapine,unit_error,review required,qwen2.5-3b,mcp_governed,review required,REVIEW_REQUIRED,0.98988511,4.58358054,False,False
LAB2-0396,clozapine,unit_error,review required,qwen2.5-3b,deterministic_rules,review required,REVIEW_REQUIRED,0.98946215,4.54218762,False,False
LAB2-0396,clozapine,unit_error,review required,qwen2.5-3b,mcp_access_only,review required,REVIEW_REQUIRED,0.98946215,4.54218762,False,False
LAB2-0396,clozapine,unit_error,review required,qwen2.5-3b,confidence_abstention,review required,REVIEW_REQUIRED,0.98946215,4.54218762,False,False
LAB2-0396,clozapine,unit_error,review required,qwen2.5-3b,mcp_governed,review required,REVIEW_REQUIRED,0.98946215,4.54218762,False,False
LAB2-0397,clozapine,conflict,review required,qwen2.5-3b,deterministic_rules,review required,REVIEW_REQUIRED,0.97702698,3.75019397,False,False
LAB2-0397,clozapine,conflict,review required,qwen2.5-3b,mcp_access_only,review required,REVIEW_REQUIRED,0.97702698,3.75019397,False,False
LAB2-0397,clozapine,conflict,review required,qwen2.5-3b,confidence_abstention,review required,REVIEW_REQUIRED,0.97702698,3.75019397,False,False
LAB2-0397,clozapine,conflict,review required,qwen2.5-3b,mcp_governed,review required,REVIEW_REQUIRED,0.97702698,3.75019397,False,False
LAB2-0398,clozapine,conflict,review required,qwen2.5-3b,deterministic_rules,review required,REVIEW_REQUIRED,0.98201788,4.00023169,False,False
LAB2-0398,clozapine,conflict,review required,qwen2.5-3b,mcp_access_only,review required,REVIEW_REQUIRED,0.98201788,4.00023169,False,False
LAB2-0398,clozapine,conflict,review required,qwen2.5-3b,confidence_abstention,review required,REVIEW_REQUIRED,0.98201788,4.00023169,False,False
LAB2-0398,clozapine,conflict,review required,qwen2.5-3b,mcp_governed,review required,REVIEW_REQUIRED,0.98201788,4.00023169,False,False
LAB2-0399,clozapine,conflict,review required,qwen2.5-3b,deterministic_rules,review required,REVIEW_REQUIRED,0.97967004,3.87512021,False,False
LAB2-0399,clozapine,conflict,review required,qwen2.5-3b,mcp_access_only,review required,REVIEW_REQUIRED,0.97967004,3.87512021,False,False
LAB2-0399,clozapine,conflict,review required,qwen2.5-3b,confidence_abstention,review required,REVIEW_REQUIRED,0.97967004,3.87512021,False,False
LAB2-0399,clozapine,conflict,review required,qwen2.5-3b,mcp_governed,review required,REVIEW_REQUIRED,0.97967004,3.87512021,False,False
LAB2-0400,clozapine,conflict,review required,qwen2.5-3b,deterministic_rules,review required,REVIEW_REQUIRED,0.98201559,4.00010182,False,False
LAB2-0400,clozapine,conflict,review required,qwen2.5-3b,mcp_access_only,review required,REVIEW_REQUIRED,0.98201559,4.00010182,False,False
LAB2-0400,clozapine,conflict,review required,qwen2.5-3b,confidence_abstention,review required,REVIEW_REQUIRED,0.98201559,4.00010182,False,False
LAB2-0400,clozapine,conflict,review required,qwen2.5-3b,mcp_governed,review required,REVIEW_REQUIRED,0.98201559,4.00010182,False,False
LAB2-0401,clozapine,wrong_encounter,review required,qwen2.5-3b,deterministic_rules,review required,REVIEW_REQUIRED,0.98342991,4.08344735,False,False
LAB2-0401,clozapine,wrong_encounter,review required,qwen2.5-3b,mcp_access_only,review required,REVIEW_REQUIRED,0.98342991,4.08344735,False,False
LAB2-0401,clozapine,wrong_encounter,review required,qwen2.5-3b,confidence_abstention,review required,REVIEW_REQUIRED,0.98342991,4.08344735,False,False
LAB2-0401,clozapine,wrong_encounter,review required,qwen2.5-3b,mcp_governed,review required,REVIEW_REQUIRED,0.98342991,4.08344735,False,False
LAB2-0402,clozapine,wrong_encounter,review required,qwen2.5-3b,deterministic_rules,review required,REVIEW_REQUIRED,0.97967235,3.87523601,False,False
LAB2-0402,clozapine,wrong_encounter,review required,qwen2.5-3b,mcp_access_only,review required,REVIEW_REQUIRED,0.97967235,3.87523601,False,False
LAB2-0402,clozapine,wrong_encounter,review required,qwen2.5-3b,confidence_abstention,review required,REVIEW_REQUIRED,0.97967235,3.87523601,False,False
LAB2-0402,clozapine,wrong_encounter,review required,qwen2.5-3b,mcp_governed,review required,REVIEW_REQUIRED,0.97967235,3.87523601,False,False
LAB2-0403,clozapine,wrong_encounter,review required,qwen2.5-3b,deterministic_rules,review required,REVIEW_REQUIRED,0.97966896,3.87506603,False,False
LAB2-0403,clozapine,wrong_encounter,review required,qwen2.5-3b,mcp_access_only,review required,REVIEW_REQUIRED,0.97966896,3.87506603,False,False
LAB2-0403,clozapine,wrong_encounter,review required,qwen2.5-3b,confidence_abstention,review required,REVIEW_REQUIRED,0.97966896,3.87506603,False,False
LAB2-0403,clozapine,wrong_encounter,review required,qwen2.5-3b,mcp_governed,review required,REVIEW_REQUIRED,0.97966896,3.87506603,False,False
LAB2-0404,clozapine,wrong_encounter,review required,qwen2.5-3b,deterministic_rules,review required,REVIEW_REQUIRED,0.97185151,3.54170922,False,False
LAB2-0404,clozapine,wrong_encounter,review required,qwen2.5-3b,mcp_access_only,review required,REVIEW_REQUIRED,0.97185151,3.54170922,False,False
LAB2-0404,clozapine,wrong_encounter,review required,qwen2.5-3b,confidence_abstention,review required,REVIEW_REQUIRED,0.97185151,3.54170922,False,False
LAB2-0404,clozapine,wrong_encounter,review required,qwen2.5-3b,mcp_governed,review required,REVIEW_REQUIRED,0.97185151,3.54170922,False,False
LAB2-0405,clozapine,service_failure,review required,qwen2.5-3b,deterministic_rules,review required,REVIEW_REQUIRED,0.98594128,4.25035382,False,False
LAB2-0405,clozapine,service_failure,review required,qwen2.5-3b,mcp_access_only,review required,REVIEW_REQUIRED,0.98594128,4.25035382,False,False
LAB2-0405,clozapine,service_failure,review required,qwen2.5-3b,confidence_abstention,review required,REVIEW_REQUIRED,0.98594128,4.25035382,False,False
LAB2-0405,clozapine,service_failure,review required,qwen2.5-3b,mcp_governed,review required,REVIEW_REQUIRED,0.98594128,4.25035382,False,False
LAB2-0406,clozapine,service_failure,review required,qwen2.5-3b,deterministic_rules,review required,REVIEW_REQUIRED,0.98594091,4.25032727,False,False
LAB2-0406,clozapine,service_failure,review required,qwen2.5-3b,mcp_access_only,review required,REVIEW_REQUIRED,0.98594091,4.25032727,False,False
LAB2-0406,clozapine,service_failure,review required,qwen2.5-3b,confidence_abstention,review required,REVIEW_REQUIRED,0.98594091,4.25032727,False,False
LAB2-0406,clozapine,service_failure,review required,qwen2.5-3b,mcp_governed,review required,REVIEW_REQUIRED,0.98594091,4.25032727,False,False
LAB2-0407,clozapine,service_failure,review required,qwen2.5-3b,deterministic_rules,review required,REVIEW_REQUIRED,0.97882223,3.83339794,False,False
LAB2-0407,clozapine,service_failure,review required,qwen2.5-3b,mcp_access_only,review required,REVIEW_REQUIRED,0.97882223,3.83339794,False,False
LAB2-0407,clozapine,service_failure,review required,qwen2.5-3b,confidence_abstention,review required,REVIEW_REQUIRED,0.97882223,3.83339794,False,False
LAB2-0407,clozapine,service_failure,review required,qwen2.5-3b,mcp_governed,review required,REVIEW_REQUIRED,0.97882223,3.83339794,False,False
LAB2-0408,clozapine,service_failure,review required,qwen2.5-3b,deterministic_rules,review required,REVIEW_REQUIRED,0.97404356,3.62503632,False,False
LAB2-0408,clozapine,service_failure,review required,qwen2.5-3b,mcp_access_only,review required,REVIEW_REQUIRED,0.97404356,3.62503632,False,False
LAB2-0408,clozapine,service_failure,review required,qwen2.5-3b,confidence_abstention,review required,REVIEW_REQUIRED,0.97404356,3.62503632,False,False
LAB2-0408,clozapine,service_failure,review required,qwen2.5-3b,mcp_governed,review required,REVIEW_REQUIRED,0.97404356,3.62503632,False,False
LAB2-0421,heparin,clean,review required,qwen2.5-3b,deterministic_rules,review required,REVIEW_REQUIRED,0.97607766,3.70872937,False,False
LAB2-0421,heparin,clean,review required,qwen2.5-3b,mcp_access_only,review required,REVIEW_REQUIRED,0.97607766,3.70872937,False,False
LAB2-0421,heparin,clean,review required,qwen2.5-3b,confidence_abstention,review required,REVIEW_REQUIRED,0.97607766,3.70872937,False,False
LAB2-0421,heparin,clean,review required,qwen2.5-3b,mcp_governed,review required,REVIEW_REQUIRED,0.97607766,3.70872937,False,False
LAB2-0422,heparin,clean,review required,qwen2.5-3b,deterministic_rules,review required,REVIEW_REQUIRED,0.97607639,3.70867487,False,False
LAB2-0422,heparin,clean,review required,qwen2.5-3b,mcp_access_only,review required,REVIEW_REQUIRED,0.97607639,3.70867487,False,False
LAB2-0422,heparin,clean,review required,qwen2.5-3b,confidence_abstention,review required,REVIEW_REQUIRED,0.97607639,3.70867487,False,False
LAB2-0422,heparin,clean,review required,qwen2.5-3b,mcp_governed,review required,REVIEW_REQUIRED,0.97607639,3.70867487,False,False
LAB2-0423,heparin,clean,review required,qwen2.5-3b,deterministic_rules,review required,REVIEW_REQUIRED,0.97185986,3.54201469,False,False
LAB2-0423,heparin,clean,review required,qwen2.5-3b,mcp_access_only,review required,REVIEW_REQUIRED,0.97185986,3.54201469,False,False
LAB2-0423,heparin,clean,review required,qwen2.5-3b,confidence_abstention,review required,REVIEW_REQUIRED,0.97185986,3.54201469,False,False
LAB2-0423,heparin,clean,review required,qwen2.5-3b,mcp_governed,review required,REVIEW_REQUIRED,0.97185986,3.54201469,False,False
LAB2-0424,heparin,clean,review required,qwen2.5-3b,deterministic_rules,review required,REVIEW_REQUIRED,0.97297725,3.58368159,False,False
LAB2-0424,heparin,clean,review required,qwen2.5-3b,mcp_access_only,review required,REVIEW_REQUIRED,0.97297725,3.58368159,False,False
LAB2-0424,heparin,clean,review required,qwen2.5-3b,confidence_abstention,review required,REVIEW_REQUIRED,0.97297725,3.58368159,False,False
LAB2-0424,heparin,clean,review required,qwen2.5-3b,mcp_governed,review required,REVIEW_REQUIRED,0.97297725,3.58368159,False,False
LAB2-0425,heparin,clean,review required,qwen2.5-3b,deterministic_rules,review required,REVIEW_REQUIRED,0.97607666,3.70868655,False,False
LAB2-0425,heparin,clean,review required,qwen2.5-3b,mcp_access_only,review required,REVIEW_REQUIRED,0.97607666,3.70868655,False,False
LAB2-0425,heparin,clean,review required,qwen2.5-3b,confidence_abstention,review required,REVIEW_REQUIRED,0.97607666,3.70868655,False,False
LAB2-0425,heparin,clean,review required,qwen2.5-3b,mcp_governed,review required,REVIEW_REQUIRED,0.97607666,3.70868655,False,False
LAB2-0426,heparin,clean,review required,qwen2.5-3b,deterministic_rules,review required,REVIEW_REQUIRED,0.9706954,3.50026831,False,False
LAB2-0426,heparin,clean,review required,qwen2.5-3b,mcp_access_only,review required,REVIEW_REQUIRED,0.9706954,3.50026831,False,False
LAB2-0426,heparin,clean,review required,qwen2.5-3b,confidence_abstention,review required,REVIEW_REQUIRED,0.9706954,3.50026831,False,False
LAB2-0426,heparin,clean,review required,qwen2.5-3b,mcp_governed,review required,REVIEW_REQUIRED,0.9706954,3.50026831,False,False
LAB2-0427,heparin,clean,review required,qwen2.5-3b,deterministic_rules,review required,REVIEW_REQUIRED,0.97069655,3.50030853,False,False
LAB2-0427,heparin,clean,review required,qwen2.5-3b,mcp_access_only,review required,REVIEW_REQUIRED,0.97069655,3.50030853,False,False
LAB2-0427,heparin,clean,review required,qwen2.5-3b,confidence_abstention,review required,REVIEW_REQUIRED,0.97069655,3.50030853,False,False
LAB2-0427,heparin,clean,review required,qwen2.5-3b,mcp_governed,review required,REVIEW_REQUIRED,0.97069655,3.50030853,False,False
LAB2-0428,heparin,clean,review required,qwen2.5-3b,deterministic_rules,review required,REVIEW_REQUIRED,0.97703269,3.75044811,False,False
LAB2-0428,heparin,clean,review required,qwen2.5-3b,mcp_access_only,review required,REVIEW_REQUIRED,0.97703269,3.75044811,False,False
LAB2-0428,heparin,clean,review required,qwen2.5-3b,confidence_abstention,review required,REVIEW_REQUIRED,0.97703269,3.75044811,False,False
LAB2-0428,heparin,clean,review required,qwen2.5-3b,mcp_governed,review required,REVIEW_REQUIRED,0.97703269,3.75044811,False,False
LAB2-0429,heparin,clean,review required,qwen2.5-3b,deterministic_rules,review required,REVIEW_REQUIRED,0.97882735,3.83364515,False,False
LAB2-0429,heparin,clean,review required,qwen2.5-3b,mcp_access_only,review required,REVIEW_REQUIRED,0.97882735,3.83364515,False,False
LAB2-0429,heparin,clean,review required,qwen2.5-3b,confidence_abstention,review required,REVIEW_REQUIRED,0.97882735,3.83364515,False,False
LAB2-0429,heparin,clean,review required,qwen2.5-3b,mcp_governed,review required,REVIEW_REQUIRED,0.97882735,3.83364515,False,False
LAB2-0430,heparin,clean,review required,qwen2.5-3b,deterministic_rules,review required,REVIEW_REQUIRED,0.97703021,3.75033757,False,False
LAB2-0430,heparin,clean,review required,qwen2.5-3b,mcp_access_only,review required,REVIEW_REQUIRED,0.97703021,3.75033757,False,False
LAB2-0430,heparin,clean,review required,qwen2.5-3b,confidence_abstention,review required,REVIEW_REQUIRED,0.97703021,3.75033757,False,False
LAB2-0430,heparin,clean,review required,qwen2.5-3b,mcp_governed,review required,REVIEW_REQUIRED,0.97703021,3.75033757,False,False
LAB2-0431,heparin,clean,review required,qwen2.5-3b,deterministic_rules,review required,REVIEW_REQUIRED,0.97185755,3.54193001,False,False
LAB2-0431,heparin,clean,review required,qwen2.5-3b,mcp_access_only,review required,REVIEW_REQUIRED,0.97185755,3.54193001,False,False
LAB2-0431,heparin,clean,review required,qwen2.5-3b,confidence_abstention,review required,REVIEW_REQUIRED,0.97185755,3.54193001,False,False
LAB2-0431,heparin,clean,review required,qwen2.5-3b,mcp_governed,review required,REVIEW_REQUIRED,0.97185755,3.54193001,False,False
LAB2-0432,heparin,clean,review required,qwen2.5-3b,deterministic_rules,review required,REVIEW_REQUIRED,0.97967552,3.87539529,False,False
LAB2-0432,heparin,clean,review required,qwen2.5-3b,mcp_access_only,review required,REVIEW_REQUIRED,0.97967552,3.87539529,False,False
LAB2-0432,heparin,clean,review required,qwen2.5-3b,confidence_abstention,review required,REVIEW_REQUIRED,0.97967552,3.87539529,False,False
LAB2-0432,heparin,clean,review required,qwen2.5-3b,mcp_governed,review required,REVIEW_REQUIRED,0.97967552,3.87539529,False,False
LAB2-0433,heparin,clean,approved,qwen2.5-3b,deterministic_rules,review required,REVIEW_REQUIRED,0.94445569,2.83342771,False,False
LAB2-0433,heparin,clean,approved,qwen2.5-3b,mcp_access_only,review required,REVIEW_REQUIRED,0.94445569,2.83342771,False,False
LAB2-0433,heparin,clean,approved,qwen2.5-3b,confidence_abstention,review required,REVIEW_REQUIRED,0.94445569,2.83342771,False,False
LAB2-0433,heparin,clean,approved,qwen2.5-3b,mcp_governed,review required,REVIEW_REQUIRED,0.94445569,2.83342771,False,False
LAB2-0434,heparin,clean,approved,qwen2.5-3b,deterministic_rules,review required,REVIEW_REQUIRED,0.9544259,3.04177049,False,False
LAB2-0434,heparin,clean,approved,qwen2.5-3b,mcp_access_only,review required,REVIEW_REQUIRED,0.9544259,3.04177049,False,False
LAB2-0434,heparin,clean,approved,qwen2.5-3b,confidence_abstention,review required,REVIEW_REQUIRED,0.9544259,3.04177049,False,False
LAB2-0434,heparin,clean,approved,qwen2.5-3b,mcp_governed,review required,REVIEW_REQUIRED,0.9544259,3.04177049,False,False
LAB2-0435,heparin,clean,approved,qwen2.5-3b,deterministic_rules,review required,REVIEW_REQUIRED,0.96115107,3.20845097,False,False
LAB2-0435,heparin,clean,approved,qwen2.5-3b,mcp_access_only,review required,REVIEW_REQUIRED,0.96115107,3.20845097,False,False
LAB2-0435,heparin,clean,approved,qwen2.5-3b,confidence_abstention,review required,REVIEW_REQUIRED,0.96115107,3.20845097,False,False
LAB2-0435,heparin,clean,approved,qwen2.5-3b,mcp_governed,review required,REVIEW_REQUIRED,0.96115107,3.20845097,False,False
LAB2-0436,heparin,clean,approved,qwen2.5-3b,deterministic_rules,review required,REVIEW_REQUIRED,0.94660084,2.87508242,False,False
LAB2-0436,heparin,clean,approved,qwen2.5-3b,mcp_access_only,review required,REVIEW_REQUIRED,0.94660084,2.87508242,False,False
LAB2-0436,heparin,clean,approved,qwen2.5-3b,confidence_abstention,review required,REVIEW_REQUIRED,0.94660084,2.87508242,False,False
LAB2-0436,heparin,clean,approved,qwen2.5-3b,mcp_governed,review required,REVIEW_REQUIRED,0.94660084,2.87508242,False,False
LAB2-0437,heparin,clean,approved,qwen2.5-3b,deterministic_rules,review required,REVIEW_REQUIRED,0.94867003,2.91678615,False,False
LAB2-0437,heparin,clean,approved,qwen2.5-3b,mcp_access_only,review required,REVIEW_REQUIRED,0.94867003,2.91678615,False,False
LAB2-0437,heparin,clean,approved,qwen2.5-3b,confidence_abstention,review required,REVIEW_REQUIRED,0.94867003,2.91678615,False,False
LAB2-0437,heparin,clean,approved,qwen2.5-3b,mcp_governed,review required,REVIEW_REQUIRED,0.94867003,2.91678615,False,False
LAB2-0438,heparin,clean,approved,qwen2.5-3b,deterministic_rules,review required,REVIEW_REQUIRED,0.95066141,2.95845149,False,False
LAB2-0438,heparin,clean,approved,qwen2.5-3b,mcp_access_only,review required,REVIEW_REQUIRED,0.95066141,2.95845149,False,False
LAB2-0438,heparin,clean,approved,qwen2.5-3b,confidence_abstention,review required,REVIEW_REQUIRED,0.95066141,2.95845149,False,False
LAB2-0438,heparin,clean,approved,qwen2.5-3b,mcp_governed,review required,REVIEW_REQUIRED,0.95066141,2.95845149,False,False
LAB2-0439,heparin,clean,approved,qwen2.5-3b,deterministic_rules,review required,REVIEW_REQUIRED,0.95257892,3.00010616,False,False
LAB2-0439,heparin,clean,approved,qwen2.5-3b,mcp_access_only,review required,REVIEW_REQUIRED,0.95257892,3.00010616,False,False
LAB2-0439,heparin,clean,approved,qwen2.5-3b,confidence_abstention,review required,REVIEW_REQUIRED,0.95257892,3.00010616,False,False
LAB2-0439,heparin,clean,approved,qwen2.5-3b,mcp_governed,review required,REVIEW_REQUIRED,0.95257892,3.00010616,False,False
LAB2-0440,heparin,clean,approved,qwen2.5-3b,deterministic_rules,review required,REVIEW_REQUIRED,0.95066087,2.95843982,False,False
LAB2-0440,heparin,clean,approved,qwen2.5-3b,mcp_access_only,review required,REVIEW_REQUIRED,0.95066087,2.95843982,False,False
LAB2-0440,heparin,clean,approved,qwen2.5-3b,confidence_abstention,review required,REVIEW_REQUIRED,0.95066087,2.95843982,False,False
LAB2-0440,heparin,clean,approved,qwen2.5-3b,mcp_governed,review required,REVIEW_REQUIRED,0.95066087,2.95843982,False,False
LAB2-0441,heparin,clean,approved,qwen2.5-3b,deterministic_rules,review required,REVIEW_REQUIRED,0.95791731,3.12512499,False,False
LAB2-0441,heparin,clean,approved,qwen2.5-3b,mcp_access_only,review required,REVIEW_REQUIRED,0.95791731,3.12512499,False,False
LAB2-0441,heparin,clean,approved,qwen2.5-3b,confidence_abstention,review required,REVIEW_REQUIRED,0.95791731,3.12512499,False,False
LAB2-0441,heparin,clean,approved,qwen2.5-3b,mcp_governed,review required,REVIEW_REQUIRED,0.95791731,3.12512499,False,False
LAB2-0442,heparin,clean,approved,qwen2.5-3b,deterministic_rules,review required,REVIEW_REQUIRED,0.95442635,3.04178073,False,False
LAB2-0442,heparin,clean,approved,qwen2.5-3b,mcp_access_only,review required,REVIEW_REQUIRED,0.95442635,3.04178073,False,False
LAB2-0442,heparin,clean,approved,qwen2.5-3b,confidence_abstention,review required,REVIEW_REQUIRED,0.95442635,3.04178073,False,False
LAB2-0442,heparin,clean,approved,qwen2.5-3b,mcp_governed,review required,REVIEW_REQUIRED,0.95442635,3.04178073,False,False
LAB2-0443,heparin,clean,approved,qwen2.5-3b,deterministic_rules,review required,REVIEW_REQUIRED,0.94222827,2.79174802,False,False
LAB2-0443,heparin,clean,approved,qwen2.5-3b,mcp_access_only,review required,REVIEW_REQUIRED,0.94222827,2.79174802,False,False
LAB2-0443,heparin,clean,approved,qwen2.5-3b,confidence_abstention,review required,REVIEW_REQUIRED,0.94222827,2.79174802,False,False
LAB2-0443,heparin,clean,approved,qwen2.5-3b,mcp_governed,review required,REVIEW_REQUIRED,0.94222827,2.79174802,False,False
LAB2-0444,heparin,clean,approved,qwen2.5-3b,deterministic_rules,review required,REVIEW_REQUIRED,0.93991886,2.75009756,False,False
LAB2-0444,heparin,clean,approved,qwen2.5-3b,mcp_access_only,review required,REVIEW_REQUIRED,0.93991886,2.75009756,False,False
LAB2-0444,heparin,clean,approved,qwen2.5-3b,confidence_abstention,review required,REVIEW_REQUIRED,0.93991886,2.75009756,False,False
LAB2-0444,heparin,clean,approved,qwen2.5-3b,mcp_governed,review required,REVIEW_REQUIRED,0.93991886,2.75009756,False,False
LAB2-0445,heparin,missing,review required,qwen2.5-3b,deterministic_rules,review required,REVIEW_REQUIRED,0.97968233,3.8757373,False,False
LAB2-0445,heparin,missing,review required,qwen2.5-3b,mcp_access_only,review required,REVIEW_REQUIRED,0.97968233,3.8757373,False,False
LAB2-0445,heparin,missing,review required,qwen2.5-3b,confidence_abstention,review required,REVIEW_REQUIRED,0.97968233,3.8757373,False,False
LAB2-0445,heparin,missing,review required,qwen2.5-3b,mcp_governed,review required,REVIEW_REQUIRED,0.97968233,3.8757373,False,False
LAB2-0446,heparin,missing,review required,qwen2.5-3b,deterministic_rules,review required,REVIEW_REQUIRED,0.97968059,3.87564994,False,False
LAB2-0446,heparin,missing,review required,qwen2.5-3b,mcp_access_only,review required,REVIEW_REQUIRED,0.97968059,3.87564994,False,False
LAB2-0446,heparin,missing,review required,qwen2.5-3b,confidence_abstention,review required,REVIEW_REQUIRED,0.97968059,3.87564994,False,False
LAB2-0446,heparin,missing,review required,qwen2.5-3b,mcp_governed,review required,REVIEW_REQUIRED,0.97968059,3.87564994,False,False
LAB2-0447,heparin,missing,review required,qwen2.5-3b,deterministic_rules,review required,REVIEW_REQUIRED,0.97968441,3.87584168,False,False
LAB2-0447,heparin,missing,review required,qwen2.5-3b,mcp_access_only,review required,REVIEW_REQUIRED,0.97968441,3.87584168,False,False
LAB2-0447,heparin,missing,review required,qwen2.5-3b,confidence_abstention,review required,REVIEW_REQUIRED,0.97968441,3.87584168,False,False
LAB2-0447,heparin,missing,review required,qwen2.5-3b,mcp_governed,review required,REVIEW_REQUIRED,0.97968441,3.87584168,False,False
LAB2-0448,heparin,missing,review required,qwen2.5-3b,deterministic_rules,review required,REVIEW_REQUIRED,0.98049375,3.91732141,False,False
LAB2-0448,heparin,missing,review required,qwen2.5-3b,mcp_access_only,review required,REVIEW_REQUIRED,0.98049375,3.91732141,False,False
LAB2-0448,heparin,missing,review required,qwen2.5-3b,confidence_abstention,review required,REVIEW_REQUIRED,0.98049375,3.91732141,False,False
LAB2-0448,heparin,missing,review required,qwen2.5-3b,mcp_governed,review required,REVIEW_REQUIRED,0.98049375,3.91732141,False,False
LAB2-0449,heparin,stale,review required,qwen2.5-3b,deterministic_rules,review required,REVIEW_REQUIRED,0.89722009,2.16671128,False,False
LAB2-0449,heparin,stale,review required,qwen2.5-3b,mcp_access_only,review required,REVIEW_REQUIRED,0.89722009,2.16671128,False,False
LAB2-0449,heparin,stale,review required,qwen2.5-3b,confidence_abstention,review required,REVIEW_REQUIRED,0.89722009,2.16671128,False,False
LAB2-0449,heparin,stale,review required,qwen2.5-3b,mcp_governed,review required,REVIEW_REQUIRED,0.89722009,2.16671128,False,False
LAB2-0450,heparin,stale,review required,qwen2.5-3b,deterministic_rules,review required,REVIEW_REQUIRED,0.81127868,1.45834017,False,False
LAB2-0450,heparin,stale,review required,qwen2.5-3b,mcp_access_only,review required,REVIEW_REQUIRED,0.81127868,1.45834017,False,False
LAB2-0450,heparin,stale,review required,qwen2.5-3b,confidence_abstention,review required,REVIEW_REQUIRED,0.81127868,1.45834017,False,False
LAB2-0450,heparin,stale,review required,qwen2.5-3b,mcp_governed,review required,REVIEW_REQUIRED,0.81127868,1.45834017,False,False
LAB2-0451,heparin,stale,review required,qwen2.5-3b,deterministic_rules,review required,REVIEW_REQUIRED,0.97404539,3.62510859,False,False
LAB2-0451,heparin,stale,review required,qwen2.5-3b,mcp_access_only,review required,REVIEW_REQUIRED,0.97404539,3.62510859,False,False
LAB2-0451,heparin,stale,review required,qwen2.5-3b,confidence_abstention,review required,REVIEW_REQUIRED,0.97404539,3.62510859,False,False
LAB2-0451,heparin,stale,review required,qwen2.5-3b,mcp_governed,review required,REVIEW_REQUIRED,0.97404539,3.62510859,False,False
LAB2-0452,heparin,stale,review required,qwen2.5-3b,deterministic_rules,review required,REVIEW_REQUIRED,0.97702511,3.75011038,False,False
LAB2-0452,heparin,stale,review required,qwen2.5-3b,mcp_access_only,review required,REVIEW_REQUIRED,0.97702511,3.75011038,False,False
LAB2-0452,heparin,stale,review required,qwen2.5-3b,confidence_abstention,review required,REVIEW_REQUIRED,0.97702511,3.75011038,False,False
LAB2-0452,heparin,stale,review required,qwen2.5-3b,mcp_governed,review required,REVIEW_REQUIRED,0.97702511,3.75011038,False,False
LAB2-0453,heparin,unit_error,review required,qwen2.5-3b,deterministic_rules,review required,REVIEW_REQUIRED,0.98650657,4.29196728,False,False
LAB2-0453,heparin,unit_error,review required,qwen2.5-3b,mcp_access_only,review required,REVIEW_REQUIRED,0.98650657,4.29196728,False,False
LAB2-0453,heparin,unit_error,review required,qwen2.5-3b,confidence_abstention,review required,REVIEW_REQUIRED,0.98650657,4.29196728,False,False
LAB2-0453,heparin,unit_error,review required,qwen2.5-3b,mcp_governed,review required,REVIEW_REQUIRED,0.98650657,4.29196728,False,False
LAB2-0454,heparin,unit_error,review required,qwen2.5-3b,deterministic_rules,review required,REVIEW_REQUIRED,0.98901592,4.50026358,False,False
LAB2-0454,heparin,unit_error,review required,qwen2.5-3b,mcp_access_only,review required,REVIEW_REQUIRED,0.98901592,4.50026358,False,False
LAB2-0454,heparin,unit_error,review required,qwen2.5-3b,confidence_abstention,review required,REVIEW_REQUIRED,0.98901592,4.50026358,False,False
LAB2-0454,heparin,unit_error,review required,qwen2.5-3b,mcp_governed,review required,REVIEW_REQUIRED,0.98901592,4.50026358,False,False
LAB2-0455,heparin,unit_error,review required,qwen2.5-3b,deterministic_rules,review required,REVIEW_REQUIRED,0.98535046,4.20858813,False,False
LAB2-0455,heparin,unit_error,review required,qwen2.5-3b,mcp_access_only,review required,REVIEW_REQUIRED,0.98535046,4.20858813,False,False
LAB2-0455,heparin,unit_error,review required,qwen2.5-3b,confidence_abstention,review required,REVIEW_REQUIRED,0.98535046,4.20858813,False,False
LAB2-0455,heparin,unit_error,review required,qwen2.5-3b,mcp_governed,review required,REVIEW_REQUIRED,0.98535046,4.20858813,False,False
LAB2-0456,heparin,unit_error,review required,qwen2.5-3b,deterministic_rules,review required,REVIEW_REQUIRED,0.98594156,4.25037384,False,False
LAB2-0456,heparin,unit_error,review required,qwen2.5-3b,mcp_access_only,review required,REVIEW_REQUIRED,0.98594156,4.25037384,False,False
LAB2-0456,heparin,unit_error,review required,qwen2.5-3b,confidence_abstention,review required,REVIEW_REQUIRED,0.98594156,4.25037384,False,False
LAB2-0456,heparin,unit_error,review required,qwen2.5-3b,mcp_governed,review required,REVIEW_REQUIRED,0.98594156,4.25037384,False,False
LAB2-0457,heparin,conflict,review required,qwen2.5-3b,deterministic_rules,review required,REVIEW_REQUIRED,0.97882328,3.83344851,False,False
LAB2-0457,heparin,conflict,review required,qwen2.5-3b,mcp_access_only,review required,REVIEW_REQUIRED,0.97882328,3.83344851,False,False
LAB2-0457,heparin,conflict,review required,qwen2.5-3b,confidence_abstention,review required,REVIEW_REQUIRED,0.97882328,3.83344851,False,False
LAB2-0457,heparin,conflict,review required,qwen2.5-3b,mcp_governed,review required,REVIEW_REQUIRED,0.97882328,3.83344851,False,False
LAB2-0458,heparin,conflict,review required,qwen2.5-3b,deterministic_rules,review required,REVIEW_REQUIRED,0.98048368,3.91679488,False,False
LAB2-0458,heparin,conflict,review required,qwen2.5-3b,mcp_access_only,review required,REVIEW_REQUIRED,0.98048368,3.91679488,False,False
LAB2-0458,heparin,conflict,review required,qwen2.5-3b,confidence_abstention,review required,REVIEW_REQUIRED,0.98048368,3.91679488,False,False
LAB2-0458,heparin,conflict,review required,qwen2.5-3b,mcp_governed,review required,REVIEW_REQUIRED,0.98048368,3.91679488,False,False
LAB2-0459,heparin,conflict,review required,qwen2.5-3b,deterministic_rules,review required,REVIEW_REQUIRED,0.98409614,4.1251615,False,False
LAB2-0459,heparin,conflict,review required,qwen2.5-3b,mcp_access_only,review required,REVIEW_REQUIRED,0.98409614,4.1251615,False,False
LAB2-0459,heparin,conflict,review required,qwen2.5-3b,confidence_abstention,review required,REVIEW_REQUIRED,0.98409614,4.1251615,False,False
LAB2-0459,heparin,conflict,review required,qwen2.5-3b,mcp_governed,review required,REVIEW_REQUIRED,0.98409614,4.1251615,False,False
LAB2-0460,heparin,conflict,review required,qwen2.5-3b,deterministic_rules,review required,REVIEW_REQUIRED,0.9859386,4.25016054,False,False
LAB2-0460,heparin,conflict,review required,qwen2.5-3b,mcp_access_only,review required,REVIEW_REQUIRED,0.9859386,4.25016054,False,False
LAB2-0460,heparin,conflict,review required,qwen2.5-3b,confidence_abstention,review required,REVIEW_REQUIRED,0.9859386,4.25016054,False,False
LAB2-0460,heparin,conflict,review required,qwen2.5-3b,mcp_governed,review required,REVIEW_REQUIRED,0.9859386,4.25016054,False,False
LAB2-0461,heparin,wrong_encounter,review required,qwen2.5-3b,deterministic_rules,review required,REVIEW_REQUIRED,0.94445298,2.83337599,False,False
LAB2-0461,heparin,wrong_encounter,review required,qwen2.5-3b,mcp_access_only,review required,REVIEW_REQUIRED,0.94445298,2.83337599,False,False
LAB2-0461,heparin,wrong_encounter,review required,qwen2.5-3b,confidence_abstention,review required,REVIEW_REQUIRED,0.94445298,2.83337599,False,False
LAB2-0461,heparin,wrong_encounter,review required,qwen2.5-3b,mcp_governed,review required,REVIEW_REQUIRED,0.94445298,2.83337599,False,False
LAB2-0462,heparin,wrong_encounter,review required,qwen2.5-3b,deterministic_rules,review required,REVIEW_REQUIRED,0.95442387,3.04172382,False,False
LAB2-0462,heparin,wrong_encounter,review required,qwen2.5-3b,mcp_access_only,review required,REVIEW_REQUIRED,0.95442387,3.04172382,False,False
LAB2-0462,heparin,wrong_encounter,review required,qwen2.5-3b,confidence_abstention,review required,REVIEW_REQUIRED,0.95442387,3.04172382,False,False
LAB2-0462,heparin,wrong_encounter,review required,qwen2.5-3b,mcp_governed,review required,REVIEW_REQUIRED,0.95442387,3.04172382,False,False
LAB2-0463,heparin,wrong_encounter,review required,qwen2.5-3b,deterministic_rules,review required,REVIEW_REQUIRED,0.97702805,3.75024127,False,False
LAB2-0463,heparin,wrong_encounter,review required,qwen2.5-3b,mcp_access_only,review required,REVIEW_REQUIRED,0.97702805,3.75024127,False,False
LAB2-0463,heparin,wrong_encounter,review required,qwen2.5-3b,confidence_abstention,review required,REVIEW_REQUIRED,0.97702805,3.75024127,False,False
LAB2-0463,heparin,wrong_encounter,review required,qwen2.5-3b,mcp_governed,review required,REVIEW_REQUIRED,0.97702805,3.75024127,False,False
LAB2-0464,heparin,wrong_encounter,review required,qwen2.5-3b,deterministic_rules,review required,REVIEW_REQUIRED,0.97297213,3.58348684,False,False
LAB2-0464,heparin,wrong_encounter,review required,qwen2.5-3b,mcp_access_only,review required,REVIEW_REQUIRED,0.97297213,3.58348684,False,False
LAB2-0464,heparin,wrong_encounter,review required,qwen2.5-3b,confidence_abstention,review required,REVIEW_REQUIRED,0.97297213,3.58348684,False,False
LAB2-0464,heparin,wrong_encounter,review required,qwen2.5-3b,mcp_governed,review required,REVIEW_REQUIRED,0.97297213,3.58348684,False,False
LAB2-0465,heparin,service_failure,review required,qwen2.5-3b,deterministic_rules,review required,REVIEW_REQUIRED,0.87177055,1.91670498,False,False
LAB2-0465,heparin,service_failure,review required,qwen2.5-3b,mcp_access_only,review required,REVIEW_REQUIRED,0.87177055,1.91670498,False,False
LAB2-0465,heparin,service_failure,review required,qwen2.5-3b,confidence_abstention,review required,REVIEW_REQUIRED,0.87177055,1.91670498,False,False
LAB2-0465,heparin,service_failure,review required,qwen2.5-3b,mcp_governed,review required,REVIEW_REQUIRED,0.87177055,1.91670498,False,False
LAB2-0466,heparin,service_failure,review required,qwen2.5-3b,deterministic_rules,review required,REVIEW_REQUIRED,0.8851075,2.04171218,False,False
LAB2-0466,heparin,service_failure,review required,qwen2.5-3b,mcp_access_only,review required,REVIEW_REQUIRED,0.8851075,2.04171218,False,False
LAB2-0466,heparin,service_failure,review required,qwen2.5-3b,confidence_abstention,review required,REVIEW_REQUIRED,0.8851075,2.04171218,False,False
LAB2-0466,heparin,service_failure,review required,qwen2.5-3b,mcp_governed,review required,REVIEW_REQUIRED,0.8851075,2.04171218,False,False
LAB2-0467,heparin,service_failure,review required,qwen2.5-3b,deterministic_rules,review required,REVIEW_REQUIRED,0.97507889,3.66680333,False,False
LAB2-0467,heparin,service_failure,review required,qwen2.5-3b,mcp_access_only,review required,REVIEW_REQUIRED,0.97507889,3.66680333,False,False
LAB2-0467,heparin,service_failure,review required,qwen2.5-3b,confidence_abstention,review required,REVIEW_REQUIRED,0.97507889,3.66680333,False,False
LAB2-0467,heparin,service_failure,review required,qwen2.5-3b,mcp_governed,review required,REVIEW_REQUIRED,0.97507889,3.66680333,False,False
LAB2-0468,heparin,service_failure,review required,qwen2.5-3b,deterministic_rules,review required,REVIEW_REQUIRED,0.98048575,3.91690321,False,False
LAB2-0468,heparin,service_failure,review required,qwen2.5-3b,mcp_access_only,review required,REVIEW_REQUIRED,0.98048575,3.91690321,False,False
LAB2-0468,heparin,service_failure,review required,qwen2.5-3b,confidence_abstention,review required,REVIEW_REQUIRED,0.98048575,3.91690321,False,False
LAB2-0468,heparin,service_failure,review required,qwen2.5-3b,mcp_governed,review required,REVIEW_REQUIRED,0.98048575,3.91690321,False,False
LAB2-0481,lithium carbonate,clean,review required,qwen2.5-3b,deterministic_rules,review required,REVIEW_REQUIRED,0.99210384,4.83345102,False,False
LAB2-0481,lithium carbonate,clean,review required,qwen2.5-3b,mcp_access_only,review required,REVIEW_REQUIRED,0.99210384,4.83345102,False,False
LAB2-0481,lithium carbonate,clean,review required,qwen2.5-3b,confidence_abstention,review required,REVIEW_REQUIRED,0.99210384,4.83345102,False,False
LAB2-0481,lithium carbonate,clean,review required,qwen2.5-3b,mcp_governed,review required,REVIEW_REQUIRED,0.99210384,4.83345102,False,False
LAB2-0482,lithium carbonate,clean,review required,qwen2.5-3b,deterministic_rules,review required,REVIEW_REQUIRED,0.9917704,4.7917542,False,False
LAB2-0482,lithium carbonate,clean,review required,qwen2.5-3b,mcp_access_only,review required,REVIEW_REQUIRED,0.9917704,4.7917542,False,False
LAB2-0482,lithium carbonate,clean,review required,qwen2.5-3b,confidence_abstention,review required,REVIEW_REQUIRED,0.9917704,4.7917542,False,False
LAB2-0482,lithium carbonate,clean,review required,qwen2.5-3b,mcp_governed,review required,REVIEW_REQUIRED,0.9917704,4.7917542,False,False
LAB2-0483,lithium carbonate,clean,review required,qwen2.5-3b,deterministic_rules,review required,REVIEW_REQUIRED,0.99106166,4.70842707,False,False
LAB2-0483,lithium carbonate,clean,review required,qwen2.5-3b,mcp_access_only,review required,REVIEW_REQUIRED,0.99106166,4.70842707,False,False
LAB2-0483,lithium carbonate,clean,review required,qwen2.5-3b,confidence_abstention,review required,REVIEW_REQUIRED,0.99106166,4.70842707,False,False
LAB2-0483,lithium carbonate,clean,review required,qwen2.5-3b,mcp_governed,review required,REVIEW_REQUIRED,0.99106166,4.70842707,False,False
LAB2-0484,lithium carbonate,clean,review required,qwen2.5-3b,deterministic_rules,review required,REVIEW_REQUIRED,0.99177038,4.79175119,False,False
LAB2-0484,lithium carbonate,clean,review required,qwen2.5-3b,mcp_access_only,review required,REVIEW_REQUIRED,0.99177038,4.79175119,False,False
LAB2-0484,lithium carbonate,clean,review required,qwen2.5-3b,confidence_abstention,review required,REVIEW_REQUIRED,0.99177038,4.79175119,False,False
LAB2-0484,lithium carbonate,clean,review required,qwen2.5-3b,mcp_governed,review required,REVIEW_REQUIRED,0.99177038,4.79175119,False,False
LAB2-0485,lithium carbonate,clean,review required,qwen2.5-3b,deterministic_rules,review required,REVIEW_REQUIRED,0.9898832,4.58338988,False,False
LAB2-0485,lithium carbonate,clean,review required,qwen2.5-3b,mcp_access_only,review required,REVIEW_REQUIRED,0.9898832,4.58338988,False,False
LAB2-0485,lithium carbonate,clean,review required,qwen2.5-3b,confidence_abstention,review required,REVIEW_REQUIRED,0.9898832,4.58338988,False,False
LAB2-0485,lithium carbonate,clean,review required,qwen2.5-3b,mcp_governed,review required,REVIEW_REQUIRED,0.9898832,4.58338988,False,False
LAB2-0486,lithium carbonate,clean,review required,qwen2.5-3b,deterministic_rules,review required,REVIEW_REQUIRED,0.98901379,4.50006731,False,False
LAB2-0486,lithium carbonate,clean,review required,qwen2.5-3b,mcp_access_only,review required,REVIEW_REQUIRED,0.98901379,4.50006731,False,False
LAB2-0486,lithium carbonate,clean,review required,qwen2.5-3b,confidence_abstention,review required,REVIEW_REQUIRED,0.98901379,4.50006731,False,False
LAB2-0486,lithium carbonate,clean,review required,qwen2.5-3b,mcp_governed,review required,REVIEW_REQUIRED,0.98901379,4.50006731,False,False
LAB2-0487,lithium carbonate,clean,review required,qwen2.5-3b,deterministic_rules,review required,REVIEW_REQUIRED,0.9880702,4.41671412,False,False
LAB2-0487,lithium carbonate,clean,review required,qwen2.5-3b,mcp_access_only,review required,REVIEW_REQUIRED,0.9880702,4.41671412,False,False
LAB2-0487,lithium carbonate,clean,review required,qwen2.5-3b,confidence_abstention,review required,REVIEW_REQUIRED,0.9880702,4.41671412,False,False
LAB2-0487,lithium carbonate,clean,review required,qwen2.5-3b,mcp_governed,review required,REVIEW_REQUIRED,0.9880702,4.41671412,False,False
LAB2-0488,lithium carbonate,clean,review required,qwen2.5-3b,deterministic_rules,review required,REVIEW_REQUIRED,0.98855137,4.45837085,False,False
LAB2-0488,lithium carbonate,clean,review required,qwen2.5-3b,mcp_access_only,review required,REVIEW_REQUIRED,0.98855137,4.45837085,False,False
LAB2-0488,lithium carbonate,clean,review required,qwen2.5-3b,confidence_abstention,review required,REVIEW_REQUIRED,0.98855137,4.45837085,False,False
LAB2-0488,lithium carbonate,clean,review required,qwen2.5-3b,mcp_governed,review required,REVIEW_REQUIRED,0.98855137,4.45837085,False,False
LAB2-0489,lithium carbonate,clean,review required,qwen2.5-3b,deterministic_rules,review required,REVIEW_REQUIRED,0.99029223,4.6250732,False,False
LAB2-0489,lithium carbonate,clean,review required,qwen2.5-3b,mcp_access_only,review required,REVIEW_REQUIRED,0.99029223,4.6250732,False,False
LAB2-0489,lithium carbonate,clean,review required,qwen2.5-3b,confidence_abstention,review required,REVIEW_REQUIRED,0.99029223,4.6250732,False,False
LAB2-0489,lithium carbonate,clean,review required,qwen2.5-3b,mcp_governed,review required,REVIEW_REQUIRED,0.99029223,4.6250732,False,False
LAB2-0490,lithium carbonate,clean,review required,qwen2.5-3b,deterministic_rules,review required,REVIEW_REQUIRED,0.99068473,4.66674145,False,False
LAB2-0490,lithium carbonate,clean,review required,qwen2.5-3b,mcp_access_only,review required,REVIEW_REQUIRED,0.99068473,4.66674145,False,False
LAB2-0490,lithium carbonate,clean,review required,qwen2.5-3b,confidence_abstention,review required,REVIEW_REQUIRED,0.99068473,4.66674145,False,False
LAB2-0490,lithium carbonate,clean,review required,qwen2.5-3b,mcp_governed,review required,REVIEW_REQUIRED,0.99068473,4.66674145,False,False
LAB2-0491,lithium carbonate,clean,review required,qwen2.5-3b,deterministic_rules,review required,REVIEW_REQUIRED,0.99177028,4.79173939,False,False
LAB2-0491,lithium carbonate,clean,review required,qwen2.5-3b,mcp_access_only,review required,REVIEW_REQUIRED,0.99177028,4.79173939,False,False
LAB2-0491,lithium carbonate,clean,review required,qwen2.5-3b,confidence_abstention,review required,REVIEW_REQUIRED,0.99177028,4.79173939,False,False
LAB2-0491,lithium carbonate,clean,review required,qwen2.5-3b,mcp_governed,review required,REVIEW_REQUIRED,0.99177028,4.79173939,False,False
LAB2-0492,lithium carbonate,clean,review required,qwen2.5-3b,deterministic_rules,review required,REVIEW_REQUIRED,0.99242331,4.87507367,False,False
LAB2-0492,lithium carbonate,clean,review required,qwen2.5-3b,mcp_access_only,review required,REVIEW_REQUIRED,0.99242331,4.87507367,False,False
LAB2-0492,lithium carbonate,clean,review required,qwen2.5-3b,confidence_abstention,review required,REVIEW_REQUIRED,0.99242331,4.87507367,False,False
LAB2-0492,lithium carbonate,clean,review required,qwen2.5-3b,mcp_governed,review required,REVIEW_REQUIRED,0.99242331,4.87507367,False,False
LAB2-0493,lithium carbonate,clean,approved,qwen2.5-3b,deterministic_rules,approved,REVIEW_REQUIRED,0.81128171,1.45835999,False,False
LAB2-0493,lithium carbonate,clean,approved,qwen2.5-3b,mcp_access_only,review required,REVIEW_REQUIRED,0.81128171,1.45835999,False,False
LAB2-0493,lithium carbonate,clean,approved,qwen2.5-3b,confidence_abstention,review required,REVIEW_REQUIRED,0.81128171,1.45835999,False,False
LAB2-0493,lithium carbonate,clean,approved,qwen2.5-3b,mcp_governed,review required,REVIEW_REQUIRED,0.81128171,1.45835999,False,False
LAB2-0494,lithium carbonate,clean,approved,qwen2.5-3b,deterministic_rules,approved,REVIEW_REQUIRED,0.77000637,1.2083472,False,False
LAB2-0494,lithium carbonate,clean,approved,qwen2.5-3b,mcp_access_only,review required,REVIEW_REQUIRED,0.77000637,1.2083472,False,False
LAB2-0494,lithium carbonate,clean,approved,qwen2.5-3b,confidence_abstention,review required,REVIEW_REQUIRED,0.77000637,1.2083472,False,False
LAB2-0494,lithium carbonate,clean,approved,qwen2.5-3b,mcp_governed,review required,REVIEW_REQUIRED,0.77000637,1.2083472,False,False
LAB2-0495,lithium carbonate,clean,approved,qwen2.5-3b,deterministic_rules,approved,REVIEW_REQUIRED,0.77730377,1.25002257,False,False
LAB2-0495,lithium carbonate,clean,approved,qwen2.5-3b,mcp_access_only,review required,REVIEW_REQUIRED,0.77730377,1.25002257,False,False
LAB2-0495,lithium carbonate,clean,approved,qwen2.5-3b,confidence_abstention,review required,REVIEW_REQUIRED,0.77730377,1.25002257,False,False
LAB2-0495,lithium carbonate,clean,approved,qwen2.5-3b,mcp_governed,review required,REVIEW_REQUIRED,0.77730377,1.25002257,False,False
LAB2-0496,lithium carbonate,clean,approved,qwen2.5-3b,deterministic_rules,approved,REVIEW_REQUIRED,0.69706214,0.83334685,False,False
LAB2-0496,lithium carbonate,clean,approved,qwen2.5-3b,mcp_access_only,review required,REVIEW_REQUIRED,0.69706214,0.83334685,False,False
LAB2-0496,lithium carbonate,clean,approved,qwen2.5-3b,confidence_abstention,review required,REVIEW_REQUIRED,0.69706214,0.83334685,False,False
LAB2-0496,lithium carbonate,clean,approved,qwen2.5-3b,mcp_governed,review required,REVIEW_REQUIRED,0.69706214,0.83334685,False,False
LAB2-0497,lithium carbonate,clean,approved,qwen2.5-3b,deterministic_rules,approved,REVIEW_REQUIRED,0.79139556,1.33335808,False,False
LAB2-0497,lithium carbonate,clean,approved,qwen2.5-3b,mcp_access_only,review required,REVIEW_REQUIRED,0.79139556,1.33335808,False,False
LAB2-0497,lithium carbonate,clean,approved,qwen2.5-3b,confidence_abstention,review required,REVIEW_REQUIRED,0.79139556,1.33335808,False,False
LAB2-0497,lithium carbonate,clean,approved,qwen2.5-3b,mcp_governed,review required,REVIEW_REQUIRED,0.79139556,1.33335808,False,False
LAB2-0498,lithium carbonate,clean,approved,qwen2.5-3b,deterministic_rules,approved,REVIEW_REQUIRED,0.80481888,1.41668934,False,False
LAB2-0498,lithium carbonate,clean,approved,qwen2.5-3b,mcp_access_only,review required,REVIEW_REQUIRED,0.80481888,1.41668934,False,False
LAB2-0498,lithium carbonate,clean,approved,qwen2.5-3b,confidence_abstention,review required,REVIEW_REQUIRED,0.80481888,1.41668934,False,False
LAB2-0498,lithium carbonate,clean,approved,qwen2.5-3b,mcp_governed,review required,REVIEW_REQUIRED,0.80481888,1.41668934,False,False
LAB2-0499,lithium carbonate,clean,approved,qwen2.5-3b,deterministic_rules,approved,REVIEW_REQUIRED,0.81757813,1.5000245,False,False
LAB2-0499,lithium carbonate,clean,approved,qwen2.5-3b,mcp_access_only,review required,REVIEW_REQUIRED,0.81757813,1.5000245,False,False
LAB2-0499,lithium carbonate,clean,approved,qwen2.5-3b,confidence_abstention,review required,REVIEW_REQUIRED,0.81757813,1.5000245,False,False
LAB2-0499,lithium carbonate,clean,approved,qwen2.5-3b,mcp_governed,review required,REVIEW_REQUIRED,0.81757813,1.5000245,False,False
LAB2-0500,lithium carbonate,clean,approved,qwen2.5-3b,deterministic_rules,approved,REVIEW_REQUIRED,0.79139975,1.33338349,False,False
LAB2-0500,lithium carbonate,clean,approved,qwen2.5-3b,mcp_access_only,review required,REVIEW_REQUIRED,0.79139975,1.33338349,False,False
LAB2-0500,lithium carbonate,clean,approved,qwen2.5-3b,confidence_abstention,review required,REVIEW_REQUIRED,0.79139975,1.33338349,False,False
LAB2-0500,lithium carbonate,clean,approved,qwen2.5-3b,mcp_governed,review required,REVIEW_REQUIRED,0.79139975,1.33338349,False,False
LAB2-0501,lithium carbonate,clean,approved,qwen2.5-3b,deterministic_rules,approved,REVIEW_REQUIRED,0.8048239,1.41672125,False,False
LAB2-0501,lithium carbonate,clean,approved,qwen2.5-3b,mcp_access_only,review required,REVIEW_REQUIRED,0.8048239,1.41672125,False,False
LAB2-0501,lithium carbonate,clean,approved,qwen2.5-3b,confidence_abstention,review required,REVIEW_REQUIRED,0.8048239,1.41672125,False,False
LAB2-0501,lithium carbonate,clean,approved,qwen2.5-3b,mcp_governed,review required,REVIEW_REQUIRED,0.8048239,1.41672125,False,False
LAB2-0502,lithium carbonate,clean,approved,qwen2.5-3b,deterministic_rules,approved,REVIEW_REQUIRED,0.84662952,1.70840675,False,False
LAB2-0502,lithium carbonate,clean,approved,qwen2.5-3b,mcp_access_only,review required,REVIEW_REQUIRED,0.84662952,1.70840675,False,False
LAB2-0502,lithium carbonate,clean,approved,qwen2.5-3b,confidence_abstention,review required,REVIEW_REQUIRED,0.84662952,1.70840675,False,False
LAB2-0502,lithium carbonate,clean,approved,qwen2.5-3b,mcp_governed,review required,REVIEW_REQUIRED,0.84662952,1.70840675,False,False
LAB2-0503,lithium carbonate,clean,approved,qwen2.5-3b,deterministic_rules,approved,REVIEW_REQUIRED,0.75492295,1.12504302,False,False
LAB2-0503,lithium carbonate,clean,approved,qwen2.5-3b,mcp_access_only,review required,REVIEW_REQUIRED,0.75492295,1.12504302,False,False
LAB2-0503,lithium carbonate,clean,approved,qwen2.5-3b,confidence_abstention,review required,REVIEW_REQUIRED,0.75492295,1.12504302,False,False
LAB2-0503,lithium carbonate,clean,approved,qwen2.5-3b,mcp_governed,review required,REVIEW_REQUIRED,0.75492295,1.12504302,False,False
LAB2-0504,lithium carbonate,clean,approved,qwen2.5-3b,deterministic_rules,approved,REVIEW_REQUIRED,0.81128701,1.4583946,False,False
LAB2-0504,lithium carbonate,clean,approved,qwen2.5-3b,mcp_access_only,review required,REVIEW_REQUIRED,0.81128701,1.4583946,False,False
LAB2-0504,lithium carbonate,clean,approved,qwen2.5-3b,confidence_abstention,review required,REVIEW_REQUIRED,0.81128701,1.4583946,False,False
LAB2-0504,lithium carbonate,clean,approved,qwen2.5-3b,mcp_governed,review required,REVIEW_REQUIRED,0.81128701,1.4583946,False,False
LAB2-0505,lithium carbonate,missing,review required,qwen2.5-3b,deterministic_rules,review required,REVIEW_REQUIRED,0.96823939,3.41725242,False,False
LAB2-0505,lithium carbonate,missing,review required,qwen2.5-3b,mcp_access_only,review required,REVIEW_REQUIRED,0.96823939,3.41725242,False,False
LAB2-0505,lithium carbonate,missing,review required,qwen2.5-3b,confidence_abstention,review required,REVIEW_REQUIRED,0.96823939,3.41725242,False,False
LAB2-0505,lithium carbonate,missing,review required,qwen2.5-3b,mcp_governed,review required,REVIEW_REQUIRED,0.96823939,3.41725242,False,False
LAB2-0506,lithium carbonate,missing,review required,qwen2.5-3b,deterministic_rules,review required,REVIEW_REQUIRED,0.97070648,3.50065794,False,False
LAB2-0506,lithium carbonate,missing,review required,qwen2.5-3b,mcp_access_only,review required,REVIEW_REQUIRED,0.97070648,3.50065794,False,False
LAB2-0506,lithium carbonate,missing,review required,qwen2.5-3b,confidence_abstention,review required,REVIEW_REQUIRED,0.97070648,3.50065794,False,False
LAB2-0506,lithium carbonate,missing,review required,qwen2.5-3b,mcp_governed,review required,REVIEW_REQUIRED,0.97070648,3.50065794,False,False
LAB2-0507,lithium carbonate,missing,review required,qwen2.5-3b,deterministic_rules,review required,REVIEW_REQUIRED,0.96949587,3.45891401,False,False
LAB2-0507,lithium carbonate,missing,review required,qwen2.5-3b,mcp_access_only,review required,REVIEW_REQUIRED,0.96949587,3.45891401,False,False
LAB2-0507,lithium carbonate,missing,review required,qwen2.5-3b,confidence_abstention,review required,REVIEW_REQUIRED,0.96949587,3.45891401,False,False
LAB2-0507,lithium carbonate,missing,review required,qwen2.5-3b,mcp_governed,review required,REVIEW_REQUIRED,0.96949587,3.45891401,False,False
LAB2-0508,lithium carbonate,missing,review required,qwen2.5-3b,deterministic_rules,review required,REVIEW_REQUIRED,0.96949851,3.4590035,False,False
LAB2-0508,lithium carbonate,missing,review required,qwen2.5-3b,mcp_access_only,review required,REVIEW_REQUIRED,0.96949851,3.4590035,False,False
LAB2-0508,lithium carbonate,missing,review required,qwen2.5-3b,confidence_abstention,review required,REVIEW_REQUIRED,0.96949851,3.4590035,False,False
LAB2-0508,lithium carbonate,missing,review required,qwen2.5-3b,mcp_governed,review required,REVIEW_REQUIRED,0.96949851,3.4590035,False,False
LAB2-0509,lithium carbonate,stale,review required,qwen2.5-3b,deterministic_rules,review required,REVIEW_REQUIRED,0.98901358,4.50004848,False,False
LAB2-0509,lithium carbonate,stale,review required,qwen2.5-3b,mcp_access_only,review required,REVIEW_REQUIRED,0.98901358,4.50004848,False,False
LAB2-0509,lithium carbonate,stale,review required,qwen2.5-3b,confidence_abstention,review required,REVIEW_REQUIRED,0.98901358,4.50004848,False,False
LAB2-0509,lithium carbonate,stale,review required,qwen2.5-3b,mcp_governed,review required,REVIEW_REQUIRED,0.98901358,4.50004848,False,False
LAB2-0510,lithium carbonate,stale,review required,qwen2.5-3b,deterministic_rules,review required,REVIEW_REQUIRED,0.98901376,4.50006497,False,False
LAB2-0510,lithium carbonate,stale,review required,qwen2.5-3b,mcp_access_only,review required,REVIEW_REQUIRED,0.98901376,4.50006497,False,False
LAB2-0510,lithium carbonate,stale,review required,qwen2.5-3b,confidence_abstention,review required,REVIEW_REQUIRED,0.98901376,4.50006497,False,False
LAB2-0510,lithium carbonate,stale,review required,qwen2.5-3b,mcp_governed,review required,REVIEW_REQUIRED,0.98901376,4.50006497,False,False
LAB2-0511,lithium carbonate,stale,review required,qwen2.5-3b,deterministic_rules,review required,REVIEW_REQUIRED,0.86215827,1.83333273,False,False
LAB2-0511,lithium carbonate,stale,review required,qwen2.5-3b,mcp_access_only,review required,REVIEW_REQUIRED,0.86215827,1.83333273,False,False
LAB2-0511,lithium carbonate,stale,review required,qwen2.5-3b,confidence_abstention,review required,REVIEW_REQUIRED,0.86215827,1.83333273,False,False
LAB2-0511,lithium carbonate,stale,review required,qwen2.5-3b,mcp_governed,review required,REVIEW_REQUIRED,0.86215827,1.83333273,False,False
LAB2-0512,lithium carbonate,stale,review required,qwen2.5-3b,deterministic_rules,review required,REVIEW_REQUIRED,0.93503213,2.66668803,False,False
LAB2-0512,lithium carbonate,stale,review required,qwen2.5-3b,mcp_access_only,review required,REVIEW_REQUIRED,0.93503213,2.66668803,False,False
LAB2-0512,lithium carbonate,stale,review required,qwen2.5-3b,confidence_abstention,review required,REVIEW_REQUIRED,0.93503213,2.66668803,False,False
LAB2-0512,lithium carbonate,stale,review required,qwen2.5-3b,mcp_governed,review required,REVIEW_REQUIRED,0.93503213,2.66668803,False,False
LAB2-0513,lithium carbonate,unit_error,review required,qwen2.5-3b,deterministic_rules,review required,REVIEW_REQUIRED,0.98855215,4.45843978,False,False
LAB2-0513,lithium carbonate,unit_error,review required,qwen2.5-3b,mcp_access_only,review required,REVIEW_REQUIRED,0.98855215,4.45843978,False,False
LAB2-0513,lithium carbonate,unit_error,review required,qwen2.5-3b,confidence_abstention,review required,REVIEW_REQUIRED,0.98855215,4.45843978,False,False
LAB2-0513,lithium carbonate,unit_error,review required,qwen2.5-3b,mcp_governed,review required,REVIEW_REQUIRED,0.98855215,4.45843978,False,False
LAB2-0514,lithium carbonate,unit_error,review required,qwen2.5-3b,deterministic_rules,review required,REVIEW_REQUIRED,0.99068566,4.66684163,False,False
LAB2-0514,lithium carbonate,unit_error,review required,qwen2.5-3b,mcp_access_only,review required,REVIEW_REQUIRED,0.99068566,4.66684163,False,False
LAB2-0514,lithium carbonate,unit_error,review required,qwen2.5-3b,confidence_abstention,review required,REVIEW_REQUIRED,0.99068566,4.66684163,False,False
LAB2-0514,lithium carbonate,unit_error,review required,qwen2.5-3b,mcp_governed,review required,REVIEW_REQUIRED,0.99068566,4.66684163,False,False
LAB2-0515,lithium carbonate,unit_error,review required,qwen2.5-3b,deterministic_rules,review required,REVIEW_REQUIRED,0.9853487,4.20846654,False,False
LAB2-0515,lithium carbonate,unit_error,review required,qwen2.5-3b,mcp_access_only,review required,REVIEW_REQUIRED,0.9853487,4.20846654,False,False
LAB2-0515,lithium carbonate,unit_error,review required,qwen2.5-3b,confidence_abstention,review required,REVIEW_REQUIRED,0.9853487,4.20846654,False,False
LAB2-0515,lithium carbonate,unit_error,review required,qwen2.5-3b,mcp_governed,review required,REVIEW_REQUIRED,0.9853487,4.20846654,False,False
LAB2-0516,lithium carbonate,unit_error,review required,qwen2.5-3b,deterministic_rules,review required,REVIEW_REQUIRED,0.98409562,4.12512861,False,False
LAB2-0516,lithium carbonate,unit_error,review required,qwen2.5-3b,mcp_access_only,review required,REVIEW_REQUIRED,0.98409562,4.12512861,False,False
LAB2-0516,lithium carbonate,unit_error,review required,qwen2.5-3b,confidence_abstention,review required,REVIEW_REQUIRED,0.98409562,4.12512861,False,False
LAB2-0516,lithium carbonate,unit_error,review required,qwen2.5-3b,mcp_governed,review required,REVIEW_REQUIRED,0.98409562,4.12512861,False,False
LAB2-0517,lithium carbonate,conflict,review required,qwen2.5-3b,deterministic_rules,review required,REVIEW_REQUIRED,0.98704727,4.33341125,False,False
LAB2-0517,lithium carbonate,conflict,review required,qwen2.5-3b,mcp_access_only,review required,REVIEW_REQUIRED,0.98704727,4.33341125,False,False
LAB2-0517,lithium carbonate,conflict,review required,qwen2.5-3b,confidence_abstention,review required,REVIEW_REQUIRED,0.98704727,4.33341125,False,False
LAB2-0517,lithium carbonate,conflict,review required,qwen2.5-3b,mcp_governed,review required,REVIEW_REQUIRED,0.98704727,4.33341125,False,False
LAB2-0518,lithium carbonate,conflict,review required,qwen2.5-3b,deterministic_rules,review required,REVIEW_REQUIRED,0.98409511,4.12509592,False,False
LAB2-0518,lithium carbonate,conflict,review required,qwen2.5-3b,mcp_access_only,review required,REVIEW_REQUIRED,0.98409511,4.12509592,False,False
LAB2-0518,lithium carbonate,conflict,review required,qwen2.5-3b,confidence_abstention,review required,REVIEW_REQUIRED,0.98409511,4.12509592,False,False
LAB2-0518,lithium carbonate,conflict,review required,qwen2.5-3b,mcp_governed,review required,REVIEW_REQUIRED,0.98409511,4.12509592,False,False
LAB2-0519,lithium carbonate,conflict,review required,qwen2.5-3b,deterministic_rules,review required,REVIEW_REQUIRED,0.98409527,4.12510637,False,False
LAB2-0519,lithium carbonate,conflict,review required,qwen2.5-3b,mcp_access_only,review required,REVIEW_REQUIRED,0.98409527,4.12510637,False,False
LAB2-0519,lithium carbonate,conflict,review required,qwen2.5-3b,confidence_abstention,review required,REVIEW_REQUIRED,0.98409527,4.12510637,False,False
LAB2-0519,lithium carbonate,conflict,review required,qwen2.5-3b,mcp_governed,review required,REVIEW_REQUIRED,0.98409527,4.12510637,False,False
LAB2-0520,lithium carbonate,conflict,review required,qwen2.5-3b,deterministic_rules,review required,REVIEW_REQUIRED,0.98343003,4.08345448,False,False
LAB2-0520,lithium carbonate,conflict,review required,qwen2.5-3b,mcp_access_only,review required,REVIEW_REQUIRED,0.98343003,4.08345448,False,False
LAB2-0520,lithium carbonate,conflict,review required,qwen2.5-3b,confidence_abstention,review required,REVIEW_REQUIRED,0.98343003,4.08345448,False,False
LAB2-0520,lithium carbonate,conflict,review required,qwen2.5-3b,mcp_governed,review required,REVIEW_REQUIRED,0.98343003,4.08345448,False,False
LAB2-0521,lithium carbonate,wrong_encounter,review required,qwen2.5-3b,deterministic_rules,review required,REVIEW_REQUIRED,0.99142338,4.75010199,False,False
LAB2-0521,lithium carbonate,wrong_encounter,review required,qwen2.5-3b,mcp_access_only,review required,REVIEW_REQUIRED,0.99142338,4.75010199,False,False
LAB2-0521,lithium carbonate,wrong_encounter,review required,qwen2.5-3b,confidence_abstention,review required,REVIEW_REQUIRED,0.99142338,4.75010199,False,False
LAB2-0521,lithium carbonate,wrong_encounter,review required,qwen2.5-3b,mcp_governed,review required,REVIEW_REQUIRED,0.99142338,4.75010199,False,False
LAB2-0522,lithium carbonate,wrong_encounter,review required,qwen2.5-3b,deterministic_rules,review required,REVIEW_REQUIRED,0.99106146,4.70840458,False,False
LAB2-0522,lithium carbonate,wrong_encounter,review required,qwen2.5-3b,mcp_access_only,review required,REVIEW_REQUIRED,0.99106146,4.70840458,False,False
LAB2-0522,lithium carbonate,wrong_encounter,review required,qwen2.5-3b,confidence_abstention,review required,REVIEW_REQUIRED,0.99106146,4.70840458,False,False
LAB2-0522,lithium carbonate,wrong_encounter,review required,qwen2.5-3b,mcp_governed,review required,REVIEW_REQUIRED,0.99106146,4.70840458,False,False
LAB2-0523,lithium carbonate,wrong_encounter,review required,qwen2.5-3b,deterministic_rules,review required,REVIEW_REQUIRED,0.95065713,2.95836025,False,False
LAB2-0523,lithium carbonate,wrong_encounter,review required,qwen2.5-3b,mcp_access_only,review required,REVIEW_REQUIRED,0.95065713,2.95836025,False,False
LAB2-0523,lithium carbonate,wrong_encounter,review required,qwen2.5-3b,confidence_abstention,review required,REVIEW_REQUIRED,0.95065713,2.95836025,False,False
LAB2-0523,lithium carbonate,wrong_encounter,review required,qwen2.5-3b,mcp_governed,review required,REVIEW_REQUIRED,0.95065713,2.95836025,False,False
LAB2-0524,lithium carbonate,wrong_encounter,review required,qwen2.5-3b,deterministic_rules,review required,REVIEW_REQUIRED,0.96948022,3.45838491,False,False
LAB2-0524,lithium carbonate,wrong_encounter,review required,qwen2.5-3b,mcp_access_only,review required,REVIEW_REQUIRED,0.96948022,3.45838491,False,False
LAB2-0524,lithium carbonate,wrong_encounter,review required,qwen2.5-3b,confidence_abstention,review required,REVIEW_REQUIRED,0.96948022,3.45838491,False,False
LAB2-0524,lithium carbonate,wrong_encounter,review required,qwen2.5-3b,mcp_governed,review required,REVIEW_REQUIRED,0.96948022,3.45838491,False,False
LAB2-0525,lithium carbonate,service_failure,review required,qwen2.5-3b,deterministic_rules,review required,REVIEW_REQUIRED,0.98756975,4.37511375,False,False
LAB2-0525,lithium carbonate,service_failure,review required,qwen2.5-3b,mcp_access_only,review required,REVIEW_REQUIRED,0.98756975,4.37511375,False,False
LAB2-0525,lithium carbonate,service_failure,review required,qwen2.5-3b,confidence_abstention,review required,REVIEW_REQUIRED,0.98756975,4.37511375,False,False
LAB2-0525,lithium carbonate,service_failure,review required,qwen2.5-3b,mcp_governed,review required,REVIEW_REQUIRED,0.98756975,4.37511375,False,False
LAB2-0526,lithium carbonate,service_failure,review required,qwen2.5-3b,deterministic_rules,review required,REVIEW_REQUIRED,0.98704745,4.3334254,False,False
LAB2-0526,lithium carbonate,service_failure,review required,qwen2.5-3b,mcp_access_only,review required,REVIEW_REQUIRED,0.98704745,4.3334254,False,False
LAB2-0526,lithium carbonate,service_failure,review required,qwen2.5-3b,confidence_abstention,review required,REVIEW_REQUIRED,0.98704745,4.3334254,False,False
LAB2-0526,lithium carbonate,service_failure,review required,qwen2.5-3b,mcp_governed,review required,REVIEW_REQUIRED,0.98704745,4.3334254,False,False
LAB2-0527,lithium carbonate,service_failure,review required,qwen2.5-3b,deterministic_rules,review required,REVIEW_REQUIRED,0.91808998,2.41667404,False,False
LAB2-0527,lithium carbonate,service_failure,review required,qwen2.5-3b,mcp_access_only,review required,REVIEW_REQUIRED,0.91808998,2.41667404,False,False
LAB2-0527,lithium carbonate,service_failure,review required,qwen2.5-3b,confidence_abstention,review required,REVIEW_REQUIRED,0.91808998,2.41667404,False,False
LAB2-0527,lithium carbonate,service_failure,review required,qwen2.5-3b,mcp_governed,review required,REVIEW_REQUIRED,0.91808998,2.41667404,False,False
LAB2-0528,lithium carbonate,service_failure,review required,qwen2.5-3b,deterministic_rules,review required,REVIEW_REQUIRED,0.96267447,3.25003768,False,False
LAB2-0528,lithium carbonate,service_failure,review required,qwen2.5-3b,mcp_access_only,review required,REVIEW_REQUIRED,0.96267447,3.25003768,False,False
LAB2-0528,lithium carbonate,service_failure,review required,qwen2.5-3b,confidence_abstention,review required,REVIEW_REQUIRED,0.96267447,3.25003768,False,False
LAB2-0528,lithium carbonate,service_failure,review required,qwen2.5-3b,mcp_governed,review required,REVIEW_REQUIRED,0.96267447,3.25003768,False,False
LAB2-0541,linezolid,clean,review required,qwen2.5-3b,deterministic_rules,review required,REVIEW_REQUIRED,0.99177027,4.79173794,False,False
LAB2-0541,linezolid,clean,review required,qwen2.5-3b,mcp_access_only,review required,REVIEW_REQUIRED,0.99177027,4.79173794,False,False
LAB2-0541,linezolid,clean,review required,qwen2.5-3b,confidence_abstention,review required,REVIEW_REQUIRED,0.99177027,4.79173794,False,False
LAB2-0541,linezolid,clean,review required,qwen2.5-3b,mcp_governed,review required,REVIEW_REQUIRED,0.99177027,4.79173794,False,False
LAB2-0542,linezolid,clean,review required,qwen2.5-3b,deterministic_rules,review required,REVIEW_REQUIRED,0.99106186,4.70844891,False,False
LAB2-0542,linezolid,clean,review required,qwen2.5-3b,mcp_access_only,review required,REVIEW_REQUIRED,0.99106186,4.70844891,False,False
LAB2-0542,linezolid,clean,review required,qwen2.5-3b,confidence_abstention,review required,REVIEW_REQUIRED,0.99106186,4.70844891,False,False
LAB2-0542,linezolid,clean,review required,qwen2.5-3b,mcp_governed,review required,REVIEW_REQUIRED,0.99106186,4.70844891,False,False
LAB2-0543,linezolid,clean,review required,qwen2.5-3b,deterministic_rules,review required,REVIEW_REQUIRED,0.99106174,4.70843619,False,False
LAB2-0543,linezolid,clean,review required,qwen2.5-3b,mcp_access_only,review required,REVIEW_REQUIRED,0.99106174,4.70843619,False,False
LAB2-0543,linezolid,clean,review required,qwen2.5-3b,confidence_abstention,review required,REVIEW_REQUIRED,0.99106174,4.70843619,False,False
LAB2-0543,linezolid,clean,review required,qwen2.5-3b,mcp_governed,review required,REVIEW_REQUIRED,0.99106174,4.70843619,False,False
LAB2-0544,linezolid,clean,review required,qwen2.5-3b,deterministic_rules,review required,REVIEW_REQUIRED,0.99210377,4.83344203,False,False
LAB2-0544,linezolid,clean,review required,qwen2.5-3b,mcp_access_only,review required,REVIEW_REQUIRED,0.99210377,4.83344203,False,False
LAB2-0544,linezolid,clean,review required,qwen2.5-3b,confidence_abstention,review required,REVIEW_REQUIRED,0.99210377,4.83344203,False,False
LAB2-0544,linezolid,clean,review required,qwen2.5-3b,mcp_governed,review required,REVIEW_REQUIRED,0.99210377,4.83344203,False,False
LAB2-0545,linezolid,clean,review required,qwen2.5-3b,deterministic_rules,review required,REVIEW_REQUIRED,0.99210334,4.83338775,False,False
LAB2-0545,linezolid,clean,review required,qwen2.5-3b,mcp_access_only,review required,REVIEW_REQUIRED,0.99210334,4.83338775,False,False
LAB2-0545,linezolid,clean,review required,qwen2.5-3b,confidence_abstention,review required,REVIEW_REQUIRED,0.99210334,4.83338775,False,False
LAB2-0545,linezolid,clean,review required,qwen2.5-3b,mcp_governed,review required,REVIEW_REQUIRED,0.99210334,4.83338775,False,False
LAB2-0546,linezolid,clean,review required,qwen2.5-3b,deterministic_rules,review required,REVIEW_REQUIRED,0.99142299,4.75005557,False,False
LAB2-0546,linezolid,clean,review required,qwen2.5-3b,mcp_access_only,review required,REVIEW_REQUIRED,0.99142299,4.75005557,False,False
LAB2-0546,linezolid,clean,review required,qwen2.5-3b,confidence_abstention,review required,REVIEW_REQUIRED,0.99142299,4.75005557,False,False
LAB2-0546,linezolid,clean,review required,qwen2.5-3b,mcp_governed,review required,REVIEW_REQUIRED,0.99142299,4.75005557,False,False
LAB2-0547,linezolid,clean,review required,qwen2.5-3b,deterministic_rules,review required,REVIEW_REQUIRED,0.991423,4.7500566,False,False
LAB2-0547,linezolid,clean,review required,qwen2.5-3b,mcp_access_only,review required,REVIEW_REQUIRED,0.991423,4.7500566,False,False
LAB2-0547,linezolid,clean,review required,qwen2.5-3b,confidence_abstention,review required,REVIEW_REQUIRED,0.991423,4.7500566,False,False
LAB2-0547,linezolid,clean,review required,qwen2.5-3b,mcp_governed,review required,REVIEW_REQUIRED,0.991423,4.7500566,False,False
LAB2-0548,linezolid,clean,review required,qwen2.5-3b,deterministic_rules,review required,REVIEW_REQUIRED,0.99142326,4.75008803,False,False
LAB2-0548,linezolid,clean,review required,qwen2.5-3b,mcp_access_only,review required,REVIEW_REQUIRED,0.99142326,4.75008803,False,False
LAB2-0548,linezolid,clean,review required,qwen2.5-3b,confidence_abstention,review required,REVIEW_REQUIRED,0.99142326,4.75008803,False,False
LAB2-0548,linezolid,clean,review required,qwen2.5-3b,mcp_governed,review required,REVIEW_REQUIRED,0.99142326,4.75008803,False,False
LAB2-0549,linezolid,clean,review required,qwen2.5-3b,deterministic_rules,review required,REVIEW_REQUIRED,0.99210379,4.83344516,False,False
LAB2-0549,linezolid,clean,review required,qwen2.5-3b,mcp_access_only,review required,REVIEW_REQUIRED,0.99210379,4.83344516,False,False
LAB2-0549,linezolid,clean,review required,qwen2.5-3b,confidence_abstention,review required,REVIEW_REQUIRED,0.99210379,4.83344516,False,False
LAB2-0549,linezolid,clean,review required,qwen2.5-3b,mcp_governed,review required,REVIEW_REQUIRED,0.99210379,4.83344516,False,False
LAB2-0550,linezolid,clean,review required,qwen2.5-3b,deterministic_rules,review required,REVIEW_REQUIRED,0.99177051,4.79176761,False,False
LAB2-0550,linezolid,clean,review required,qwen2.5-3b,mcp_access_only,review required,REVIEW_REQUIRED,0.99177051,4.79176761,False,False
LAB2-0550,linezolid,clean,review required,qwen2.5-3b,confidence_abstention,review required,REVIEW_REQUIRED,0.99177051,4.79176761,False,False
LAB2-0550,linezolid,clean,review required,qwen2.5-3b,mcp_governed,review required,REVIEW_REQUIRED,0.99177051,4.79176761,False,False
LAB2-0551,linezolid,clean,review required,qwen2.5-3b,deterministic_rules,review required,REVIEW_REQUIRED,0.99142339,4.75010309,False,False
LAB2-0551,linezolid,clean,review required,qwen2.5-3b,mcp_access_only,review required,REVIEW_REQUIRED,0.99142339,4.75010309,False,False
LAB2-0551,linezolid,clean,review required,qwen2.5-3b,confidence_abstention,review required,REVIEW_REQUIRED,0.99142339,4.75010309,False,False
LAB2-0551,linezolid,clean,review required,qwen2.5-3b,mcp_governed,review required,REVIEW_REQUIRED,0.99142339,4.75010309,False,False
LAB2-0552,linezolid,clean,review required,qwen2.5-3b,deterministic_rules,review required,REVIEW_REQUIRED,0.99177059,4.79177782,False,False
LAB2-0552,linezolid,clean,review required,qwen2.5-3b,mcp_access_only,review required,REVIEW_REQUIRED,0.99177059,4.79177782,False,False
LAB2-0552,linezolid,clean,review required,qwen2.5-3b,confidence_abstention,review required,REVIEW_REQUIRED,0.99177059,4.79177782,False,False
LAB2-0552,linezolid,clean,review required,qwen2.5-3b,mcp_governed,review required,REVIEW_REQUIRED,0.99177059,4.79177782,False,False
LAB2-0553,linezolid,clean,approved,qwen2.5-3b,deterministic_rules,approved,REVIEW_REQUIRED,0.95442031,3.04164202,False,False
LAB2-0553,linezolid,clean,approved,qwen2.5-3b,mcp_access_only,review required,REVIEW_REQUIRED,0.95442031,3.04164202,False,False
LAB2-0553,linezolid,clean,approved,qwen2.5-3b,confidence_abstention,review required,REVIEW_REQUIRED,0.95442031,3.04164202,False,False
LAB2-0553,linezolid,clean,approved,qwen2.5-3b,mcp_governed,review required,REVIEW_REQUIRED,0.95442031,3.04164202,False,False
LAB2-0554,linezolid,clean,approved,qwen2.5-3b,deterministic_rules,approved,REVIEW_REQUIRED,0.9506547,2.95830829,False,False
LAB2-0554,linezolid,clean,approved,qwen2.5-3b,mcp_access_only,review required,REVIEW_REQUIRED,0.9506547,2.95830829,False,False
LAB2-0554,linezolid,clean,approved,qwen2.5-3b,confidence_abstention,review required,REVIEW_REQUIRED,0.9506547,2.95830829,False,False
LAB2-0554,linezolid,clean,approved,qwen2.5-3b,mcp_governed,review required,REVIEW_REQUIRED,0.9506547,2.95830829,False,False
LAB2-0555,linezolid,clean,approved,qwen2.5-3b,deterministic_rules,approved,REVIEW_REQUIRED,0.95257291,2.99997305,False,False
LAB2-0555,linezolid,clean,approved,qwen2.5-3b,mcp_access_only,review required,REVIEW_REQUIRED,0.95257291,2.99997305,False,False
LAB2-0555,linezolid,clean,approved,qwen2.5-3b,confidence_abstention,review required,REVIEW_REQUIRED,0.95257291,2.99997305,False,False
LAB2-0555,linezolid,clean,approved,qwen2.5-3b,mcp_governed,review required,REVIEW_REQUIRED,0.95257291,2.99997305,False,False
LAB2-0556,linezolid,clean,approved,qwen2.5-3b,deterministic_rules,approved,REVIEW_REQUIRED,0.95791158,3.12498286,False,False
LAB2-0556,linezolid,clean,approved,qwen2.5-3b,mcp_access_only,review required,REVIEW_REQUIRED,0.95791158,3.12498286,False,False
LAB2-0556,linezolid,clean,approved,qwen2.5-3b,confidence_abstention,review required,REVIEW_REQUIRED,0.95791158,3.12498286,False,False
LAB2-0556,linezolid,clean,approved,qwen2.5-3b,mcp_governed,review required,REVIEW_REQUIRED,0.95791158,3.12498286,False,False
LAB2-0557,linezolid,clean,approved,qwen2.5-3b,deterministic_rules,approved,REVIEW_REQUIRED,0.9641411,3.29164578,False,False
LAB2-0557,linezolid,clean,approved,qwen2.5-3b,mcp_access_only,review required,REVIEW_REQUIRED,0.9641411,3.29164578,False,False
LAB2-0557,linezolid,clean,approved,qwen2.5-3b,confidence_abstention,review required,REVIEW_REQUIRED,0.9641411,3.29164578,False,False
LAB2-0557,linezolid,clean,approved,qwen2.5-3b,mcp_governed,review required,REVIEW_REQUIRED,0.9641411,3.29164578,False,False
LAB2-0558,linezolid,clean,approved,qwen2.5-3b,deterministic_rules,approved,REVIEW_REQUIRED,0.96555406,3.33331098,False,False
LAB2-0558,linezolid,clean,approved,qwen2.5-3b,mcp_access_only,review required,REVIEW_REQUIRED,0.96555406,3.33331098,False,False
LAB2-0558,linezolid,clean,approved,qwen2.5-3b,confidence_abstention,review required,REVIEW_REQUIRED,0.96555406,3.33331098,False,False
LAB2-0558,linezolid,clean,approved,qwen2.5-3b,mcp_governed,review required,REVIEW_REQUIRED,0.96555406,3.33331098,False,False
LAB2-0559,linezolid,clean,approved,qwen2.5-3b,deterministic_rules,approved,REVIEW_REQUIRED,0.9579114,3.12497832,False,False
LAB2-0559,linezolid,clean,approved,qwen2.5-3b,mcp_access_only,review required,REVIEW_REQUIRED,0.9579114,3.12497832,False,False
LAB2-0559,linezolid,clean,approved,qwen2.5-3b,confidence_abstention,review required,REVIEW_REQUIRED,0.9579114,3.12497832,False,False
LAB2-0559,linezolid,clean,approved,qwen2.5-3b,mcp_governed,review required,REVIEW_REQUIRED,0.9579114,3.12497832,False,False
LAB2-0560,linezolid,clean,approved,qwen2.5-3b,deterministic_rules,approved,REVIEW_REQUIRED,0.95955943,3.16664078,False,False
LAB2-0560,linezolid,clean,approved,qwen2.5-3b,mcp_access_only,review required,REVIEW_REQUIRED,0.95955943,3.16664078,False,False
LAB2-0560,linezolid,clean,approved,qwen2.5-3b,confidence_abstention,review required,REVIEW_REQUIRED,0.95955943,3.16664078,False,False
LAB2-0560,linezolid,clean,approved,qwen2.5-3b,mcp_governed,review required,REVIEW_REQUIRED,0.95955943,3.16664078,False,False
LAB2-0561,linezolid,clean,approved,qwen2.5-3b,deterministic_rules,approved,REVIEW_REQUIRED,0.9595596,3.16664507,False,False
LAB2-0561,linezolid,clean,approved,qwen2.5-3b,mcp_access_only,review required,REVIEW_REQUIRED,0.9595596,3.16664507,False,False
LAB2-0561,linezolid,clean,approved,qwen2.5-3b,confidence_abstention,review required,REVIEW_REQUIRED,0.9595596,3.16664507,False,False
LAB2-0561,linezolid,clean,approved,qwen2.5-3b,mcp_governed,review required,REVIEW_REQUIRED,0.9595596,3.16664507,False,False
LAB2-0562,linezolid,clean,approved,qwen2.5-3b,deterministic_rules,approved,REVIEW_REQUIRED,0.94444982,2.83331572,False,False
LAB2-0562,linezolid,clean,approved,qwen2.5-3b,mcp_access_only,review required,REVIEW_REQUIRED,0.94444982,2.83331572,False,False
LAB2-0562,linezolid,clean,approved,qwen2.5-3b,confidence_abstention,review required,REVIEW_REQUIRED,0.94444982,2.83331572,False,False
LAB2-0562,linezolid,clean,approved,qwen2.5-3b,mcp_governed,review required,REVIEW_REQUIRED,0.94444982,2.83331572,False,False
LAB2-0563,linezolid,clean,approved,qwen2.5-3b,deterministic_rules,approved,REVIEW_REQUIRED,0.95065451,2.95830443,False,False
LAB2-0563,linezolid,clean,approved,qwen2.5-3b,mcp_access_only,review required,REVIEW_REQUIRED,0.95065451,2.95830443,False,False
LAB2-0563,linezolid,clean,approved,qwen2.5-3b,confidence_abstention,review required,REVIEW_REQUIRED,0.95065451,2.95830443,False,False
LAB2-0563,linezolid,clean,approved,qwen2.5-3b,mcp_governed,review required,REVIEW_REQUIRED,0.95065451,2.95830443,False,False
LAB2-0564,linezolid,clean,approved,qwen2.5-3b,deterministic_rules,approved,REVIEW_REQUIRED,0.95442009,3.04163685,False,False
LAB2-0564,linezolid,clean,approved,qwen2.5-3b,mcp_access_only,review required,REVIEW_REQUIRED,0.95442009,3.04163685,False,False
LAB2-0564,linezolid,clean,approved,qwen2.5-3b,confidence_abstention,review required,REVIEW_REQUIRED,0.95442009,3.04163685,False,False
LAB2-0564,linezolid,clean,approved,qwen2.5-3b,mcp_governed,review required,REVIEW_REQUIRED,0.95442009,3.04163685,False,False
LAB2-0565,linezolid,missing,review required,qwen2.5-3b,deterministic_rules,review required,REVIEW_REQUIRED,0.9859624,4.25187905,False,False
LAB2-0565,linezolid,missing,review required,qwen2.5-3b,mcp_access_only,review required,REVIEW_REQUIRED,0.9859624,4.25187905,False,False
LAB2-0565,linezolid,missing,review required,qwen2.5-3b,confidence_abstention,review required,REVIEW_REQUIRED,0.9859624,4.25187905,False,False
LAB2-0565,linezolid,missing,review required,qwen2.5-3b,mcp_governed,review required,REVIEW_REQUIRED,0.9859624,4.25187905,False,False
LAB2-0566,linezolid,missing,review required,qwen2.5-3b,deterministic_rules,review required,REVIEW_REQUIRED,0.9865309,4.29379681,False,False
LAB2-0566,linezolid,missing,review required,qwen2.5-3b,mcp_access_only,review required,REVIEW_REQUIRED,0.9865309,4.29379681,False,False
LAB2-0566,linezolid,missing,review required,qwen2.5-3b,confidence_abstention,review required,REVIEW_REQUIRED,0.9865309,4.29379681,False,False
LAB2-0566,linezolid,missing,review required,qwen2.5-3b,mcp_governed,review required,REVIEW_REQUIRED,0.9865309,4.29379681,False,False
LAB2-0567,linezolid,missing,review required,qwen2.5-3b,deterministic_rules,review required,REVIEW_REQUIRED,0.98652807,4.29358317,False,False
LAB2-0567,linezolid,missing,review required,qwen2.5-3b,mcp_access_only,review required,REVIEW_REQUIRED,0.98652807,4.29358317,False,False
LAB2-0567,linezolid,missing,review required,qwen2.5-3b,confidence_abstention,review required,REVIEW_REQUIRED,0.98652807,4.29358317,False,False
LAB2-0567,linezolid,missing,review required,qwen2.5-3b,mcp_governed,review required,REVIEW_REQUIRED,0.98652807,4.29358317,False,False
LAB2-0568,linezolid,missing,review required,qwen2.5-3b,deterministic_rules,review required,REVIEW_REQUIRED,0.98596623,4.25215569,False,False
LAB2-0568,linezolid,missing,review required,qwen2.5-3b,mcp_access_only,review required,REVIEW_REQUIRED,0.98596623,4.25215569,False,False
LAB2-0568,linezolid,missing,review required,qwen2.5-3b,confidence_abstention,review required,REVIEW_REQUIRED,0.98596623,4.25215569,False,False
LAB2-0568,linezolid,missing,review required,qwen2.5-3b,mcp_governed,review required,REVIEW_REQUIRED,0.98596623,4.25215569,False,False
LAB2-0569,linezolid,stale,review required,qwen2.5-3b,deterministic_rules,review required,REVIEW_REQUIRED,0.98946224,4.54219684,False,False
LAB2-0569,linezolid,stale,review required,qwen2.5-3b,mcp_access_only,review required,REVIEW_REQUIRED,0.98946224,4.54219684,False,False
LAB2-0569,linezolid,stale,review required,qwen2.5-3b,confidence_abstention,review required,REVIEW_REQUIRED,0.98946224,4.54219684,False,False
LAB2-0569,linezolid,stale,review required,qwen2.5-3b,mcp_governed,review required,REVIEW_REQUIRED,0.98946224,4.54219684,False,False
LAB2-0570,linezolid,stale,review required,qwen2.5-3b,deterministic_rules,review required,REVIEW_REQUIRED,0.98757294,4.37537435,False,False
LAB2-0570,linezolid,stale,review required,qwen2.5-3b,mcp_access_only,review required,REVIEW_REQUIRED,0.98757294,4.37537435,False,False
LAB2-0570,linezolid,stale,review required,qwen2.5-3b,confidence_abstention,review required,REVIEW_REQUIRED,0.98757294,4.37537435,False,False
LAB2-0570,linezolid,stale,review required,qwen2.5-3b,mcp_governed,review required,REVIEW_REQUIRED,0.98757294,4.37537435,False,False
LAB2-0571,linezolid,stale,review required,qwen2.5-3b,deterministic_rules,review required,REVIEW_REQUIRED,0.98945848,4.54183571,False,False
LAB2-0571,linezolid,stale,review required,qwen2.5-3b,mcp_access_only,review required,REVIEW_REQUIRED,0.98945848,4.54183571,False,False
LAB2-0571,linezolid,stale,review required,qwen2.5-3b,confidence_abstention,review required,REVIEW_REQUIRED,0.98945848,4.54183571,False,False
LAB2-0571,linezolid,stale,review required,qwen2.5-3b,mcp_governed,review required,REVIEW_REQUIRED,0.98945848,4.54183571,False,False
LAB2-0572,linezolid,stale,review required,qwen2.5-3b,deterministic_rules,review required,REVIEW_REQUIRED,0.99029339,4.62519426,False,False
LAB2-0572,linezolid,stale,review required,qwen2.5-3b,mcp_access_only,review required,REVIEW_REQUIRED,0.99029339,4.62519426,False,False
LAB2-0572,linezolid,stale,review required,qwen2.5-3b,confidence_abstention,review required,REVIEW_REQUIRED,0.99029339,4.62519426,False,False
LAB2-0572,linezolid,stale,review required,qwen2.5-3b,mcp_governed,review required,REVIEW_REQUIRED,0.99029339,4.62519426,False,False
LAB2-0573,linezolid,unit_error,review required,qwen2.5-3b,deterministic_rules,review required,REVIEW_REQUIRED,0.99069146,4.66747131,False,False
LAB2-0573,linezolid,unit_error,review required,qwen2.5-3b,mcp_access_only,review required,REVIEW_REQUIRED,0.99069146,4.66747131,False,False
LAB2-0573,linezolid,unit_error,review required,qwen2.5-3b,confidence_abstention,review required,REVIEW_REQUIRED,0.99069146,4.66747131,False,False
LAB2-0573,linezolid,unit_error,review required,qwen2.5-3b,mcp_governed,review required,REVIEW_REQUIRED,0.99069146,4.66747131,False,False
LAB2-0574,linezolid,unit_error,review required,qwen2.5-3b,deterministic_rules,review required,REVIEW_REQUIRED,0.99177565,4.79239748,False,False
LAB2-0574,linezolid,unit_error,review required,qwen2.5-3b,mcp_access_only,review required,REVIEW_REQUIRED,0.99177565,4.79239748,False,False
LAB2-0574,linezolid,unit_error,review required,qwen2.5-3b,confidence_abstention,review required,REVIEW_REQUIRED,0.99177565,4.79239748,False,False
LAB2-0574,linezolid,unit_error,review required,qwen2.5-3b,mcp_governed,review required,REVIEW_REQUIRED,0.99177565,4.79239748,False,False
LAB2-0575,linezolid,unit_error,review required,qwen2.5-3b,deterministic_rules,review required,REVIEW_REQUIRED,0.98988491,4.58356015,False,False
LAB2-0575,linezolid,unit_error,review required,qwen2.5-3b,mcp_access_only,review required,REVIEW_REQUIRED,0.98988491,4.58356015,False,False
LAB2-0575,linezolid,unit_error,review required,qwen2.5-3b,confidence_abstention,review required,REVIEW_REQUIRED,0.98988491,4.58356015,False,False
LAB2-0575,linezolid,unit_error,review required,qwen2.5-3b,mcp_governed,review required,REVIEW_REQUIRED,0.98988491,4.58356015,False,False
LAB2-0576,linezolid,unit_error,review required,qwen2.5-3b,deterministic_rules,review required,REVIEW_REQUIRED,0.98901694,4.50035763,False,False
LAB2-0576,linezolid,unit_error,review required,qwen2.5-3b,mcp_access_only,review required,REVIEW_REQUIRED,0.98901694,4.50035763,False,False
LAB2-0576,linezolid,unit_error,review required,qwen2.5-3b,confidence_abstention,review required,REVIEW_REQUIRED,0.98901694,4.50035763,False,False
LAB2-0576,linezolid,unit_error,review required,qwen2.5-3b,mcp_governed,review required,REVIEW_REQUIRED,0.98901694,4.50035763,False,False
LAB2-0577,linezolid,conflict,review required,qwen2.5-3b,deterministic_rules,review required,REVIEW_REQUIRED,0.9902956,4.62542387,False,False
LAB2-0577,linezolid,conflict,review required,qwen2.5-3b,mcp_access_only,review required,REVIEW_REQUIRED,0.9902956,4.62542387,False,False
LAB2-0577,linezolid,conflict,review required,qwen2.5-3b,confidence_abstention,review required,REVIEW_REQUIRED,0.9902956,4.62542387,False,False
LAB2-0577,linezolid,conflict,review required,qwen2.5-3b,mcp_governed,review required,REVIEW_REQUIRED,0.9902956,4.62542387,False,False
LAB2-0578,linezolid,conflict,review required,qwen2.5-3b,deterministic_rules,review required,REVIEW_REQUIRED,0.98988828,4.58389674,False,False
LAB2-0578,linezolid,conflict,review required,qwen2.5-3b,mcp_access_only,review required,REVIEW_REQUIRED,0.98988828,4.58389674,False,False
LAB2-0578,linezolid,conflict,review required,qwen2.5-3b,confidence_abstention,review required,REVIEW_REQUIRED,0.98988828,4.58389674,False,False
LAB2-0578,linezolid,conflict,review required,qwen2.5-3b,mcp_governed,review required,REVIEW_REQUIRED,0.98988828,4.58389674,False,False
LAB2-0579,linezolid,conflict,review required,qwen2.5-3b,deterministic_rules,review required,REVIEW_REQUIRED,0.98988932,4.58400068,False,False
LAB2-0579,linezolid,conflict,review required,qwen2.5-3b,mcp_access_only,review required,REVIEW_REQUIRED,0.98988932,4.58400068,False,False
LAB2-0579,linezolid,conflict,review required,qwen2.5-3b,confidence_abstention,review required,REVIEW_REQUIRED,0.98988932,4.58400068,False,False
LAB2-0579,linezolid,conflict,review required,qwen2.5-3b,mcp_governed,review required,REVIEW_REQUIRED,0.98988932,4.58400068,False,False
LAB2-0580,linezolid,conflict,review required,qwen2.5-3b,deterministic_rules,review required,REVIEW_REQUIRED,0.99029747,4.625619,False,False
LAB2-0580,linezolid,conflict,review required,qwen2.5-3b,mcp_access_only,review required,REVIEW_REQUIRED,0.99029747,4.625619,False,False
LAB2-0580,linezolid,conflict,review required,qwen2.5-3b,confidence_abstention,review required,REVIEW_REQUIRED,0.99029747,4.625619,False,False
LAB2-0580,linezolid,conflict,review required,qwen2.5-3b,mcp_governed,review required,REVIEW_REQUIRED,0.99029747,4.625619,False,False
LAB2-0581,linezolid,wrong_encounter,review required,qwen2.5-3b,deterministic_rules,review required,REVIEW_REQUIRED,0.98705527,4.33403758,False,False
LAB2-0581,linezolid,wrong_encounter,review required,qwen2.5-3b,mcp_access_only,review required,REVIEW_REQUIRED,0.98705527,4.33403758,False,False
LAB2-0581,linezolid,wrong_encounter,review required,qwen2.5-3b,confidence_abstention,review required,REVIEW_REQUIRED,0.98705527,4.33403758,False,False
LAB2-0581,linezolid,wrong_encounter,review required,qwen2.5-3b,mcp_governed,review required,REVIEW_REQUIRED,0.98705527,4.33403758,False,False
LAB2-0582,linezolid,wrong_encounter,review required,qwen2.5-3b,deterministic_rules,review required,REVIEW_REQUIRED,0.98757716,4.37571802,False,False
LAB2-0582,linezolid,wrong_encounter,review required,qwen2.5-3b,mcp_access_only,review required,REVIEW_REQUIRED,0.98757716,4.37571802,False,False
LAB2-0582,linezolid,wrong_encounter,review required,qwen2.5-3b,confidence_abstention,review required,REVIEW_REQUIRED,0.98757716,4.37571802,False,False
LAB2-0582,linezolid,wrong_encounter,review required,qwen2.5-3b,mcp_governed,review required,REVIEW_REQUIRED,0.98757716,4.37571802,False,False
LAB2-0583,linezolid,wrong_encounter,review required,qwen2.5-3b,deterministic_rules,review required,REVIEW_REQUIRED,0.985354,4.20883405,False,False
LAB2-0583,linezolid,wrong_encounter,review required,qwen2.5-3b,mcp_access_only,review required,REVIEW_REQUIRED,0.985354,4.20883405,False,False
LAB2-0583,linezolid,wrong_encounter,review required,qwen2.5-3b,confidence_abstention,review required,REVIEW_REQUIRED,0.985354,4.20883405,False,False
LAB2-0583,linezolid,wrong_encounter,review required,qwen2.5-3b,mcp_governed,review required,REVIEW_REQUIRED,0.985354,4.20883405,False,False
LAB2-0584,linezolid,wrong_encounter,review required,qwen2.5-3b,deterministic_rules,review required,REVIEW_REQUIRED,0.98473792,4.16700436,False,False
LAB2-0584,linezolid,wrong_encounter,review required,qwen2.5-3b,mcp_access_only,review required,REVIEW_REQUIRED,0.98473792,4.16700436,False,False
LAB2-0584,linezolid,wrong_encounter,review required,qwen2.5-3b,confidence_abstention,review required,REVIEW_REQUIRED,0.98473792,4.16700436,False,False
LAB2-0584,linezolid,wrong_encounter,review required,qwen2.5-3b,mcp_governed,review required,REVIEW_REQUIRED,0.98473792,4.16700436,False,False
LAB2-0585,linezolid,service_failure,review required,qwen2.5-3b,deterministic_rules,review required,REVIEW_REQUIRED,0.98757006,4.37513962,False,False
LAB2-0585,linezolid,service_failure,review required,qwen2.5-3b,mcp_access_only,review required,REVIEW_REQUIRED,0.98757006,4.37513962,False,False
LAB2-0585,linezolid,service_failure,review required,qwen2.5-3b,confidence_abstention,review required,REVIEW_REQUIRED,0.98757006,4.37513962,False,False
LAB2-0585,linezolid,service_failure,review required,qwen2.5-3b,mcp_governed,review required,REVIEW_REQUIRED,0.98757006,4.37513962,False,False
LAB2-0586,linezolid,service_failure,review required,qwen2.5-3b,deterministic_rules,review required,REVIEW_REQUIRED,0.98593811,4.25012494,False,False
LAB2-0586,linezolid,service_failure,review required,qwen2.5-3b,mcp_access_only,review required,REVIEW_REQUIRED,0.98593811,4.25012494,False,False
LAB2-0586,linezolid,service_failure,review required,qwen2.5-3b,confidence_abstention,review required,REVIEW_REQUIRED,0.98593811,4.25012494,False,False
LAB2-0586,linezolid,service_failure,review required,qwen2.5-3b,mcp_governed,review required,REVIEW_REQUIRED,0.98593811,4.25012494,False,False
LAB2-0587,linezolid,service_failure,review required,qwen2.5-3b,deterministic_rules,review required,REVIEW_REQUIRED,0.98534795,4.20841488,False,False
LAB2-0587,linezolid,service_failure,review required,qwen2.5-3b,mcp_access_only,review required,REVIEW_REQUIRED,0.98534795,4.20841488,False,False
LAB2-0587,linezolid,service_failure,review required,qwen2.5-3b,confidence_abstention,review required,REVIEW_REQUIRED,0.98534795,4.20841488,False,False
LAB2-0587,linezolid,service_failure,review required,qwen2.5-3b,mcp_governed,review required,REVIEW_REQUIRED,0.98534795,4.20841488,False,False
LAB2-0588,linezolid,service_failure,review required,qwen2.5-3b,deterministic_rules,review required,REVIEW_REQUIRED,0.98534783,4.20840599,False,False
LAB2-0588,linezolid,service_failure,review required,qwen2.5-3b,mcp_access_only,review required,REVIEW_REQUIRED,0.98534783,4.20840599,False,False
LAB2-0588,linezolid,service_failure,review required,qwen2.5-3b,confidence_abstention,review required,REVIEW_REQUIRED,0.98534783,4.20840599,False,False
LAB2-0588,linezolid,service_failure,review required,qwen2.5-3b,mcp_governed,review required,REVIEW_REQUIRED,0.98534783,4.20840599,False,False
LAB2-0601,divalproex sodium,clean,review required,qwen2.5-3b,deterministic_rules,review required,REVIEW_REQUIRED,0.98988364,4.58343348,False,False
LAB2-0601,divalproex sodium,clean,review required,qwen2.5-3b,mcp_access_only,review required,REVIEW_REQUIRED,0.98988364,4.58343348,False,False
LAB2-0601,divalproex sodium,clean,review required,qwen2.5-3b,confidence_abstention,review required,REVIEW_REQUIRED,0.98988364,4.58343348,False,False
LAB2-0601,divalproex sodium,clean,review required,qwen2.5-3b,mcp_governed,review required,REVIEW_REQUIRED,0.98988364,4.58343348,False,False
LAB2-0602,divalproex sodium,clean,review required,qwen2.5-3b,deterministic_rules,review required,REVIEW_REQUIRED,0.98988403,4.58347206,False,False
LAB2-0602,divalproex sodium,clean,review required,qwen2.5-3b,mcp_access_only,review required,REVIEW_REQUIRED,0.98988403,4.58347206,False,False
LAB2-0602,divalproex sodium,clean,review required,qwen2.5-3b,confidence_abstention,review required,REVIEW_REQUIRED,0.98988403,4.58347206,False,False
LAB2-0602,divalproex sodium,clean,review required,qwen2.5-3b,mcp_governed,review required,REVIEW_REQUIRED,0.98988403,4.58347206,False,False
LAB2-0603,divalproex sodium,clean,review required,qwen2.5-3b,deterministic_rules,review required,REVIEW_REQUIRED,0.98807099,4.41678156,False,False
LAB2-0603,divalproex sodium,clean,review required,qwen2.5-3b,mcp_access_only,review required,REVIEW_REQUIRED,0.98807099,4.41678156,False,False
LAB2-0603,divalproex sodium,clean,review required,qwen2.5-3b,confidence_abstention,review required,REVIEW_REQUIRED,0.98807099,4.41678156,False,False
LAB2-0603,divalproex sodium,clean,review required,qwen2.5-3b,mcp_governed,review required,REVIEW_REQUIRED,0.98807099,4.41678156,False,False
LAB2-0604,divalproex sodium,clean,review required,qwen2.5-3b,deterministic_rules,review required,REVIEW_REQUIRED,0.9906853,4.66680341,False,False
LAB2-0604,divalproex sodium,clean,review required,qwen2.5-3b,mcp_access_only,review required,REVIEW_REQUIRED,0.9906853,4.66680341,False,False
LAB2-0604,divalproex sodium,clean,review required,qwen2.5-3b,confidence_abstention,review required,REVIEW_REQUIRED,0.9906853,4.66680341,False,False
LAB2-0604,divalproex sodium,clean,review required,qwen2.5-3b,mcp_governed,review required,REVIEW_REQUIRED,0.9906853,4.66680341,False,False
LAB2-0605,divalproex sodium,clean,review required,qwen2.5-3b,deterministic_rules,review required,REVIEW_REQUIRED,0.98756981,4.37511881,False,False
LAB2-0605,divalproex sodium,clean,review required,qwen2.5-3b,mcp_access_only,review required,REVIEW_REQUIRED,0.98756981,4.37511881,False,False
LAB2-0605,divalproex sodium,clean,review required,qwen2.5-3b,confidence_abstention,review required,REVIEW_REQUIRED,0.98756981,4.37511881,False,False
LAB2-0605,divalproex sodium,clean,review required,qwen2.5-3b,mcp_governed,review required,REVIEW_REQUIRED,0.98756981,4.37511881,False,False
LAB2-0606,divalproex sodium,clean,review required,qwen2.5-3b,deterministic_rules,review required,REVIEW_REQUIRED,0.98650371,4.29175235,False,False
LAB2-0606,divalproex sodium,clean,review required,qwen2.5-3b,mcp_access_only,review required,REVIEW_REQUIRED,0.98650371,4.29175235,False,False
LAB2-0606,divalproex sodium,clean,review required,qwen2.5-3b,confidence_abstention,review required,REVIEW_REQUIRED,0.98650371,4.29175235,False,False
LAB2-0606,divalproex sodium,clean,review required,qwen2.5-3b,mcp_governed,review required,REVIEW_REQUIRED,0.98650371,4.29175235,False,False
LAB2-0607,divalproex sodium,clean,review required,qwen2.5-3b,deterministic_rules,review required,REVIEW_REQUIRED,0.98807099,4.41678087,False,False
LAB2-0607,divalproex sodium,clean,review required,qwen2.5-3b,mcp_access_only,review required,REVIEW_REQUIRED,0.98807099,4.41678087,False,False
LAB2-0607,divalproex sodium,clean,review required,qwen2.5-3b,confidence_abstention,review required,REVIEW_REQUIRED,0.98807099,4.41678087,False,False
LAB2-0607,divalproex sodium,clean,review required,qwen2.5-3b,mcp_governed,review required,REVIEW_REQUIRED,0.98807099,4.41678087,False,False
LAB2-0608,divalproex sodium,clean,review required,qwen2.5-3b,deterministic_rules,review required,REVIEW_REQUIRED,0.98901444,4.50012715,False,False
LAB2-0608,divalproex sodium,clean,review required,qwen2.5-3b,mcp_access_only,review required,REVIEW_REQUIRED,0.98901444,4.50012715,False,False
LAB2-0608,divalproex sodium,clean,review required,qwen2.5-3b,confidence_abstention,review required,REVIEW_REQUIRED,0.98901444,4.50012715,False,False
LAB2-0608,divalproex sodium,clean,review required,qwen2.5-3b,mcp_governed,review required,REVIEW_REQUIRED,0.98901444,4.50012715,False,False
LAB2-0609,divalproex sodium,clean,review required,qwen2.5-3b,deterministic_rules,review required,REVIEW_REQUIRED,0.98988378,4.58344731,False,False
LAB2-0609,divalproex sodium,clean,review required,qwen2.5-3b,mcp_access_only,review required,REVIEW_REQUIRED,0.98988378,4.58344731,False,False
LAB2-0609,divalproex sodium,clean,review required,qwen2.5-3b,confidence_abstention,review required,REVIEW_REQUIRED,0.98988378,4.58344731,False,False
LAB2-0609,divalproex sodium,clean,review required,qwen2.5-3b,mcp_governed,review required,REVIEW_REQUIRED,0.98988378,4.58344731,False,False
LAB2-0610,divalproex sodium,clean,review required,qwen2.5-3b,deterministic_rules,review required,REVIEW_REQUIRED,0.98855211,4.45843559,False,False
LAB2-0610,divalproex sodium,clean,review required,qwen2.5-3b,mcp_access_only,review required,REVIEW_REQUIRED,0.98855211,4.45843559,False,False
LAB2-0610,divalproex sodium,clean,review required,qwen2.5-3b,confidence_abstention,review required,REVIEW_REQUIRED,0.98855211,4.45843559,False,False
LAB2-0610,divalproex sodium,clean,review required,qwen2.5-3b,mcp_governed,review required,REVIEW_REQUIRED,0.98855211,4.45843559,False,False
LAB2-0611,divalproex sodium,clean,review required,qwen2.5-3b,deterministic_rules,review required,REVIEW_REQUIRED,0.9885522,4.458444,False,False
LAB2-0611,divalproex sodium,clean,review required,qwen2.5-3b,mcp_access_only,review required,REVIEW_REQUIRED,0.9885522,4.458444,False,False
LAB2-0611,divalproex sodium,clean,review required,qwen2.5-3b,confidence_abstention,review required,REVIEW_REQUIRED,0.9885522,4.458444,False,False
LAB2-0611,divalproex sodium,clean,review required,qwen2.5-3b,mcp_governed,review required,REVIEW_REQUIRED,0.9885522,4.458444,False,False
LAB2-0612,divalproex sodium,clean,review required,qwen2.5-3b,deterministic_rules,review required,REVIEW_REQUIRED,0.98988389,4.58345803,False,False
LAB2-0612,divalproex sodium,clean,review required,qwen2.5-3b,mcp_access_only,review required,REVIEW_REQUIRED,0.98988389,4.58345803,False,False
LAB2-0612,divalproex sodium,clean,review required,qwen2.5-3b,confidence_abstention,review required,REVIEW_REQUIRED,0.98988389,4.58345803,False,False
LAB2-0612,divalproex sodium,clean,review required,qwen2.5-3b,mcp_governed,review required,REVIEW_REQUIRED,0.98988389,4.58345803,False,False
LAB2-0613,divalproex sodium,clean,approved,qwen2.5-3b,deterministic_rules,approved,REVIEW_REQUIRED,0.85195126,1.74998776,False,False
LAB2-0613,divalproex sodium,clean,approved,qwen2.5-3b,mcp_access_only,review required,REVIEW_REQUIRED,0.85195126,1.74998776,False,False
LAB2-0613,divalproex sodium,clean,approved,qwen2.5-3b,confidence_abstention,review required,REVIEW_REQUIRED,0.85195126,1.74998776,False,False
LAB2-0613,divalproex sodium,clean,approved,qwen2.5-3b,mcp_governed,review required,REVIEW_REQUIRED,0.85195126,1.74998776,False,False
LAB2-0614,divalproex sodium,clean,approved,qwen2.5-3b,deterministic_rules,approved,REVIEW_REQUIRED,0.8519516,1.74999048,False,False
LAB2-0614,divalproex sodium,clean,approved,qwen2.5-3b,mcp_access_only,review required,REVIEW_REQUIRED,0.8519516,1.74999048,False,False
LAB2-0614,divalproex sodium,clean,approved,qwen2.5-3b,confidence_abstention,review required,REVIEW_REQUIRED,0.8519516,1.74999048,False,False
LAB2-0614,divalproex sodium,clean,approved,qwen2.5-3b,mcp_governed,review required,REVIEW_REQUIRED,0.8519516,1.74999048,False,False
LAB2-0615,divalproex sodium,clean,approved,qwen2.5-3b,deterministic_rules,approved,REVIEW_REQUIRED,0.84661814,1.70831916,False,False
LAB2-0615,divalproex sodium,clean,approved,qwen2.5-3b,mcp_access_only,review required,REVIEW_REQUIRED,0.84661814,1.70831916,False,False
LAB2-0615,divalproex sodium,clean,approved,qwen2.5-3b,confidence_abstention,review required,REVIEW_REQUIRED,0.84661814,1.70831916,False,False
LAB2-0615,divalproex sodium,clean,approved,qwen2.5-3b,mcp_governed,review required,REVIEW_REQUIRED,0.84661814,1.70831916,False,False
LAB2-0616,divalproex sodium,clean,approved,qwen2.5-3b,deterministic_rules,approved,REVIEW_REQUIRED,0.8175724,1.4999861,False,False
LAB2-0616,divalproex sodium,clean,approved,qwen2.5-3b,mcp_access_only,review required,REVIEW_REQUIRED,0.8175724,1.4999861,False,False
LAB2-0616,divalproex sodium,clean,approved,qwen2.5-3b,confidence_abstention,review required,REVIEW_REQUIRED,0.8175724,1.4999861,False,False
LAB2-0616,divalproex sodium,clean,approved,qwen2.5-3b,mcp_governed,review required,REVIEW_REQUIRED,0.8175724,1.4999861,False,False
LAB2-0617,divalproex sodium,clean,approved,qwen2.5-3b,deterministic_rules,approved,REVIEW_REQUIRED,0.95065607,2.95833761,False,False
LAB2-0617,divalproex sodium,clean,approved,qwen2.5-3b,mcp_access_only,review required,REVIEW_REQUIRED,0.95065607,2.95833761,False,False
LAB2-0617,divalproex sodium,clean,approved,qwen2.5-3b,confidence_abstention,review required,REVIEW_REQUIRED,0.95065607,2.95833761,False,False
LAB2-0617,divalproex sodium,clean,approved,qwen2.5-3b,mcp_governed,review required,REVIEW_REQUIRED,0.95065607,2.95833761,False,False
LAB2-0618,divalproex sodium,clean,approved,qwen2.5-3b,deterministic_rules,approved,REVIEW_REQUIRED,0.85195079,1.74998401,False,False
LAB2-0618,divalproex sodium,clean,approved,qwen2.5-3b,mcp_access_only,review required,REVIEW_REQUIRED,0.85195079,1.74998401,False,False
LAB2-0618,divalproex sodium,clean,approved,qwen2.5-3b,confidence_abstention,review required,REVIEW_REQUIRED,0.85195079,1.74998401,False,False
LAB2-0618,divalproex sodium,clean,approved,qwen2.5-3b,mcp_governed,review required,REVIEW_REQUIRED,0.85195079,1.74998401,False,False
LAB2-0619,divalproex sodium,clean,approved,qwen2.5-3b,deterministic_rules,approved,REVIEW_REQUIRED,0.8237042,1.54164819,False,False
LAB2-0619,divalproex sodium,clean,approved,qwen2.5-3b,mcp_access_only,review required,REVIEW_REQUIRED,0.8237042,1.54164819,False,False
LAB2-0619,divalproex sodium,clean,approved,qwen2.5-3b,confidence_abstention,review required,REVIEW_REQUIRED,0.8237042,1.54164819,False,False
LAB2-0619,divalproex sodium,clean,approved,qwen2.5-3b,mcp_governed,review required,REVIEW_REQUIRED,0.8237042,1.54164819,False,False
LAB2-0620,divalproex sodium,clean,approved,qwen2.5-3b,deterministic_rules,approved,REVIEW_REQUIRED,0.8354816,1.62498593,False,False
LAB2-0620,divalproex sodium,clean,approved,qwen2.5-3b,mcp_access_only,review required,REVIEW_REQUIRED,0.8354816,1.62498593,False,False
LAB2-0620,divalproex sodium,clean,approved,qwen2.5-3b,confidence_abstention,review required,REVIEW_REQUIRED,0.8354816,1.62498593,False,False
LAB2-0620,divalproex sodium,clean,approved,qwen2.5-3b,mcp_governed,review required,REVIEW_REQUIRED,0.8354816,1.62498593,False,False
LAB2-0621,divalproex sodium,clean,approved,qwen2.5-3b,deterministic_rules,approved,REVIEW_REQUIRED,0.87635163,1.95832562,False,False
LAB2-0621,divalproex sodium,clean,approved,qwen2.5-3b,mcp_access_only,review required,REVIEW_REQUIRED,0.87635163,1.95832562,False,False
LAB2-0621,divalproex sodium,clean,approved,qwen2.5-3b,confidence_abstention,review required,REVIEW_REQUIRED,0.87635163,1.95832562,False,False
LAB2-0621,divalproex sodium,clean,approved,qwen2.5-3b,mcp_governed,review required,REVIEW_REQUIRED,0.87635163,1.95832562,False,False
LAB2-0622,divalproex sodium,clean,approved,qwen2.5-3b,deterministic_rules,approved,REVIEW_REQUIRED,0.83548062,1.62497875,False,False
LAB2-0622,divalproex sodium,clean,approved,qwen2.5-3b,mcp_access_only,review required,REVIEW_REQUIRED,0.83548062,1.62497875,False,False
LAB2-0622,divalproex sodium,clean,approved,qwen2.5-3b,confidence_abstention,review required,REVIEW_REQUIRED,0.83548062,1.62497875,False,False
LAB2-0622,divalproex sodium,clean,approved,qwen2.5-3b,mcp_governed,review required,REVIEW_REQUIRED,0.83548062,1.62497875,False,False
LAB2-0623,divalproex sodium,clean,approved,qwen2.5-3b,deterministic_rules,approved,REVIEW_REQUIRED,0.81127425,1.45831124,False,False
LAB2-0623,divalproex sodium,clean,approved,qwen2.5-3b,mcp_access_only,review required,REVIEW_REQUIRED,0.81127425,1.45831124,False,False
LAB2-0623,divalproex sodium,clean,approved,qwen2.5-3b,confidence_abstention,review required,REVIEW_REQUIRED,0.81127425,1.45831124,False,False
LAB2-0623,divalproex sodium,clean,approved,qwen2.5-3b,mcp_governed,review required,REVIEW_REQUIRED,0.81127425,1.45831124,False,False
LAB2-0624,divalproex sodium,clean,approved,qwen2.5-3b,deterministic_rules,approved,REVIEW_REQUIRED,0.79818227,1.37497203,False,False
LAB2-0624,divalproex sodium,clean,approved,qwen2.5-3b,mcp_access_only,review required,REVIEW_REQUIRED,0.79818227,1.37497203,False,False
LAB2-0624,divalproex sodium,clean,approved,qwen2.5-3b,confidence_abstention,review required,REVIEW_REQUIRED,0.79818227,1.37497203,False,False
LAB2-0624,divalproex sodium,clean,approved,qwen2.5-3b,mcp_governed,review required,REVIEW_REQUIRED,0.79818227,1.37497203,False,False
LAB2-0625,divalproex sodium,missing,review required,qwen2.5-3b,deterministic_rules,review required,REVIEW_REQUIRED,0.99069648,4.6680156,False,False
LAB2-0625,divalproex sodium,missing,review required,qwen2.5-3b,mcp_access_only,review required,REVIEW_REQUIRED,0.99069648,4.6680156,False,False
LAB2-0625,divalproex sodium,missing,review required,qwen2.5-3b,confidence_abstention,review required,REVIEW_REQUIRED,0.99069648,4.6680156,False,False
LAB2-0625,divalproex sodium,missing,review required,qwen2.5-3b,mcp_governed,review required,REVIEW_REQUIRED,0.99069648,4.6680156,False,False
LAB2-0626,divalproex sodium,missing,review required,qwen2.5-3b,deterministic_rules,review required,REVIEW_REQUIRED,0.99211462,4.83482873,False,False
LAB2-0626,divalproex sodium,missing,review required,qwen2.5-3b,mcp_access_only,review required,REVIEW_REQUIRED,0.99211462,4.83482873,False,False
LAB2-0626,divalproex sodium,missing,review required,qwen2.5-3b,confidence_abstention,review required,REVIEW_REQUIRED,0.99211462,4.83482873,False,False
LAB2-0626,divalproex sodium,missing,review required,qwen2.5-3b,mcp_governed,review required,REVIEW_REQUIRED,0.99211462,4.83482873,False,False
LAB2-0627,divalproex sodium,missing,review required,qwen2.5-3b,deterministic_rules,review required,REVIEW_REQUIRED,0.99107441,4.70986755,False,False
LAB2-0627,divalproex sodium,missing,review required,qwen2.5-3b,mcp_access_only,review required,REVIEW_REQUIRED,0.99107441,4.70986755,False,False
LAB2-0627,divalproex sodium,missing,review required,qwen2.5-3b,confidence_abstention,review required,REVIEW_REQUIRED,0.99107441,4.70986755,False,False
LAB2-0627,divalproex sodium,missing,review required,qwen2.5-3b,mcp_governed,review required,REVIEW_REQUIRED,0.99107441,4.70986755,False,False
LAB2-0628,divalproex sodium,missing,review required,qwen2.5-3b,deterministic_rules,review required,REVIEW_REQUIRED,0.99107391,4.70981105,False,False
LAB2-0628,divalproex sodium,missing,review required,qwen2.5-3b,mcp_access_only,review required,REVIEW_REQUIRED,0.99107391,4.70981105,False,False
LAB2-0628,divalproex sodium,missing,review required,qwen2.5-3b,confidence_abstention,review required,REVIEW_REQUIRED,0.99107391,4.70981105,False,False
LAB2-0628,divalproex sodium,missing,review required,qwen2.5-3b,mcp_governed,review required,REVIEW_REQUIRED,0.99107391,4.70981105,False,False
LAB2-0629,divalproex sodium,stale,review required,qwen2.5-3b,deterministic_rules,review required,REVIEW_REQUIRED,0.99106386,4.70867529,False,False
LAB2-0629,divalproex sodium,stale,review required,qwen2.5-3b,mcp_access_only,review required,REVIEW_REQUIRED,0.99106386,4.70867529,False,False
LAB2-0629,divalproex sodium,stale,review required,qwen2.5-3b,confidence_abstention,review required,REVIEW_REQUIRED,0.99106386,4.70867529,False,False
LAB2-0629,divalproex sodium,stale,review required,qwen2.5-3b,mcp_governed,review required,REVIEW_REQUIRED,0.99106386,4.70867529,False,False
LAB2-0630,divalproex sodium,stale,review required,qwen2.5-3b,deterministic_rules,review required,REVIEW_REQUIRED,0.9917723,4.79198749,False,False
LAB2-0630,divalproex sodium,stale,review required,qwen2.5-3b,mcp_access_only,review required,REVIEW_REQUIRED,0.9917723,4.79198749,False,False
LAB2-0630,divalproex sodium,stale,review required,qwen2.5-3b,confidence_abstention,review required,REVIEW_REQUIRED,0.9917723,4.79198749,False,False
LAB2-0630,divalproex sodium,stale,review required,qwen2.5-3b,mcp_governed,review required,REVIEW_REQUIRED,0.9917723,4.79198749,False,False
LAB2-0631,divalproex sodium,stale,review required,qwen2.5-3b,deterministic_rules,review required,REVIEW_REQUIRED,0.99177068,4.79178849,False,False
LAB2-0631,divalproex sodium,stale,review required,qwen2.5-3b,mcp_access_only,review required,REVIEW_REQUIRED,0.99177068,4.79178849,False,False
LAB2-0631,divalproex sodium,stale,review required,qwen2.5-3b,confidence_abstention,review required,REVIEW_REQUIRED,0.99177068,4.79178849,False,False
LAB2-0631,divalproex sodium,stale,review required,qwen2.5-3b,mcp_governed,review required,REVIEW_REQUIRED,0.99177068,4.79178849,False,False
LAB2-0632,divalproex sodium,stale,review required,qwen2.5-3b,deterministic_rules,review required,REVIEW_REQUIRED,0.99210388,4.83345607,False,False
LAB2-0632,divalproex sodium,stale,review required,qwen2.5-3b,mcp_access_only,review required,REVIEW_REQUIRED,0.99210388,4.83345607,False,False
LAB2-0632,divalproex sodium,stale,review required,qwen2.5-3b,confidence_abstention,review required,REVIEW_REQUIRED,0.99210388,4.83345607,False,False
LAB2-0632,divalproex sodium,stale,review required,qwen2.5-3b,mcp_governed,review required,REVIEW_REQUIRED,0.99210388,4.83345607,False,False
LAB2-0633,divalproex sodium,unit_error,review required,qwen2.5-3b,deterministic_rules,review required,REVIEW_REQUIRED,0.9914247,4.75025701,False,False
LAB2-0633,divalproex sodium,unit_error,review required,qwen2.5-3b,mcp_access_only,review required,REVIEW_REQUIRED,0.9914247,4.75025701,False,False
LAB2-0633,divalproex sodium,unit_error,review required,qwen2.5-3b,confidence_abstention,review required,REVIEW_REQUIRED,0.9914247,4.75025701,False,False
LAB2-0633,divalproex sodium,unit_error,review required,qwen2.5-3b,mcp_governed,review required,REVIEW_REQUIRED,0.9914247,4.75025701,False,False
LAB2-0634,divalproex sodium,unit_error,review required,qwen2.5-3b,deterministic_rules,review required,REVIEW_REQUIRED,0.98988383,4.58345273,False,False
LAB2-0634,divalproex sodium,unit_error,review required,qwen2.5-3b,mcp_access_only,review required,REVIEW_REQUIRED,0.98988383,4.58345273,False,False
LAB2-0634,divalproex sodium,unit_error,review required,qwen2.5-3b,confidence_abstention,review required,REVIEW_REQUIRED,0.98988383,4.58345273,False,False
LAB2-0634,divalproex sodium,unit_error,review required,qwen2.5-3b,mcp_governed,review required,REVIEW_REQUIRED,0.98988383,4.58345273,False,False
LAB2-0635,divalproex sodium,unit_error,review required,qwen2.5-3b,deterministic_rules,review required,REVIEW_REQUIRED,0.99273059,4.91678455,False,False
LAB2-0635,divalproex sodium,unit_error,review required,qwen2.5-3b,mcp_access_only,review required,REVIEW_REQUIRED,0.99273059,4.91678455,False,False
LAB2-0635,divalproex sodium,unit_error,review required,qwen2.5-3b,confidence_abstention,review required,REVIEW_REQUIRED,0.99273059,4.91678455,False,False
LAB2-0635,divalproex sodium,unit_error,review required,qwen2.5-3b,mcp_governed,review required,REVIEW_REQUIRED,0.99273059,4.91678455,False,False
LAB2-0636,divalproex sodium,unit_error,review required,qwen2.5-3b,deterministic_rules,review required,REVIEW_REQUIRED,0.99242507,4.87530744,False,False
LAB2-0636,divalproex sodium,unit_error,review required,qwen2.5-3b,mcp_access_only,review required,REVIEW_REQUIRED,0.99242507,4.87530744,False,False
LAB2-0636,divalproex sodium,unit_error,review required,qwen2.5-3b,confidence_abstention,review required,REVIEW_REQUIRED,0.99242507,4.87530744,False,False
LAB2-0636,divalproex sodium,unit_error,review required,qwen2.5-3b,mcp_governed,review required,REVIEW_REQUIRED,0.99242507,4.87530744,False,False
LAB2-0637,divalproex sodium,conflict,review required,qwen2.5-3b,deterministic_rules,review required,REVIEW_REQUIRED,0.98988487,4.58355605,False,False
LAB2-0637,divalproex sodium,conflict,review required,qwen2.5-3b,mcp_access_only,review required,REVIEW_REQUIRED,0.98988487,4.58355605,False,False
LAB2-0637,divalproex sodium,conflict,review required,qwen2.5-3b,confidence_abstention,review required,REVIEW_REQUIRED,0.98988487,4.58355605,False,False
LAB2-0637,divalproex sodium,conflict,review required,qwen2.5-3b,mcp_governed,review required,REVIEW_REQUIRED,0.98988487,4.58355605,False,False
LAB2-0638,divalproex sodium,conflict,review required,qwen2.5-3b,deterministic_rules,review required,REVIEW_REQUIRED,0.99029384,4.62524071,False,False
LAB2-0638,divalproex sodium,conflict,review required,qwen2.5-3b,mcp_access_only,review required,REVIEW_REQUIRED,0.99029384,4.62524071,False,False
LAB2-0638,divalproex sodium,conflict,review required,qwen2.5-3b,confidence_abstention,review required,REVIEW_REQUIRED,0.99029384,4.62524071,False,False
LAB2-0638,divalproex sodium,conflict,review required,qwen2.5-3b,mcp_governed,review required,REVIEW_REQUIRED,0.99029384,4.62524071,False,False
LAB2-0639,divalproex sodium,conflict,review required,qwen2.5-3b,deterministic_rules,review required,REVIEW_REQUIRED,0.9890143,4.50011439,False,False
LAB2-0639,divalproex sodium,conflict,review required,qwen2.5-3b,mcp_access_only,review required,REVIEW_REQUIRED,0.9890143,4.50011439,False,False
LAB2-0639,divalproex sodium,conflict,review required,qwen2.5-3b,confidence_abstention,review required,REVIEW_REQUIRED,0.9890143,4.50011439,False,False
LAB2-0639,divalproex sodium,conflict,review required,qwen2.5-3b,mcp_governed,review required,REVIEW_REQUIRED,0.9890143,4.50011439,False,False
LAB2-0640,divalproex sodium,conflict,review required,qwen2.5-3b,deterministic_rules,review required,REVIEW_REQUIRED,0.98988412,4.58348188,False,False
LAB2-0640,divalproex sodium,conflict,review required,qwen2.5-3b,mcp_access_only,review required,REVIEW_REQUIRED,0.98988412,4.58348188,False,False
LAB2-0640,divalproex sodium,conflict,review required,qwen2.5-3b,confidence_abstention,review required,REVIEW_REQUIRED,0.98988412,4.58348188,False,False
LAB2-0640,divalproex sodium,conflict,review required,qwen2.5-3b,mcp_governed,review required,REVIEW_REQUIRED,0.98988412,4.58348188,False,False
LAB2-0641,divalproex sodium,wrong_encounter,review required,qwen2.5-3b,deterministic_rules,review required,REVIEW_REQUIRED,0.9880725,4.41690926,False,False
LAB2-0641,divalproex sodium,wrong_encounter,review required,qwen2.5-3b,mcp_access_only,review required,REVIEW_REQUIRED,0.9880725,4.41690926,False,False
LAB2-0641,divalproex sodium,wrong_encounter,review required,qwen2.5-3b,confidence_abstention,review required,REVIEW_REQUIRED,0.9880725,4.41690926,False,False
LAB2-0641,divalproex sodium,wrong_encounter,review required,qwen2.5-3b,mcp_governed,review required,REVIEW_REQUIRED,0.9880725,4.41690926,False,False
LAB2-0642,divalproex sodium,wrong_encounter,review required,qwen2.5-3b,deterministic_rules,review required,REVIEW_REQUIRED,0.98807212,4.41687741,False,False
LAB2-0642,divalproex sodium,wrong_encounter,review required,qwen2.5-3b,mcp_access_only,review required,REVIEW_REQUIRED,0.98807212,4.41687741,False,False
LAB2-0642,divalproex sodium,wrong_encounter,review required,qwen2.5-3b,confidence_abstention,review required,REVIEW_REQUIRED,0.98807212,4.41687741,False,False
LAB2-0642,divalproex sodium,wrong_encounter,review required,qwen2.5-3b,mcp_governed,review required,REVIEW_REQUIRED,0.98807212,4.41687741,False,False
LAB2-0643,divalproex sodium,wrong_encounter,review required,qwen2.5-3b,deterministic_rules,review required,REVIEW_REQUIRED,0.98807116,4.41679602,False,False
LAB2-0643,divalproex sodium,wrong_encounter,review required,qwen2.5-3b,mcp_access_only,review required,REVIEW_REQUIRED,0.98807116,4.41679602,False,False
LAB2-0643,divalproex sodium,wrong_encounter,review required,qwen2.5-3b,confidence_abstention,review required,REVIEW_REQUIRED,0.98807116,4.41679602,False,False
LAB2-0643,divalproex sodium,wrong_encounter,review required,qwen2.5-3b,mcp_governed,review required,REVIEW_REQUIRED,0.98807116,4.41679602,False,False
LAB2-0644,divalproex sodium,wrong_encounter,review required,qwen2.5-3b,deterministic_rules,review required,REVIEW_REQUIRED,0.98704834,4.33349483,False,False
LAB2-0644,divalproex sodium,wrong_encounter,review required,qwen2.5-3b,mcp_access_only,review required,REVIEW_REQUIRED,0.98704834,4.33349483,False,False
LAB2-0644,divalproex sodium,wrong_encounter,review required,qwen2.5-3b,confidence_abstention,review required,REVIEW_REQUIRED,0.98704834,4.33349483,False,False
LAB2-0644,divalproex sodium,wrong_encounter,review required,qwen2.5-3b,mcp_governed,review required,REVIEW_REQUIRED,0.98704834,4.33349483,False,False
LAB2-0645,divalproex sodium,service_failure,review required,qwen2.5-3b,deterministic_rules,review required,REVIEW_REQUIRED,0.98757099,4.37521517,False,False
LAB2-0645,divalproex sodium,service_failure,review required,qwen2.5-3b,mcp_access_only,review required,REVIEW_REQUIRED,0.98757099,4.37521517,False,False
LAB2-0645,divalproex sodium,service_failure,review required,qwen2.5-3b,confidence_abstention,review required,REVIEW_REQUIRED,0.98757099,4.37521517,False,False
LAB2-0645,divalproex sodium,service_failure,review required,qwen2.5-3b,mcp_governed,review required,REVIEW_REQUIRED,0.98757099,4.37521517,False,False
LAB2-0646,divalproex sodium,service_failure,review required,qwen2.5-3b,deterministic_rules,review required,REVIEW_REQUIRED,0.98650511,4.29185718,False,False
LAB2-0646,divalproex sodium,service_failure,review required,qwen2.5-3b,mcp_access_only,review required,REVIEW_REQUIRED,0.98650511,4.29185718,False,False
LAB2-0646,divalproex sodium,service_failure,review required,qwen2.5-3b,confidence_abstention,review required,REVIEW_REQUIRED,0.98650511,4.29185718,False,False
LAB2-0646,divalproex sodium,service_failure,review required,qwen2.5-3b,mcp_governed,review required,REVIEW_REQUIRED,0.98650511,4.29185718,False,False
LAB2-0647,divalproex sodium,service_failure,review required,qwen2.5-3b,deterministic_rules,review required,REVIEW_REQUIRED,0.9847348,4.16679651,False,False
LAB2-0647,divalproex sodium,service_failure,review required,qwen2.5-3b,mcp_access_only,review required,REVIEW_REQUIRED,0.9847348,4.16679651,False,False
LAB2-0647,divalproex sodium,service_failure,review required,qwen2.5-3b,confidence_abstention,review required,REVIEW_REQUIRED,0.9847348,4.16679651,False,False
LAB2-0647,divalproex sodium,service_failure,review required,qwen2.5-3b,mcp_governed,review required,REVIEW_REQUIRED,0.9847348,4.16679651,False,False
LAB2-0648,divalproex sodium,service_failure,review required,qwen2.5-3b,deterministic_rules,review required,REVIEW_REQUIRED,0.98342982,4.08344163,False,False
LAB2-0648,divalproex sodium,service_failure,review required,qwen2.5-3b,mcp_access_only,review required,REVIEW_REQUIRED,0.98342982,4.08344163,False,False
LAB2-0648,divalproex sodium,service_failure,review required,qwen2.5-3b,confidence_abstention,review required,REVIEW_REQUIRED,0.98342982,4.08344163,False,False
LAB2-0648,divalproex sodium,service_failure,review required,qwen2.5-3b,mcp_governed,review required,REVIEW_REQUIRED,0.98342982,4.08344163,False,False
LAB2-B-0049,ceftazidime,silent_plausible_substitution,review required,qwen2.5-3b,deterministic_rules,approved,REVIEW_REQUIRED,0.83548,1.62497428,False,False
LAB2-B-0049,ceftazidime,silent_plausible_substitution,review required,qwen2.5-3b,mcp_access_only,review required,REVIEW_REQUIRED,0.83548,1.62497428,False,False
LAB2-B-0049,ceftazidime,silent_plausible_substitution,review required,qwen2.5-3b,confidence_abstention,review required,REVIEW_REQUIRED,0.83548,1.62497428,False,False
LAB2-B-0049,ceftazidime,silent_plausible_substitution,review required,qwen2.5-3b,mcp_governed,review required,REVIEW_REQUIRED,0.83548,1.62497428,False,False
LAB2-B-0050,ceftazidime,silent_plausible_substitution,review required,qwen2.5-3b,deterministic_rules,approved,REVIEW_REQUIRED,0.88510081,2.04164644,False,False
LAB2-B-0050,ceftazidime,silent_plausible_substitution,review required,qwen2.5-3b,mcp_access_only,review required,REVIEW_REQUIRED,0.88510081,2.04164644,False,False
LAB2-B-0050,ceftazidime,silent_plausible_substitution,review required,qwen2.5-3b,confidence_abstention,review required,REVIEW_REQUIRED,0.88510081,2.04164644,False,False
LAB2-B-0050,ceftazidime,silent_plausible_substitution,review required,qwen2.5-3b,mcp_governed,review required,REVIEW_REQUIRED,0.88510081,2.04164644,False,False
LAB2-B-0051,ceftazidime,silent_plausible_substitution,review required,qwen2.5-3b,deterministic_rules,approved,REVIEW_REQUIRED,0.82967234,1.58330685,False,False
LAB2-B-0051,ceftazidime,silent_plausible_substitution,review required,qwen2.5-3b,mcp_access_only,review required,REVIEW_REQUIRED,0.82967234,1.58330685,False,False
LAB2-B-0051,ceftazidime,silent_plausible_substitution,review required,qwen2.5-3b,confidence_abstention,review required,REVIEW_REQUIRED,0.82967234,1.58330685,False,False
LAB2-B-0051,ceftazidime,silent_plausible_substitution,review required,qwen2.5-3b,mcp_governed,review required,REVIEW_REQUIRED,0.82967234,1.58330685,False,False
LAB2-B-0052,ceftazidime,silent_plausible_substitution,review required,qwen2.5-3b,deterministic_rules,approved,REVIEW_REQUIRED,0.84661689,1.70830948,False,False
LAB2-B-0052,ceftazidime,silent_plausible_substitution,review required,qwen2.5-3b,mcp_access_only,review required,REVIEW_REQUIRED,0.84661689,1.70830948,False,False
LAB2-B-0052,ceftazidime,silent_plausible_substitution,review required,qwen2.5-3b,confidence_abstention,review required,REVIEW_REQUIRED,0.84661689,1.70830948,False,False
LAB2-B-0052,ceftazidime,silent_plausible_substitution,review required,qwen2.5-3b,mcp_governed,review required,REVIEW_REQUIRED,0.84661689,1.70830948,False,False
LAB2-B-0053,ceftazidime,silent_plausible_substitution,review required,qwen2.5-3b,deterministic_rules,approved,REVIEW_REQUIRED,0.89330779,2.12498299,False,False
LAB2-B-0053,ceftazidime,silent_plausible_substitution,review required,qwen2.5-3b,mcp_access_only,review required,REVIEW_REQUIRED,0.89330779,2.12498299,False,False
LAB2-B-0053,ceftazidime,silent_plausible_substitution,review required,qwen2.5-3b,confidence_abstention,review required,REVIEW_REQUIRED,0.89330779,2.12498299,False,False
LAB2-B-0053,ceftazidime,silent_plausible_substitution,review required,qwen2.5-3b,mcp_governed,review required,REVIEW_REQUIRED,0.89330779,2.12498299,False,False
LAB2-B-0054,ceftazidime,silent_plausible_substitution,review required,qwen2.5-3b,deterministic_rules,approved,REVIEW_REQUIRED,0.92414045,2.49998044,False,False
LAB2-B-0054,ceftazidime,silent_plausible_substitution,review required,qwen2.5-3b,mcp_access_only,review required,REVIEW_REQUIRED,0.92414045,2.49998044,False,False
LAB2-B-0054,ceftazidime,silent_plausible_substitution,review required,qwen2.5-3b,confidence_abstention,review required,REVIEW_REQUIRED,0.92414045,2.49998044,False,False
LAB2-B-0054,ceftazidime,silent_plausible_substitution,review required,qwen2.5-3b,mcp_governed,review required,REVIEW_REQUIRED,0.92414045,2.49998044,False,False
LAB2-B-0055,ceftazidime,silent_plausible_substitution,review required,qwen2.5-3b,deterministic_rules,approved,REVIEW_REQUIRED,0.91159911,2.33331832,False,False
LAB2-B-0055,ceftazidime,silent_plausible_substitution,review required,qwen2.5-3b,mcp_access_only,review required,REVIEW_REQUIRED,0.91159911,2.33331832,False,False
LAB2-B-0055,ceftazidime,silent_plausible_substitution,review required,qwen2.5-3b,confidence_abstention,review required,REVIEW_REQUIRED,0.91159911,2.33331832,False,False
LAB2-B-0055,ceftazidime,silent_plausible_substitution,review required,qwen2.5-3b,mcp_governed,review required,REVIEW_REQUIRED,0.91159911,2.33331832,False,False
LAB2-B-0056,ceftazidime,silent_plausible_substitution,review required,qwen2.5-3b,deterministic_rules,approved,REVIEW_REQUIRED,0.92116794,2.45832265,False,False
LAB2-B-0056,ceftazidime,silent_plausible_substitution,review required,qwen2.5-3b,mcp_access_only,review required,REVIEW_REQUIRED,0.92116794,2.45832265,False,False
LAB2-B-0056,ceftazidime,silent_plausible_substitution,review required,qwen2.5-3b,confidence_abstention,review required,REVIEW_REQUIRED,0.92116794,2.45832265,False,False
LAB2-B-0056,ceftazidime,silent_plausible_substitution,review required,qwen2.5-3b,mcp_governed,review required,REVIEW_REQUIRED,0.92116794,2.45832265,False,False
LAB2-B-0057,ceftazidime,silent_plausible_substitution,review required,qwen2.5-3b,deterministic_rules,approved,REVIEW_REQUIRED,0.79138732,1.33330817,False,False
LAB2-B-0057,ceftazidime,silent_plausible_substitution,review required,qwen2.5-3b,mcp_access_only,review required,REVIEW_REQUIRED,0.79138732,1.33330817,False,False
LAB2-B-0057,ceftazidime,silent_plausible_substitution,review required,qwen2.5-3b,confidence_abstention,review required,REVIEW_REQUIRED,0.79138732,1.33330817,False,False
LAB2-B-0057,ceftazidime,silent_plausible_substitution,review required,qwen2.5-3b,mcp_governed,review required,REVIEW_REQUIRED,0.79138732,1.33330817,False,False
LAB2-B-0058,ceftazidime,silent_plausible_substitution,review required,qwen2.5-3b,deterministic_rules,approved,REVIEW_REQUIRED,0.90818284,2.29164655,False,False
LAB2-B-0058,ceftazidime,silent_plausible_substitution,review required,qwen2.5-3b,mcp_access_only,review required,REVIEW_REQUIRED,0.90818284,2.29164655,False,False
LAB2-B-0058,ceftazidime,silent_plausible_substitution,review required,qwen2.5-3b,confidence_abstention,review required,REVIEW_REQUIRED,0.90818284,2.29164655,False,False
LAB2-B-0058,ceftazidime,silent_plausible_substitution,review required,qwen2.5-3b,mcp_governed,review required,REVIEW_REQUIRED,0.90818284,2.29164655,False,False
LAB2-B-0059,ceftazidime,silent_plausible_substitution,review required,qwen2.5-3b,deterministic_rules,approved,REVIEW_REQUIRED,0.74711851,1.08330288,False,False
LAB2-B-0059,ceftazidime,silent_plausible_substitution,review required,qwen2.5-3b,mcp_access_only,review required,REVIEW_REQUIRED,0.74711851,1.08330288,False,False
LAB2-B-0059,ceftazidime,silent_plausible_substitution,review required,qwen2.5-3b,confidence_abstention,review required,REVIEW_REQUIRED,0.74711851,1.08330288,False,False
LAB2-B-0059,ceftazidime,silent_plausible_substitution,review required,qwen2.5-3b,mcp_governed,review required,REVIEW_REQUIRED,0.74711851,1.08330288,False,False
LAB2-B-0060,ceftazidime,silent_plausible_substitution,review required,qwen2.5-3b,deterministic_rules,approved,REVIEW_REQUIRED,0.79818287,1.37497573,False,False
LAB2-B-0060,ceftazidime,silent_plausible_substitution,review required,qwen2.5-3b,mcp_access_only,review required,REVIEW_REQUIRED,0.79818287,1.37497573,False,False
LAB2-B-0060,ceftazidime,silent_plausible_substitution,review required,qwen2.5-3b,confidence_abstention,review required,REVIEW_REQUIRED,0.79818287,1.37497573,False,False
LAB2-B-0060,ceftazidime,silent_plausible_substitution,review required,qwen2.5-3b,mcp_governed,review required,REVIEW_REQUIRED,0.79818287,1.37497573,False,False
LAB2-B-0109,metformin,silent_plausible_substitution,review required,qwen2.5-3b,deterministic_rules,approved,REVIEW_REQUIRED,0.89330709,2.12497574,False,False
LAB2-B-0109,metformin,silent_plausible_substitution,review required,qwen2.5-3b,mcp_access_only,review required,REVIEW_REQUIRED,0.89330709,2.12497574,False,False
LAB2-B-0109,metformin,silent_plausible_substitution,review required,qwen2.5-3b,confidence_abstention,review required,REVIEW_REQUIRED,0.89330709,2.12497574,False,False
LAB2-B-0109,metformin,silent_plausible_substitution,review required,qwen2.5-3b,mcp_governed,review required,REVIEW_REQUIRED,0.89330709,2.12497574,False,False
LAB2-B-0110,metformin,silent_plausible_substitution,review required,qwen2.5-3b,deterministic_rules,approved,REVIEW_REQUIRED,0.92701052,2.54164954,False,False
LAB2-B-0110,metformin,silent_plausible_substitution,review required,qwen2.5-3b,mcp_access_only,review required,REVIEW_REQUIRED,0.92701052,2.54164954,False,False
LAB2-B-0110,metformin,silent_plausible_substitution,review required,qwen2.5-3b,confidence_abstention,review required,REVIEW_REQUIRED,0.92701052,2.54164954,False,False
LAB2-B-0110,metformin,silent_plausible_substitution,review required,qwen2.5-3b,mcp_governed,review required,REVIEW_REQUIRED,0.92701052,2.54164954,False,False
LAB2-B-0111,metformin,silent_plausible_substitution,review required,qwen2.5-3b,deterministic_rules,approved,REVIEW_REQUIRED,0.92414027,2.49997785,False,False
LAB2-B-0111,metformin,silent_plausible_substitution,review required,qwen2.5-3b,mcp_access_only,review required,REVIEW_REQUIRED,0.92414027,2.49997785,False,False
LAB2-B-0111,metformin,silent_plausible_substitution,review required,qwen2.5-3b,confidence_abstention,review required,REVIEW_REQUIRED,0.92414027,2.49997785,False,False
LAB2-B-0111,metformin,silent_plausible_substitution,review required,qwen2.5-3b,mcp_governed,review required,REVIEW_REQUIRED,0.92414027,2.49997785,False,False
LAB2-B-0112,metformin,silent_plausible_substitution,review required,qwen2.5-3b,deterministic_rules,approved,REVIEW_REQUIRED,0.85194972,1.74997556,False,False
LAB2-B-0112,metformin,silent_plausible_substitution,review required,qwen2.5-3b,mcp_access_only,review required,REVIEW_REQUIRED,0.85194972,1.74997556,False,False
LAB2-B-0112,metformin,silent_plausible_substitution,review required,qwen2.5-3b,confidence_abstention,review required,REVIEW_REQUIRED,0.85194972,1.74997556,False,False
LAB2-B-0112,metformin,silent_plausible_substitution,review required,qwen2.5-3b,mcp_governed,review required,REVIEW_REQUIRED,0.85194972,1.74997556,False,False
LAB2-B-0113,metformin,silent_plausible_substitution,review required,qwen2.5-3b,deterministic_rules,approved,REVIEW_REQUIRED,0.88079514,1.9999815,False,False
LAB2-B-0113,metformin,silent_plausible_substitution,review required,qwen2.5-3b,mcp_access_only,review required,REVIEW_REQUIRED,0.88079514,1.9999815,False,False
LAB2-B-0113,metformin,silent_plausible_substitution,review required,qwen2.5-3b,confidence_abstention,review required,REVIEW_REQUIRED,0.88079514,1.9999815,False,False
LAB2-B-0113,metformin,silent_plausible_substitution,review required,qwen2.5-3b,mcp_governed,review required,REVIEW_REQUIRED,0.88079514,1.9999815,False,False
LAB2-B-0114,metformin,silent_plausible_substitution,review required,qwen2.5-3b,deterministic_rules,approved,REVIEW_REQUIRED,0.84661699,1.70831025,False,False
LAB2-B-0114,metformin,silent_plausible_substitution,review required,qwen2.5-3b,mcp_access_only,review required,REVIEW_REQUIRED,0.84661699,1.70831025,False,False
LAB2-B-0114,metformin,silent_plausible_substitution,review required,qwen2.5-3b,confidence_abstention,review required,REVIEW_REQUIRED,0.84661699,1.70831025,False,False
LAB2-B-0114,metformin,silent_plausible_substitution,review required,qwen2.5-3b,mcp_governed,review required,REVIEW_REQUIRED,0.84661699,1.70831025,False,False
LAB2-B-0115,metformin,silent_plausible_substitution,review required,qwen2.5-3b,deterministic_rules,approved,REVIEW_REQUIRED,0.63219298,0.5416363,False,False
LAB2-B-0115,metformin,silent_plausible_substitution,review required,qwen2.5-3b,mcp_access_only,review required,REVIEW_REQUIRED,0.63219298,0.5416363,False,False
LAB2-B-0115,metformin,silent_plausible_substitution,review required,qwen2.5-3b,confidence_abstention,review required,REVIEW_REQUIRED,0.63219298,0.5416363,False,False
LAB2-B-0115,metformin,silent_plausible_substitution,review required,qwen2.5-3b,mcp_governed,review required,REVIEW_REQUIRED,0.63219298,0.5416363,False,False
LAB2-B-0116,metformin,silent_plausible_substitution,review required,qwen2.5-3b,deterministic_rules,approved,REVIEW_REQUIRED,0.70578,0.87497577,False,False
LAB2-B-0116,metformin,silent_plausible_substitution,review required,qwen2.5-3b,mcp_access_only,review required,REVIEW_REQUIRED,0.70578,0.87497577,False,False
LAB2-B-0116,metformin,silent_plausible_substitution,review required,qwen2.5-3b,confidence_abstention,review required,REVIEW_REQUIRED,0.70578,0.87497577,False,False
LAB2-B-0116,metformin,silent_plausible_substitution,review required,qwen2.5-3b,mcp_governed,review required,REVIEW_REQUIRED,0.70578,0.87497577,False,False
LAB2-B-0117,metformin,silent_plausible_substitution,review required,qwen2.5-3b,deterministic_rules,approved,REVIEW_REQUIRED,0.7227824,0.95830546,False,False
LAB2-B-0117,metformin,silent_plausible_substitution,review required,qwen2.5-3b,mcp_access_only,review required,REVIEW_REQUIRED,0.7227824,0.95830546,False,False
LAB2-B-0117,metformin,silent_plausible_substitution,review required,qwen2.5-3b,confidence_abstention,review required,REVIEW_REQUIRED,0.7227824,0.95830546,False,False
LAB2-B-0117,metformin,silent_plausible_substitution,review required,qwen2.5-3b,mcp_governed,review required,REVIEW_REQUIRED,0.7227824,0.95830546,False,False
LAB2-B-0118,metformin,silent_plausible_substitution,review required,qwen2.5-3b,deterministic_rules,approved,REVIEW_REQUIRED,0.79138724,1.33330767,False,False
LAB2-B-0118,metformin,silent_plausible_substitution,review required,qwen2.5-3b,mcp_access_only,review required,REVIEW_REQUIRED,0.79138724,1.33330767,False,False
LAB2-B-0118,metformin,silent_plausible_substitution,review required,qwen2.5-3b,confidence_abstention,review required,REVIEW_REQUIRED,0.79138724,1.33330767,False,False
LAB2-B-0118,metformin,silent_plausible_substitution,review required,qwen2.5-3b,mcp_governed,review required,REVIEW_REQUIRED,0.79138724,1.33330767,False,False
LAB2-B-0119,metformin,silent_plausible_substitution,review required,qwen2.5-3b,deterministic_rules,approved,REVIEW_REQUIRED,0.62245231,0.49997013,False,False
LAB2-B-0119,metformin,silent_plausible_substitution,review required,qwen2.5-3b,mcp_access_only,review required,REVIEW_REQUIRED,0.62245231,0.49997013,False,False
LAB2-B-0119,metformin,silent_plausible_substitution,review required,qwen2.5-3b,confidence_abstention,review required,REVIEW_REQUIRED,0.62245231,0.49997013,False,False
LAB2-B-0119,metformin,silent_plausible_substitution,review required,qwen2.5-3b,mcp_governed,review required,REVIEW_REQUIRED,0.62245231,0.49997013,False,False
LAB2-B-0120,metformin,silent_plausible_substitution,review required,qwen2.5-3b,deterministic_rules,approved,REVIEW_REQUIRED,0.79818358,1.37498017,False,False
LAB2-B-0120,metformin,silent_plausible_substitution,review required,qwen2.5-3b,mcp_access_only,review required,REVIEW_REQUIRED,0.79818358,1.37498017,False,False
LAB2-B-0120,metformin,silent_plausible_substitution,review required,qwen2.5-3b,confidence_abstention,review required,REVIEW_REQUIRED,0.79818358,1.37498017,False,False
LAB2-B-0120,metformin,silent_plausible_substitution,review required,qwen2.5-3b,mcp_governed,review required,REVIEW_REQUIRED,0.79818358,1.37498017,False,False
LAB2-B-0169,enoxaparin,silent_plausible_substitution,review required,qwen2.5-3b,deterministic_rules,approved,REVIEW_REQUIRED,0.89721288,2.16663313,False,False
LAB2-B-0169,enoxaparin,silent_plausible_substitution,review required,qwen2.5-3b,mcp_access_only,review required,REVIEW_REQUIRED,0.89721288,2.16663313,False,False
LAB2-B-0169,enoxaparin,silent_plausible_substitution,review required,qwen2.5-3b,confidence_abstention,review required,REVIEW_REQUIRED,0.89721288,2.16663313,False,False
LAB2-B-0169,enoxaparin,silent_plausible_substitution,review required,qwen2.5-3b,mcp_governed,review required,REVIEW_REQUIRED,0.89721288,2.16663313,False,False
LAB2-B-0170,enoxaparin,silent_plausible_substitution,review required,qwen2.5-3b,deterministic_rules,approved,REVIEW_REQUIRED,0.75490876,1.12496637,False,False
LAB2-B-0170,enoxaparin,silent_plausible_substitution,review required,qwen2.5-3b,mcp_access_only,review required,REVIEW_REQUIRED,0.75490876,1.12496637,False,False
LAB2-B-0170,enoxaparin,silent_plausible_substitution,review required,qwen2.5-3b,confidence_abstention,review required,REVIEW_REQUIRED,0.75490876,1.12496637,False,False
LAB2-B-0170,enoxaparin,silent_plausible_substitution,review required,qwen2.5-3b,mcp_governed,review required,REVIEW_REQUIRED,0.75490876,1.12496637,False,False
LAB2-B-0171,enoxaparin,silent_plausible_substitution,review required,qwen2.5-3b,deterministic_rules,approved,REVIEW_REQUIRED,0.82967214,1.58330541,False,False
LAB2-B-0171,enoxaparin,silent_plausible_substitution,review required,qwen2.5-3b,mcp_access_only,review required,REVIEW_REQUIRED,0.82967214,1.58330541,False,False
LAB2-B-0171,enoxaparin,silent_plausible_substitution,review required,qwen2.5-3b,confidence_abstention,review required,REVIEW_REQUIRED,0.82967214,1.58330541,False,False
LAB2-B-0171,enoxaparin,silent_plausible_substitution,review required,qwen2.5-3b,mcp_governed,review required,REVIEW_REQUIRED,0.82967214,1.58330541,False,False
LAB2-B-0172,enoxaparin,silent_plausible_substitution,review required,qwen2.5-3b,deterministic_rules,approved,REVIEW_REQUIRED,0.72278372,0.95831203,False,False
LAB2-B-0172,enoxaparin,silent_plausible_substitution,review required,qwen2.5-3b,mcp_access_only,review required,REVIEW_REQUIRED,0.72278372,0.95831203,False,False
LAB2-B-0172,enoxaparin,silent_plausible_substitution,review required,qwen2.5-3b,confidence_abstention,review required,REVIEW_REQUIRED,0.72278372,0.95831203,False,False
LAB2-B-0172,enoxaparin,silent_plausible_substitution,review required,qwen2.5-3b,mcp_governed,review required,REVIEW_REQUIRED,0.72278372,0.95831203,False,False
LAB2-B-0173,enoxaparin,silent_plausible_substitution,review required,qwen2.5-3b,deterministic_rules,approved,REVIEW_REQUIRED,0.75490922,1.12496882,False,False
LAB2-B-0173,enoxaparin,silent_plausible_substitution,review required,qwen2.5-3b,mcp_access_only,review required,REVIEW_REQUIRED,0.75490922,1.12496882,False,False
LAB2-B-0173,enoxaparin,silent_plausible_substitution,review required,qwen2.5-3b,confidence_abstention,review required,REVIEW_REQUIRED,0.75490922,1.12496882,False,False
LAB2-B-0173,enoxaparin,silent_plausible_substitution,review required,qwen2.5-3b,mcp_governed,review required,REVIEW_REQUIRED,0.75490922,1.12496882,False,False
LAB2-B-0174,enoxaparin,silent_plausible_substitution,review required,qwen2.5-3b,deterministic_rules,approved,REVIEW_REQUIRED,0.69705294,0.83330331,False,False
LAB2-B-0174,enoxaparin,silent_plausible_substitution,review required,qwen2.5-3b,mcp_access_only,review required,REVIEW_REQUIRED,0.69705294,0.83330331,False,False
LAB2-B-0174,enoxaparin,silent_plausible_substitution,review required,qwen2.5-3b,confidence_abstention,review required,REVIEW_REQUIRED,0.69705294,0.83330331,False,False
LAB2-B-0174,enoxaparin,silent_plausible_substitution,review required,qwen2.5-3b,mcp_governed,review required,REVIEW_REQUIRED,0.69705294,0.83330331,False,False
LAB2-B-0175,enoxaparin,silent_plausible_substitution,review required,qwen2.5-3b,deterministic_rules,approved,APPROVED,0.49999272,2.912e-05,False,False
LAB2-B-0175,enoxaparin,silent_plausible_substitution,review required,qwen2.5-3b,mcp_access_only,approved,APPROVED,0.49999272,2.912e-05,False,False
LAB2-B-0175,enoxaparin,silent_plausible_substitution,review required,qwen2.5-3b,confidence_abstention,review required,APPROVED,0.49999272,2.912e-05,True,False
LAB2-B-0175,enoxaparin,silent_plausible_substitution,review required,qwen2.5-3b,mcp_governed,approved,APPROVED,0.49999272,2.912e-05,False,False
LAB2-B-0176,enoxaparin,silent_plausible_substitution,review required,qwen2.5-3b,deterministic_rules,approved,REVIEW_REQUIRED,0.54156334,0.16663789,False,False
LAB2-B-0176,enoxaparin,silent_plausible_substitution,review required,qwen2.5-3b,mcp_access_only,review required,REVIEW_REQUIRED,0.54156334,0.16663789,False,False
LAB2-B-0176,enoxaparin,silent_plausible_substitution,review required,qwen2.5-3b,confidence_abstention,review required,REVIEW_REQUIRED,0.54156334,0.16663789,False,False
LAB2-B-0176,enoxaparin,silent_plausible_substitution,review required,qwen2.5-3b,mcp_governed,review required,REVIEW_REQUIRED,0.54156334,0.16663789,False,False
LAB2-B-0177,enoxaparin,silent_plausible_substitution,review required,qwen2.5-3b,deterministic_rules,approved,REVIEW_REQUIRED,0.58256182,0.33329886,False,False
LAB2-B-0177,enoxaparin,silent_plausible_substitution,review required,qwen2.5-3b,mcp_access_only,review required,REVIEW_REQUIRED,0.58256182,0.33329886,False,False
LAB2-B-0177,enoxaparin,silent_plausible_substitution,review required,qwen2.5-3b,confidence_abstention,review required,REVIEW_REQUIRED,0.58256182,0.33329886,False,False
LAB2-B-0177,enoxaparin,silent_plausible_substitution,review required,qwen2.5-3b,mcp_governed,review required,REVIEW_REQUIRED,0.58256182,0.33329886,False,False
LAB2-B-0178,enoxaparin,silent_plausible_substitution,review required,qwen2.5-3b,deterministic_rules,approved,REVIEW_REQUIRED,0.66075054,0.66664067,False,False
LAB2-B-0178,enoxaparin,silent_plausible_substitution,review required,qwen2.5-3b,mcp_access_only,review required,REVIEW_REQUIRED,0.66075054,0.66664067,False,False
LAB2-B-0178,enoxaparin,silent_plausible_substitution,review required,qwen2.5-3b,confidence_abstention,review required,REVIEW_REQUIRED,0.66075054,0.66664067,False,False
LAB2-B-0178,enoxaparin,silent_plausible_substitution,review required,qwen2.5-3b,mcp_governed,review required,REVIEW_REQUIRED,0.66075054,0.66664067,False,False
LAB2-B-0179,enoxaparin,silent_plausible_substitution,review required,qwen2.5-3b,deterministic_rules,approved,APPROVED,0.41742251,0.3333633,False,False
LAB2-B-0179,enoxaparin,silent_plausible_substitution,review required,qwen2.5-3b,mcp_access_only,approved,APPROVED,0.41742251,0.3333633,False,False
LAB2-B-0179,enoxaparin,silent_plausible_substitution,review required,qwen2.5-3b,confidence_abstention,review required,APPROVED,0.41742251,0.3333633,True,False
LAB2-B-0179,enoxaparin,silent_plausible_substitution,review required,qwen2.5-3b,mcp_governed,approved,APPROVED,0.41742251,0.3333633,False,False
LAB2-B-0180,enoxaparin,silent_plausible_substitution,review required,qwen2.5-3b,deterministic_rules,approved,REVIEW_REQUIRED,0.60267923,0.41664118,False,False
LAB2-B-0180,enoxaparin,silent_plausible_substitution,review required,qwen2.5-3b,mcp_access_only,review required,REVIEW_REQUIRED,0.60267923,0.41664118,False,False
LAB2-B-0180,enoxaparin,silent_plausible_substitution,review required,qwen2.5-3b,confidence_abstention,review required,REVIEW_REQUIRED,0.60267923,0.41664118,False,False
LAB2-B-0180,enoxaparin,silent_plausible_substitution,review required,qwen2.5-3b,mcp_governed,review required,REVIEW_REQUIRED,0.60267923,0.41664118,False,False
LAB2-B-0229,gabapentin,silent_plausible_substitution,review required,qwen2.5-3b,deterministic_rules,approved,REVIEW_REQUIRED,0.91808827,2.41665138,False,False
LAB2-B-0229,gabapentin,silent_plausible_substitution,review required,qwen2.5-3b,mcp_access_only,review required,REVIEW_REQUIRED,0.91808827,2.41665138,False,False
LAB2-B-0229,gabapentin,silent_plausible_substitution,review required,qwen2.5-3b,confidence_abstention,review required,REVIEW_REQUIRED,0.91808827,2.41665138,False,False
LAB2-B-0229,gabapentin,silent_plausible_substitution,review required,qwen2.5-3b,mcp_governed,review required,REVIEW_REQUIRED,0.91808827,2.41665138,False,False
LAB2-B-0230,gabapentin,silent_plausible_substitution,review required,qwen2.5-3b,deterministic_rules,approved,REVIEW_REQUIRED,0.82967379,1.58331711,False,False
LAB2-B-0230,gabapentin,silent_plausible_substitution,review required,qwen2.5-3b,mcp_access_only,review required,REVIEW_REQUIRED,0.82967379,1.58331711,False,False
LAB2-B-0230,gabapentin,silent_plausible_substitution,review required,qwen2.5-3b,confidence_abstention,review required,REVIEW_REQUIRED,0.82967379,1.58331711,False,False
LAB2-B-0230,gabapentin,silent_plausible_substitution,review required,qwen2.5-3b,mcp_governed,review required,REVIEW_REQUIRED,0.82967379,1.58331711,False,False
LAB2-B-0231,gabapentin,silent_plausible_substitution,review required,qwen2.5-3b,deterministic_rules,approved,APPROVED,0.47917327,0.08335515,False,False
LAB2-B-0231,gabapentin,silent_plausible_substitution,review required,qwen2.5-3b,mcp_access_only,approved,APPROVED,0.47917327,0.08335515,False,False
LAB2-B-0231,gabapentin,silent_plausible_substitution,review required,qwen2.5-3b,confidence_abstention,review required,APPROVED,0.47917327,0.08335515,True,False
LAB2-B-0231,gabapentin,silent_plausible_substitution,review required,qwen2.5-3b,mcp_governed,approved,APPROVED,0.47917327,0.08335515,False,False
LAB2-B-0232,gabapentin,silent_plausible_substitution,review required,qwen2.5-3b,deterministic_rules,approved,REVIEW_REQUIRED,0.84661783,1.70831676,False,False
LAB2-B-0232,gabapentin,silent_plausible_substitution,review required,qwen2.5-3b,mcp_access_only,review required,REVIEW_REQUIRED,0.84661783,1.70831676,False,False
LAB2-B-0232,gabapentin,silent_plausible_substitution,review required,qwen2.5-3b,confidence_abstention,review required,REVIEW_REQUIRED,0.84661783,1.70831676,False,False
LAB2-B-0232,gabapentin,silent_plausible_substitution,review required,qwen2.5-3b,mcp_governed,review required,REVIEW_REQUIRED,0.84661783,1.70831676,False,False
LAB2-B-0233,gabapentin,silent_plausible_substitution,review required,qwen2.5-3b,deterministic_rules,approved,REVIEW_REQUIRED,0.70578024,0.87497695,False,False
LAB2-B-0233,gabapentin,silent_plausible_substitution,review required,qwen2.5-3b,mcp_access_only,review required,REVIEW_REQUIRED,0.70578024,0.87497695,False,False
LAB2-B-0233,gabapentin,silent_plausible_substitution,review required,qwen2.5-3b,confidence_abstention,review required,REVIEW_REQUIRED,0.70578024,0.87497695,False,False
LAB2-B-0233,gabapentin,silent_plausible_substitution,review required,qwen2.5-3b,mcp_governed,review required,REVIEW_REQUIRED,0.70578024,0.87497695,False,False
LAB2-B-0234,gabapentin,silent_plausible_substitution,review required,qwen2.5-3b,deterministic_rules,approved,REVIEW_REQUIRED,0.69705388,0.83330776,False,False
LAB2-B-0234,gabapentin,silent_plausible_substitution,review required,qwen2.5-3b,mcp_access_only,review required,REVIEW_REQUIRED,0.69705388,0.83330776,False,False
LAB2-B-0234,gabapentin,silent_plausible_substitution,review required,qwen2.5-3b,confidence_abstention,review required,REVIEW_REQUIRED,0.69705388,0.83330776,False,False
LAB2-B-0234,gabapentin,silent_plausible_substitution,review required,qwen2.5-3b,mcp_governed,review required,REVIEW_REQUIRED,0.69705388,0.83330776,False,False
LAB2-B-0235,gabapentin,silent_plausible_substitution,review required,qwen2.5-3b,deterministic_rules,approved,APPROVED,0.41742475,0.33335409,False,False
LAB2-B-0235,gabapentin,silent_plausible_substitution,review required,qwen2.5-3b,mcp_access_only,approved,APPROVED,0.41742475,0.33335409,False,False
LAB2-B-0235,gabapentin,silent_plausible_substitution,review required,qwen2.5-3b,confidence_abstention,review required,APPROVED,0.41742475,0.33335409,True,False
LAB2-B-0235,gabapentin,silent_plausible_substitution,review required,qwen2.5-3b,mcp_governed,approved,APPROVED,0.41742475,0.33335409,False,False
LAB2-B-0236,gabapentin,silent_plausible_substitution,review required,qwen2.5-3b,deterministic_rules,approved,REVIEW_REQUIRED,0.67917281,0.74997295,False,False
LAB2-B-0236,gabapentin,silent_plausible_substitution,review required,qwen2.5-3b,mcp_access_only,review required,REVIEW_REQUIRED,0.67917281,0.74997295,False,False
LAB2-B-0236,gabapentin,silent_plausible_substitution,review required,qwen2.5-3b,confidence_abstention,review required,REVIEW_REQUIRED,0.67917281,0.74997295,False,False
LAB2-B-0236,gabapentin,silent_plausible_substitution,review required,qwen2.5-3b,mcp_governed,review required,REVIEW_REQUIRED,0.67917281,0.74997295,False,False
LAB2-B-0237,gabapentin,silent_plausible_substitution,review required,qwen2.5-3b,deterministic_rules,approved,APPROVED,0.43781679,0.25002725,False,False
LAB2-B-0237,gabapentin,silent_plausible_substitution,review required,qwen2.5-3b,mcp_access_only,approved,APPROVED,0.43781679,0.25002725,False,False
LAB2-B-0237,gabapentin,silent_plausible_substitution,review required,qwen2.5-3b,confidence_abstention,review required,APPROVED,0.43781679,0.25002725,True,False
LAB2-B-0237,gabapentin,silent_plausible_substitution,review required,qwen2.5-3b,mcp_governed,approved,APPROVED,0.43781679,0.25002725,False,False
LAB2-B-0238,gabapentin,silent_plausible_substitution,review required,qwen2.5-3b,deterministic_rules,approved,REVIEW_REQUIRED,0.62245394,0.49997708,False,False
LAB2-B-0238,gabapentin,silent_plausible_substitution,review required,qwen2.5-3b,mcp_access_only,review required,REVIEW_REQUIRED,0.62245394,0.49997708,False,False
LAB2-B-0238,gabapentin,silent_plausible_substitution,review required,qwen2.5-3b,confidence_abstention,review required,REVIEW_REQUIRED,0.62245394,0.49997708,False,False
LAB2-B-0238,gabapentin,silent_plausible_substitution,review required,qwen2.5-3b,mcp_governed,review required,REVIEW_REQUIRED,0.62245394,0.49997708,False,False
LAB2-B-0239,gabapentin,silent_plausible_substitution,review required,qwen2.5-3b,deterministic_rules,approved,APPROVED,0.41742355,0.333359,False,False
LAB2-B-0239,gabapentin,silent_plausible_substitution,review required,qwen2.5-3b,mcp_access_only,approved,APPROVED,0.41742355,0.333359,False,False
LAB2-B-0239,gabapentin,silent_plausible_substitution,review required,qwen2.5-3b,confidence_abstention,review required,APPROVED,0.41742355,0.333359,True,False
LAB2-B-0239,gabapentin,silent_plausible_substitution,review required,qwen2.5-3b,mcp_governed,approved,APPROVED,0.41742355,0.333359,False,False
LAB2-B-0240,gabapentin,silent_plausible_substitution,review required,qwen2.5-3b,deterministic_rules,approved,APPROVED,0.43781764,0.25002382,False,False
LAB2-B-0240,gabapentin,silent_plausible_substitution,review required,qwen2.5-3b,mcp_access_only,approved,APPROVED,0.43781764,0.25002382,False,False
LAB2-B-0240,gabapentin,silent_plausible_substitution,review required,qwen2.5-3b,confidence_abstention,review required,APPROVED,0.43781764,0.25002382,True,False
LAB2-B-0240,gabapentin,silent_plausible_substitution,review required,qwen2.5-3b,mcp_governed,approved,APPROVED,0.43781764,0.25002382,False,False
LAB2-B-0289,dofetilide,silent_plausible_substitution,review required,qwen2.5-3b,deterministic_rules,approved,REVIEW_REQUIRED,0.90099402,2.20831835,False,False
LAB2-B-0289,dofetilide,silent_plausible_substitution,review required,qwen2.5-3b,mcp_access_only,review required,REVIEW_REQUIRED,0.90099402,2.20831835,False,False
LAB2-B-0289,dofetilide,silent_plausible_substitution,review required,qwen2.5-3b,confidence_abstention,review required,REVIEW_REQUIRED,0.90099402,2.20831835,False,False
LAB2-B-0289,dofetilide,silent_plausible_substitution,review required,qwen2.5-3b,mcp_governed,review required,REVIEW_REQUIRED,0.90099402,2.20831835,False,False
LAB2-B-0290,dofetilide,silent_plausible_substitution,review required,qwen2.5-3b,deterministic_rules,approved,REVIEW_REQUIRED,0.68818376,0.79164187,False,False
LAB2-B-0290,dofetilide,silent_plausible_substitution,review required,qwen2.5-3b,mcp_access_only,review required,REVIEW_REQUIRED,0.68818376,0.79164187,False,False
LAB2-B-0290,dofetilide,silent_plausible_substitution,review required,qwen2.5-3b,confidence_abstention,review required,REVIEW_REQUIRED,0.68818376,0.79164187,False,False
LAB2-B-0290,dofetilide,silent_plausible_substitution,review required,qwen2.5-3b,mcp_governed,review required,REVIEW_REQUIRED,0.68818376,0.79164187,False,False
LAB2-B-0291,dofetilide,silent_plausible_substitution,review required,qwen2.5-3b,deterministic_rules,approved,REVIEW_REQUIRED,0.91808871,2.41665721,False,False
LAB2-B-0291,dofetilide,silent_plausible_substitution,review required,qwen2.5-3b,mcp_access_only,review required,REVIEW_REQUIRED,0.91808871,2.41665721,False,False
LAB2-B-0291,dofetilide,silent_plausible_substitution,review required,qwen2.5-3b,confidence_abstention,review required,REVIEW_REQUIRED,0.91808871,2.41665721,False,False
LAB2-B-0291,dofetilide,silent_plausible_substitution,review required,qwen2.5-3b,mcp_governed,review required,REVIEW_REQUIRED,0.91808871,2.41665721,False,False
LAB2-B-0292,dofetilide,silent_plausible_substitution,review required,qwen2.5-3b,deterministic_rules,approved,REVIEW_REQUIRED,0.75491217,1.12498476,False,False
LAB2-B-0292,dofetilide,silent_plausible_substitution,review required,qwen2.5-3b,mcp_access_only,review required,REVIEW_REQUIRED,0.75491217,1.12498476,False,False
LAB2-B-0292,dofetilide,silent_plausible_substitution,review required,qwen2.5-3b,confidence_abstention,review required,REVIEW_REQUIRED,0.75491217,1.12498476,False,False
LAB2-B-0292,dofetilide,silent_plausible_substitution,review required,qwen2.5-3b,mcp_governed,review required,REVIEW_REQUIRED,0.75491217,1.12498476,False,False
LAB2-B-0293,dofetilide,silent_plausible_substitution,review required,qwen2.5-3b,deterministic_rules,approved,REVIEW_REQUIRED,0.66075147,0.6666448,False,False
LAB2-B-0293,dofetilide,silent_plausible_substitution,review required,qwen2.5-3b,mcp_access_only,review required,REVIEW_REQUIRED,0.66075147,0.6666448,False,False
LAB2-B-0293,dofetilide,silent_plausible_substitution,review required,qwen2.5-3b,confidence_abstention,review required,REVIEW_REQUIRED,0.66075147,0.6666448,False,False
LAB2-B-0293,dofetilide,silent_plausible_substitution,review required,qwen2.5-3b,mcp_governed,review required,REVIEW_REQUIRED,0.66075147,0.6666448,False,False
LAB2-B-0294,dofetilide,silent_plausible_substitution,review required,qwen2.5-3b,deterministic_rules,approved,REVIEW_REQUIRED,0.6026794,0.41664185,False,False
LAB2-B-0294,dofetilide,silent_plausible_substitution,review required,qwen2.5-3b,mcp_access_only,review required,REVIEW_REQUIRED,0.6026794,0.41664185,False,False
LAB2-B-0294,dofetilide,silent_plausible_substitution,review required,qwen2.5-3b,confidence_abstention,review required,REVIEW_REQUIRED,0.6026794,0.41664185,False,False
LAB2-B-0294,dofetilide,silent_plausible_substitution,review required,qwen2.5-3b,mcp_governed,review required,REVIEW_REQUIRED,0.6026794,0.41664185,False,False
LAB2-B-0295,dofetilide,silent_plausible_substitution,review required,qwen2.5-3b,deterministic_rules,approved,REVIEW_REQUIRED,0.68818286,0.79163765,False,False
LAB2-B-0295,dofetilide,silent_plausible_substitution,review required,qwen2.5-3b,mcp_access_only,review required,REVIEW_REQUIRED,0.68818286,0.79163765,False,False
LAB2-B-0295,dofetilide,silent_plausible_substitution,review required,qwen2.5-3b,confidence_abstention,review required,REVIEW_REQUIRED,0.68818286,0.79163765,False,False
LAB2-B-0295,dofetilide,silent_plausible_substitution,review required,qwen2.5-3b,mcp_governed,review required,REVIEW_REQUIRED,0.68818286,0.79163765,False,False
LAB2-B-0296,dofetilide,silent_plausible_substitution,review required,qwen2.5-3b,deterministic_rules,approved,REVIEW_REQUIRED,0.67002761,0.70830994,False,False
LAB2-B-0296,dofetilide,silent_plausible_substitution,review required,qwen2.5-3b,mcp_access_only,review required,REVIEW_REQUIRED,0.67002761,0.70830994,False,False
LAB2-B-0296,dofetilide,silent_plausible_substitution,review required,qwen2.5-3b,confidence_abstention,review required,REVIEW_REQUIRED,0.67002761,0.70830994,False,False
LAB2-B-0296,dofetilide,silent_plausible_substitution,review required,qwen2.5-3b,mcp_governed,review required,REVIEW_REQUIRED,0.67002761,0.70830994,False,False
LAB2-B-0297,dofetilide,silent_plausible_substitution,review required,qwen2.5-3b,deterministic_rules,approved,REVIEW_REQUIRED,0.64182901,0.58331143,False,False
LAB2-B-0297,dofetilide,silent_plausible_substitution,review required,qwen2.5-3b,mcp_access_only,review required,REVIEW_REQUIRED,0.64182901,0.58331143,False,False
LAB2-B-0297,dofetilide,silent_plausible_substitution,review required,qwen2.5-3b,confidence_abstention,review required,REVIEW_REQUIRED,0.64182901,0.58331143,False,False
LAB2-B-0297,dofetilide,silent_plausible_substitution,review required,qwen2.5-3b,mcp_governed,review required,REVIEW_REQUIRED,0.64182901,0.58331143,False,False
LAB2-B-0298,dofetilide,silent_plausible_substitution,review required,qwen2.5-3b,deterministic_rules,approved,REVIEW_REQUIRED,0.58256391,0.33330744,False,False
LAB2-B-0298,dofetilide,silent_plausible_substitution,review required,qwen2.5-3b,mcp_access_only,review required,REVIEW_REQUIRED,0.58256391,0.33330744,False,False
LAB2-B-0298,dofetilide,silent_plausible_substitution,review required,qwen2.5-3b,confidence_abstention,review required,REVIEW_REQUIRED,0.58256391,0.33330744,False,False
LAB2-B-0298,dofetilide,silent_plausible_substitution,review required,qwen2.5-3b,mcp_governed,review required,REVIEW_REQUIRED,0.58256391,0.33330744,False,False
LAB2-B-0299,dofetilide,silent_plausible_substitution,review required,qwen2.5-3b,deterministic_rules,approved,APPROVED,0.47917253,0.08335813,False,False
LAB2-B-0299,dofetilide,silent_plausible_substitution,review required,qwen2.5-3b,mcp_access_only,approved,APPROVED,0.47917253,0.08335813,False,False
LAB2-B-0299,dofetilide,silent_plausible_substitution,review required,qwen2.5-3b,confidence_abstention,review required,APPROVED,0.47917253,0.08335813,True,False
LAB2-B-0299,dofetilide,silent_plausible_substitution,review required,qwen2.5-3b,mcp_governed,approved,APPROVED,0.47917253,0.08335813,False,False
LAB2-B-0300,dofetilide,silent_plausible_substitution,review required,qwen2.5-3b,deterministic_rules,approved,APPROVED,0.47917172,0.08336134,False,False
LAB2-B-0300,dofetilide,silent_plausible_substitution,review required,qwen2.5-3b,mcp_access_only,approved,APPROVED,0.47917172,0.08336134,False,False
LAB2-B-0300,dofetilide,silent_plausible_substitution,review required,qwen2.5-3b,confidence_abstention,review required,APPROVED,0.47917172,0.08336134,True,False
LAB2-B-0300,dofetilide,silent_plausible_substitution,review required,qwen2.5-3b,mcp_governed,approved,APPROVED,0.47917172,0.08336134,False,False
LAB2-B-0349,spironolactone,silent_plausible_substitution,review required,qwen2.5-3b,deterministic_rules,approved,REVIEW_REQUIRED,0.76254925,1.16670688,False,False
LAB2-B-0349,spironolactone,silent_plausible_substitution,review required,qwen2.5-3b,mcp_access_only,review required,REVIEW_REQUIRED,0.76254925,1.16670688,False,False
LAB2-B-0349,spironolactone,silent_plausible_substitution,review required,qwen2.5-3b,confidence_abstention,review required,REVIEW_REQUIRED,0.76254925,1.16670688,False,False
LAB2-B-0349,spironolactone,silent_plausible_substitution,review required,qwen2.5-3b,mcp_governed,review required,REVIEW_REQUIRED,0.76254925,1.16670688,False,False
LAB2-B-0350,spironolactone,silent_plausible_substitution,review required,qwen2.5-3b,deterministic_rules,approved,REVIEW_REQUIRED,0.75492289,1.12504273,False,False
LAB2-B-0350,spironolactone,silent_plausible_substitution,review required,qwen2.5-3b,mcp_access_only,review required,REVIEW_REQUIRED,0.75492289,1.12504273,False,False
LAB2-B-0350,spironolactone,silent_plausible_substitution,review required,qwen2.5-3b,confidence_abstention,review required,REVIEW_REQUIRED,0.75492289,1.12504273,False,False
LAB2-B-0350,spironolactone,silent_plausible_substitution,review required,qwen2.5-3b,mcp_governed,review required,REVIEW_REQUIRED,0.75492289,1.12504273,False,False
LAB2-B-0351,spironolactone,silent_plausible_substitution,review required,qwen2.5-3b,deterministic_rules,approved,REVIEW_REQUIRED,0.76255339,1.1667297,False,False
LAB2-B-0351,spironolactone,silent_plausible_substitution,review required,qwen2.5-3b,mcp_access_only,review required,REVIEW_REQUIRED,0.76255339,1.1667297,False,False
LAB2-B-0351,spironolactone,silent_plausible_substitution,review required,qwen2.5-3b,confidence_abstention,review required,REVIEW_REQUIRED,0.76255339,1.1667297,False,False
LAB2-B-0351,spironolactone,silent_plausible_substitution,review required,qwen2.5-3b,mcp_governed,review required,REVIEW_REQUIRED,0.76255339,1.1667297,False,False
LAB2-B-0352,spironolactone,silent_plausible_substitution,review required,qwen2.5-3b,deterministic_rules,approved,REVIEW_REQUIRED,0.77730623,1.25003681,False,False
LAB2-B-0352,spironolactone,silent_plausible_substitution,review required,qwen2.5-3b,mcp_access_only,review required,REVIEW_REQUIRED,0.77730623,1.25003681,False,False
LAB2-B-0352,spironolactone,silent_plausible_substitution,review required,qwen2.5-3b,confidence_abstention,review required,REVIEW_REQUIRED,0.77730623,1.25003681,False,False
LAB2-B-0352,spironolactone,silent_plausible_substitution,review required,qwen2.5-3b,mcp_governed,review required,REVIEW_REQUIRED,0.77730623,1.25003681,False,False
LAB2-B-0353,spironolactone,silent_plausible_substitution,review required,qwen2.5-3b,deterministic_rules,approved,REVIEW_REQUIRED,0.73918081,1.04171517,False,False
LAB2-B-0353,spironolactone,silent_plausible_substitution,review required,qwen2.5-3b,mcp_access_only,review required,REVIEW_REQUIRED,0.73918081,1.04171517,False,False
LAB2-B-0353,spironolactone,silent_plausible_substitution,review required,qwen2.5-3b,confidence_abstention,review required,REVIEW_REQUIRED,0.73918081,1.04171517,False,False
LAB2-B-0353,spironolactone,silent_plausible_substitution,review required,qwen2.5-3b,mcp_governed,review required,REVIEW_REQUIRED,0.73918081,1.04171517,False,False
LAB2-B-0354,spironolactone,silent_plausible_substitution,review required,qwen2.5-3b,deterministic_rules,approved,REVIEW_REQUIRED,0.68819761,0.79170638,False,False
LAB2-B-0354,spironolactone,silent_plausible_substitution,review required,qwen2.5-3b,mcp_access_only,review required,REVIEW_REQUIRED,0.68819761,0.79170638,False,False
LAB2-B-0354,spironolactone,silent_plausible_substitution,review required,qwen2.5-3b,confidence_abstention,review required,REVIEW_REQUIRED,0.68819761,0.79170638,False,False
LAB2-B-0354,spironolactone,silent_plausible_substitution,review required,qwen2.5-3b,mcp_governed,review required,REVIEW_REQUIRED,0.68819761,0.79170638,False,False
LAB2-B-0355,spironolactone,silent_plausible_substitution,review required,qwen2.5-3b,deterministic_rules,approved,REVIEW_REQUIRED,0.73106934,1.00005472,False,False
LAB2-B-0355,spironolactone,silent_plausible_substitution,review required,qwen2.5-3b,mcp_access_only,review required,REVIEW_REQUIRED,0.73106934,1.00005472,False,False
LAB2-B-0355,spironolactone,silent_plausible_substitution,review required,qwen2.5-3b,confidence_abstention,review required,REVIEW_REQUIRED,0.73106934,1.00005472,False,False
LAB2-B-0355,spironolactone,silent_plausible_substitution,review required,qwen2.5-3b,mcp_governed,review required,REVIEW_REQUIRED,0.73106934,1.00005472,False,False
LAB2-B-0356,spironolactone,silent_plausible_substitution,review required,qwen2.5-3b,deterministic_rules,approved,REVIEW_REQUIRED,0.7057945,0.87504561,False,False
LAB2-B-0356,spironolactone,silent_plausible_substitution,review required,qwen2.5-3b,mcp_access_only,review required,REVIEW_REQUIRED,0.7057945,0.87504561,False,False
LAB2-B-0356,spironolactone,silent_plausible_substitution,review required,qwen2.5-3b,confidence_abstention,review required,REVIEW_REQUIRED,0.7057945,0.87504561,False,False
LAB2-B-0356,spironolactone,silent_plausible_substitution,review required,qwen2.5-3b,mcp_governed,review required,REVIEW_REQUIRED,0.7057945,0.87504561,False,False
LAB2-B-0357,spironolactone,silent_plausible_substitution,review required,qwen2.5-3b,deterministic_rules,approved,REVIEW_REQUIRED,0.67918612,0.75003404,False,False
LAB2-B-0357,spironolactone,silent_plausible_substitution,review required,qwen2.5-3b,mcp_access_only,review required,REVIEW_REQUIRED,0.67918612,0.75003404,False,False
LAB2-B-0357,spironolactone,silent_plausible_substitution,review required,qwen2.5-3b,confidence_abstention,review required,REVIEW_REQUIRED,0.67918612,0.75003404,False,False
LAB2-B-0357,spironolactone,silent_plausible_substitution,review required,qwen2.5-3b,mcp_governed,review required,REVIEW_REQUIRED,0.67918612,0.75003404,False,False
LAB2-B-0358,spironolactone,silent_plausible_substitution,review required,qwen2.5-3b,deterministic_rules,approved,REVIEW_REQUIRED,0.70578943,0.8750212,False,False
LAB2-B-0358,spironolactone,silent_plausible_substitution,review required,qwen2.5-3b,mcp_access_only,review required,REVIEW_REQUIRED,0.70578943,0.8750212,False,False
LAB2-B-0358,spironolactone,silent_plausible_substitution,review required,qwen2.5-3b,confidence_abstention,review required,REVIEW_REQUIRED,0.70578943,0.8750212,False,False
LAB2-B-0358,spironolactone,silent_plausible_substitution,review required,qwen2.5-3b,mcp_governed,review required,REVIEW_REQUIRED,0.70578943,0.8750212,False,False
LAB2-B-0359,spironolactone,silent_plausible_substitution,review required,qwen2.5-3b,deterministic_rules,approved,REVIEW_REQUIRED,0.64183904,0.58335508,False,False
LAB2-B-0359,spironolactone,silent_plausible_substitution,review required,qwen2.5-3b,mcp_access_only,review required,REVIEW_REQUIRED,0.64183904,0.58335508,False,False
LAB2-B-0359,spironolactone,silent_plausible_substitution,review required,qwen2.5-3b,confidence_abstention,review required,REVIEW_REQUIRED,0.64183904,0.58335508,False,False
LAB2-B-0359,spironolactone,silent_plausible_substitution,review required,qwen2.5-3b,mcp_governed,review required,REVIEW_REQUIRED,0.64183904,0.58335508,False,False
LAB2-B-0360,spironolactone,silent_plausible_substitution,review required,qwen2.5-3b,deterministic_rules,approved,REVIEW_REQUIRED,0.72279499,0.9583683,False,False
LAB2-B-0360,spironolactone,silent_plausible_substitution,review required,qwen2.5-3b,mcp_access_only,review required,REVIEW_REQUIRED,0.72279499,0.9583683,False,False
LAB2-B-0360,spironolactone,silent_plausible_substitution,review required,qwen2.5-3b,confidence_abstention,review required,REVIEW_REQUIRED,0.72279499,0.9583683,False,False
LAB2-B-0360,spironolactone,silent_plausible_substitution,review required,qwen2.5-3b,mcp_governed,review required,REVIEW_REQUIRED,0.72279499,0.9583683,False,False
LAB2-B-0409,clozapine,silent_plausible_substitution,review required,qwen2.5-3b,deterministic_rules,approved,REVIEW_REQUIRED,0.89721549,2.16666141,False,False
LAB2-B-0409,clozapine,silent_plausible_substitution,review required,qwen2.5-3b,mcp_access_only,review required,REVIEW_REQUIRED,0.89721549,2.16666141,False,False
LAB2-B-0409,clozapine,silent_plausible_substitution,review required,qwen2.5-3b,confidence_abstention,review required,REVIEW_REQUIRED,0.89721549,2.16666141,False,False
LAB2-B-0409,clozapine,silent_plausible_substitution,review required,qwen2.5-3b,mcp_governed,review required,REVIEW_REQUIRED,0.89721549,2.16666141,False,False
LAB2-B-0410,clozapine,silent_plausible_substitution,review required,qwen2.5-3b,deterministic_rules,approved,REVIEW_REQUIRED,0.92116896,2.45833671,False,False
LAB2-B-0410,clozapine,silent_plausible_substitution,review required,qwen2.5-3b,mcp_access_only,review required,REVIEW_REQUIRED,0.92116896,2.45833671,False,False
LAB2-B-0410,clozapine,silent_plausible_substitution,review required,qwen2.5-3b,confidence_abstention,review required,REVIEW_REQUIRED,0.92116896,2.45833671,False,False
LAB2-B-0410,clozapine,silent_plausible_substitution,review required,qwen2.5-3b,mcp_governed,review required,REVIEW_REQUIRED,0.92116896,2.45833671,False,False
LAB2-B-0411,clozapine,silent_plausible_substitution,review required,qwen2.5-3b,deterministic_rules,approved,REVIEW_REQUIRED,0.90818533,2.29167635,False,False
LAB2-B-0411,clozapine,silent_plausible_substitution,review required,qwen2.5-3b,mcp_access_only,review required,REVIEW_REQUIRED,0.90818533,2.29167635,False,False
LAB2-B-0411,clozapine,silent_plausible_substitution,review required,qwen2.5-3b,confidence_abstention,review required,REVIEW_REQUIRED,0.90818533,2.29167635,False,False
LAB2-B-0411,clozapine,silent_plausible_substitution,review required,qwen2.5-3b,mcp_governed,review required,REVIEW_REQUIRED,0.90818533,2.29167635,False,False
LAB2-B-0412,clozapine,silent_plausible_substitution,review required,qwen2.5-3b,deterministic_rules,approved,REVIEW_REQUIRED,0.87176732,1.91667616,False,False
LAB2-B-0412,clozapine,silent_plausible_substitution,review required,qwen2.5-3b,mcp_access_only,review required,REVIEW_REQUIRED,0.87176732,1.91667616,False,False
LAB2-B-0412,clozapine,silent_plausible_substitution,review required,qwen2.5-3b,confidence_abstention,review required,REVIEW_REQUIRED,0.87176732,1.91667616,False,False
LAB2-B-0412,clozapine,silent_plausible_substitution,review required,qwen2.5-3b,mcp_governed,review required,REVIEW_REQUIRED,0.87176732,1.91667616,False,False
LAB2-B-0413,clozapine,silent_plausible_substitution,review required,qwen2.5-3b,deterministic_rules,approved,REVIEW_REQUIRED,0.89330852,2.12499069,False,False
LAB2-B-0413,clozapine,silent_plausible_substitution,review required,qwen2.5-3b,mcp_access_only,review required,REVIEW_REQUIRED,0.89330852,2.12499069,False,False
LAB2-B-0413,clozapine,silent_plausible_substitution,review required,qwen2.5-3b,confidence_abstention,review required,REVIEW_REQUIRED,0.89330852,2.12499069,False,False
LAB2-B-0413,clozapine,silent_plausible_substitution,review required,qwen2.5-3b,mcp_governed,review required,REVIEW_REQUIRED,0.89330852,2.12499069,False,False
LAB2-B-0414,clozapine,silent_plausible_substitution,review required,qwen2.5-3b,deterministic_rules,approved,REVIEW_REQUIRED,0.80481378,1.41665684,False,False
LAB2-B-0414,clozapine,silent_plausible_substitution,review required,qwen2.5-3b,mcp_access_only,review required,REVIEW_REQUIRED,0.80481378,1.41665684,False,False
LAB2-B-0414,clozapine,silent_plausible_substitution,review required,qwen2.5-3b,confidence_abstention,review required,REVIEW_REQUIRED,0.80481378,1.41665684,False,False
LAB2-B-0414,clozapine,silent_plausible_substitution,review required,qwen2.5-3b,mcp_governed,review required,REVIEW_REQUIRED,0.80481378,1.41665684,False,False
LAB2-B-0415,clozapine,silent_plausible_substitution,review required,qwen2.5-3b,deterministic_rules,approved,REVIEW_REQUIRED,0.86703501,1.87499348,False,False
LAB2-B-0415,clozapine,silent_plausible_substitution,review required,qwen2.5-3b,mcp_access_only,review required,REVIEW_REQUIRED,0.86703501,1.87499348,False,False
LAB2-B-0415,clozapine,silent_plausible_substitution,review required,qwen2.5-3b,confidence_abstention,review required,REVIEW_REQUIRED,0.86703501,1.87499348,False,False
LAB2-B-0415,clozapine,silent_plausible_substitution,review required,qwen2.5-3b,mcp_governed,review required,REVIEW_REQUIRED,0.86703501,1.87499348,False,False
LAB2-B-0416,clozapine,silent_plausible_substitution,review required,qwen2.5-3b,deterministic_rules,approved,REVIEW_REQUIRED,0.80481259,1.41664927,False,False
LAB2-B-0416,clozapine,silent_plausible_substitution,review required,qwen2.5-3b,mcp_access_only,review required,REVIEW_REQUIRED,0.80481259,1.41664927,False,False
LAB2-B-0416,clozapine,silent_plausible_substitution,review required,qwen2.5-3b,confidence_abstention,review required,REVIEW_REQUIRED,0.80481259,1.41664927,False,False
LAB2-B-0416,clozapine,silent_plausible_substitution,review required,qwen2.5-3b,mcp_governed,review required,REVIEW_REQUIRED,0.80481259,1.41664927,False,False
LAB2-B-0417,clozapine,silent_plausible_substitution,review required,qwen2.5-3b,deterministic_rules,approved,REVIEW_REQUIRED,0.64182962,0.58331409,False,False
LAB2-B-0417,clozapine,silent_plausible_substitution,review required,qwen2.5-3b,mcp_access_only,review required,REVIEW_REQUIRED,0.64182962,0.58331409,False,False
LAB2-B-0417,clozapine,silent_plausible_substitution,review required,qwen2.5-3b,confidence_abstention,review required,REVIEW_REQUIRED,0.64182962,0.58331409,False,False
LAB2-B-0417,clozapine,silent_plausible_substitution,review required,qwen2.5-3b,mcp_governed,review required,REVIEW_REQUIRED,0.64182962,0.58331409,False,False
LAB2-B-0418,clozapine,silent_plausible_substitution,review required,qwen2.5-3b,deterministic_rules,approved,REVIEW_REQUIRED,0.75491215,1.12498464,False,False
LAB2-B-0418,clozapine,silent_plausible_substitution,review required,qwen2.5-3b,mcp_access_only,review required,REVIEW_REQUIRED,0.75491215,1.12498464,False,False
LAB2-B-0418,clozapine,silent_plausible_substitution,review required,qwen2.5-3b,confidence_abstention,review required,REVIEW_REQUIRED,0.75491215,1.12498464,False,False
LAB2-B-0418,clozapine,silent_plausible_substitution,review required,qwen2.5-3b,mcp_governed,review required,REVIEW_REQUIRED,0.75491215,1.12498464,False,False
LAB2-B-0419,clozapine,silent_plausible_substitution,review required,qwen2.5-3b,deterministic_rules,approved,REVIEW_REQUIRED,0.60268164,0.41665121,False,False
LAB2-B-0419,clozapine,silent_plausible_substitution,review required,qwen2.5-3b,mcp_access_only,review required,REVIEW_REQUIRED,0.60268164,0.41665121,False,False
LAB2-B-0419,clozapine,silent_plausible_substitution,review required,qwen2.5-3b,confidence_abstention,review required,REVIEW_REQUIRED,0.60268164,0.41665121,False,False
LAB2-B-0419,clozapine,silent_plausible_substitution,review required,qwen2.5-3b,mcp_governed,review required,REVIEW_REQUIRED,0.60268164,0.41665121,False,False
LAB2-B-0420,clozapine,silent_plausible_substitution,review required,qwen2.5-3b,deterministic_rules,approved,REVIEW_REQUIRED,0.77000178,1.20832125,False,False
LAB2-B-0420,clozapine,silent_plausible_substitution,review required,qwen2.5-3b,mcp_access_only,review required,REVIEW_REQUIRED,0.77000178,1.20832125,False,False
LAB2-B-0420,clozapine,silent_plausible_substitution,review required,qwen2.5-3b,confidence_abstention,review required,REVIEW_REQUIRED,0.77000178,1.20832125,False,False
LAB2-B-0420,clozapine,silent_plausible_substitution,review required,qwen2.5-3b,mcp_governed,review required,REVIEW_REQUIRED,0.77000178,1.20832125,False,False
LAB2-B-0469,heparin,silent_plausible_substitution,review required,qwen2.5-3b,deterministic_rules,review required,REVIEW_REQUIRED,0.95791289,3.12501527,False,False
LAB2-B-0469,heparin,silent_plausible_substitution,review required,qwen2.5-3b,mcp_access_only,review required,REVIEW_REQUIRED,0.95791289,3.12501527,False,False
LAB2-B-0469,heparin,silent_plausible_substitution,review required,qwen2.5-3b,confidence_abstention,review required,REVIEW_REQUIRED,0.95791289,3.12501527,False,False
LAB2-B-0469,heparin,silent_plausible_substitution,review required,qwen2.5-3b,mcp_governed,review required,REVIEW_REQUIRED,0.95791289,3.12501527,False,False
LAB2-B-0470,heparin,silent_plausible_substitution,review required,qwen2.5-3b,deterministic_rules,review required,REVIEW_REQUIRED,0.96822284,3.41671455,False,False
LAB2-B-0470,heparin,silent_plausible_substitution,review required,qwen2.5-3b,mcp_access_only,review required,REVIEW_REQUIRED,0.96822284,3.41671455,False,False
LAB2-B-0470,heparin,silent_plausible_substitution,review required,qwen2.5-3b,confidence_abstention,review required,REVIEW_REQUIRED,0.96822284,3.41671455,False,False
LAB2-B-0470,heparin,silent_plausible_substitution,review required,qwen2.5-3b,mcp_governed,review required,REVIEW_REQUIRED,0.96822284,3.41671455,False,False
LAB2-B-0471,heparin,silent_plausible_substitution,review required,qwen2.5-3b,deterministic_rules,review required,REVIEW_REQUIRED,0.97185189,3.54172313,False,False
LAB2-B-0471,heparin,silent_plausible_substitution,review required,qwen2.5-3b,mcp_access_only,review required,REVIEW_REQUIRED,0.97185189,3.54172313,False,False
LAB2-B-0471,heparin,silent_plausible_substitution,review required,qwen2.5-3b,confidence_abstention,review required,REVIEW_REQUIRED,0.97185189,3.54172313,False,False
LAB2-B-0471,heparin,silent_plausible_substitution,review required,qwen2.5-3b,mcp_governed,review required,REVIEW_REQUIRED,0.97185189,3.54172313,False,False
LAB2-B-0472,heparin,silent_plausible_substitution,review required,qwen2.5-3b,deterministic_rules,review required,REVIEW_REQUIRED,0.96555559,3.3333571,False,False
LAB2-B-0472,heparin,silent_plausible_substitution,review required,qwen2.5-3b,mcp_access_only,review required,REVIEW_REQUIRED,0.96555559,3.3333571,False,False
LAB2-B-0472,heparin,silent_plausible_substitution,review required,qwen2.5-3b,confidence_abstention,review required,REVIEW_REQUIRED,0.96555559,3.3333571,False,False
LAB2-B-0472,heparin,silent_plausible_substitution,review required,qwen2.5-3b,mcp_governed,review required,REVIEW_REQUIRED,0.96555559,3.3333571,False,False
LAB2-B-0473,heparin,silent_plausible_substitution,review required,qwen2.5-3b,deterministic_rules,review required,REVIEW_REQUIRED,0.9682232,3.41672615,False,False
LAB2-B-0473,heparin,silent_plausible_substitution,review required,qwen2.5-3b,mcp_access_only,review required,REVIEW_REQUIRED,0.9682232,3.41672615,False,False
LAB2-B-0473,heparin,silent_plausible_substitution,review required,qwen2.5-3b,confidence_abstention,review required,REVIEW_REQUIRED,0.9682232,3.41672615,False,False
LAB2-B-0473,heparin,silent_plausible_substitution,review required,qwen2.5-3b,mcp_governed,review required,REVIEW_REQUIRED,0.9682232,3.41672615,False,False
LAB2-B-0474,heparin,silent_plausible_substitution,review required,qwen2.5-3b,deterministic_rules,review required,REVIEW_REQUIRED,0.96414334,3.29171066,False,False
LAB2-B-0474,heparin,silent_plausible_substitution,review required,qwen2.5-3b,mcp_access_only,review required,REVIEW_REQUIRED,0.96414334,3.29171066,False,False
LAB2-B-0474,heparin,silent_plausible_substitution,review required,qwen2.5-3b,confidence_abstention,review required,REVIEW_REQUIRED,0.96414334,3.29171066,False,False
LAB2-B-0474,heparin,silent_plausible_substitution,review required,qwen2.5-3b,mcp_governed,review required,REVIEW_REQUIRED,0.96414334,3.29171066,False,False
LAB2-B-0475,heparin,silent_plausible_substitution,review required,qwen2.5-3b,deterministic_rules,review required,REVIEW_REQUIRED,0.96114912,3.20839894,False,False
LAB2-B-0475,heparin,silent_plausible_substitution,review required,qwen2.5-3b,mcp_access_only,review required,REVIEW_REQUIRED,0.96114912,3.20839894,False,False
LAB2-B-0475,heparin,silent_plausible_substitution,review required,qwen2.5-3b,confidence_abstention,review required,REVIEW_REQUIRED,0.96114912,3.20839894,False,False
LAB2-B-0475,heparin,silent_plausible_substitution,review required,qwen2.5-3b,mcp_governed,review required,REVIEW_REQUIRED,0.96114912,3.20839894,False,False
LAB2-B-0476,heparin,silent_plausible_substitution,review required,qwen2.5-3b,deterministic_rules,review required,REVIEW_REQUIRED,0.96414339,3.29171197,False,False
LAB2-B-0476,heparin,silent_plausible_substitution,review required,qwen2.5-3b,mcp_access_only,review required,REVIEW_REQUIRED,0.96414339,3.29171197,False,False
LAB2-B-0476,heparin,silent_plausible_substitution,review required,qwen2.5-3b,confidence_abstention,review required,REVIEW_REQUIRED,0.96414339,3.29171197,False,False
LAB2-B-0476,heparin,silent_plausible_substitution,review required,qwen2.5-3b,mcp_governed,review required,REVIEW_REQUIRED,0.96414339,3.29171197,False,False
LAB2-B-0477,heparin,silent_plausible_substitution,review required,qwen2.5-3b,deterministic_rules,review required,REVIEW_REQUIRED,0.9611481,3.20837152,False,False
LAB2-B-0477,heparin,silent_plausible_substitution,review required,qwen2.5-3b,mcp_access_only,review required,REVIEW_REQUIRED,0.9611481,3.20837152,False,False
LAB2-B-0477,heparin,silent_plausible_substitution,review required,qwen2.5-3b,confidence_abstention,review required,REVIEW_REQUIRED,0.9611481,3.20837152,False,False
LAB2-B-0477,heparin,silent_plausible_substitution,review required,qwen2.5-3b,mcp_governed,review required,REVIEW_REQUIRED,0.9611481,3.20837152,False,False
LAB2-B-0478,heparin,silent_plausible_substitution,review required,qwen2.5-3b,deterministic_rules,review required,REVIEW_REQUIRED,0.96822337,3.41673183,False,False
LAB2-B-0478,heparin,silent_plausible_substitution,review required,qwen2.5-3b,mcp_access_only,review required,REVIEW_REQUIRED,0.96822337,3.41673183,False,False
LAB2-B-0478,heparin,silent_plausible_substitution,review required,qwen2.5-3b,confidence_abstention,review required,REVIEW_REQUIRED,0.96822337,3.41673183,False,False
LAB2-B-0478,heparin,silent_plausible_substitution,review required,qwen2.5-3b,mcp_governed,review required,REVIEW_REQUIRED,0.96822337,3.41673183,False,False
LAB2-B-0479,heparin,silent_plausible_substitution,review required,qwen2.5-3b,deterministic_rules,review required,REVIEW_REQUIRED,0.96691579,3.37505531,False,False
LAB2-B-0479,heparin,silent_plausible_substitution,review required,qwen2.5-3b,mcp_access_only,review required,REVIEW_REQUIRED,0.96691579,3.37505531,False,False
LAB2-B-0479,heparin,silent_plausible_substitution,review required,qwen2.5-3b,confidence_abstention,review required,REVIEW_REQUIRED,0.96691579,3.37505531,False,False
LAB2-B-0479,heparin,silent_plausible_substitution,review required,qwen2.5-3b,mcp_governed,review required,REVIEW_REQUIRED,0.96691579,3.37505531,False,False
LAB2-B-0480,heparin,silent_plausible_substitution,review required,qwen2.5-3b,deterministic_rules,review required,REVIEW_REQUIRED,0.95620196,3.08338011,False,False
LAB2-B-0480,heparin,silent_plausible_substitution,review required,qwen2.5-3b,mcp_access_only,review required,REVIEW_REQUIRED,0.95620196,3.08338011,False,False
LAB2-B-0480,heparin,silent_plausible_substitution,review required,qwen2.5-3b,confidence_abstention,review required,REVIEW_REQUIRED,0.95620196,3.08338011,False,False
LAB2-B-0480,heparin,silent_plausible_substitution,review required,qwen2.5-3b,mcp_governed,review required,REVIEW_REQUIRED,0.95620196,3.08338011,False,False
LAB2-B-0529,lithium carbonate,silent_plausible_substitution,review required,qwen2.5-3b,deterministic_rules,approved,REVIEW_REQUIRED,0.68818806,0.79166191,False,False
LAB2-B-0529,lithium carbonate,silent_plausible_substitution,review required,qwen2.5-3b,mcp_access_only,review required,REVIEW_REQUIRED,0.68818806,0.79166191,False,False
LAB2-B-0529,lithium carbonate,silent_plausible_substitution,review required,qwen2.5-3b,confidence_abstention,review required,REVIEW_REQUIRED,0.68818806,0.79166191,False,False
LAB2-B-0529,lithium carbonate,silent_plausible_substitution,review required,qwen2.5-3b,mcp_governed,review required,REVIEW_REQUIRED,0.68818806,0.79166191,False,False
LAB2-B-0530,lithium carbonate,silent_plausible_substitution,review required,qwen2.5-3b,deterministic_rules,approved,REVIEW_REQUIRED,0.66075495,0.66666032,False,False
LAB2-B-0530,lithium carbonate,silent_plausible_substitution,review required,qwen2.5-3b,mcp_access_only,review required,REVIEW_REQUIRED,0.66075495,0.66666032,False,False
LAB2-B-0530,lithium carbonate,silent_plausible_substitution,review required,qwen2.5-3b,confidence_abstention,review required,REVIEW_REQUIRED,0.66075495,0.66666032,False,False
LAB2-B-0530,lithium carbonate,silent_plausible_substitution,review required,qwen2.5-3b,mcp_governed,review required,REVIEW_REQUIRED,0.66075495,0.66666032,False,False
LAB2-B-0531,lithium carbonate,silent_plausible_substitution,review required,qwen2.5-3b,deterministic_rules,approved,REVIEW_REQUIRED,0.66075338,0.66665333,False,False
LAB2-B-0531,lithium carbonate,silent_plausible_substitution,review required,qwen2.5-3b,mcp_access_only,review required,REVIEW_REQUIRED,0.66075338,0.66665333,False,False
LAB2-B-0531,lithium carbonate,silent_plausible_substitution,review required,qwen2.5-3b,confidence_abstention,review required,REVIEW_REQUIRED,0.66075338,0.66665333,False,False
LAB2-B-0531,lithium carbonate,silent_plausible_substitution,review required,qwen2.5-3b,mcp_governed,review required,REVIEW_REQUIRED,0.66075338,0.66665333,False,False
LAB2-B-0532,lithium carbonate,silent_plausible_substitution,review required,qwen2.5-3b,deterministic_rules,approved,REVIEW_REQUIRED,0.58256683,0.33331944,False,False
LAB2-B-0532,lithium carbonate,silent_plausible_substitution,review required,qwen2.5-3b,mcp_access_only,review required,REVIEW_REQUIRED,0.58256683,0.33331944,False,False
LAB2-B-0532,lithium carbonate,silent_plausible_substitution,review required,qwen2.5-3b,confidence_abstention,review required,REVIEW_REQUIRED,0.58256683,0.33331944,False,False
LAB2-B-0532,lithium carbonate,silent_plausible_substitution,review required,qwen2.5-3b,mcp_governed,review required,REVIEW_REQUIRED,0.58256683,0.33331944,False,False
LAB2-B-0533,lithium carbonate,silent_plausible_substitution,review required,qwen2.5-3b,deterministic_rules,approved,REVIEW_REQUIRED,0.60268233,0.41665411,False,False
LAB2-B-0533,lithium carbonate,silent_plausible_substitution,review required,qwen2.5-3b,mcp_access_only,review required,REVIEW_REQUIRED,0.60268233,0.41665411,False,False
LAB2-B-0533,lithium carbonate,silent_plausible_substitution,review required,qwen2.5-3b,confidence_abstention,review required,REVIEW_REQUIRED,0.60268233,0.41665411,False,False
LAB2-B-0533,lithium carbonate,silent_plausible_substitution,review required,qwen2.5-3b,mcp_governed,review required,REVIEW_REQUIRED,0.60268233,0.41665411,False,False
LAB2-B-0534,lithium carbonate,silent_plausible_substitution,review required,qwen2.5-3b,deterministic_rules,approved,REVIEW_REQUIRED,0.60268282,0.41665616,False,False
LAB2-B-0534,lithium carbonate,silent_plausible_substitution,review required,qwen2.5-3b,mcp_access_only,review required,REVIEW_REQUIRED,0.60268282,0.41665616,False,False
LAB2-B-0534,lithium carbonate,silent_plausible_substitution,review required,qwen2.5-3b,confidence_abstention,review required,REVIEW_REQUIRED,0.60268282,0.41665616,False,False
LAB2-B-0534,lithium carbonate,silent_plausible_substitution,review required,qwen2.5-3b,mcp_governed,review required,REVIEW_REQUIRED,0.60268282,0.41665616,False,False
LAB2-B-0535,lithium carbonate,silent_plausible_substitution,review required,qwen2.5-3b,deterministic_rules,approved,REVIEW_REQUIRED,0.76254168,1.16666506,False,False
LAB2-B-0535,lithium carbonate,silent_plausible_substitution,review required,qwen2.5-3b,mcp_access_only,review required,REVIEW_REQUIRED,0.76254168,1.16666506,False,False
LAB2-B-0535,lithium carbonate,silent_plausible_substitution,review required,qwen2.5-3b,confidence_abstention,review required,REVIEW_REQUIRED,0.76254168,1.16666506,False,False
LAB2-B-0535,lithium carbonate,silent_plausible_substitution,review required,qwen2.5-3b,mcp_governed,review required,REVIEW_REQUIRED,0.76254168,1.16666506,False,False
LAB2-B-0536,lithium carbonate,silent_plausible_substitution,review required,qwen2.5-3b,deterministic_rules,approved,REVIEW_REQUIRED,0.70578812,0.8750149,False,False
LAB2-B-0536,lithium carbonate,silent_plausible_substitution,review required,qwen2.5-3b,mcp_access_only,review required,REVIEW_REQUIRED,0.70578812,0.8750149,False,False
LAB2-B-0536,lithium carbonate,silent_plausible_substitution,review required,qwen2.5-3b,confidence_abstention,review required,REVIEW_REQUIRED,0.70578812,0.8750149,False,False
LAB2-B-0536,lithium carbonate,silent_plausible_substitution,review required,qwen2.5-3b,mcp_governed,review required,REVIEW_REQUIRED,0.70578812,0.8750149,False,False
LAB2-B-0537,lithium carbonate,silent_plausible_substitution,review required,qwen2.5-3b,deterministic_rules,approved,REVIEW_REQUIRED,0.71436381,0.91667341,False,False
LAB2-B-0537,lithium carbonate,silent_plausible_substitution,review required,qwen2.5-3b,mcp_access_only,review required,REVIEW_REQUIRED,0.71436381,0.91667341,False,False
LAB2-B-0537,lithium carbonate,silent_plausible_substitution,review required,qwen2.5-3b,confidence_abstention,review required,REVIEW_REQUIRED,0.71436381,0.91667341,False,False
LAB2-B-0537,lithium carbonate,silent_plausible_substitution,review required,qwen2.5-3b,mcp_governed,review required,REVIEW_REQUIRED,0.71436381,0.91667341,False,False
LAB2-B-0538,lithium carbonate,silent_plausible_substitution,review required,qwen2.5-3b,deterministic_rules,approved,REVIEW_REQUIRED,0.67003514,0.70834399,False,False
LAB2-B-0538,lithium carbonate,silent_plausible_substitution,review required,qwen2.5-3b,mcp_access_only,review required,REVIEW_REQUIRED,0.67003514,0.70834399,False,False
LAB2-B-0538,lithium carbonate,silent_plausible_substitution,review required,qwen2.5-3b,confidence_abstention,review required,REVIEW_REQUIRED,0.67003514,0.70834399,False,False
LAB2-B-0538,lithium carbonate,silent_plausible_substitution,review required,qwen2.5-3b,mcp_governed,review required,REVIEW_REQUIRED,0.67003514,0.70834399,False,False
LAB2-B-0539,lithium carbonate,silent_plausible_substitution,review required,qwen2.5-3b,deterministic_rules,approved,REVIEW_REQUIRED,0.69706132,0.83334298,False,False
LAB2-B-0539,lithium carbonate,silent_plausible_substitution,review required,qwen2.5-3b,mcp_access_only,review required,REVIEW_REQUIRED,0.69706132,0.83334298,False,False
LAB2-B-0539,lithium carbonate,silent_plausible_substitution,review required,qwen2.5-3b,confidence_abstention,review required,REVIEW_REQUIRED,0.69706132,0.83334298,False,False
LAB2-B-0539,lithium carbonate,silent_plausible_substitution,review required,qwen2.5-3b,mcp_governed,review required,REVIEW_REQUIRED,0.69706132,0.83334298,False,False
LAB2-B-0540,lithium carbonate,silent_plausible_substitution,review required,qwen2.5-3b,deterministic_rules,approved,REVIEW_REQUIRED,0.70578804,0.87501449,False,False
LAB2-B-0540,lithium carbonate,silent_plausible_substitution,review required,qwen2.5-3b,mcp_access_only,review required,REVIEW_REQUIRED,0.70578804,0.87501449,False,False
LAB2-B-0540,lithium carbonate,silent_plausible_substitution,review required,qwen2.5-3b,confidence_abstention,review required,REVIEW_REQUIRED,0.70578804,0.87501449,False,False
LAB2-B-0540,lithium carbonate,silent_plausible_substitution,review required,qwen2.5-3b,mcp_governed,review required,REVIEW_REQUIRED,0.70578804,0.87501449,False,False
LAB2-B-0589,linezolid,silent_plausible_substitution,review required,qwen2.5-3b,deterministic_rules,approved,REVIEW_REQUIRED,0.94445218,2.83336083,False,False
LAB2-B-0589,linezolid,silent_plausible_substitution,review required,qwen2.5-3b,mcp_access_only,review required,REVIEW_REQUIRED,0.94445218,2.83336083,False,False
LAB2-B-0589,linezolid,silent_plausible_substitution,review required,qwen2.5-3b,confidence_abstention,review required,REVIEW_REQUIRED,0.94445218,2.83336083,False,False
LAB2-B-0589,linezolid,silent_plausible_substitution,review required,qwen2.5-3b,mcp_governed,review required,REVIEW_REQUIRED,0.94445218,2.83336083,False,False
LAB2-B-0590,linezolid,silent_plausible_substitution,review required,qwen2.5-3b,deterministic_rules,approved,REVIEW_REQUIRED,0.94222478,2.79168392,False,False
LAB2-B-0590,linezolid,silent_plausible_substitution,review required,qwen2.5-3b,mcp_access_only,review required,REVIEW_REQUIRED,0.94222478,2.79168392,False,False
LAB2-B-0590,linezolid,silent_plausible_substitution,review required,qwen2.5-3b,confidence_abstention,review required,REVIEW_REQUIRED,0.94222478,2.79168392,False,False
LAB2-B-0590,linezolid,silent_plausible_substitution,review required,qwen2.5-3b,mcp_governed,review required,REVIEW_REQUIRED,0.94222478,2.79168392,False,False
LAB2-B-0591,linezolid,silent_plausible_substitution,review required,qwen2.5-3b,deterministic_rules,approved,REVIEW_REQUIRED,0.9422239,2.79166778,False,False
LAB2-B-0591,linezolid,silent_plausible_substitution,review required,qwen2.5-3b,mcp_access_only,review required,REVIEW_REQUIRED,0.9422239,2.79166778,False,False
LAB2-B-0591,linezolid,silent_plausible_substitution,review required,qwen2.5-3b,confidence_abstention,review required,REVIEW_REQUIRED,0.9422239,2.79166778,False,False
LAB2-B-0591,linezolid,silent_plausible_substitution,review required,qwen2.5-3b,mcp_governed,review required,REVIEW_REQUIRED,0.9422239,2.79166778,False,False
LAB2-B-0592,linezolid,silent_plausible_substitution,review required,qwen2.5-3b,deterministic_rules,approved,REVIEW_REQUIRED,0.93245399,2.62501084,False,False
LAB2-B-0592,linezolid,silent_plausible_substitution,review required,qwen2.5-3b,mcp_access_only,review required,REVIEW_REQUIRED,0.93245399,2.62501084,False,False
LAB2-B-0592,linezolid,silent_plausible_substitution,review required,qwen2.5-3b,confidence_abstention,review required,REVIEW_REQUIRED,0.93245399,2.62501084,False,False
LAB2-B-0592,linezolid,silent_plausible_substitution,review required,qwen2.5-3b,mcp_governed,review required,REVIEW_REQUIRED,0.93245399,2.62501084,False,False
LAB2-B-0593,linezolid,silent_plausible_substitution,review required,qwen2.5-3b,deterministic_rules,approved,REVIEW_REQUIRED,0.93991393,2.75001021,False,False
LAB2-B-0593,linezolid,silent_plausible_substitution,review required,qwen2.5-3b,mcp_access_only,review required,REVIEW_REQUIRED,0.93991393,2.75001021,False,False
LAB2-B-0593,linezolid,silent_plausible_substitution,review required,qwen2.5-3b,confidence_abstention,review required,REVIEW_REQUIRED,0.93991393,2.75001021,False,False
LAB2-B-0593,linezolid,silent_plausible_substitution,review required,qwen2.5-3b,mcp_governed,review required,REVIEW_REQUIRED,0.93991393,2.75001021,False,False
LAB2-B-0594,linezolid,silent_plausible_substitution,review required,qwen2.5-3b,deterministic_rules,approved,REVIEW_REQUIRED,0.96555558,3.33335656,False,False
LAB2-B-0594,linezolid,silent_plausible_substitution,review required,qwen2.5-3b,mcp_access_only,review required,REVIEW_REQUIRED,0.96555558,3.33335656,False,False
LAB2-B-0594,linezolid,silent_plausible_substitution,review required,qwen2.5-3b,confidence_abstention,review required,REVIEW_REQUIRED,0.96555558,3.33335656,False,False
LAB2-B-0594,linezolid,silent_plausible_substitution,review required,qwen2.5-3b,mcp_governed,review required,REVIEW_REQUIRED,0.96555558,3.33335656,False,False
LAB2-B-0595,linezolid,silent_plausible_substitution,review required,qwen2.5-3b,deterministic_rules,approved,REVIEW_REQUIRED,0.95257509,3.00002124,False,False
LAB2-B-0595,linezolid,silent_plausible_substitution,review required,qwen2.5-3b,mcp_access_only,review required,REVIEW_REQUIRED,0.95257509,3.00002124,False,False
LAB2-B-0595,linezolid,silent_plausible_substitution,review required,qwen2.5-3b,confidence_abstention,review required,REVIEW_REQUIRED,0.95257509,3.00002124,False,False
LAB2-B-0595,linezolid,silent_plausible_substitution,review required,qwen2.5-3b,mcp_governed,review required,REVIEW_REQUIRED,0.95257509,3.00002124,False,False
LAB2-B-0596,linezolid,silent_plausible_substitution,review required,qwen2.5-3b,deterministic_rules,approved,REVIEW_REQUIRED,0.96267374,3.25001742,False,False
LAB2-B-0596,linezolid,silent_plausible_substitution,review required,qwen2.5-3b,mcp_access_only,review required,REVIEW_REQUIRED,0.96267374,3.25001742,False,False
LAB2-B-0596,linezolid,silent_plausible_substitution,review required,qwen2.5-3b,confidence_abstention,review required,REVIEW_REQUIRED,0.96267374,3.25001742,False,False
LAB2-B-0596,linezolid,silent_plausible_substitution,review required,qwen2.5-3b,mcp_governed,review required,REVIEW_REQUIRED,0.96267374,3.25001742,False,False
LAB2-B-0597,linezolid,silent_plausible_substitution,review required,qwen2.5-3b,deterministic_rules,approved,REVIEW_REQUIRED,0.954422,3.04168072,False,False
LAB2-B-0597,linezolid,silent_plausible_substitution,review required,qwen2.5-3b,mcp_access_only,review required,REVIEW_REQUIRED,0.954422,3.04168072,False,False
LAB2-B-0597,linezolid,silent_plausible_substitution,review required,qwen2.5-3b,confidence_abstention,review required,REVIEW_REQUIRED,0.954422,3.04168072,False,False
LAB2-B-0597,linezolid,silent_plausible_substitution,review required,qwen2.5-3b,mcp_governed,review required,REVIEW_REQUIRED,0.954422,3.04168072,False,False
LAB2-B-0598,linezolid,silent_plausible_substitution,review required,qwen2.5-3b,deterministic_rules,approved,REVIEW_REQUIRED,0.94659706,2.87500775,False,False
LAB2-B-0598,linezolid,silent_plausible_substitution,review required,qwen2.5-3b,mcp_access_only,review required,REVIEW_REQUIRED,0.94659706,2.87500775,False,False
LAB2-B-0598,linezolid,silent_plausible_substitution,review required,qwen2.5-3b,confidence_abstention,review required,REVIEW_REQUIRED,0.94659706,2.87500775,False,False
LAB2-B-0598,linezolid,silent_plausible_substitution,review required,qwen2.5-3b,mcp_governed,review required,REVIEW_REQUIRED,0.94659706,2.87500775,False,False
LAB2-B-0599,linezolid,silent_plausible_substitution,review required,qwen2.5-3b,deterministic_rules,approved,REVIEW_REQUIRED,0.94445141,2.83334617,False,False
LAB2-B-0599,linezolid,silent_plausible_substitution,review required,qwen2.5-3b,mcp_access_only,review required,REVIEW_REQUIRED,0.94445141,2.83334617,False,False
LAB2-B-0599,linezolid,silent_plausible_substitution,review required,qwen2.5-3b,confidence_abstention,review required,REVIEW_REQUIRED,0.94445141,2.83334617,False,False
LAB2-B-0599,linezolid,silent_plausible_substitution,review required,qwen2.5-3b,mcp_governed,review required,REVIEW_REQUIRED,0.94445141,2.83334617,False,False
LAB2-B-0600,linezolid,silent_plausible_substitution,review required,qwen2.5-3b,deterministic_rules,approved,REVIEW_REQUIRED,0.93991406,2.75001264,False,False
LAB2-B-0600,linezolid,silent_plausible_substitution,review required,qwen2.5-3b,mcp_access_only,review required,REVIEW_REQUIRED,0.93991406,2.75001264,False,False
LAB2-B-0600,linezolid,silent_plausible_substitution,review required,qwen2.5-3b,confidence_abstention,review required,REVIEW_REQUIRED,0.93991406,2.75001264,False,False
LAB2-B-0600,linezolid,silent_plausible_substitution,review required,qwen2.5-3b,mcp_governed,review required,REVIEW_REQUIRED,0.93991406,2.75001264,False,False
LAB2-B-0649,divalproex sodium,silent_plausible_substitution,review required,qwen2.5-3b,deterministic_rules,approved,REVIEW_REQUIRED,0.92116749,2.45831635,False,False
LAB2-B-0649,divalproex sodium,silent_plausible_substitution,review required,qwen2.5-3b,mcp_access_only,review required,REVIEW_REQUIRED,0.92116749,2.45831635,False,False
LAB2-B-0649,divalproex sodium,silent_plausible_substitution,review required,qwen2.5-3b,confidence_abstention,review required,REVIEW_REQUIRED,0.92116749,2.45831635,False,False
LAB2-B-0649,divalproex sodium,silent_plausible_substitution,review required,qwen2.5-3b,mcp_governed,review required,REVIEW_REQUIRED,0.92116749,2.45831635,False,False
LAB2-B-0650,divalproex sodium,silent_plausible_substitution,review required,qwen2.5-3b,deterministic_rules,approved,REVIEW_REQUIRED,0.81757039,1.4999726,False,False
LAB2-B-0650,divalproex sodium,silent_plausible_substitution,review required,qwen2.5-3b,mcp_access_only,review required,REVIEW_REQUIRED,0.81757039,1.4999726,False,False
LAB2-B-0650,divalproex sodium,silent_plausible_substitution,review required,qwen2.5-3b,confidence_abstention,review required,REVIEW_REQUIRED,0.81757039,1.4999726,False,False
LAB2-B-0650,divalproex sodium,silent_plausible_substitution,review required,qwen2.5-3b,mcp_governed,review required,REVIEW_REQUIRED,0.81757039,1.4999726,False,False
LAB2-B-0651,divalproex sodium,silent_plausible_substitution,review required,qwen2.5-3b,deterministic_rules,approved,REVIEW_REQUIRED,0.84112792,1.6666444,False,False
LAB2-B-0651,divalproex sodium,silent_plausible_substitution,review required,qwen2.5-3b,mcp_access_only,review required,REVIEW_REQUIRED,0.84112792,1.6666444,False,False
LAB2-B-0651,divalproex sodium,silent_plausible_substitution,review required,qwen2.5-3b,confidence_abstention,review required,REVIEW_REQUIRED,0.84112792,1.6666444,False,False
LAB2-B-0651,divalproex sodium,silent_plausible_substitution,review required,qwen2.5-3b,mcp_governed,review required,REVIEW_REQUIRED,0.84112792,1.6666444,False,False
LAB2-B-0652,divalproex sodium,silent_plausible_substitution,review required,qwen2.5-3b,deterministic_rules,approved,REVIEW_REQUIRED,0.91808824,2.41665091,False,False
LAB2-B-0652,divalproex sodium,silent_plausible_substitution,review required,qwen2.5-3b,mcp_access_only,review required,REVIEW_REQUIRED,0.91808824,2.41665091,False,False
LAB2-B-0652,divalproex sodium,silent_plausible_substitution,review required,qwen2.5-3b,confidence_abstention,review required,REVIEW_REQUIRED,0.91808824,2.41665091,False,False
LAB2-B-0652,divalproex sodium,silent_plausible_substitution,review required,qwen2.5-3b,mcp_governed,review required,REVIEW_REQUIRED,0.91808824,2.41665091,False,False
LAB2-B-0653,divalproex sodium,silent_plausible_substitution,review required,qwen2.5-3b,deterministic_rules,approved,REVIEW_REQUIRED,0.84661789,1.70831722,False,False
LAB2-B-0653,divalproex sodium,silent_plausible_substitution,review required,qwen2.5-3b,mcp_access_only,review required,REVIEW_REQUIRED,0.84661789,1.70831722,False,False
LAB2-B-0653,divalproex sodium,silent_plausible_substitution,review required,qwen2.5-3b,confidence_abstention,review required,REVIEW_REQUIRED,0.84661789,1.70831722,False,False
LAB2-B-0653,divalproex sodium,silent_plausible_substitution,review required,qwen2.5-3b,mcp_governed,review required,REVIEW_REQUIRED,0.84661789,1.70831722,False,False
LAB2-B-0654,divalproex sodium,silent_plausible_substitution,review required,qwen2.5-3b,deterministic_rules,approved,REVIEW_REQUIRED,0.81127366,1.4583074,False,False
LAB2-B-0654,divalproex sodium,silent_plausible_substitution,review required,qwen2.5-3b,mcp_access_only,review required,REVIEW_REQUIRED,0.81127366,1.4583074,False,False
LAB2-B-0654,divalproex sodium,silent_plausible_substitution,review required,qwen2.5-3b,confidence_abstention,review required,REVIEW_REQUIRED,0.81127366,1.4583074,False,False
LAB2-B-0654,divalproex sodium,silent_plausible_substitution,review required,qwen2.5-3b,mcp_governed,review required,REVIEW_REQUIRED,0.81127366,1.4583074,False,False
LAB2-B-0655,divalproex sodium,silent_plausible_substitution,review required,qwen2.5-3b,deterministic_rules,approved,REVIEW_REQUIRED,0.84112795,1.66664461,False,False
LAB2-B-0655,divalproex sodium,silent_plausible_substitution,review required,qwen2.5-3b,mcp_access_only,review required,REVIEW_REQUIRED,0.84112795,1.66664461,False,False
LAB2-B-0655,divalproex sodium,silent_plausible_substitution,review required,qwen2.5-3b,confidence_abstention,review required,REVIEW_REQUIRED,0.84112795,1.66664461,False,False
LAB2-B-0655,divalproex sodium,silent_plausible_substitution,review required,qwen2.5-3b,mcp_governed,review required,REVIEW_REQUIRED,0.84112795,1.66664461,False,False
LAB2-B-0656,divalproex sodium,silent_plausible_substitution,review required,qwen2.5-3b,deterministic_rules,approved,REVIEW_REQUIRED,0.86215568,1.83331091,False,False
LAB2-B-0656,divalproex sodium,silent_plausible_substitution,review required,qwen2.5-3b,mcp_access_only,review required,REVIEW_REQUIRED,0.86215568,1.83331091,False,False
LAB2-B-0656,divalproex sodium,silent_plausible_substitution,review required,qwen2.5-3b,confidence_abstention,review required,REVIEW_REQUIRED,0.86215568,1.83331091,False,False
LAB2-B-0656,divalproex sodium,silent_plausible_substitution,review required,qwen2.5-3b,mcp_governed,review required,REVIEW_REQUIRED,0.86215568,1.83331091,False,False
LAB2-B-0657,divalproex sodium,silent_plausible_substitution,review required,qwen2.5-3b,deterministic_rules,approved,REVIEW_REQUIRED,0.88927055,2.08331167,False,False
LAB2-B-0657,divalproex sodium,silent_plausible_substitution,review required,qwen2.5-3b,mcp_access_only,review required,REVIEW_REQUIRED,0.88927055,2.08331167,False,False
LAB2-B-0657,divalproex sodium,silent_plausible_substitution,review required,qwen2.5-3b,confidence_abstention,review required,REVIEW_REQUIRED,0.88927055,2.08331167,False,False
LAB2-B-0657,divalproex sodium,silent_plausible_substitution,review required,qwen2.5-3b,mcp_governed,review required,REVIEW_REQUIRED,0.88927055,2.08331167,False,False
LAB2-B-0658,divalproex sodium,silent_plausible_substitution,review required,qwen2.5-3b,deterministic_rules,approved,REVIEW_REQUIRED,0.82370394,1.54164645,False,False
LAB2-B-0658,divalproex sodium,silent_plausible_substitution,review required,qwen2.5-3b,mcp_access_only,review required,REVIEW_REQUIRED,0.82370394,1.54164645,False,False
LAB2-B-0658,divalproex sodium,silent_plausible_substitution,review required,qwen2.5-3b,confidence_abstention,review required,REVIEW_REQUIRED,0.82370394,1.54164645,False,False
LAB2-B-0658,divalproex sodium,silent_plausible_substitution,review required,qwen2.5-3b,mcp_governed,review required,REVIEW_REQUIRED,0.82370394,1.54164645,False,False
LAB2-B-0659,divalproex sodium,silent_plausible_substitution,review required,qwen2.5-3b,deterministic_rules,approved,REVIEW_REQUIRED,0.82967323,1.58331318,False,False
LAB2-B-0659,divalproex sodium,silent_plausible_substitution,review required,qwen2.5-3b,mcp_access_only,review required,REVIEW_REQUIRED,0.82967323,1.58331318,False,False
LAB2-B-0659,divalproex sodium,silent_plausible_substitution,review required,qwen2.5-3b,confidence_abstention,review required,REVIEW_REQUIRED,0.82967323,1.58331318,False,False
LAB2-B-0659,divalproex sodium,silent_plausible_substitution,review required,qwen2.5-3b,mcp_governed,review required,REVIEW_REQUIRED,0.82967323,1.58331318,False,False
LAB2-B-0660,divalproex sodium,silent_plausible_substitution,review required,qwen2.5-3b,deterministic_rules,approved,REVIEW_REQUIRED,0.80481279,1.41665053,False,False
LAB2-B-0660,divalproex sodium,silent_plausible_substitution,review required,qwen2.5-3b,mcp_access_only,review required,REVIEW_REQUIRED,0.80481279,1.41665053,False,False
LAB2-B-0660,divalproex sodium,silent_plausible_substitution,review required,qwen2.5-3b,confidence_abstention,review required,REVIEW_REQUIRED,0.80481279,1.41665053,False,False
LAB2-B-0660,divalproex sodium,silent_plausible_substitution,review required,qwen2.5-3b,mcp_governed,review required,REVIEW_REQUIRED,0.80481279,1.41665053,False,False
