pair_id,group_id,set_id,drug,section,severity,expert_label,rule_text,indicator_text,indicator_value,rule_has_numeric,rule_has_comparator,rule_has_unit,indicator_is_numeric,lexical_overlap,rule_has_negation,section_is_interaction,section_is_contraindication,section_is_dosage,severity_is_high,clause_count_scaled,token_count_scaled
PUB-0001,ff94f90abeedc0dc,0002ad27-779d-42ab-83b5-bc65453412a1,TRAMETINIB,Dosage and Administration,moderate,ExpertA,2.2 Recommended Dosage MEKINIST Tablets Adult Patients The recommended dosage for MEKINIST tablets in adult patients is 2 mg orally taken once daily [see Dosage and Administration (2.3)] .,Total Cholesterol 209.5 mg/dL,209.5,1.0,0.0,1.0,1.0,0.04,0.0,0.0,0.0,1.0,0.0,0.16666666666666666,0.16666666666666666
PUB-0002,ff94f90abeedc0dc,0002ad27-779d-42ab-83b5-bc65453412a1,TRAMETINIB,Dosage and Administration,moderate,ExpertA,2.2 Recommended Dosage MEKINIST Tablets Adult Patients The recommended dosage for MEKINIST tablets in adult patients is 2 mg orally taken once daily [see Dosage and Administration (2.3)] .,Triglycerides 198.3 mg/dL,198.3,1.0,0.0,1.0,1.0,0.08695652173913043,0.0,0.0,0.0,1.0,0.0,0.16666666666666666,0.16666666666666666
PUB-0003,ff94f90abeedc0dc,0002ad27-779d-42ab-83b5-bc65453412a1,TRAMETINIB,Dosage and Administration,moderate,ExpertA,2.2 Recommended Dosage MEKINIST Tablets Adult Patients The recommended dosage for MEKINIST tablets in adult patients is 2 mg orally taken once daily [see Dosage and Administration (2.3)] .,Low Density Lipoprotein Cholesterol 112.5 mg/dL,112.5,1.0,0.0,1.0,1.0,0.037037037037037035,0.0,0.0,0.0,1.0,0.0,0.16666666666666666,0.16666666666666666
PUB-0004,ff94f90abeedc0dc,0002ad27-779d-42ab-83b5-bc65453412a1,TRAMETINIB,Dosage and Administration,moderate,ExpertA,2.2 Recommended Dosage MEKINIST Tablets Adult Patients The recommended dosage for MEKINIST tablets in adult patients is 2 mg orally taken once daily [see Dosage and Administration (2.3)] .,High Density Lipoprotein Cholesterol 57.4 mg/dL,57.4,1.0,0.0,1.0,1.0,0.037037037037037035,0.0,0.0,0.0,1.0,0.0,0.16666666666666666,0.16666666666666666
PUB-0005,5135a3662b1a2f69,002d4c7e-b94e-49b6-8554-0aa0c60d5bde,unknown,Dosage and Administration,moderate,ExpertA,Adjunctive Therapy Valproic acid capsules may be added to the patient's regimen at a dosage of 10 to 15 mg/kg/day.,Pain severity - 0-10 verbal numeric rating [Score] - Reported 0.0 {score},0.0,1.0,0.0,1.0,1.0,0.03333333333333333,0.0,0.0,0.0,1.0,0.0,0.08333333333333333,0.18333333333333332
PUB-0006,5135a3662b1a2f69,002d4c7e-b94e-49b6-8554-0aa0c60d5bde,unknown,Dosage and Administration,moderate,ExpertA,Adjunctive Therapy Valproic acid capsules may be added to the patient's regimen at a dosage of 10 to 15 mg/kg/day.,Body Weight 74.6 kg,74.6,1.0,0.0,1.0,1.0,0.038461538461538464,0.0,0.0,0.0,1.0,0.0,0.08333333333333333,0.18333333333333332
PUB-0007,5135a3662b1a2f69,002d4c7e-b94e-49b6-8554-0aa0c60d5bde,unknown,Dosage and Administration,moderate,ExpertA,Adjunctive Therapy Valproic acid capsules may be added to the patient's regimen at a dosage of 10 to 15 mg/kg/day.,Body Mass Index 27.2 kg/m2,27.2,1.0,0.0,1.0,1.0,0.03571428571428571,0.0,0.0,0.0,1.0,0.0,0.08333333333333333,0.18333333333333332
PUB-0008,5135a3662b1a2f69,002d4c7e-b94e-49b6-8554-0aa0c60d5bde,unknown,Dosage and Administration,moderate,ExpertA,Adjunctive Therapy Valproic acid capsules may be added to the patient's regimen at a dosage of 10 to 15 mg/kg/day.,Diastolic Blood Pressure 78.0 mm[Hg],78.0,1.0,0.0,1.0,1.0,0.0,0.0,0.0,0.0,1.0,0.0,0.08333333333333333,0.18333333333333332
PUB-0009,6743cef7ab9fd051,0030ffac-183a-472c-95b8-f93b4195de04,ROPINIROLE,Dosage and Administration,moderate,ExpertA,2.2 Dosing for Parkinson's Disease The recommended starting dose of ropinirole tablets for Parkinson’s disease is 0.25 mg 3 times daily.,Potassium 4.7 mmol/L,4.7,1.0,0.0,1.0,1.0,0.0,0.0,0.0,0.0,1.0,0.0,0.08333333333333333,0.16666666666666666
PUB-0010,6743cef7ab9fd051,0030ffac-183a-472c-95b8-f93b4195de04,ROPINIROLE,Dosage and Administration,moderate,ExpertA,2.2 Dosing for Parkinson's Disease The recommended starting dose of ropinirole tablets for Parkinson’s disease is 0.25 mg 3 times daily.,Chloride 108.1 mmol/L,108.1,1.0,0.0,1.0,1.0,0.0,0.0,0.0,0.0,1.0,0.0,0.08333333333333333,0.16666666666666666
PUB-0011,6743cef7ab9fd051,0030ffac-183a-472c-95b8-f93b4195de04,ROPINIROLE,Dosage and Administration,moderate,ExpertA,2.2 Dosing for Parkinson's Disease The recommended starting dose of ropinirole tablets for Parkinson’s disease is 0.25 mg 3 times daily.,Carbon Dioxide 23.2 mmol/L,23.2,1.0,0.0,1.0,1.0,0.04,0.0,0.0,0.0,1.0,0.0,0.08333333333333333,0.16666666666666666
PUB-0012,6743cef7ab9fd051,0030ffac-183a-472c-95b8-f93b4195de04,ROPINIROLE,Dosage and Administration,moderate,ExpertA,2.2 Dosing for Parkinson's Disease The recommended starting dose of ropinirole tablets for Parkinson’s disease is 0.25 mg 3 times daily.,Glomerular filtration rate/1.73 sq M.predicted 27.5 mL/min,27.5,1.0,0.0,1.0,1.0,0.0,0.0,0.0,0.0,1.0,0.0,0.08333333333333333,0.16666666666666666
PUB-0013,ac252293dc60b882,000dde4b-1d94-442f-94c0-26e283e04d88,unknown,Dosage and Administration,moderate,ExpertA,Use of OXYCONTIN as the First Opioid Analgesic Initiate treatment with OXYCONTIN with one 10 mg tablet orally every 12 hours.,MCH [Entitic mass] by Automated count 29.4 pg,29.4,1.0,1.0,1.0,1.0,0.0,0.0,0.0,0.0,1.0,0.0,0.08333333333333333,0.15833333333333333
PUB-0014,ac252293dc60b882,000dde4b-1d94-442f-94c0-26e283e04d88,unknown,Dosage and Administration,moderate,ExpertA,Use of OXYCONTIN as the First Opioid Analgesic Initiate treatment with OXYCONTIN with one 10 mg tablet orally every 12 hours.,MCHC [Mass/volume] by Automated count 36.0 g/dL,36.0,1.0,1.0,1.0,1.0,0.0,0.0,0.0,0.0,1.0,0.0,0.08333333333333333,0.15833333333333333
PUB-0015,ac252293dc60b882,000dde4b-1d94-442f-94c0-26e283e04d88,unknown,Dosage and Administration,moderate,ExpertA,Use of OXYCONTIN as the First Opioid Analgesic Initiate treatment with OXYCONTIN with one 10 mg tablet orally every 12 hours.,Erythrocyte distribution width [Entitic volume] by Automated count 41.6 fL,41.6,1.0,1.0,1.0,1.0,0.0,0.0,0.0,0.0,1.0,0.0,0.08333333333333333,0.15833333333333333
PUB-0016,ac252293dc60b882,000dde4b-1d94-442f-94c0-26e283e04d88,unknown,Dosage and Administration,moderate,ExpertA,Use of OXYCONTIN as the First Opioid Analgesic Initiate treatment with OXYCONTIN with one 10 mg tablet orally every 12 hours.,Platelets [#/volume] in Blood by Automated count 247.1 10*3/uL,247.1,1.0,1.0,1.0,1.0,0.03333333333333333,0.0,0.0,0.0,1.0,0.0,0.08333333333333333,0.15833333333333333
PUB-0017,344a0b4e23bb16a9,001d050d-f488-4d67-8457-36fef148f546,unknown,Dosage and Administration,moderate,ExpertA,"Hemodialysis patients should receive 500 mg or 250 mg every 24 hours, depending on severity of the infection.",Head Occipital-frontal circumference 47.8 cm,47.8,1.0,1.0,1.0,1.0,0.0,0.0,0.0,0.0,1.0,0.0,0.25,0.14166666666666666
PUB-0018,344a0b4e23bb16a9,001d050d-f488-4d67-8457-36fef148f546,unknown,Dosage and Administration,moderate,ExpertA,"Hemodialysis patients should receive 500 mg or 250 mg every 24 hours, depending on severity of the infection.",Diastolic Blood Pressure 87.0 mm[Hg],87.0,1.0,1.0,1.0,1.0,0.0,0.0,0.0,0.0,1.0,0.0,0.25,0.14166666666666666
PUB-0019,344a0b4e23bb16a9,001d050d-f488-4d67-8457-36fef148f546,unknown,Dosage and Administration,moderate,ExpertA,"Hemodialysis patients should receive 500 mg or 250 mg every 24 hours, depending on severity of the infection.",Systolic Blood Pressure 131.0 mm[Hg],131.0,1.0,1.0,1.0,1.0,0.0,0.0,0.0,0.0,1.0,0.0,0.25,0.14166666666666666
PUB-0020,344a0b4e23bb16a9,001d050d-f488-4d67-8457-36fef148f546,unknown,Dosage and Administration,moderate,ExpertA,"Hemodialysis patients should receive 500 mg or 250 mg every 24 hours, depending on severity of the infection.",Heart rate 67.0 /min,67.0,1.0,1.0,1.0,1.0,0.0,0.0,0.0,0.0,1.0,0.0,0.25,0.14166666666666666
PUB-0021,78b64534cb410539,00242264-40d8-4267-a91a-727a1f088616,AMPHETAMINE SULFATE,Dosage and Administration,moderate,ExpertA,"In children 6 years of age or older, start with 5 mg once or twice daily; daily dosage may be raised in increments of 5 mg at weekly intervals until optimal response is obtained.",Pain severity - 0-10 verbal numeric rating [Score] - Reported 3.0 {score},3.0,1.0,0.0,1.0,1.0,0.0,0.0,0.0,0.0,1.0,0.0,0.4166666666666667,0.23333333333333334
PUB-0022,78b64534cb410539,00242264-40d8-4267-a91a-727a1f088616,AMPHETAMINE SULFATE,Dosage and Administration,moderate,ExpertA,"In children 6 years of age or older, start with 5 mg once or twice daily; daily dosage may be raised in increments of 5 mg at weekly intervals until optimal response is obtained.",Urea Nitrogen 19.9 mg/dL,19.9,1.0,0.0,1.0,1.0,0.030303030303030304,0.0,0.0,0.0,1.0,0.0,0.4166666666666667,0.23333333333333334
PUB-0023,78b64534cb410539,00242264-40d8-4267-a91a-727a1f088616,AMPHETAMINE SULFATE,Dosage and Administration,moderate,ExpertA,"In children 6 years of age or older, start with 5 mg once or twice daily; daily dosage may be raised in increments of 5 mg at weekly intervals until optimal response is obtained.",Body Weight 110.0 kg,110.0,1.0,0.0,1.0,1.0,0.0,0.0,0.0,0.0,1.0,0.0,0.4166666666666667,0.23333333333333334
PUB-0024,78b64534cb410539,00242264-40d8-4267-a91a-727a1f088616,AMPHETAMINE SULFATE,Dosage and Administration,moderate,ExpertA,"In children 6 years of age or older, start with 5 mg once or twice daily; daily dosage may be raised in increments of 5 mg at weekly intervals until optimal response is obtained.",Creatinine 3.4 mg/dL,3.4,1.0,0.0,1.0,1.0,0.03125,0.0,0.0,0.0,1.0,0.0,0.4166666666666667,0.23333333333333334
PUB-0025,a92bd6e22598cb5a,0029ecd1-a700-46a5-a5f9-c416fb2bb4f0,unknown,Dosage and Administration,moderate,ExpertA,"Use in Epidural Anesthesia: During epidural administration of MARCAINE, 0.5% and 0.75% solutions should be administered in incremental doses of 3 mL to 5 mL with sufficient time between doses to detect toxic manifestations of unintentional intravascular or intrathecal injection.",Respiratory rate 12.0 /min,12.0,1.0,0.0,1.0,1.0,0.02702702702702703,0.0,0.0,0.0,1.0,0.0,0.4166666666666667,0.275
PUB-0026,a92bd6e22598cb5a,0029ecd1-a700-46a5-a5f9-c416fb2bb4f0,unknown,Dosage and Administration,moderate,ExpertA,"Use in Epidural Anesthesia: During epidural administration of MARCAINE, 0.5% and 0.75% solutions should be administered in incremental doses of 3 mL to 5 mL with sufficient time between doses to detect toxic manifestations of unintentional intravascular or intrathecal injection.",Leukocytes [#/volume] in Blood by Automated count 10.1 10*3/uL,10.1,1.0,0.0,1.0,1.0,0.047619047619047616,0.0,0.0,0.0,1.0,0.0,0.4166666666666667,0.275
PUB-0027,a92bd6e22598cb5a,0029ecd1-a700-46a5-a5f9-c416fb2bb4f0,unknown,Dosage and Administration,moderate,ExpertA,"Use in Epidural Anesthesia: During epidural administration of MARCAINE, 0.5% and 0.75% solutions should be administered in incremental doses of 3 mL to 5 mL with sufficient time between doses to detect toxic manifestations of unintentional intravascular or intrathecal injection.",Erythrocytes [#/volume] in Blood by Automated count 4.5 10*6/uL,4.5,1.0,0.0,1.0,1.0,0.046511627906976744,0.0,0.0,0.0,1.0,0.0,0.4166666666666667,0.275
PUB-0028,a92bd6e22598cb5a,0029ecd1-a700-46a5-a5f9-c416fb2bb4f0,unknown,Dosage and Administration,moderate,ExpertA,"Use in Epidural Anesthesia: During epidural administration of MARCAINE, 0.5% and 0.75% solutions should be administered in incremental doses of 3 mL to 5 mL with sufficient time between doses to detect toxic manifestations of unintentional intravascular or intrathecal injection.",Hemoglobin [Mass/volume] in Blood 17.3 g/dL,17.3,1.0,0.0,1.0,1.0,0.05,0.0,0.0,0.0,1.0,0.0,0.4166666666666667,0.275
PUB-0029,26d2c7b8c5d02b01,00327696-c496-4c83-a63e-9e29fd6246d4,ONDANSETRON HYDROCHLORIDE,Dosage and Administration,moderate,ExpertA,"2 DOSAGE AND ADMINISTRATION See full prescribing information for the recommended dosage in adults and pediatrics (2) Patients with severe hepatic impairment: do not exceed a total daily dose of 8 mg ( 2.2 , 8.6 ) 2.1 Dosage The recommended dosage regimens for adult and pediatric patients are described in Table 1 and Table 2, respectively.",QOLS 1.0 {score},1.0,1.0,1.0,1.0,1.0,0.024390243902439025,1.0,0.0,0.0,1.0,0.0,0.6666666666666666,0.31666666666666665
PUB-0030,26d2c7b8c5d02b01,00327696-c496-4c83-a63e-9e29fd6246d4,ONDANSETRON HYDROCHLORIDE,Dosage and Administration,moderate,ExpertA,"2 DOSAGE AND ADMINISTRATION See full prescribing information for the recommended dosage in adults and pediatrics (2) Patients with severe hepatic impairment: do not exceed a total daily dose of 8 mg ( 2.2 , 8.6 ) 2.1 Dosage The recommended dosage regimens for adult and pediatric patients are described in Table 1 and Table 2, respectively.",QOLS 1.0 {score},1.0,1.0,1.0,1.0,1.0,0.024390243902439025,1.0,0.0,0.0,1.0,0.0,0.6666666666666666,0.31666666666666665
PUB-0031,26d2c7b8c5d02b01,00327696-c496-4c83-a63e-9e29fd6246d4,ONDANSETRON HYDROCHLORIDE,Dosage and Administration,moderate,ExpertA,"2 DOSAGE AND ADMINISTRATION See full prescribing information for the recommended dosage in adults and pediatrics (2) Patients with severe hepatic impairment: do not exceed a total daily dose of 8 mg ( 2.2 , 8.6 ) 2.1 Dosage The recommended dosage regimens for adult and pediatric patients are described in Table 1 and Table 2, respectively.",QOLS 1.0 {score},1.0,1.0,1.0,1.0,1.0,0.024390243902439025,1.0,0.0,0.0,1.0,0.0,0.6666666666666666,0.31666666666666665
PUB-0032,26d2c7b8c5d02b01,00327696-c496-4c83-a63e-9e29fd6246d4,ONDANSETRON HYDROCHLORIDE,Dosage and Administration,moderate,ExpertA,"2 DOSAGE AND ADMINISTRATION See full prescribing information for the recommended dosage in adults and pediatrics (2) Patients with severe hepatic impairment: do not exceed a total daily dose of 8 mg ( 2.2 , 8.6 ) 2.1 Dosage The recommended dosage regimens for adult and pediatric patients are described in Table 1 and Table 2, respectively.",QOLS 1.0 {score},1.0,1.0,1.0,1.0,1.0,0.024390243902439025,1.0,0.0,0.0,1.0,0.0,0.6666666666666666,0.31666666666666665
PUB-0033,e2b4b6d020679923,002dd00f-7946-ea4f-e063-6294a90a5916,OLANZAPINE,Dosage and Administration,moderate,ExpertA,"Maintenance Monotherapy — The benefit of maintaining bipolar I patients on monotherapy with oral olanzapine at a dose of 5 mg/day to 20 mg/day, after achieving a responder status for an average duration of 2 weeks, was demonstrated in a controlled trial [see Clinical Studies ( 14.2 )] .",MCHC [Mass/volume] by Automated count 35.6 g/dL,35.6,1.0,0.0,1.0,1.0,0.0,0.0,0.0,0.0,1.0,0.0,0.25,0.3333333333333333
PUB-0034,e2b4b6d020679923,002dd00f-7946-ea4f-e063-6294a90a5916,OLANZAPINE,Dosage and Administration,moderate,ExpertA,"Maintenance Monotherapy — The benefit of maintaining bipolar I patients on monotherapy with oral olanzapine at a dose of 5 mg/day to 20 mg/day, after achieving a responder status for an average duration of 2 weeks, was demonstrated in a controlled trial [see Clinical Studies ( 14.2 )] .",Erythrocyte distribution width [Entitic volume] by Automated count 42.7 fL,42.7,1.0,0.0,1.0,1.0,0.0,0.0,0.0,0.0,1.0,0.0,0.25,0.3333333333333333
PUB-0035,e2b4b6d020679923,002dd00f-7946-ea4f-e063-6294a90a5916,OLANZAPINE,Dosage and Administration,moderate,ExpertA,"Maintenance Monotherapy — The benefit of maintaining bipolar I patients on monotherapy with oral olanzapine at a dose of 5 mg/day to 20 mg/day, after achieving a responder status for an average duration of 2 weeks, was demonstrated in a controlled trial [see Clinical Studies ( 14.2 )] .",Platelets [#/volume] in Blood by Automated count 298.1 10*3/uL,298.1,1.0,0.0,1.0,1.0,0.0196078431372549,0.0,0.0,0.0,1.0,0.0,0.25,0.3333333333333333
PUB-0036,e2b4b6d020679923,002dd00f-7946-ea4f-e063-6294a90a5916,OLANZAPINE,Dosage and Administration,moderate,ExpertA,"Maintenance Monotherapy — The benefit of maintaining bipolar I patients on monotherapy with oral olanzapine at a dose of 5 mg/day to 20 mg/day, after achieving a responder status for an average duration of 2 weeks, was demonstrated in a controlled trial [see Clinical Studies ( 14.2 )] .",Platelet distribution width [Entitic volume] in Blood by Automated count 174.7 fL,174.7,1.0,0.0,1.0,1.0,0.019230769230769232,0.0,0.0,0.0,1.0,0.0,0.25,0.3333333333333333
PUB-0037,19d5e57afd8e3cef,001d050d-f488-4d67-8457-36fef148f546,unknown,Dosage and Administration,moderate,ExpertA,"pylori Infection Triple therapy: The recommended adult oral dose is 1 gram AMOXICILLIN, 500 mg clarithromycin, and 30 mg lansoprazole, all given twice daily (every 12 hours) for 14 days.",Platelets [#/volume] in Blood by Automated count 253.9 10*3/uL,253.9,1.0,1.0,1.0,1.0,0.0,0.0,0.0,0.0,1.0,0.0,0.5,0.24166666666666667
PUB-0038,19d5e57afd8e3cef,001d050d-f488-4d67-8457-36fef148f546,unknown,Dosage and Administration,moderate,ExpertA,"pylori Infection Triple therapy: The recommended adult oral dose is 1 gram AMOXICILLIN, 500 mg clarithromycin, and 30 mg lansoprazole, all given twice daily (every 12 hours) for 14 days.",Platelet distribution width [Entitic volume] in Blood by Automated count 455.5 fL,455.5,1.0,1.0,1.0,1.0,0.0,0.0,0.0,0.0,1.0,0.0,0.5,0.24166666666666667
PUB-0039,19d5e57afd8e3cef,001d050d-f488-4d67-8457-36fef148f546,unknown,Dosage and Administration,moderate,ExpertA,"pylori Infection Triple therapy: The recommended adult oral dose is 1 gram AMOXICILLIN, 500 mg clarithromycin, and 30 mg lansoprazole, all given twice daily (every 12 hours) for 14 days.",Platelet mean volume [Entitic volume] in Blood by Automated count 9.7 fL,9.7,1.0,1.0,1.0,1.0,0.0,0.0,0.0,0.0,1.0,0.0,0.5,0.24166666666666667
PUB-0040,19d5e57afd8e3cef,001d050d-f488-4d67-8457-36fef148f546,unknown,Dosage and Administration,moderate,ExpertA,"pylori Infection Triple therapy: The recommended adult oral dose is 1 gram AMOXICILLIN, 500 mg clarithromycin, and 30 mg lansoprazole, all given twice daily (every 12 hours) for 14 days.",Body Height 171.6 cm,171.6,1.0,1.0,1.0,1.0,0.0,0.0,0.0,0.0,1.0,0.0,0.5,0.24166666666666667
PUB-0041,5f820e28f2be02ce,0031881b-5118-4514-846f-e57cf7cb8b67,unknown,Dosage and Administration,moderate,ExpertA,"An inadequate response to daily doses ≥ 300 mcg/day is rare and may indicate poor compliance, malabsorption, and/or drug interactions.",Chloride 109.2 mmol/L,109.2,1.0,0.0,1.0,1.0,0.0,0.0,0.0,0.0,1.0,0.0,0.5,0.16666666666666666
PUB-0042,5f820e28f2be02ce,0031881b-5118-4514-846f-e57cf7cb8b67,unknown,Dosage and Administration,moderate,ExpertA,"An inadequate response to daily doses ≥ 300 mcg/day is rare and may indicate poor compliance, malabsorption, and/or drug interactions.",Carbon Dioxide 21.0 mmol/L,21.0,1.0,0.0,1.0,1.0,0.0,0.0,0.0,0.0,1.0,0.0,0.5,0.16666666666666666
PUB-0043,5f820e28f2be02ce,0031881b-5118-4514-846f-e57cf7cb8b67,unknown,Dosage and Administration,moderate,ExpertA,"An inadequate response to daily doses ≥ 300 mcg/day is rare and may indicate poor compliance, malabsorption, and/or drug interactions.",Total Cholesterol 172.3 mg/dL,172.3,1.0,0.0,1.0,1.0,0.0,0.0,0.0,0.0,1.0,0.0,0.5,0.16666666666666666
PUB-0044,5f820e28f2be02ce,0031881b-5118-4514-846f-e57cf7cb8b67,unknown,Dosage and Administration,moderate,ExpertA,"An inadequate response to daily doses ≥ 300 mcg/day is rare and may indicate poor compliance, malabsorption, and/or drug interactions.",Triglycerides 124.6 mg/dL,124.6,1.0,0.0,1.0,1.0,0.0,0.0,0.0,0.0,1.0,0.0,0.5,0.16666666666666666
PUB-0045,40ad7115f8845b83,00038c95-b2c8-4245-b671-6af177b3a00e,unknown,Dosage and Administration,moderate,ExpertA,(See CLINICAL STUDIES .) The recommended dose for mycobacterial infections in adults is 500 mg b.i.d.,Body Mass Index 29.1 kg/m2,29.1,1.0,0.0,1.0,1.0,0.0,0.0,0.0,0.0,1.0,0.0,0.08333333333333333,0.14166666666666666
PUB-0046,40ad7115f8845b83,00038c95-b2c8-4245-b671-6af177b3a00e,unknown,Dosage and Administration,moderate,ExpertA,(See CLINICAL STUDIES .) The recommended dose for mycobacterial infections in adults is 500 mg b.i.d.,Diastolic Blood Pressure 72.0 mm[Hg],72.0,1.0,0.0,1.0,1.0,0.0,0.0,0.0,0.0,1.0,0.0,0.08333333333333333,0.14166666666666666
PUB-0047,40ad7115f8845b83,00038c95-b2c8-4245-b671-6af177b3a00e,unknown,Dosage and Administration,moderate,ExpertA,(See CLINICAL STUDIES .) The recommended dose for mycobacterial infections in adults is 500 mg b.i.d.,Systolic Blood Pressure 116.0 mm[Hg],116.0,1.0,0.0,1.0,1.0,0.0,0.0,0.0,0.0,1.0,0.0,0.08333333333333333,0.14166666666666666
PUB-0048,40ad7115f8845b83,00038c95-b2c8-4245-b671-6af177b3a00e,unknown,Dosage and Administration,moderate,ExpertA,(See CLINICAL STUDIES .) The recommended dose for mycobacterial infections in adults is 500 mg b.i.d.,Heart rate 84.0 /min,84.0,1.0,0.0,1.0,1.0,0.0,0.0,0.0,0.0,1.0,0.0,0.08333333333333333,0.14166666666666666
PUB-0049,d1a08169b151cf5f,001714c1-a292-40be-bfbd-0ff67193ace6,unknown,Dosage and Administration,moderate,ExpertA,"Similarly, at least 14 days should be allowed after stopping citalopram HBr before starting an MAOI (see CONTRAINDICATIONS and WARNINGS ).",Triglycerides 148.9 mg/dL,148.9,1.0,1.0,1.0,1.0,0.0,0.0,0.0,0.0,1.0,0.0,0.25,0.16666666666666666
PUB-0050,d1a08169b151cf5f,001714c1-a292-40be-bfbd-0ff67193ace6,unknown,Dosage and Administration,moderate,ExpertA,"Similarly, at least 14 days should be allowed after stopping citalopram HBr before starting an MAOI (see CONTRAINDICATIONS and WARNINGS ).",Low Density Lipoprotein Cholesterol 92.4 mg/dL,92.4,1.0,1.0,1.0,1.0,0.0,0.0,0.0,0.0,1.0,0.0,0.25,0.16666666666666666
PUB-0051,d1a08169b151cf5f,001714c1-a292-40be-bfbd-0ff67193ace6,unknown,Dosage and Administration,moderate,ExpertA,"Similarly, at least 14 days should be allowed after stopping citalopram HBr before starting an MAOI (see CONTRAINDICATIONS and WARNINGS ).",High Density Lipoprotein Cholesterol 61.2 mg/dL,61.2,1.0,1.0,1.0,1.0,0.0,0.0,0.0,0.0,1.0,0.0,0.25,0.16666666666666666
PUB-0052,d1a08169b151cf5f,001714c1-a292-40be-bfbd-0ff67193ace6,unknown,Dosage and Administration,moderate,ExpertA,"Similarly, at least 14 days should be allowed after stopping citalopram HBr before starting an MAOI (see CONTRAINDICATIONS and WARNINGS ).",Body Height 159.4 cm,159.4,1.0,1.0,1.0,1.0,0.0,0.0,0.0,0.0,1.0,0.0,0.25,0.16666666666666666
PUB-0053,54dc34ed329f3f9d,00327696-c496-4c83-a63e-9e29fd6246d4,ONDANSETRON HYDROCHLORIDE,Dosage and Administration,moderate,ExpertA,Then administer 4 mg three times a day for 1 to 2 days after completion of chemotherapy.,Heart rate 67.0 /min,67.0,1.0,0.0,1.0,1.0,0.0,0.0,0.0,0.0,1.0,0.0,0.08333333333333333,0.14166666666666666
PUB-0054,54dc34ed329f3f9d,00327696-c496-4c83-a63e-9e29fd6246d4,ONDANSETRON HYDROCHLORIDE,Dosage and Administration,moderate,ExpertA,Then administer 4 mg three times a day for 1 to 2 days after completion of chemotherapy.,Respiratory rate 14.0 /min,14.0,1.0,0.0,1.0,1.0,0.0,0.0,0.0,0.0,1.0,0.0,0.08333333333333333,0.14166666666666666
PUB-0055,54dc34ed329f3f9d,00327696-c496-4c83-a63e-9e29fd6246d4,ONDANSETRON HYDROCHLORIDE,Dosage and Administration,moderate,ExpertA,Then administer 4 mg three times a day for 1 to 2 days after completion of chemotherapy.,Glucose 66.3 mg/dL,66.3,1.0,0.0,1.0,1.0,0.047619047619047616,0.0,0.0,0.0,1.0,0.0,0.08333333333333333,0.14166666666666666
PUB-0056,54dc34ed329f3f9d,00327696-c496-4c83-a63e-9e29fd6246d4,ONDANSETRON HYDROCHLORIDE,Dosage and Administration,moderate,ExpertA,Then administer 4 mg three times a day for 1 to 2 days after completion of chemotherapy.,Urea Nitrogen 16.1 mg/dL,16.1,1.0,0.0,1.0,1.0,0.09523809523809523,0.0,0.0,0.0,1.0,0.0,0.08333333333333333,0.14166666666666666
PUB-0057,410d58d3eb5b302c,0013c0c8-513a-48f3-a918-5bc1750c96a7,unknown,Dosage and Administration,moderate,ExpertA,"In situations where adherence with daily preventative therapy cannot be assured, 20-30 mg/kg (not to exceed 900 mg) twice weekly under the direct observation of a health care worker at the time of admin- istration 8 .",Hemoglobin A1c/Hemoglobin.total in Blood 6.4 %,6.4,1.0,0.0,1.0,1.0,0.024390243902439025,1.0,0.0,0.0,1.0,0.0,0.16666666666666666,0.2916666666666667
PUB-0058,410d58d3eb5b302c,0013c0c8-513a-48f3-a918-5bc1750c96a7,unknown,Dosage and Administration,moderate,ExpertA,"In situations where adherence with daily preventative therapy cannot be assured, 20-30 mg/kg (not to exceed 900 mg) twice weekly under the direct observation of a health care worker at the time of admin- istration 8 .",Body Height 169.5 cm,169.5,1.0,0.0,1.0,1.0,0.0,1.0,0.0,0.0,1.0,0.0,0.16666666666666666,0.2916666666666667
PUB-0059,410d58d3eb5b302c,0013c0c8-513a-48f3-a918-5bc1750c96a7,unknown,Dosage and Administration,moderate,ExpertA,"In situations where adherence with daily preventative therapy cannot be assured, 20-30 mg/kg (not to exceed 900 mg) twice weekly under the direct observation of a health care worker at the time of admin- istration 8 .",Pain severity - 0-10 verbal numeric rating [Score] - Reported 1.0 {score},1.0,1.0,0.0,1.0,1.0,0.0,1.0,0.0,0.0,1.0,0.0,0.16666666666666666,0.2916666666666667
PUB-0060,410d58d3eb5b302c,0013c0c8-513a-48f3-a918-5bc1750c96a7,unknown,Dosage and Administration,moderate,ExpertA,"In situations where adherence with daily preventative therapy cannot be assured, 20-30 mg/kg (not to exceed 900 mg) twice weekly under the direct observation of a health care worker at the time of admin- istration 8 .",Body Weight 80.1 kg,80.1,1.0,0.0,1.0,1.0,0.02564102564102564,1.0,0.0,0.0,1.0,0.0,0.16666666666666666,0.2916666666666667
PUB-0061,32e02c81faadd45b,00046231-8fab-44a0-b986-9a9dd450881d,unknown,Dosage and Administration,moderate,ExpertA,Failure to respond to doses of 180 mg suggests lack of compliance or malabsorption.,Weight difference [Mass difference] --pre dialysis - post dialysis 4.7 kg,4.7,1.0,0.0,1.0,1.0,0.0,0.0,0.0,0.0,1.0,0.0,0.16666666666666666,0.1
PUB-0062,32e02c81faadd45b,00046231-8fab-44a0-b986-9a9dd450881d,unknown,Dosage and Administration,moderate,ExpertA,Failure to respond to doses of 180 mg suggests lack of compliance or malabsorption.,Pain severity - 0-10 verbal numeric rating [Score] - Reported 3.0 {score},3.0,1.0,0.0,1.0,1.0,0.0,0.0,0.0,0.0,1.0,0.0,0.16666666666666666,0.1
PUB-0063,32e02c81faadd45b,00046231-8fab-44a0-b986-9a9dd450881d,unknown,Dosage and Administration,moderate,ExpertA,Failure to respond to doses of 180 mg suggests lack of compliance or malabsorption.,Body Height 167.2 cm,167.2,1.0,0.0,1.0,1.0,0.0,0.0,0.0,0.0,1.0,0.0,0.16666666666666666,0.1
PUB-0064,32e02c81faadd45b,00046231-8fab-44a0-b986-9a9dd450881d,unknown,Dosage and Administration,moderate,ExpertA,Failure to respond to doses of 180 mg suggests lack of compliance or malabsorption.,Pain severity - 0-10 verbal numeric rating [Score] - Reported 2.0 {score},2.0,1.0,0.0,1.0,1.0,0.0,0.0,0.0,0.0,1.0,0.0,0.16666666666666666,0.1
PUB-0065,d26ced3a722703ef,003181d4-5412-4ffe-b99d-880f2010e3ad,"ASCORBIC ACID, SODIUM FLUORIDE, VITAMIN A AND VITAMIN D",Dosage and Administration,moderate,ExpertA,DOSAGE AND ADMINISTRATION 1.0 mL daily or as directed by physician.,Chloride 105.1 mmol/L,105.1,1.0,0.0,1.0,1.0,0.0625,0.0,0.0,0.0,1.0,0.0,0.25,0.1
PUB-0066,d26ced3a722703ef,003181d4-5412-4ffe-b99d-880f2010e3ad,"ASCORBIC ACID, SODIUM FLUORIDE, VITAMIN A AND VITAMIN D",Dosage and Administration,moderate,ExpertA,DOSAGE AND ADMINISTRATION 1.0 mL daily or as directed by physician.,Carbon Dioxide 23.4 mmol/L,23.4,1.0,0.0,1.0,1.0,0.0,0.0,0.0,0.0,1.0,0.0,0.25,0.1
PUB-0067,d26ced3a722703ef,003181d4-5412-4ffe-b99d-880f2010e3ad,"ASCORBIC ACID, SODIUM FLUORIDE, VITAMIN A AND VITAMIN D",Dosage and Administration,moderate,ExpertA,DOSAGE AND ADMINISTRATION 1.0 mL daily or as directed by physician.,Leukocytes [#/volume] in Blood by Automated count 8.1 10*3/uL,8.1,1.0,0.0,1.0,1.0,0.09090909090909091,0.0,0.0,0.0,1.0,0.0,0.25,0.1
PUB-0068,d26ced3a722703ef,003181d4-5412-4ffe-b99d-880f2010e3ad,"ASCORBIC ACID, SODIUM FLUORIDE, VITAMIN A AND VITAMIN D",Dosage and Administration,moderate,ExpertA,DOSAGE AND ADMINISTRATION 1.0 mL daily or as directed by physician.,Erythrocytes [#/volume] in Blood by Automated count 4.1 10*6/uL,4.1,1.0,0.0,1.0,1.0,0.09090909090909091,0.0,0.0,0.0,1.0,0.0,0.25,0.1
PUB-0069,f565560f47d73c69,00279a31-6a0b-d594-e063-6294a90aacd2,unknown,Dosage and Administration,moderate,ExpertA,"Monitor patients closely for respiratory depression, especially within the first 24-72 hours of initiating therapy and following dosage increases with tramadol hydrochloride tablets and adjust the dosage accordingly [see Warnings and Precautions (5.3)].",Body mass index (BMI) [Percentile] Per age and gender 46.0 %,46.0,1.0,0.0,1.0,1.0,0.024390243902439025,0.0,0.0,0.0,1.0,0.0,0.4166666666666667,0.25833333333333336
PUB-0070,f565560f47d73c69,00279a31-6a0b-d594-e063-6294a90aacd2,unknown,Dosage and Administration,moderate,ExpertA,"Monitor patients closely for respiratory depression, especially within the first 24-72 hours of initiating therapy and following dosage increases with tramadol hydrochloride tablets and adjust the dosage accordingly [see Warnings and Precautions (5.3)].",Diastolic Blood Pressure 85.0 mm[Hg],85.0,1.0,0.0,1.0,1.0,0.0,0.0,0.0,0.0,1.0,0.0,0.4166666666666667,0.25833333333333336
PUB-0071,f565560f47d73c69,00279a31-6a0b-d594-e063-6294a90aacd2,unknown,Dosage and Administration,moderate,ExpertA,"Monitor patients closely for respiratory depression, especially within the first 24-72 hours of initiating therapy and following dosage increases with tramadol hydrochloride tablets and adjust the dosage accordingly [see Warnings and Precautions (5.3)].",Systolic Blood Pressure 115.0 mm[Hg],115.0,1.0,0.0,1.0,1.0,0.0,0.0,0.0,0.0,1.0,0.0,0.4166666666666667,0.25833333333333336
PUB-0072,f565560f47d73c69,00279a31-6a0b-d594-e063-6294a90aacd2,unknown,Dosage and Administration,moderate,ExpertA,"Monitor patients closely for respiratory depression, especially within the first 24-72 hours of initiating therapy and following dosage increases with tramadol hydrochloride tablets and adjust the dosage accordingly [see Warnings and Precautions (5.3)].",Heart rate 62.0 /min,62.0,1.0,0.0,1.0,1.0,0.0,0.0,0.0,0.0,1.0,0.0,0.4166666666666667,0.25833333333333336
PUB-0073,1c5bf4cee407ec53,00309724-5ac7-4e6a-91e2-16087c83402c,unknown,Dosage and Administration,moderate,ExpertA,"( 2.5 ) 2.1 Schizophrenia Adults Dose Selection — Oral olanzapine should be administered on a once-a-day schedule without regard to meals, generally beginning with 5 to 10 mg initially, with a target dose of 10 mg/day within several days.",Body mass index (BMI) [Percentile] Per age and gender 56.7 %,56.7,1.0,0.0,1.0,1.0,0.0,1.0,0.0,0.0,1.0,0.0,0.25,0.26666666666666666
PUB-0074,1c5bf4cee407ec53,00309724-5ac7-4e6a-91e2-16087c83402c,unknown,Dosage and Administration,moderate,ExpertA,"( 2.5 ) 2.1 Schizophrenia Adults Dose Selection — Oral olanzapine should be administered on a once-a-day schedule without regard to meals, generally beginning with 5 to 10 mg initially, with a target dose of 10 mg/day within several days.",Diastolic Blood Pressure 80.0 mm[Hg],80.0,1.0,0.0,1.0,1.0,0.0,1.0,0.0,0.0,1.0,0.0,0.25,0.26666666666666666
PUB-0075,1c5bf4cee407ec53,00309724-5ac7-4e6a-91e2-16087c83402c,unknown,Dosage and Administration,moderate,ExpertA,"( 2.5 ) 2.1 Schizophrenia Adults Dose Selection — Oral olanzapine should be administered on a once-a-day schedule without regard to meals, generally beginning with 5 to 10 mg initially, with a target dose of 10 mg/day within several days.",Systolic Blood Pressure 114.0 mm[Hg],114.0,1.0,0.0,1.0,1.0,0.0,1.0,0.0,0.0,1.0,0.0,0.25,0.26666666666666666
PUB-0076,1c5bf4cee407ec53,00309724-5ac7-4e6a-91e2-16087c83402c,unknown,Dosage and Administration,moderate,ExpertA,"( 2.5 ) 2.1 Schizophrenia Adults Dose Selection — Oral olanzapine should be administered on a once-a-day schedule without regard to meals, generally beginning with 5 to 10 mg initially, with a target dose of 10 mg/day within several days.",Heart rate 85.0 /min,85.0,1.0,0.0,1.0,1.0,0.0,1.0,0.0,0.0,1.0,0.0,0.25,0.26666666666666666
PUB-0077,b2566c2cefba82c5,00179766-980b-44b0-99d3-1fee2bb27e37,SERTRALINE HYDROCHLORIDE,Dosage and Administration,moderate,ExpertA,Systematic evaluation of sertraline hydrochloride has demonstrated that its antidepressant efficacy is maintained for periods of up to 44 weeks following 8 weeks of initial treatment at a dose of 50-200 mg/day (mean dose of 70 mg/day) (see Clinical Trials under CLINICAL PHARMACOLOGY ).,Urea Nitrogen 16.0 mg/dL,16.0,1.0,0.0,1.0,1.0,0.023809523809523808,0.0,0.0,0.0,1.0,0.0,0.08333333333333333,0.30833333333333335
PUB-0078,b2566c2cefba82c5,00179766-980b-44b0-99d3-1fee2bb27e37,SERTRALINE HYDROCHLORIDE,Dosage and Administration,moderate,ExpertA,Systematic evaluation of sertraline hydrochloride has demonstrated that its antidepressant efficacy is maintained for periods of up to 44 weeks following 8 weeks of initial treatment at a dose of 50-200 mg/day (mean dose of 70 mg/day) (see Clinical Trials under CLINICAL PHARMACOLOGY ).,Creatinine 2.3 mg/dL,2.3,1.0,0.0,1.0,1.0,0.024390243902439025,0.0,0.0,0.0,1.0,0.0,0.08333333333333333,0.30833333333333335
PUB-0079,b2566c2cefba82c5,00179766-980b-44b0-99d3-1fee2bb27e37,SERTRALINE HYDROCHLORIDE,Dosage and Administration,moderate,ExpertA,Systematic evaluation of sertraline hydrochloride has demonstrated that its antidepressant efficacy is maintained for periods of up to 44 weeks following 8 weeks of initial treatment at a dose of 50-200 mg/day (mean dose of 70 mg/day) (see Clinical Trials under CLINICAL PHARMACOLOGY ).,Calcium 9.5 mg/dL,9.5,1.0,0.0,1.0,1.0,0.024390243902439025,0.0,0.0,0.0,1.0,0.0,0.08333333333333333,0.30833333333333335
PUB-0080,b2566c2cefba82c5,00179766-980b-44b0-99d3-1fee2bb27e37,SERTRALINE HYDROCHLORIDE,Dosage and Administration,moderate,ExpertA,Systematic evaluation of sertraline hydrochloride has demonstrated that its antidepressant efficacy is maintained for periods of up to 44 weeks following 8 weeks of initial treatment at a dose of 50-200 mg/day (mean dose of 70 mg/day) (see Clinical Trials under CLINICAL PHARMACOLOGY ).,Sodium 141.8 mmol/L,141.8,1.0,0.0,1.0,1.0,0.024390243902439025,0.0,0.0,0.0,1.0,0.0,0.08333333333333333,0.30833333333333335
PUB-0081,c01ade5f25eecb68,0026fe0d-54f9-cd8d-e063-6294a90a1b3c,unknown,Dosage and Administration,moderate,ExpertA,"For athlete’s foot and ringworm, use daily for 4 weeks.",Pain severity - 0-10 verbal numeric rating [Score] - Reported 1.0 {score},1.0,1.0,0.0,1.0,1.0,0.0,0.0,0.0,0.0,1.0,0.0,0.25,0.08333333333333333
PUB-0082,c01ade5f25eecb68,0026fe0d-54f9-cd8d-e063-6294a90a1b3c,unknown,Dosage and Administration,moderate,ExpertA,"For athlete’s foot and ringworm, use daily for 4 weeks.",Body Weight 90.8 kg,90.8,1.0,0.0,1.0,1.0,0.0,0.0,0.0,0.0,1.0,0.0,0.25,0.08333333333333333
PUB-0083,c01ade5f25eecb68,0026fe0d-54f9-cd8d-e063-6294a90a1b3c,unknown,Dosage and Administration,moderate,ExpertA,"For athlete’s foot and ringworm, use daily for 4 weeks.",Body Mass Index 28.9 kg/m2,28.9,1.0,0.0,1.0,1.0,0.0,0.0,0.0,0.0,1.0,0.0,0.25,0.08333333333333333
PUB-0084,c01ade5f25eecb68,0026fe0d-54f9-cd8d-e063-6294a90a1b3c,unknown,Dosage and Administration,moderate,ExpertA,"For athlete’s foot and ringworm, use daily for 4 weeks.",Diastolic Blood Pressure 73.0 mm[Hg],73.0,1.0,0.0,1.0,1.0,0.0,0.0,0.0,0.0,1.0,0.0,0.25,0.08333333333333333
PUB-0085,ce6b1ef96624a6ff,002d4c7e-b94e-49b6-8554-0aa0c60d5bde,unknown,Dosage and Administration,moderate,ExpertA,Complex Partial Seizures For adults and children 10 years of age or older.,Body Mass Index 27.5 kg/m2,27.5,1.0,0.0,1.0,1.0,0.0,0.0,0.0,0.0,1.0,0.0,0.25,0.10833333333333334
PUB-0086,ce6b1ef96624a6ff,002d4c7e-b94e-49b6-8554-0aa0c60d5bde,unknown,Dosage and Administration,moderate,ExpertA,Complex Partial Seizures For adults and children 10 years of age or older.,Diastolic Blood Pressure 83.0 mm[Hg],83.0,1.0,0.0,1.0,1.0,0.0,0.0,0.0,0.0,1.0,0.0,0.25,0.10833333333333334
PUB-0087,ce6b1ef96624a6ff,002d4c7e-b94e-49b6-8554-0aa0c60d5bde,unknown,Dosage and Administration,moderate,ExpertA,Complex Partial Seizures For adults and children 10 years of age or older.,Systolic Blood Pressure 113.0 mm[Hg],113.0,1.0,0.0,1.0,1.0,0.0,0.0,0.0,0.0,1.0,0.0,0.25,0.10833333333333334
PUB-0088,ce6b1ef96624a6ff,002d4c7e-b94e-49b6-8554-0aa0c60d5bde,unknown,Dosage and Administration,moderate,ExpertA,Complex Partial Seizures For adults and children 10 years of age or older.,Heart rate 76.0 /min,76.0,1.0,0.0,1.0,1.0,0.0,0.0,0.0,0.0,1.0,0.0,0.25,0.10833333333333334
PUB-0089,cfbde3e98ac5a6c3,001e3b1c-b7c1-44aa-b812-e78dbf4f3069,unknown,Dosage and Administration,moderate,ExpertA,"DOSAGE AND ADMINISTRATION The recommended dose of Ipratropium Bromide and Albuterol Sulfate Inhalation Solution is one 3 mL vial administered 4 times per day via nebulization with up to 2 additional 3 mL doses allowed per day, if needed.",Diastolic Blood Pressure 76.0 mm[Hg],76.0,1.0,0.0,1.0,1.0,0.0,0.0,0.0,0.0,1.0,0.0,0.4166666666666667,0.2833333333333333
PUB-0090,cfbde3e98ac5a6c3,001e3b1c-b7c1-44aa-b812-e78dbf4f3069,unknown,Dosage and Administration,moderate,ExpertA,"DOSAGE AND ADMINISTRATION The recommended dose of Ipratropium Bromide and Albuterol Sulfate Inhalation Solution is one 3 mL vial administered 4 times per day via nebulization with up to 2 additional 3 mL doses allowed per day, if needed.",Systolic Blood Pressure 123.0 mm[Hg],123.0,1.0,0.0,1.0,1.0,0.0,0.0,0.0,0.0,1.0,0.0,0.4166666666666667,0.2833333333333333
PUB-0091,cfbde3e98ac5a6c3,001e3b1c-b7c1-44aa-b812-e78dbf4f3069,unknown,Dosage and Administration,moderate,ExpertA,"DOSAGE AND ADMINISTRATION The recommended dose of Ipratropium Bromide and Albuterol Sulfate Inhalation Solution is one 3 mL vial administered 4 times per day via nebulization with up to 2 additional 3 mL doses allowed per day, if needed.",Heart rate 93.0 /min,93.0,1.0,0.0,1.0,1.0,0.0,0.0,0.0,0.0,1.0,0.0,0.4166666666666667,0.2833333333333333
PUB-0092,cfbde3e98ac5a6c3,001e3b1c-b7c1-44aa-b812-e78dbf4f3069,unknown,Dosage and Administration,moderate,ExpertA,"DOSAGE AND ADMINISTRATION The recommended dose of Ipratropium Bromide and Albuterol Sulfate Inhalation Solution is one 3 mL vial administered 4 times per day via nebulization with up to 2 additional 3 mL doses allowed per day, if needed.",Respiratory rate 15.0 /min,15.0,1.0,0.0,1.0,1.0,0.0,0.0,0.0,0.0,1.0,0.0,0.4166666666666667,0.2833333333333333
PUB-0093,27f7fe6b07ae70c8,0003458f-352a-46fa-9d99-230daa76ae29,GLIMEPIRIDE,Dosage and Administration,moderate,ExpertA,"Use 1 mg starting dose and titrate slowly in patients at increased risk for hypoglycemia (e.g., elderly, patients with renal impairment) ( 2.1 ).",Platelet mean volume [Entitic volume] in Blood by Automated count 10.5 fL,10.5,1.0,0.0,1.0,1.0,0.030303030303030304,0.0,0.0,0.0,1.0,0.0,0.3333333333333333,0.18333333333333332
PUB-0094,27f7fe6b07ae70c8,0003458f-352a-46fa-9d99-230daa76ae29,GLIMEPIRIDE,Dosage and Administration,moderate,ExpertA,"Use 1 mg starting dose and titrate slowly in patients at increased risk for hypoglycemia (e.g., elderly, patients with renal impairment) ( 2.1 ).",Body Height 181.4 cm,181.4,1.0,0.0,1.0,1.0,0.0,0.0,0.0,0.0,1.0,0.0,0.3333333333333333,0.18333333333333332
PUB-0095,27f7fe6b07ae70c8,0003458f-352a-46fa-9d99-230daa76ae29,GLIMEPIRIDE,Dosage and Administration,moderate,ExpertA,"Use 1 mg starting dose and titrate slowly in patients at increased risk for hypoglycemia (e.g., elderly, patients with renal impairment) ( 2.1 ).",Pain severity - 0-10 verbal numeric rating [Score] - Reported 3.0 {score},3.0,1.0,0.0,1.0,1.0,0.0,0.0,0.0,0.0,1.0,0.0,0.3333333333333333,0.18333333333333332
PUB-0096,27f7fe6b07ae70c8,0003458f-352a-46fa-9d99-230daa76ae29,GLIMEPIRIDE,Dosage and Administration,moderate,ExpertA,"Use 1 mg starting dose and titrate slowly in patients at increased risk for hypoglycemia (e.g., elderly, patients with renal impairment) ( 2.1 ).",Body Weight 98.5 kg,98.5,1.0,0.0,1.0,1.0,0.0,0.0,0.0,0.0,1.0,0.0,0.3333333333333333,0.18333333333333332
PUB-0097,d0fc962b86612307,002dd00f-7946-ea4f-e063-6294a90a5916,OLANZAPINE,Dosage and Administration,moderate,ExpertA,Safety of co-administration of doses above 12 mg olanzapine with 50 mg fluoxetine has not been evaluated in pediatric clinical studies.,Carbon Dioxide 25.1 mmol/L,25.1,1.0,1.0,1.0,1.0,0.0,1.0,0.0,0.0,1.0,0.0,0.08333333333333333,0.16666666666666666
PUB-0098,d0fc962b86612307,002dd00f-7946-ea4f-e063-6294a90a5916,OLANZAPINE,Dosage and Administration,moderate,ExpertA,Safety of co-administration of doses above 12 mg olanzapine with 50 mg fluoxetine has not been evaluated in pediatric clinical studies.,Left ventricular Ejection fraction 32.8 %,32.8,1.0,1.0,1.0,1.0,0.0,1.0,0.0,0.0,1.0,0.0,0.08333333333333333,0.16666666666666666
PUB-0099,d0fc962b86612307,002dd00f-7946-ea4f-e063-6294a90a5916,OLANZAPINE,Dosage and Administration,moderate,ExpertA,Safety of co-administration of doses above 12 mg olanzapine with 50 mg fluoxetine has not been evaluated in pediatric clinical studies.,Left ventricular Ejection fraction 48.5 %,48.5,1.0,1.0,1.0,1.0,0.0,1.0,0.0,0.0,1.0,0.0,0.08333333333333333,0.16666666666666666
PUB-0100,d0fc962b86612307,002dd00f-7946-ea4f-e063-6294a90a5916,OLANZAPINE,Dosage and Administration,moderate,ExpertA,Safety of co-administration of doses above 12 mg olanzapine with 50 mg fluoxetine has not been evaluated in pediatric clinical studies.,Body Height 172.5 cm,172.5,1.0,1.0,1.0,1.0,0.0,1.0,0.0,0.0,1.0,0.0,0.08333333333333333,0.16666666666666666
PUB-0101,fd1b4d0b00cd57cb,001d880e-c468-4639-ad22-65e7bdba111d,unknown,Dosage and Administration,moderate,ExpertA,Patients with a low systolic blood pressure (120 mmHg) when treatment is started or during the first 3 days after the infarct should be given a lower 2.5 mg oral dose of lisinopril tablets USP (see WARNINGS).,Estimated Glomerular Filtration Rate 21.0 mL/min/{1.73_m2},21.0,1.0,0.0,1.0,1.0,0.0,0.0,0.0,0.0,1.0,0.0,0.16666666666666666,0.3
PUB-0102,fd1b4d0b00cd57cb,001d880e-c468-4639-ad22-65e7bdba111d,unknown,Dosage and Administration,moderate,ExpertA,Patients with a low systolic blood pressure (120 mmHg) when treatment is started or during the first 3 days after the infarct should be given a lower 2.5 mg oral dose of lisinopril tablets USP (see WARNINGS).,Hemoglobin A1c/Hemoglobin.total in Blood 3.6 %,3.6,1.0,0.0,1.0,1.0,0.04878048780487805,0.0,0.0,0.0,1.0,0.0,0.16666666666666666,0.3
PUB-0103,fd1b4d0b00cd57cb,001d880e-c468-4639-ad22-65e7bdba111d,unknown,Dosage and Administration,moderate,ExpertA,Patients with a low systolic blood pressure (120 mmHg) when treatment is started or during the first 3 days after the infarct should be given a lower 2.5 mg oral dose of lisinopril tablets USP (see WARNINGS).,Body Height 168.4 cm,168.4,1.0,0.0,1.0,1.0,0.0,0.0,0.0,0.0,1.0,0.0,0.16666666666666666,0.3
PUB-0104,fd1b4d0b00cd57cb,001d880e-c468-4639-ad22-65e7bdba111d,unknown,Dosage and Administration,moderate,ExpertA,Patients with a low systolic blood pressure (120 mmHg) when treatment is started or during the first 3 days after the infarct should be given a lower 2.5 mg oral dose of lisinopril tablets USP (see WARNINGS).,Pain severity - 0-10 verbal numeric rating [Score] - Reported 0.0 {score},0.0,1.0,0.0,1.0,1.0,0.0,0.0,0.0,0.0,1.0,0.0,0.16666666666666666,0.3
PUB-0105,eed2d712bd717384,00125d63-d8d0-46c5-bdf1-80d2c85eda5a,ETODOLAC,Dosage and Administration,moderate,ExpertA,"Analgesia The recommended total daily dose of etodolac for acute pain is up to 1000 mg, given as 200 to 400 mg every 6 to 8 hours.",Pain severity - 0-10 verbal numeric rating [Score] - Reported 1.0 {score},1.0,1.0,1.0,1.0,1.0,0.030303030303030304,0.0,0.0,0.0,1.0,0.0,0.16666666666666666,0.2
PUB-0106,eed2d712bd717384,00125d63-d8d0-46c5-bdf1-80d2c85eda5a,ETODOLAC,Dosage and Administration,moderate,ExpertA,"Analgesia The recommended total daily dose of etodolac for acute pain is up to 1000 mg, given as 200 to 400 mg every 6 to 8 hours.",Body Weight 6.7 kg,6.7,1.0,1.0,1.0,1.0,0.03571428571428571,0.0,0.0,0.0,1.0,0.0,0.16666666666666666,0.2
PUB-0107,eed2d712bd717384,00125d63-d8d0-46c5-bdf1-80d2c85eda5a,ETODOLAC,Dosage and Administration,moderate,ExpertA,"Analgesia The recommended total daily dose of etodolac for acute pain is up to 1000 mg, given as 200 to 400 mg every 6 to 8 hours.",Weight-for-length Per age and sex 66.0 %,66.0,1.0,1.0,1.0,1.0,0.03125,0.0,0.0,0.0,1.0,0.0,0.16666666666666666,0.2
PUB-0108,eed2d712bd717384,00125d63-d8d0-46c5-bdf1-80d2c85eda5a,ETODOLAC,Dosage and Administration,moderate,ExpertA,"Analgesia The recommended total daily dose of etodolac for acute pain is up to 1000 mg, given as 200 to 400 mg every 6 to 8 hours.",Head Occipital-frontal circumference 41.3 cm,41.3,1.0,1.0,1.0,1.0,0.0,0.0,0.0,0.0,1.0,0.0,0.16666666666666666,0.2
PUB-0109,31d06f6b69a59b4d,001d050d-f488-4d67-8457-36fef148f546,unknown,Dosage and Administration,moderate,ExpertA,It is recommended that there be at least 10 days treatment for any infection caused by Streptococcus pyogenes to prevent the occurrence of acute rheumatic fever.,Body Weight 89.0 kg,89.0,1.0,1.0,1.0,1.0,0.0,0.0,0.0,0.0,1.0,0.0,0.08333333333333333,0.21666666666666667
PUB-0110,31d06f6b69a59b4d,001d050d-f488-4d67-8457-36fef148f546,unknown,Dosage and Administration,moderate,ExpertA,It is recommended that there be at least 10 days treatment for any infection caused by Streptococcus pyogenes to prevent the occurrence of acute rheumatic fever.,Body Mass Index 27.8 kg/m2,27.8,1.0,1.0,1.0,1.0,0.0,0.0,0.0,0.0,1.0,0.0,0.08333333333333333,0.21666666666666667
PUB-0111,31d06f6b69a59b4d,001d050d-f488-4d67-8457-36fef148f546,unknown,Dosage and Administration,moderate,ExpertA,It is recommended that there be at least 10 days treatment for any infection caused by Streptococcus pyogenes to prevent the occurrence of acute rheumatic fever.,Diastolic Blood Pressure 86.0 mm[Hg],86.0,1.0,1.0,1.0,1.0,0.0,0.0,0.0,0.0,1.0,0.0,0.08333333333333333,0.21666666666666667
PUB-0112,31d06f6b69a59b4d,001d050d-f488-4d67-8457-36fef148f546,unknown,Dosage and Administration,moderate,ExpertA,It is recommended that there be at least 10 days treatment for any infection caused by Streptococcus pyogenes to prevent the occurrence of acute rheumatic fever.,Systolic Blood Pressure 105.0 mm[Hg],105.0,1.0,1.0,1.0,1.0,0.0,0.0,0.0,0.0,1.0,0.0,0.08333333333333333,0.21666666666666667
PUB-0113,370ef75dffeaf533,00309724-5ac7-4e6a-91e2-16087c83402c,unknown,Dosage and Administration,moderate,ExpertA,"A lower dose of 2.5 mg/injection should be considered for patients who otherwise might be debilitated, be predisposed to hypotensive reactions, or be more pharmacodynamically sensitive to olanzapine [see Warnings and Precautions ( 5.14 ), Drug Interactions ( 7 ), and Clinical Pharmacology ( 12.3 )] .",Protein [Mass/volume] in Serum or Plasma 69.4 g/dL,69.4,1.0,0.0,1.0,1.0,0.020833333333333332,0.0,0.0,0.0,1.0,0.0,0.6666666666666666,0.31666666666666665
PUB-0114,370ef75dffeaf533,00309724-5ac7-4e6a-91e2-16087c83402c,unknown,Dosage and Administration,moderate,ExpertA,"A lower dose of 2.5 mg/injection should be considered for patients who otherwise might be debilitated, be predisposed to hypotensive reactions, or be more pharmacodynamically sensitive to olanzapine [see Warnings and Precautions ( 5.14 ), Drug Interactions ( 7 ), and Clinical Pharmacology ( 12.3 )] .",Albumin [Mass/volume] in Serum or Plasma 3.6 g/dL,3.6,1.0,0.0,1.0,1.0,0.0425531914893617,0.0,0.0,0.0,1.0,0.0,0.6666666666666666,0.31666666666666665
PUB-0115,370ef75dffeaf533,00309724-5ac7-4e6a-91e2-16087c83402c,unknown,Dosage and Administration,moderate,ExpertA,"A lower dose of 2.5 mg/injection should be considered for patients who otherwise might be debilitated, be predisposed to hypotensive reactions, or be more pharmacodynamically sensitive to olanzapine [see Warnings and Precautions ( 5.14 ), Drug Interactions ( 7 ), and Clinical Pharmacology ( 12.3 )] .",Globulin [Mass/volume] in Serum by calculation 2.5 g/L,2.5,1.0,0.0,1.0,1.0,0.0425531914893617,0.0,0.0,0.0,1.0,0.0,0.6666666666666666,0.31666666666666665
PUB-0116,370ef75dffeaf533,00309724-5ac7-4e6a-91e2-16087c83402c,unknown,Dosage and Administration,moderate,ExpertA,"A lower dose of 2.5 mg/injection should be considered for patients who otherwise might be debilitated, be predisposed to hypotensive reactions, or be more pharmacodynamically sensitive to olanzapine [see Warnings and Precautions ( 5.14 ), Drug Interactions ( 7 ), and Clinical Pharmacology ( 12.3 )] .",Bilirubin.total [Mass/volume] in Serum or Plasma 0.9 mg/dL,0.9,1.0,0.0,1.0,1.0,0.041666666666666664,0.0,0.0,0.0,1.0,0.0,0.6666666666666666,0.31666666666666665
PUB-0117,187c5050c1e9d815,0031881b-5118-4514-846f-e57cf7cb8b67,unknown,Dosage and Administration,moderate,ExpertA,"A lower starting dose (e.g., 25 mcg/day) should be considered in infants at risk for cardiac failure, and the dose should be increased in 4-6 weeks as needed based on clinical and laboratory response to treatment.",Potassium 3.9 mmol/L,3.9,1.0,0.0,1.0,1.0,0.0,0.0,0.0,0.0,1.0,0.0,0.4166666666666667,0.2833333333333333
PUB-0118,187c5050c1e9d815,0031881b-5118-4514-846f-e57cf7cb8b67,unknown,Dosage and Administration,moderate,ExpertA,"A lower starting dose (e.g., 25 mcg/day) should be considered in infants at risk for cardiac failure, and the dose should be increased in 4-6 weeks as needed based on clinical and laboratory response to treatment.",Chloride 101.4 mmol/L,101.4,1.0,0.0,1.0,1.0,0.02631578947368421,0.0,0.0,0.0,1.0,0.0,0.4166666666666667,0.2833333333333333
PUB-0119,187c5050c1e9d815,0031881b-5118-4514-846f-e57cf7cb8b67,unknown,Dosage and Administration,moderate,ExpertA,"A lower starting dose (e.g., 25 mcg/day) should be considered in infants at risk for cardiac failure, and the dose should be increased in 4-6 weeks as needed based on clinical and laboratory response to treatment.",Carbon Dioxide 22.9 mmol/L,22.9,1.0,0.0,1.0,1.0,0.0,0.0,0.0,0.0,1.0,0.0,0.4166666666666667,0.2833333333333333
PUB-0120,187c5050c1e9d815,0031881b-5118-4514-846f-e57cf7cb8b67,unknown,Dosage and Administration,moderate,ExpertA,"A lower starting dose (e.g., 25 mcg/day) should be considered in infants at risk for cardiac failure, and the dose should be increased in 4-6 weeks as needed based on clinical and laboratory response to treatment.",Total Cholesterol 172.1 mg/dL,172.1,1.0,0.0,1.0,1.0,0.0,0.0,0.0,0.0,1.0,0.0,0.4166666666666667,0.2833333333333333
PUB-0121,b570bc4c2ed9ec13,002e4f96-7a74-4501-8b81-dc6f092c807a,unknown,Dosage and Administration,moderate,ExpertA,"Mydriasis will reverse spontaneously with time, typically in 4 to 8 hours.",Body Mass Index 18.0 kg/m2,18.0,1.0,0.0,1.0,1.0,0.0,0.0,0.0,0.0,1.0,0.0,0.16666666666666666,0.1
PUB-0122,b570bc4c2ed9ec13,002e4f96-7a74-4501-8b81-dc6f092c807a,unknown,Dosage and Administration,moderate,ExpertA,"Mydriasis will reverse spontaneously with time, typically in 4 to 8 hours.",Body mass index (BMI) [Percentile] Per age and gender 29.5 %,29.5,1.0,0.0,1.0,1.0,0.0,0.0,0.0,0.0,1.0,0.0,0.16666666666666666,0.1
PUB-0123,b570bc4c2ed9ec13,002e4f96-7a74-4501-8b81-dc6f092c807a,unknown,Dosage and Administration,moderate,ExpertA,"Mydriasis will reverse spontaneously with time, typically in 4 to 8 hours.",Diastolic Blood Pressure 79.0 mm[Hg],79.0,1.0,0.0,1.0,1.0,0.0,0.0,0.0,0.0,1.0,0.0,0.16666666666666666,0.1
PUB-0124,b570bc4c2ed9ec13,002e4f96-7a74-4501-8b81-dc6f092c807a,unknown,Dosage and Administration,moderate,ExpertA,"Mydriasis will reverse spontaneously with time, typically in 4 to 8 hours.",Systolic Blood Pressure 126.0 mm[Hg],126.0,1.0,0.0,1.0,1.0,0.0,0.0,0.0,0.0,1.0,0.0,0.16666666666666666,0.1
PUB-0125,cb2603dad8fd1cd5,0031ce9c-cb49-433a-aa74-8d20ca0563c0,unknown,Dosage and Administration,moderate,ExpertA,"Hypertension The usual initial dose is 40 mg nadolol tablets once daily, whether it is used alone or in addition to diuretic therapy.",Body Height 176.6 cm,176.6,1.0,0.0,1.0,1.0,0.0,0.0,0.0,0.0,1.0,0.0,0.25,0.18333333333333332
PUB-0126,cb2603dad8fd1cd5,0031ce9c-cb49-433a-aa74-8d20ca0563c0,unknown,Dosage and Administration,moderate,ExpertA,"Hypertension The usual initial dose is 40 mg nadolol tablets once daily, whether it is used alone or in addition to diuretic therapy.",Pain severity - 0-10 verbal numeric rating [Score] - Reported 2.0 {score},2.0,1.0,0.0,1.0,1.0,0.0,0.0,0.0,0.0,1.0,0.0,0.25,0.18333333333333332
PUB-0127,cb2603dad8fd1cd5,0031ce9c-cb49-433a-aa74-8d20ca0563c0,unknown,Dosage and Administration,moderate,ExpertA,"Hypertension The usual initial dose is 40 mg nadolol tablets once daily, whether it is used alone or in addition to diuretic therapy.",Body Weight 94.4 kg,94.4,1.0,0.0,1.0,1.0,0.0,0.0,0.0,0.0,1.0,0.0,0.25,0.18333333333333332
PUB-0128,cb2603dad8fd1cd5,0031ce9c-cb49-433a-aa74-8d20ca0563c0,unknown,Dosage and Administration,moderate,ExpertA,"Hypertension The usual initial dose is 40 mg nadolol tablets once daily, whether it is used alone or in addition to diuretic therapy.",Body Mass Index 30.3 kg/m2,30.3,1.0,0.0,1.0,1.0,0.0,0.0,0.0,0.0,1.0,0.0,0.25,0.18333333333333332
PUB-0129,22e58c5c76fe58fc,00088ecd-e45d-4080-b124-e66376ad7694,unknown,Dosage and Administration,moderate,ExpertA,or I.V.) administration: 20 to 40 mg/kg/day in 3 or 4 equal doses.,Hemoglobin [Mass/volume] in Blood 6.0 g/dL,6.0,1.0,0.0,1.0,1.0,0.043478260869565216,0.0,0.0,0.0,1.0,0.0,0.3333333333333333,0.125
PUB-0130,22e58c5c76fe58fc,00088ecd-e45d-4080-b124-e66376ad7694,unknown,Dosage and Administration,moderate,ExpertA,or I.V.) administration: 20 to 40 mg/kg/day in 3 or 4 equal doses.,Hematocrit [Volume Fraction] of Blood by Automated count 30.0 %,30.0,1.0,0.0,1.0,1.0,0.0,0.0,0.0,0.0,1.0,0.0,0.3333333333333333,0.125
PUB-0131,22e58c5c76fe58fc,00088ecd-e45d-4080-b124-e66376ad7694,unknown,Dosage and Administration,moderate,ExpertA,or I.V.) administration: 20 to 40 mg/kg/day in 3 or 4 equal doses.,MCV [Entitic volume] by Automated count 85.1 fL,85.1,1.0,0.0,1.0,1.0,0.0,0.0,0.0,0.0,1.0,0.0,0.3333333333333333,0.125
PUB-0132,22e58c5c76fe58fc,00088ecd-e45d-4080-b124-e66376ad7694,unknown,Dosage and Administration,moderate,ExpertA,or I.V.) administration: 20 to 40 mg/kg/day in 3 or 4 equal doses.,MCH [Entitic mass] by Automated count 30.0 pg,30.0,1.0,0.0,1.0,1.0,0.0,0.0,0.0,0.0,1.0,0.0,0.3333333333333333,0.125
PUB-0133,908fff3f7bede724,002dd00f-7946-ea4f-e063-6294a90a5916,OLANZAPINE,Dosage and Administration,moderate,ExpertA,Safety of co-administration of doses above 18 mg olanzapine with 75 mg fluoxetine has not been evaluated in clinical studies.,Heart rate 90.0 /min,90.0,1.0,1.0,1.0,1.0,0.0,1.0,0.0,0.0,1.0,0.0,0.08333333333333333,0.15833333333333333
PUB-0134,908fff3f7bede724,002dd00f-7946-ea4f-e063-6294a90a5916,OLANZAPINE,Dosage and Administration,moderate,ExpertA,Safety of co-administration of doses above 18 mg olanzapine with 75 mg fluoxetine has not been evaluated in clinical studies.,Respiratory rate 14.0 /min,14.0,1.0,1.0,1.0,1.0,0.0,1.0,0.0,0.0,1.0,0.0,0.08333333333333333,0.15833333333333333
PUB-0135,908fff3f7bede724,002dd00f-7946-ea4f-e063-6294a90a5916,OLANZAPINE,Dosage and Administration,moderate,ExpertA,Safety of co-administration of doses above 18 mg olanzapine with 75 mg fluoxetine has not been evaluated in clinical studies.,Glucose 97.7 mg/dL,97.7,1.0,1.0,1.0,1.0,0.043478260869565216,1.0,0.0,0.0,1.0,0.0,0.08333333333333333,0.15833333333333333
PUB-0136,908fff3f7bede724,002dd00f-7946-ea4f-e063-6294a90a5916,OLANZAPINE,Dosage and Administration,moderate,ExpertA,Safety of co-administration of doses above 18 mg olanzapine with 75 mg fluoxetine has not been evaluated in clinical studies.,Urea Nitrogen 17.5 mg/dL,17.5,1.0,1.0,1.0,1.0,0.041666666666666664,1.0,0.0,0.0,1.0,0.0,0.08333333333333333,0.15833333333333333
PUB-0137,3be89c511812c14f,00242264-40d8-4267-a91a-727a1f088616,AMPHETAMINE SULFATE,Dosage and Administration,moderate,ExpertA,With tablets give first dose on awakening; additional doses (1 to 2) at intervals of 4 to 6 hours.,Hematocrit [Volume Fraction] of Blood by Automated count 36.5 %,36.5,1.0,0.0,1.0,1.0,0.037037037037037035,0.0,0.0,0.0,1.0,0.0,0.16666666666666666,0.15
PUB-0138,3be89c511812c14f,00242264-40d8-4267-a91a-727a1f088616,AMPHETAMINE SULFATE,Dosage and Administration,moderate,ExpertA,With tablets give first dose on awakening; additional doses (1 to 2) at intervals of 4 to 6 hours.,MCV [Entitic volume] by Automated count 89.3 fL,89.3,1.0,0.0,1.0,1.0,0.0,0.0,0.0,0.0,1.0,0.0,0.16666666666666666,0.15
PUB-0139,3be89c511812c14f,00242264-40d8-4267-a91a-727a1f088616,AMPHETAMINE SULFATE,Dosage and Administration,moderate,ExpertA,With tablets give first dose on awakening; additional doses (1 to 2) at intervals of 4 to 6 hours.,MCH [Entitic mass] by Automated count 29.2 pg,29.2,1.0,0.0,1.0,1.0,0.038461538461538464,0.0,0.0,0.0,1.0,0.0,0.16666666666666666,0.15
PUB-0140,3be89c511812c14f,00242264-40d8-4267-a91a-727a1f088616,AMPHETAMINE SULFATE,Dosage and Administration,moderate,ExpertA,With tablets give first dose on awakening; additional doses (1 to 2) at intervals of 4 to 6 hours.,MCHC [Mass/volume] by Automated count 33.2 g/dL,33.2,1.0,0.0,1.0,1.0,0.037037037037037035,0.0,0.0,0.0,1.0,0.0,0.16666666666666666,0.15
PUB-0141,cf69c5d9c10f3392,00203a7b-e774-45f7-ac6b-48db6d32a48a,LACOSAMIDE,Dosage and Administration,moderate,ExpertA,"2.2 Alternate Initial Dosage Information to Achieve the Maintenance Dosage in a Shorter Timeframe For monotherapy and adjunctive therapy for partial-onset seizures in patients 17 years of age and older and for adjunctive therapy for primary generalized tonic-clonic seizures in patients 17 years of age and older, an alternate initial dosing regimen for week 1 (e.g., including a loading dose and/or a higher initial dosage) may be administered in patients for whom achieving the recommended maintenance dosage in a shorter timeframe is clinically indicated (see Table 2).",Potassium 4.2 mmol/L,4.2,1.0,0.0,1.0,1.0,0.017241379310344827,0.0,0.0,0.0,1.0,0.0,0.75,0.45
PUB-0142,cf69c5d9c10f3392,00203a7b-e774-45f7-ac6b-48db6d32a48a,LACOSAMIDE,Dosage and Administration,moderate,ExpertA,"2.2 Alternate Initial Dosage Information to Achieve the Maintenance Dosage in a Shorter Timeframe For monotherapy and adjunctive therapy for partial-onset seizures in patients 17 years of age and older and for adjunctive therapy for primary generalized tonic-clonic seizures in patients 17 years of age and older, an alternate initial dosing regimen for week 1 (e.g., including a loading dose and/or a higher initial dosage) may be administered in patients for whom achieving the recommended maintenance dosage in a shorter timeframe is clinically indicated (see Table 2).",Chloride 105.8 mmol/L,105.8,1.0,0.0,1.0,1.0,0.0,0.0,0.0,0.0,1.0,0.0,0.75,0.45
PUB-0143,cf69c5d9c10f3392,00203a7b-e774-45f7-ac6b-48db6d32a48a,LACOSAMIDE,Dosage and Administration,moderate,ExpertA,"2.2 Alternate Initial Dosage Information to Achieve the Maintenance Dosage in a Shorter Timeframe For monotherapy and adjunctive therapy for partial-onset seizures in patients 17 years of age and older and for adjunctive therapy for primary generalized tonic-clonic seizures in patients 17 years of age and older, an alternate initial dosing regimen for week 1 (e.g., including a loading dose and/or a higher initial dosage) may be administered in patients for whom achieving the recommended maintenance dosage in a shorter timeframe is clinically indicated (see Table 2).",Carbon Dioxide 24.9 mmol/L,24.9,1.0,0.0,1.0,1.0,0.0,0.0,0.0,0.0,1.0,0.0,0.75,0.45
PUB-0144,cf69c5d9c10f3392,00203a7b-e774-45f7-ac6b-48db6d32a48a,LACOSAMIDE,Dosage and Administration,moderate,ExpertA,"2.2 Alternate Initial Dosage Information to Achieve the Maintenance Dosage in a Shorter Timeframe For monotherapy and adjunctive therapy for partial-onset seizures in patients 17 years of age and older and for adjunctive therapy for primary generalized tonic-clonic seizures in patients 17 years of age and older, an alternate initial dosing regimen for week 1 (e.g., including a loading dose and/or a higher initial dosage) may be administered in patients for whom achieving the recommended maintenance dosage in a shorter timeframe is clinically indicated (see Table 2).",Total Cholesterol 218.5 mg/dL,218.5,1.0,0.0,1.0,1.0,0.0,0.0,0.0,0.0,1.0,0.0,0.75,0.45
PUB-0145,89adadb8212753c4,002875d2-8c30-2d2e-e063-6294a90ae01e,FAMOTIDINE,Dosage and Administration,moderate,ExpertA,b Dosage adjustments for renal impairment are provided for both dosing regimens (20 mg twice daily and 40 mg twice daily) which showed effectiveness for the treatment of erosive esophagitis in clinical trials [see Clinical Studies ( 14.4 )].,Platelet mean volume [Entitic volume] in Blood by Automated count 12.2 fL,12.2,1.0,0.0,1.0,1.0,0.023255813953488372,0.0,0.0,0.0,1.0,0.0,0.16666666666666666,0.26666666666666666
PUB-0146,89adadb8212753c4,002875d2-8c30-2d2e-e063-6294a90ae01e,FAMOTIDINE,Dosage and Administration,moderate,ExpertA,b Dosage adjustments for renal impairment are provided for both dosing regimens (20 mg twice daily and 40 mg twice daily) which showed effectiveness for the treatment of erosive esophagitis in clinical trials [see Clinical Studies ( 14.4 )].,Glucose 68.3 mg/dL,68.3,1.0,0.0,1.0,1.0,0.027777777777777776,0.0,0.0,0.0,1.0,0.0,0.16666666666666666,0.26666666666666666
PUB-0147,89adadb8212753c4,002875d2-8c30-2d2e-e063-6294a90ae01e,FAMOTIDINE,Dosage and Administration,moderate,ExpertA,b Dosage adjustments for renal impairment are provided for both dosing regimens (20 mg twice daily and 40 mg twice daily) which showed effectiveness for the treatment of erosive esophagitis in clinical trials [see Clinical Studies ( 14.4 )].,Urea Nitrogen 14.4 mg/dL,14.4,1.0,0.0,1.0,1.0,0.08571428571428572,0.0,0.0,0.0,1.0,0.0,0.16666666666666666,0.26666666666666666
PUB-0148,89adadb8212753c4,002875d2-8c30-2d2e-e063-6294a90ae01e,FAMOTIDINE,Dosage and Administration,moderate,ExpertA,b Dosage adjustments for renal impairment are provided for both dosing regimens (20 mg twice daily and 40 mg twice daily) which showed effectiveness for the treatment of erosive esophagitis in clinical trials [see Clinical Studies ( 14.4 )].,Creatinine 2.6 mg/dL,2.6,1.0,0.0,1.0,1.0,0.027777777777777776,0.0,0.0,0.0,1.0,0.0,0.16666666666666666,0.26666666666666666
PUB-0149,b74a0b03ca52ba43,0002eded-a283-4590-a78c-b6ff2027e684,unknown,Dosage and Administration,moderate,ExpertA,"If gabapentin tablets are discontinued and/or an alternate anticonvulsant medication is added to the therapy, this should be done gradually over a minimum of 1 week.",Calcium 10.0 mg/dL,10.0,1.0,1.0,1.0,1.0,0.0,0.0,0.0,0.0,1.0,0.0,0.4166666666666667,0.225
PUB-0150,b74a0b03ca52ba43,0002eded-a283-4590-a78c-b6ff2027e684,unknown,Dosage and Administration,moderate,ExpertA,"If gabapentin tablets are discontinued and/or an alternate anticonvulsant medication is added to the therapy, this should be done gradually over a minimum of 1 week.",Sodium 139.0 mmol/L,139.0,1.0,1.0,1.0,1.0,0.0,0.0,0.0,0.0,1.0,0.0,0.4166666666666667,0.225
PUB-0151,b74a0b03ca52ba43,0002eded-a283-4590-a78c-b6ff2027e684,unknown,Dosage and Administration,moderate,ExpertA,"If gabapentin tablets are discontinued and/or an alternate anticonvulsant medication is added to the therapy, this should be done gradually over a minimum of 1 week.",Potassium 4.8 mmol/L,4.8,1.0,1.0,1.0,1.0,0.0,0.0,0.0,0.0,1.0,0.0,0.4166666666666667,0.225
PUB-0152,b74a0b03ca52ba43,0002eded-a283-4590-a78c-b6ff2027e684,unknown,Dosage and Administration,moderate,ExpertA,"If gabapentin tablets are discontinued and/or an alternate anticonvulsant medication is added to the therapy, this should be done gradually over a minimum of 1 week.",Chloride 108.4 mmol/L,108.4,1.0,1.0,1.0,1.0,0.0,0.0,0.0,0.0,1.0,0.0,0.4166666666666667,0.225
PUB-0153,a1065115d8a91c9e,00279a31-6a0b-d594-e063-6294a90aacd2,unknown,Dosage and Administration,moderate,ExpertA,Dosage Modification in Patients with Hepatic Impairment The recommended dose for adult patients with severe hepatic impairment is 50 mg every 12 hours.,Creatinine 0.8 mg/dL,0.8,1.0,1.0,1.0,1.0,0.043478260869565216,0.0,0.0,0.0,1.0,0.0,0.08333333333333333,0.15833333333333333
PUB-0154,a1065115d8a91c9e,00279a31-6a0b-d594-e063-6294a90aacd2,unknown,Dosage and Administration,moderate,ExpertA,Dosage Modification in Patients with Hepatic Impairment The recommended dose for adult patients with severe hepatic impairment is 50 mg every 12 hours.,Calcium 9.5 mg/dL,9.5,1.0,1.0,1.0,1.0,0.043478260869565216,0.0,0.0,0.0,1.0,0.0,0.08333333333333333,0.15833333333333333
PUB-0155,a1065115d8a91c9e,00279a31-6a0b-d594-e063-6294a90aacd2,unknown,Dosage and Administration,moderate,ExpertA,Dosage Modification in Patients with Hepatic Impairment The recommended dose for adult patients with severe hepatic impairment is 50 mg every 12 hours.,Sodium 141.1 mmol/L,141.1,1.0,1.0,1.0,1.0,0.0,0.0,0.0,0.0,1.0,0.0,0.08333333333333333,0.15833333333333333
PUB-0156,a1065115d8a91c9e,00279a31-6a0b-d594-e063-6294a90aacd2,unknown,Dosage and Administration,moderate,ExpertA,Dosage Modification in Patients with Hepatic Impairment The recommended dose for adult patients with severe hepatic impairment is 50 mg every 12 hours.,Potassium 4.9 mmol/L,4.9,1.0,1.0,1.0,1.0,0.0,0.0,0.0,0.0,1.0,0.0,0.08333333333333333,0.15833333333333333
PUB-0157,b7209328128c5bb4,0002eded-a283-4590-a78c-b6ff2027e684,unknown,Dosage and Administration,moderate,ExpertA,100 to 300 100 QD 125 QD 150 QD 200 QD 300 QD Post-Hemodialysis Supplemental Dose (mg) Patients on hemodialysis should receive maintenance doses based on estimates of creatinine clearance as indicated in the upper portion of the table and a supplemental post-hemodialysis dose administered after each 4 hours of hemodialysis as indicated in the lower portion of the table.,Diastolic Blood Pressure 77.0 mm[Hg],77.0,1.0,0.0,1.0,1.0,0.0,0.0,0.0,0.0,1.0,0.0,0.16666666666666666,0.31666666666666665
PUB-0158,b7209328128c5bb4,0002eded-a283-4590-a78c-b6ff2027e684,unknown,Dosage and Administration,moderate,ExpertA,100 to 300 100 QD 125 QD 150 QD 200 QD 300 QD Post-Hemodialysis Supplemental Dose (mg) Patients on hemodialysis should receive maintenance doses based on estimates of creatinine clearance as indicated in the upper portion of the table and a supplemental post-hemodialysis dose administered after each 4 hours of hemodialysis as indicated in the lower portion of the table.,Systolic Blood Pressure 115.0 mm[Hg],115.0,1.0,0.0,1.0,1.0,0.0,0.0,0.0,0.0,1.0,0.0,0.16666666666666666,0.31666666666666665
PUB-0159,b7209328128c5bb4,0002eded-a283-4590-a78c-b6ff2027e684,unknown,Dosage and Administration,moderate,ExpertA,100 to 300 100 QD 125 QD 150 QD 200 QD 300 QD Post-Hemodialysis Supplemental Dose (mg) Patients on hemodialysis should receive maintenance doses based on estimates of creatinine clearance as indicated in the upper portion of the table and a supplemental post-hemodialysis dose administered after each 4 hours of hemodialysis as indicated in the lower portion of the table.,Heart rate 85.0 /min,85.0,1.0,0.0,1.0,1.0,0.0,0.0,0.0,0.0,1.0,0.0,0.16666666666666666,0.31666666666666665
PUB-0160,b7209328128c5bb4,0002eded-a283-4590-a78c-b6ff2027e684,unknown,Dosage and Administration,moderate,ExpertA,100 to 300 100 QD 125 QD 150 QD 200 QD 300 QD Post-Hemodialysis Supplemental Dose (mg) Patients on hemodialysis should receive maintenance doses based on estimates of creatinine clearance as indicated in the upper portion of the table and a supplemental post-hemodialysis dose administered after each 4 hours of hemodialysis as indicated in the lower portion of the table.,Respiratory rate 13.0 /min,13.0,1.0,0.0,1.0,1.0,0.0,0.0,0.0,0.0,1.0,0.0,0.16666666666666666,0.31666666666666665
PUB-0161,0427f67f11e2a1fc,0030ffac-183a-472c-95b8-f93b4195de04,ROPINIROLE,Dosage and Administration,moderate,ExpertA,"Dose Titration Schedule of Ropinirole Tablets for Restless Legs Syndrome Day/Week Dose to be taken once daily 1 to 3 hours before bedtime Days 1 and 2 0.25 mg Days 3 to 7 0.5 mg Week 2 1 mg Week 3 1.5 mg Week 4 2 mg Week 5 2.5 mg Week 6 3 mg Week 7 4 mg When discontinuing ropinirole tablets in patients with RLS, gradual reduction of the daily dose is recommended [see Warnings and Precautions ( 5.8 , 5.9 )].",Hemoglobin A1c/Hemoglobin.total in Blood 4.3 %,4.3,1.0,0.0,1.0,1.0,0.057692307692307696,0.0,0.0,0.0,1.0,0.0,0.4166666666666667,0.4
PUB-0162,0427f67f11e2a1fc,0030ffac-183a-472c-95b8-f93b4195de04,ROPINIROLE,Dosage and Administration,moderate,ExpertA,"Dose Titration Schedule of Ropinirole Tablets for Restless Legs Syndrome Day/Week Dose to be taken once daily 1 to 3 hours before bedtime Days 1 and 2 0.25 mg Days 3 to 7 0.5 mg Week 2 1 mg Week 3 1.5 mg Week 4 2 mg Week 5 2.5 mg Week 6 3 mg Week 7 4 mg When discontinuing ropinirole tablets in patients with RLS, gradual reduction of the daily dose is recommended [see Warnings and Precautions ( 5.8 , 5.9 )].",Body Height 160.1 cm,160.1,1.0,0.0,1.0,1.0,0.019230769230769232,0.0,0.0,0.0,1.0,0.0,0.4166666666666667,0.4
PUB-0163,0427f67f11e2a1fc,0030ffac-183a-472c-95b8-f93b4195de04,ROPINIROLE,Dosage and Administration,moderate,ExpertA,"Dose Titration Schedule of Ropinirole Tablets for Restless Legs Syndrome Day/Week Dose to be taken once daily 1 to 3 hours before bedtime Days 1 and 2 0.25 mg Days 3 to 7 0.5 mg Week 2 1 mg Week 3 1.5 mg Week 4 2 mg Week 5 2.5 mg Week 6 3 mg Week 7 4 mg When discontinuing ropinirole tablets in patients with RLS, gradual reduction of the daily dose is recommended [see Warnings and Precautions ( 5.8 , 5.9 )].",Pain severity - 0-10 verbal numeric rating [Score] - Reported 3.0 {score},3.0,1.0,0.0,1.0,1.0,0.03571428571428571,0.0,0.0,0.0,1.0,0.0,0.4166666666666667,0.4
PUB-0164,0427f67f11e2a1fc,0030ffac-183a-472c-95b8-f93b4195de04,ROPINIROLE,Dosage and Administration,moderate,ExpertA,"Dose Titration Schedule of Ropinirole Tablets for Restless Legs Syndrome Day/Week Dose to be taken once daily 1 to 3 hours before bedtime Days 1 and 2 0.25 mg Days 3 to 7 0.5 mg Week 2 1 mg Week 3 1.5 mg Week 4 2 mg Week 5 2.5 mg Week 6 3 mg Week 7 4 mg When discontinuing ropinirole tablets in patients with RLS, gradual reduction of the daily dose is recommended [see Warnings and Precautions ( 5.8 , 5.9 )].",Body Weight 74.6 kg,74.6,1.0,0.0,1.0,1.0,0.019230769230769232,0.0,0.0,0.0,1.0,0.0,0.4166666666666667,0.4
PUB-0165,4181167494b1091c,0003458f-352a-46fa-9d99-230daa76ae29,GLIMEPIRIDE,Dosage and Administration,moderate,ExpertA,Uptitration should not occur more frequently than every 1 to 2 weeks.,WBC Auto (Bld) [#/Vol] 7.0 10*3/uL,7.0,1.0,1.0,1.0,1.0,0.0,1.0,0.0,0.0,1.0,0.0,0.08333333333333333,0.1
PUB-0166,4181167494b1091c,0003458f-352a-46fa-9d99-230daa76ae29,GLIMEPIRIDE,Dosage and Administration,moderate,ExpertA,Uptitration should not occur more frequently than every 1 to 2 weeks.,RBC Auto (Bld) [#/Vol] 4.8 10*6/uL,4.8,1.0,1.0,1.0,1.0,0.0,1.0,0.0,0.0,1.0,0.0,0.08333333333333333,0.1
PUB-0167,4181167494b1091c,0003458f-352a-46fa-9d99-230daa76ae29,GLIMEPIRIDE,Dosage and Administration,moderate,ExpertA,Uptitration should not occur more frequently than every 1 to 2 weeks.,MCV [Entitic volume] by Automated count 92.4 fL,92.4,1.0,1.0,1.0,1.0,0.0,1.0,0.0,0.0,1.0,0.0,0.08333333333333333,0.1
PUB-0168,4181167494b1091c,0003458f-352a-46fa-9d99-230daa76ae29,GLIMEPIRIDE,Dosage and Administration,moderate,ExpertA,Uptitration should not occur more frequently than every 1 to 2 weeks.,MCH [Entitic mass] by Automated count 29.6 pg,29.6,1.0,1.0,1.0,1.0,0.0,1.0,0.0,0.0,1.0,0.0,0.08333333333333333,0.1
PUB-0169,dea6b71367835b7f,00088ecd-e45d-4080-b124-e66376ad7694,unknown,Dosage and Administration,moderate,ExpertA,The concentration of clindamycin in diluent for infusion should not exceed 18 mg per mL.,QOLS 1.0 {score},1.0,1.0,1.0,1.0,1.0,0.0,1.0,0.0,0.0,1.0,0.0,0.08333333333333333,0.125
PUB-0170,dea6b71367835b7f,00088ecd-e45d-4080-b124-e66376ad7694,unknown,Dosage and Administration,moderate,ExpertA,The concentration of clindamycin in diluent for infusion should not exceed 18 mg per mL.,QOLS 1.0 {score},1.0,1.0,1.0,1.0,1.0,0.0,1.0,0.0,0.0,1.0,0.0,0.08333333333333333,0.125
PUB-0171,dea6b71367835b7f,00088ecd-e45d-4080-b124-e66376ad7694,unknown,Dosage and Administration,moderate,ExpertA,The concentration of clindamycin in diluent for infusion should not exceed 18 mg per mL.,QOLS 1.0 {score},1.0,1.0,1.0,1.0,1.0,0.0,1.0,0.0,0.0,1.0,0.0,0.08333333333333333,0.125
PUB-0172,dea6b71367835b7f,00088ecd-e45d-4080-b124-e66376ad7694,unknown,Dosage and Administration,moderate,ExpertA,The concentration of clindamycin in diluent for infusion should not exceed 18 mg per mL.,QOLS 1.0 {score},1.0,1.0,1.0,1.0,1.0,0.0,1.0,0.0,0.0,1.0,0.0,0.08333333333333333,0.125
PUB-0173,c102f3f4d8e0912d,0002eded-a283-4590-a78c-b6ff2027e684,unknown,Dosage and Administration,moderate,ExpertA,Dosage adjustment in patients ≥12 years of age with compromised renal function or undergoing hemodialysis is recommended as follows (see dosing recommendations above for effective doses in each indication).,Body Height 162.8 cm,162.8,1.0,1.0,1.0,1.0,0.0,0.0,0.0,0.0,1.0,0.0,0.16666666666666666,0.23333333333333334
PUB-0174,c102f3f4d8e0912d,0002eded-a283-4590-a78c-b6ff2027e684,unknown,Dosage and Administration,moderate,ExpertA,Dosage adjustment in patients ≥12 years of age with compromised renal function or undergoing hemodialysis is recommended as follows (see dosing recommendations above for effective doses in each indication).,Pain severity - 0-10 verbal numeric rating [Score] - Reported 0.0 {score},0.0,1.0,1.0,1.0,1.0,0.0,0.0,0.0,0.0,1.0,0.0,0.16666666666666666,0.23333333333333334
PUB-0175,c102f3f4d8e0912d,0002eded-a283-4590-a78c-b6ff2027e684,unknown,Dosage and Administration,moderate,ExpertA,Dosage adjustment in patients ≥12 years of age with compromised renal function or undergoing hemodialysis is recommended as follows (see dosing recommendations above for effective doses in each indication).,Body Weight 74.6 kg,74.6,1.0,1.0,1.0,1.0,0.0,0.0,0.0,0.0,1.0,0.0,0.16666666666666666,0.23333333333333334
PUB-0176,c102f3f4d8e0912d,0002eded-a283-4590-a78c-b6ff2027e684,unknown,Dosage and Administration,moderate,ExpertA,Dosage adjustment in patients ≥12 years of age with compromised renal function or undergoing hemodialysis is recommended as follows (see dosing recommendations above for effective doses in each indication).,Body Mass Index 28.2 kg/m2,28.2,1.0,1.0,1.0,1.0,0.0,0.0,0.0,0.0,1.0,0.0,0.16666666666666666,0.23333333333333334
PUB-0177,5680276434fe0501,002875d2-8c30-2d2e-e063-6294a90ae01e,FAMOTIDINE,Dosage and Administration,moderate,ExpertA,"2 DOSAGE AND ADMINISTRATION Indication Recommended Dosage ( 2.1 ) Adult and Pediatric Patients 40 kg and greater Active DU 40 mg once daily; or 20 mg twice daily Active Gastric Ulcer 40 mg once daily GERD 20 mg twice daily Erosive Esophagitis 20 mg twice daily; or 40 mg twice daily Adults Pathological Hypersecretory Conditions 20 mg every 6 hours; adjust to patient needs; maximum 160 mg every 6 hours Risk Reduction of DU Recurrence 20 mg once daily • See full prescribing information for complete dosing information, including dosing in renal impairment, and recommended treatment duration.",Respiratory rate 15.0 /min,15.0,1.0,1.0,1.0,1.0,0.0,0.0,0.0,0.0,1.0,0.0,1.0,0.4666666666666667
PUB-0178,5680276434fe0501,002875d2-8c30-2d2e-e063-6294a90ae01e,FAMOTIDINE,Dosage and Administration,moderate,ExpertA,"2 DOSAGE AND ADMINISTRATION Indication Recommended Dosage ( 2.1 ) Adult and Pediatric Patients 40 kg and greater Active DU 40 mg once daily; or 20 mg twice daily Active Gastric Ulcer 40 mg once daily GERD 20 mg twice daily Erosive Esophagitis 20 mg twice daily; or 40 mg twice daily Adults Pathological Hypersecretory Conditions 20 mg every 6 hours; adjust to patient needs; maximum 160 mg every 6 hours Risk Reduction of DU Recurrence 20 mg once daily • See full prescribing information for complete dosing information, including dosing in renal impairment, and recommended treatment duration.",Body Height 136.5 cm,136.5,1.0,1.0,1.0,1.0,0.0,0.0,0.0,0.0,1.0,0.0,1.0,0.4666666666666667
PUB-0179,5680276434fe0501,002875d2-8c30-2d2e-e063-6294a90ae01e,FAMOTIDINE,Dosage and Administration,moderate,ExpertA,"2 DOSAGE AND ADMINISTRATION Indication Recommended Dosage ( 2.1 ) Adult and Pediatric Patients 40 kg and greater Active DU 40 mg once daily; or 20 mg twice daily Active Gastric Ulcer 40 mg once daily GERD 20 mg twice daily Erosive Esophagitis 20 mg twice daily; or 40 mg twice daily Adults Pathological Hypersecretory Conditions 20 mg every 6 hours; adjust to patient needs; maximum 160 mg every 6 hours Risk Reduction of DU Recurrence 20 mg once daily • See full prescribing information for complete dosing information, including dosing in renal impairment, and recommended treatment duration.",Pain severity - 0-10 verbal numeric rating [Score] - Reported 3.0 {score},3.0,1.0,1.0,1.0,1.0,0.0,0.0,0.0,0.0,1.0,0.0,1.0,0.4666666666666667
PUB-0180,5680276434fe0501,002875d2-8c30-2d2e-e063-6294a90ae01e,FAMOTIDINE,Dosage and Administration,moderate,ExpertA,"2 DOSAGE AND ADMINISTRATION Indication Recommended Dosage ( 2.1 ) Adult and Pediatric Patients 40 kg and greater Active DU 40 mg once daily; or 20 mg twice daily Active Gastric Ulcer 40 mg once daily GERD 20 mg twice daily Erosive Esophagitis 20 mg twice daily; or 40 mg twice daily Adults Pathological Hypersecretory Conditions 20 mg every 6 hours; adjust to patient needs; maximum 160 mg every 6 hours Risk Reduction of DU Recurrence 20 mg once daily • See full prescribing information for complete dosing information, including dosing in renal impairment, and recommended treatment duration.",Body Weight 33.0 kg,33.0,1.0,1.0,1.0,1.0,0.016666666666666666,0.0,0.0,0.0,1.0,0.0,1.0,0.4666666666666667
PUB-0181,6a7c4fe9c279f9da,0004a0bb-87c0-46f8-b36a-95c98107395d,VARENICLINE,Dosage and Administration,moderate,ExpertA,"Continue treatment for an additional 12 weeks, for a total of 24 weeks.",Carbon Dioxide 21.0 mmol/L,21.0,1.0,0.0,1.0,1.0,0.0,0.0,0.0,0.0,1.0,0.0,0.16666666666666666,0.09166666666666666
PUB-0182,6a7c4fe9c279f9da,0004a0bb-87c0-46f8-b36a-95c98107395d,VARENICLINE,Dosage and Administration,moderate,ExpertA,"Continue treatment for an additional 12 weeks, for a total of 24 weeks.",Glomerular filtration rate/1.73 sq M.predicted 87.3 mL/min,87.3,1.0,0.0,1.0,1.0,0.0,0.0,0.0,0.0,1.0,0.0,0.16666666666666666,0.09166666666666666
PUB-0183,6a7c4fe9c279f9da,0004a0bb-87c0-46f8-b36a-95c98107395d,VARENICLINE,Dosage and Administration,moderate,ExpertA,"Continue treatment for an additional 12 weeks, for a total of 24 weeks.",Protein [Mass/volume] in Serum or Plasma 72.0 g/dL,72.0,1.0,0.0,1.0,1.0,0.0,0.0,0.0,0.0,1.0,0.0,0.16666666666666666,0.09166666666666666
PUB-0184,6a7c4fe9c279f9da,0004a0bb-87c0-46f8-b36a-95c98107395d,VARENICLINE,Dosage and Administration,moderate,ExpertA,"Continue treatment for an additional 12 weeks, for a total of 24 weeks.",Albumin [Mass/volume] in Serum or Plasma 4.9 g/dL,4.9,1.0,0.0,1.0,1.0,0.0,0.0,0.0,0.0,1.0,0.0,0.16666666666666666,0.09166666666666666
PUB-0185,1bc82ab5b84a560d,00179766-980b-44b0-99d3-1fee2bb27e37,SERTRALINE HYDROCHLORIDE,Dosage and Administration,moderate,ExpertA,Therapy with Sertraline hydrochloride may be resumed 24 hours after the last dose of linezolid or intravenous methylene blue (see WARNINGS ).,Respiratory rate 13.0 /min,13.0,1.0,0.0,1.0,1.0,0.0,0.0,0.0,0.0,1.0,0.0,0.16666666666666666,0.175
PUB-0186,1bc82ab5b84a560d,00179766-980b-44b0-99d3-1fee2bb27e37,SERTRALINE HYDROCHLORIDE,Dosage and Administration,moderate,ExpertA,Therapy with Sertraline hydrochloride may be resumed 24 hours after the last dose of linezolid or intravenous methylene blue (see WARNINGS ).,Polyp size greatest dimension by CAP cancer protocols 4.9 mm,4.9,1.0,0.0,1.0,1.0,0.0,0.0,0.0,0.0,1.0,0.0,0.16666666666666666,0.175
PUB-0187,1bc82ab5b84a560d,00179766-980b-44b0-99d3-1fee2bb27e37,SERTRALINE HYDROCHLORIDE,Dosage and Administration,moderate,ExpertA,Therapy with Sertraline hydrochloride may be resumed 24 hours after the last dose of linezolid or intravenous methylene blue (see WARNINGS ).,Hemoglobin.gastrointestinal [Presence] in Stool by Immunologic method 16.4 ng/mL,16.4,1.0,0.0,1.0,1.0,0.0,0.0,0.0,0.0,1.0,0.0,0.16666666666666666,0.175
PUB-0188,1bc82ab5b84a560d,00179766-980b-44b0-99d3-1fee2bb27e37,SERTRALINE HYDROCHLORIDE,Dosage and Administration,moderate,ExpertA,Therapy with Sertraline hydrochloride may be resumed 24 hours after the last dose of linezolid or intravenous methylene blue (see WARNINGS ).,Body Height 172.5 cm,172.5,1.0,0.0,1.0,1.0,0.0,0.0,0.0,0.0,1.0,0.0,0.16666666666666666,0.175
PUB-0189,6a53ce363f35ef6a,002dd00f-7946-ea4f-e063-6294a90a5916,OLANZAPINE,Dosage and Administration,moderate,ExpertA,"Efficacy in adolescents with schizophrenia was demonstrated based on a flexible dose range of 2.5 mg/day to 20 mg/day in clinical trials, with a mean modal dose of 12.5 mg/day (mean dose of 11.1 mg/day).",Systolic Blood Pressure 108.0 mm[Hg],108.0,1.0,0.0,1.0,1.0,0.0,0.0,0.0,0.0,1.0,0.0,0.16666666666666666,0.225
PUB-0190,6a53ce363f35ef6a,002dd00f-7946-ea4f-e063-6294a90a5916,OLANZAPINE,Dosage and Administration,moderate,ExpertA,"Efficacy in adolescents with schizophrenia was demonstrated based on a flexible dose range of 2.5 mg/day to 20 mg/day in clinical trials, with a mean modal dose of 12.5 mg/day (mean dose of 11.1 mg/day).",Diastolic Blood Pressure 80.0 mm[Hg],80.0,1.0,0.0,1.0,1.0,0.0,0.0,0.0,0.0,1.0,0.0,0.16666666666666666,0.225
PUB-0191,6a53ce363f35ef6a,002dd00f-7946-ea4f-e063-6294a90a5916,OLANZAPINE,Dosage and Administration,moderate,ExpertA,"Efficacy in adolescents with schizophrenia was demonstrated based on a flexible dose range of 2.5 mg/day to 20 mg/day in clinical trials, with a mean modal dose of 12.5 mg/day (mean dose of 11.1 mg/day).",Systolic Blood Pressure 112.0 mm[Hg],112.0,1.0,0.0,1.0,1.0,0.0,0.0,0.0,0.0,1.0,0.0,0.16666666666666666,0.225
PUB-0192,6a53ce363f35ef6a,002dd00f-7946-ea4f-e063-6294a90a5916,OLANZAPINE,Dosage and Administration,moderate,ExpertA,"Efficacy in adolescents with schizophrenia was demonstrated based on a flexible dose range of 2.5 mg/day to 20 mg/day in clinical trials, with a mean modal dose of 12.5 mg/day (mean dose of 11.1 mg/day).",Diastolic Blood Pressure 79.0 mm[Hg],79.0,1.0,0.0,1.0,1.0,0.0,0.0,0.0,0.0,1.0,0.0,0.16666666666666666,0.225
PUB-0193,bb6361ef5bf1f531,0031ae52-111e-4f6d-9a1c-3e85ea233418,unknown,Dosage and Administration,moderate,ExpertA,Increasing the dosage beyond 100 mg a day is unlikely to produce any further benefit.,Protein [Mass/volume] in Serum or Plasma 78.2 g/dL,78.2,1.0,0.0,1.0,1.0,0.0,0.0,0.0,0.0,1.0,0.0,0.08333333333333333,0.125
PUB-0194,bb6361ef5bf1f531,0031ae52-111e-4f6d-9a1c-3e85ea233418,unknown,Dosage and Administration,moderate,ExpertA,Increasing the dosage beyond 100 mg a day is unlikely to produce any further benefit.,Albumin [Mass/volume] in Serum or Plasma 3.5 g/dL,3.5,1.0,0.0,1.0,1.0,0.0,0.0,0.0,0.0,1.0,0.0,0.08333333333333333,0.125
PUB-0195,bb6361ef5bf1f531,0031ae52-111e-4f6d-9a1c-3e85ea233418,unknown,Dosage and Administration,moderate,ExpertA,Increasing the dosage beyond 100 mg a day is unlikely to produce any further benefit.,Globulin [Mass/volume] in Serum by calculation 2.4 g/L,2.4,1.0,0.0,1.0,1.0,0.0,0.0,0.0,0.0,1.0,0.0,0.08333333333333333,0.125
PUB-0196,bb6361ef5bf1f531,0031ae52-111e-4f6d-9a1c-3e85ea233418,unknown,Dosage and Administration,moderate,ExpertA,Increasing the dosage beyond 100 mg a day is unlikely to produce any further benefit.,Bilirubin.total [Mass/volume] in Serum or Plasma 1.2 mg/dL,1.2,1.0,0.0,1.0,1.0,0.038461538461538464,0.0,0.0,0.0,1.0,0.0,0.08333333333333333,0.125
PUB-0197,0e9812c8198731aa,0003458f-352a-46fa-9d99-230daa76ae29,GLIMEPIRIDE,Dosage and Administration,moderate,ExpertA,Maximum recommended dose is 8 mg once daily ( 2.1 ).,Diastolic Blood Pressure 81.0 mm[Hg],81.0,1.0,1.0,1.0,1.0,0.0,0.0,0.0,0.0,1.0,0.0,0.08333333333333333,0.08333333333333333
PUB-0198,0e9812c8198731aa,0003458f-352a-46fa-9d99-230daa76ae29,GLIMEPIRIDE,Dosage and Administration,moderate,ExpertA,Maximum recommended dose is 8 mg once daily ( 2.1 ).,Systolic Blood Pressure 106.0 mm[Hg],106.0,1.0,1.0,1.0,1.0,0.0,0.0,0.0,0.0,1.0,0.0,0.08333333333333333,0.08333333333333333
PUB-0199,0e9812c8198731aa,0003458f-352a-46fa-9d99-230daa76ae29,GLIMEPIRIDE,Dosage and Administration,moderate,ExpertA,Maximum recommended dose is 8 mg once daily ( 2.1 ).,Heart rate 78.0 /min,78.0,1.0,1.0,1.0,1.0,0.0,0.0,0.0,0.0,1.0,0.0,0.08333333333333333,0.08333333333333333
PUB-0200,0e9812c8198731aa,0003458f-352a-46fa-9d99-230daa76ae29,GLIMEPIRIDE,Dosage and Administration,moderate,ExpertA,Maximum recommended dose is 8 mg once daily ( 2.1 ).,Respiratory rate 12.0 /min,12.0,1.0,1.0,1.0,1.0,0.0,0.0,0.0,0.0,1.0,0.0,0.08333333333333333,0.08333333333333333
PUB-0201,dbbe127cc45d0ba3,00038c95-b2c8-4245-b671-6af177b3a00e,unknown,Dosage and Administration,moderate,ExpertA,"In patients with severe renal impairment (CLCR < 30 mL/min), the dose of clarithromycin should be reduced by 50%.",Body Mass Index 30.3 kg/m2,30.3,1.0,0.0,1.0,1.0,0.04,0.0,0.0,0.0,1.0,0.0,0.16666666666666666,0.15833333333333333
PUB-0202,dbbe127cc45d0ba3,00038c95-b2c8-4245-b671-6af177b3a00e,unknown,Dosage and Administration,moderate,ExpertA,"In patients with severe renal impairment (CLCR < 30 mL/min), the dose of clarithromycin should be reduced by 50%.",Diastolic Blood Pressure 80.0 mm[Hg],80.0,1.0,0.0,1.0,1.0,0.0,0.0,0.0,0.0,1.0,0.0,0.16666666666666666,0.15833333333333333
PUB-0203,dbbe127cc45d0ba3,00038c95-b2c8-4245-b671-6af177b3a00e,unknown,Dosage and Administration,moderate,ExpertA,"In patients with severe renal impairment (CLCR < 30 mL/min), the dose of clarithromycin should be reduced by 50%.",Systolic Blood Pressure 112.0 mm[Hg],112.0,1.0,0.0,1.0,1.0,0.0,0.0,0.0,0.0,1.0,0.0,0.16666666666666666,0.15833333333333333
PUB-0204,dbbe127cc45d0ba3,00038c95-b2c8-4245-b671-6af177b3a00e,unknown,Dosage and Administration,moderate,ExpertA,"In patients with severe renal impairment (CLCR < 30 mL/min), the dose of clarithromycin should be reduced by 50%.",Heart rate 76.0 /min,76.0,1.0,0.0,1.0,1.0,0.043478260869565216,0.0,0.0,0.0,1.0,0.0,0.16666666666666666,0.15833333333333333
PUB-0205,00081913e597aa95,002ede85-8d0b-42c2-8567-cc174936aa0f,unknown,Dosage and Administration,moderate,ExpertA,It is generally considered that no more than 400 mg of phenobarbital should be administered during a 24-hour period.,Hemoglobin [Mass/volume] in Blood 12.8 g/dL,12.8,1.0,0.0,1.0,1.0,0.0,1.0,0.0,0.0,1.0,0.0,0.08333333333333333,0.16666666666666666
PUB-0206,00081913e597aa95,002ede85-8d0b-42c2-8567-cc174936aa0f,unknown,Dosage and Administration,moderate,ExpertA,It is generally considered that no more than 400 mg of phenobarbital should be administered during a 24-hour period.,Hematocrit [Volume Fraction] of Blood by Automated count 36.1 %,36.1,1.0,0.0,1.0,1.0,0.034482758620689655,1.0,0.0,0.0,1.0,0.0,0.08333333333333333,0.16666666666666666
PUB-0207,00081913e597aa95,002ede85-8d0b-42c2-8567-cc174936aa0f,unknown,Dosage and Administration,moderate,ExpertA,It is generally considered that no more than 400 mg of phenobarbital should be administered during a 24-hour period.,MCV [Entitic volume] by Automated count 93.3 fL,93.3,1.0,0.0,1.0,1.0,0.0,1.0,0.0,0.0,1.0,0.0,0.08333333333333333,0.16666666666666666
PUB-0208,00081913e597aa95,002ede85-8d0b-42c2-8567-cc174936aa0f,unknown,Dosage and Administration,moderate,ExpertA,It is generally considered that no more than 400 mg of phenobarbital should be administered during a 24-hour period.,MCH [Entitic mass] by Automated count 27.4 pg,27.4,1.0,0.0,1.0,1.0,0.0,1.0,0.0,0.0,1.0,0.0,0.08333333333333333,0.16666666666666666
PUB-0209,82fde23caaec3834,0005e2a8-3ab9-4173-a46f-9c53881379e2,unknown,Dosage and Administration,moderate,ExpertA,Initiate aspirin (75–325 mg once daily) and continue in combination with Plavix [see Clinical Studies (14.1) ] .,Heart rate 86.0 /min,86.0,1.0,0.0,1.0,1.0,0.0,0.0,0.0,0.0,1.0,0.0,0.16666666666666666,0.15
PUB-0210,82fde23caaec3834,0005e2a8-3ab9-4173-a46f-9c53881379e2,unknown,Dosage and Administration,moderate,ExpertA,Initiate aspirin (75–325 mg once daily) and continue in combination with Plavix [see Clinical Studies (14.1) ] .,Respiratory rate 12.0 /min,12.0,1.0,0.0,1.0,1.0,0.0,0.0,0.0,0.0,1.0,0.0,0.16666666666666666,0.15
PUB-0211,82fde23caaec3834,0005e2a8-3ab9-4173-a46f-9c53881379e2,unknown,Dosage and Administration,moderate,ExpertA,Initiate aspirin (75–325 mg once daily) and continue in combination with Plavix [see Clinical Studies (14.1) ] .,Leukocytes [#/volume] in Blood by Automated count 9.5 10*3/uL,9.5,1.0,0.0,1.0,1.0,0.034482758620689655,0.0,0.0,0.0,1.0,0.0,0.16666666666666666,0.15
PUB-0212,82fde23caaec3834,0005e2a8-3ab9-4173-a46f-9c53881379e2,unknown,Dosage and Administration,moderate,ExpertA,Initiate aspirin (75–325 mg once daily) and continue in combination with Plavix [see Clinical Studies (14.1) ] .,Erythrocytes [#/volume] in Blood by Automated count 5.1 10*6/uL,5.1,1.0,0.0,1.0,1.0,0.07142857142857142,0.0,0.0,0.0,1.0,0.0,0.16666666666666666,0.15
PUB-0213,6153c654f7568276,0027b8a3-73bf-4005-a7e3-b035f451a861,unknown,Dosage and Administration,moderate,ExpertA,Therapy should begin at the lowest dose possible (0.5 mg per day).,Urea Nitrogen 7.3 mg/dL,7.3,1.0,0.0,1.0,1.0,0.05555555555555555,0.0,0.0,0.0,1.0,0.0,0.08333333333333333,0.10833333333333334
PUB-0214,6153c654f7568276,0027b8a3-73bf-4005-a7e3-b035f451a861,unknown,Dosage and Administration,moderate,ExpertA,Therapy should begin at the lowest dose possible (0.5 mg per day).,Respiratory rate 14.0 /min,14.0,1.0,0.0,1.0,1.0,0.058823529411764705,0.0,0.0,0.0,1.0,0.0,0.08333333333333333,0.10833333333333334
PUB-0215,6153c654f7568276,0027b8a3-73bf-4005-a7e3-b035f451a861,unknown,Dosage and Administration,moderate,ExpertA,Therapy should begin at the lowest dose possible (0.5 mg per day).,Creatinine 0.8 mg/dL,0.8,1.0,0.0,1.0,1.0,0.125,0.0,0.0,0.0,1.0,0.0,0.08333333333333333,0.10833333333333334
PUB-0216,6153c654f7568276,0027b8a3-73bf-4005-a7e3-b035f451a861,unknown,Dosage and Administration,moderate,ExpertA,Therapy should begin at the lowest dose possible (0.5 mg per day).,Calcium 9.1 mg/dL,9.1,1.0,0.0,1.0,1.0,0.058823529411764705,0.0,0.0,0.0,1.0,0.0,0.08333333333333333,0.10833333333333334
PUB-0217,621369c579692ce0,002dd00f-7946-ea4f-e063-6294a90a5916,OLANZAPINE,Dosage and Administration,moderate,ExpertA,"Adults Oral olanzapine should be administered in combination with fluoxetine once daily in the evening, without regard to meals, generally beginning with 5 mg of oral olanzapine and 20 mg of fluoxetine.",Body Mass Index 27.6 kg/m2,27.6,1.0,0.0,1.0,1.0,0.0,1.0,0.0,0.0,1.0,0.0,0.3333333333333333,0.20833333333333334
PUB-0218,621369c579692ce0,002dd00f-7946-ea4f-e063-6294a90a5916,OLANZAPINE,Dosage and Administration,moderate,ExpertA,"Adults Oral olanzapine should be administered in combination with fluoxetine once daily in the evening, without regard to meals, generally beginning with 5 mg of oral olanzapine and 20 mg of fluoxetine.",Diastolic Blood Pressure 83.0 mm[Hg],83.0,1.0,0.0,1.0,1.0,0.0,1.0,0.0,0.0,1.0,0.0,0.3333333333333333,0.20833333333333334
PUB-0219,621369c579692ce0,002dd00f-7946-ea4f-e063-6294a90a5916,OLANZAPINE,Dosage and Administration,moderate,ExpertA,"Adults Oral olanzapine should be administered in combination with fluoxetine once daily in the evening, without regard to meals, generally beginning with 5 mg of oral olanzapine and 20 mg of fluoxetine.",Systolic Blood Pressure 111.0 mm[Hg],111.0,1.0,0.0,1.0,1.0,0.0,1.0,0.0,0.0,1.0,0.0,0.3333333333333333,0.20833333333333334
PUB-0220,621369c579692ce0,002dd00f-7946-ea4f-e063-6294a90a5916,OLANZAPINE,Dosage and Administration,moderate,ExpertA,"Adults Oral olanzapine should be administered in combination with fluoxetine once daily in the evening, without regard to meals, generally beginning with 5 mg of oral olanzapine and 20 mg of fluoxetine.",Heart rate 82.0 /min,82.0,1.0,0.0,1.0,1.0,0.0,1.0,0.0,0.0,1.0,0.0,0.3333333333333333,0.20833333333333334
PUB-0221,984047af4eef5616,00139e9f-3fd0-4dcf-a437-fb68a9988cea,unknown,Dosage and Administration,moderate,ExpertA,"The initial dose of cyclosporine injection, USP should be given 4 to 12 hours prior to transplantation as a single intravenous dose of 5 to 6 mg/kg/day.",Potassium 4.2 mmol/L,4.2,1.0,0.0,1.0,1.0,0.034482758620689655,0.0,0.0,0.0,1.0,0.0,0.16666666666666666,0.20833333333333334
PUB-0222,984047af4eef5616,00139e9f-3fd0-4dcf-a437-fb68a9988cea,unknown,Dosage and Administration,moderate,ExpertA,"The initial dose of cyclosporine injection, USP should be given 4 to 12 hours prior to transplantation as a single intravenous dose of 5 to 6 mg/kg/day.",Chloride 104.6 mmol/L,104.6,1.0,0.0,1.0,1.0,0.034482758620689655,0.0,0.0,0.0,1.0,0.0,0.16666666666666666,0.20833333333333334
PUB-0223,984047af4eef5616,00139e9f-3fd0-4dcf-a437-fb68a9988cea,unknown,Dosage and Administration,moderate,ExpertA,"The initial dose of cyclosporine injection, USP should be given 4 to 12 hours prior to transplantation as a single intravenous dose of 5 to 6 mg/kg/day.",Carbon Dioxide 23.7 mmol/L,23.7,1.0,0.0,1.0,1.0,0.0,0.0,0.0,0.0,1.0,0.0,0.16666666666666666,0.20833333333333334
PUB-0224,984047af4eef5616,00139e9f-3fd0-4dcf-a437-fb68a9988cea,unknown,Dosage and Administration,moderate,ExpertA,"The initial dose of cyclosporine injection, USP should be given 4 to 12 hours prior to transplantation as a single intravenous dose of 5 to 6 mg/kg/day.",Total Cholesterol 230.4 mg/dL,230.4,1.0,0.0,1.0,1.0,0.06896551724137931,0.0,0.0,0.0,1.0,0.0,0.16666666666666666,0.20833333333333334
PUB-0225,4421d2a57917e99f,00046231-8fab-44a0-b986-9a9dd450881d,unknown,Dosage and Administration,moderate,ExpertA,Normal T 4 levels are achieved in 24 hours followed in 3 days by threefold elevation of T 3 .,Low Density Lipoprotein Cholesterol 81.1 mg/dL,81.1,1.0,0.0,1.0,1.0,0.0,0.0,0.0,0.0,1.0,0.0,0.08333333333333333,0.13333333333333333
PUB-0226,4421d2a57917e99f,00046231-8fab-44a0-b986-9a9dd450881d,unknown,Dosage and Administration,moderate,ExpertA,Normal T 4 levels are achieved in 24 hours followed in 3 days by threefold elevation of T 3 .,High Density Lipoprotein Cholesterol 50.5 mg/dL,50.5,1.0,0.0,1.0,1.0,0.0,0.0,0.0,0.0,1.0,0.0,0.08333333333333333,0.13333333333333333
PUB-0227,4421d2a57917e99f,00046231-8fab-44a0-b986-9a9dd450881d,unknown,Dosage and Administration,moderate,ExpertA,Normal T 4 levels are achieved in 24 hours followed in 3 days by threefold elevation of T 3 .,FEV1/FVC 16.6 %,16.6,1.0,0.0,1.0,1.0,0.0,0.0,0.0,0.0,1.0,0.0,0.08333333333333333,0.13333333333333333
PUB-0228,4421d2a57917e99f,00046231-8fab-44a0-b986-9a9dd450881d,unknown,Dosage and Administration,moderate,ExpertA,Normal T 4 levels are achieved in 24 hours followed in 3 days by threefold elevation of T 3 .,Body Height 179.6 cm,179.6,1.0,0.0,1.0,1.0,0.0,0.0,0.0,0.0,1.0,0.0,0.08333333333333333,0.13333333333333333
PUB-0229,5aab652f96bae9e7,002d4c7e-b94e-49b6-8554-0aa0c60d5bde,unknown,Dosage and Administration,moderate,ExpertA,The maximum recommended dosage is 60 mg/kg/day.,Systolic Blood Pressure 108.0 mm[Hg],108.0,1.0,1.0,1.0,1.0,0.0,0.0,0.0,0.0,1.0,0.0,0.08333333333333333,0.075
PUB-0230,5aab652f96bae9e7,002d4c7e-b94e-49b6-8554-0aa0c60d5bde,unknown,Dosage and Administration,moderate,ExpertA,The maximum recommended dosage is 60 mg/kg/day.,High Density Lipoprotein Cholesterol 71.0 mg/dL,71.0,1.0,1.0,1.0,1.0,0.0625,0.0,0.0,0.0,1.0,0.0,0.08333333333333333,0.075
PUB-0231,5aab652f96bae9e7,002d4c7e-b94e-49b6-8554-0aa0c60d5bde,unknown,Dosage and Administration,moderate,ExpertA,The maximum recommended dosage is 60 mg/kg/day.,Heart rate 62.0 /min,62.0,1.0,1.0,1.0,1.0,0.0,0.0,0.0,0.0,1.0,0.0,0.08333333333333333,0.075
PUB-0232,5aab652f96bae9e7,002d4c7e-b94e-49b6-8554-0aa0c60d5bde,unknown,Dosage and Administration,moderate,ExpertA,The maximum recommended dosage is 60 mg/kg/day.,Respiratory rate 14.0 /min,14.0,1.0,1.0,1.0,1.0,0.0,0.0,0.0,0.0,1.0,0.0,0.08333333333333333,0.075
PUB-0233,f5bca61d96aeb112,0005e2a8-3ab9-4173-a46f-9c53881379e2,unknown,Dosage and Administration,moderate,ExpertA,"Although a higher dose regimen (600 mg loading dose followed by 150 mg once daily) in poor metabolizers increases antiplatelet response [see Clinical Pharmacology (12.5) ] , an appropriate dose regimen for this patient population has not been established in clinical outcome trials.",Protein [Mass/volume] in Serum or Plasma 78.1 g/dL,78.1,1.0,0.0,1.0,1.0,0.021739130434782608,1.0,0.0,0.0,1.0,0.0,0.16666666666666666,0.3
PUB-0234,f5bca61d96aeb112,0005e2a8-3ab9-4173-a46f-9c53881379e2,unknown,Dosage and Administration,moderate,ExpertA,"Although a higher dose regimen (600 mg loading dose followed by 150 mg once daily) in poor metabolizers increases antiplatelet response [see Clinical Pharmacology (12.5) ] , an appropriate dose regimen for this patient population has not been established in clinical outcome trials.",Albumin [Mass/volume] in Serum or Plasma 4.9 g/dL,4.9,1.0,0.0,1.0,1.0,0.021739130434782608,1.0,0.0,0.0,1.0,0.0,0.16666666666666666,0.3
PUB-0235,f5bca61d96aeb112,0005e2a8-3ab9-4173-a46f-9c53881379e2,unknown,Dosage and Administration,moderate,ExpertA,"Although a higher dose regimen (600 mg loading dose followed by 150 mg once daily) in poor metabolizers increases antiplatelet response [see Clinical Pharmacology (12.5) ] , an appropriate dose regimen for this patient population has not been established in clinical outcome trials.",Globulin [Mass/volume] in Serum by calculation 2.1 g/L,2.1,1.0,0.0,1.0,1.0,0.044444444444444446,1.0,0.0,0.0,1.0,0.0,0.16666666666666666,0.3
PUB-0236,f5bca61d96aeb112,0005e2a8-3ab9-4173-a46f-9c53881379e2,unknown,Dosage and Administration,moderate,ExpertA,"Although a higher dose regimen (600 mg loading dose followed by 150 mg once daily) in poor metabolizers increases antiplatelet response [see Clinical Pharmacology (12.5) ] , an appropriate dose regimen for this patient population has not been established in clinical outcome trials.",Bilirubin.total [Mass/volume] in Serum or Plasma 0.2 mg/dL,0.2,1.0,0.0,1.0,1.0,0.043478260869565216,1.0,0.0,0.0,1.0,0.0,0.16666666666666666,0.3
PUB-0237,480caa7f875a36c0,001d880e-c468-4639-ad22-65e7bdba111d,unknown,Dosage and Administration,moderate,ExpertA,"Hydrochlorothiazide, 12.5 mg has been shown to provide an additive effect.",Creatinine 2.6 mg/dL,2.6,1.0,0.0,1.0,1.0,0.0625,0.0,0.0,0.0,1.0,0.0,0.16666666666666666,0.1
PUB-0238,480caa7f875a36c0,001d880e-c468-4639-ad22-65e7bdba111d,unknown,Dosage and Administration,moderate,ExpertA,"Hydrochlorothiazide, 12.5 mg has been shown to provide an additive effect.",Calcium 8.9 mg/dL,8.9,1.0,0.0,1.0,1.0,0.0625,0.0,0.0,0.0,1.0,0.0,0.16666666666666666,0.1
PUB-0239,480caa7f875a36c0,001d880e-c468-4639-ad22-65e7bdba111d,unknown,Dosage and Administration,moderate,ExpertA,"Hydrochlorothiazide, 12.5 mg has been shown to provide an additive effect.",Sodium 141.2 mmol/L,141.2,1.0,0.0,1.0,1.0,0.0,0.0,0.0,0.0,1.0,0.0,0.16666666666666666,0.1
PUB-0240,480caa7f875a36c0,001d880e-c468-4639-ad22-65e7bdba111d,unknown,Dosage and Administration,moderate,ExpertA,"Hydrochlorothiazide, 12.5 mg has been shown to provide an additive effect.",Potassium 5.2 mmol/L,5.2,1.0,0.0,1.0,1.0,0.0625,0.0,0.0,0.0,1.0,0.0,0.16666666666666666,0.1
PUB-0241,94ebc7a6a45c92ce,00307f42-748d-4227-8c6f-ed5f0a89ae0a,NITISINONE,Dosage and Administration,moderate,ExpertA,"Maintenance Regimen In patients 5 years of age and older who have undetectable serum and urine succinylacetone concentrations after a minimum of 4 weeks on a stable dosage of nitisinone, the total daily dose of ORFADIN may be given once daily (e.g., 1 to 2 mg/kg once daily) [see Clinical Pharmacology ( 12.2 )] .",Systolic Blood Pressure 108.0 mm[Hg],108.0,1.0,1.0,1.0,1.0,0.0,0.0,0.0,0.0,1.0,0.0,0.4166666666666667,0.38333333333333336
PUB-0242,94ebc7a6a45c92ce,00307f42-748d-4227-8c6f-ed5f0a89ae0a,NITISINONE,Dosage and Administration,moderate,ExpertA,"Maintenance Regimen In patients 5 years of age and older who have undetectable serum and urine succinylacetone concentrations after a minimum of 4 weeks on a stable dosage of nitisinone, the total daily dose of ORFADIN may be given once daily (e.g., 1 to 2 mg/kg once daily) [see Clinical Pharmacology ( 12.2 )] .",Heart rate 87.0 /min,87.0,1.0,1.0,1.0,1.0,0.0,0.0,0.0,0.0,1.0,0.0,0.4166666666666667,0.38333333333333336
PUB-0243,94ebc7a6a45c92ce,00307f42-748d-4227-8c6f-ed5f0a89ae0a,NITISINONE,Dosage and Administration,moderate,ExpertA,"Maintenance Regimen In patients 5 years of age and older who have undetectable serum and urine succinylacetone concentrations after a minimum of 4 weeks on a stable dosage of nitisinone, the total daily dose of ORFADIN may be given once daily (e.g., 1 to 2 mg/kg once daily) [see Clinical Pharmacology ( 12.2 )] .",Respiratory rate 16.0 /min,16.0,1.0,1.0,1.0,1.0,0.0,0.0,0.0,0.0,1.0,0.0,0.4166666666666667,0.38333333333333336
PUB-0244,94ebc7a6a45c92ce,00307f42-748d-4227-8c6f-ed5f0a89ae0a,NITISINONE,Dosage and Administration,moderate,ExpertA,"Maintenance Regimen In patients 5 years of age and older who have undetectable serum and urine succinylacetone concentrations after a minimum of 4 weeks on a stable dosage of nitisinone, the total daily dose of ORFADIN may be given once daily (e.g., 1 to 2 mg/kg once daily) [see Clinical Pharmacology ( 12.2 )] .",Body Height 159.7 cm,159.7,1.0,1.0,1.0,1.0,0.0,0.0,0.0,0.0,1.0,0.0,0.4166666666666667,0.38333333333333336
PUB-0245,61e371a31329054e,000dc81d-ab91-450c-8eae-8eb74e72296f,SACUBITRIL AND VALSARTAN,Dosage and Administration,moderate,ExpertA,"To make an 800 mg/200 mL (4 mg/mL) oral suspension, transfer eight tablets of ENTRESTO 49/51 mg film-coated tablets into a mortar.",Hemoglobin A1c/Hemoglobin.total in Blood 2.3 %,2.3,1.0,0.0,1.0,1.0,0.0,0.0,0.0,0.0,1.0,0.0,0.16666666666666666,0.18333333333333332
PUB-0246,61e371a31329054e,000dc81d-ab91-450c-8eae-8eb74e72296f,SACUBITRIL AND VALSARTAN,Dosage and Administration,moderate,ExpertA,"To make an 800 mg/200 mL (4 mg/mL) oral suspension, transfer eight tablets of ENTRESTO 49/51 mg film-coated tablets into a mortar.",Glucose 72.6 mg/dL,72.6,1.0,0.0,1.0,1.0,0.038461538461538464,0.0,0.0,0.0,1.0,0.0,0.16666666666666666,0.18333333333333332
PUB-0247,61e371a31329054e,000dc81d-ab91-450c-8eae-8eb74e72296f,SACUBITRIL AND VALSARTAN,Dosage and Administration,moderate,ExpertA,"To make an 800 mg/200 mL (4 mg/mL) oral suspension, transfer eight tablets of ENTRESTO 49/51 mg film-coated tablets into a mortar.",Urea Nitrogen 18.5 mg/dL,18.5,1.0,0.0,1.0,1.0,0.037037037037037035,0.0,0.0,0.0,1.0,0.0,0.16666666666666666,0.18333333333333332
PUB-0248,61e371a31329054e,000dc81d-ab91-450c-8eae-8eb74e72296f,SACUBITRIL AND VALSARTAN,Dosage and Administration,moderate,ExpertA,"To make an 800 mg/200 mL (4 mg/mL) oral suspension, transfer eight tablets of ENTRESTO 49/51 mg film-coated tablets into a mortar.",Creatinine 3.2 mg/dL,3.2,1.0,0.0,1.0,1.0,0.038461538461538464,0.0,0.0,0.0,1.0,0.0,0.16666666666666666,0.18333333333333332
PUB-0249,2aec5ef62437260f,001cf46a-ab2f-4f82-a015-175d7c9e7ef3,unknown,Dosage and Administration,moderate,ExpertA,"In elderly patients or patients unable to tolerate 2.5 mg twice daily, consider initiating dronabinol capsules at 2.5 mg once daily one hour before dinner or at bedtime to reduce the risk of central nervous system (CNS) symptoms [see Use in Specific Populations (8.5)].",Heart rate 82.0 /min,82.0,1.0,0.0,1.0,1.0,0.0,0.0,0.0,0.0,1.0,0.0,0.3333333333333333,0.30833333333333335
PUB-0250,2aec5ef62437260f,001cf46a-ab2f-4f82-a015-175d7c9e7ef3,unknown,Dosage and Administration,moderate,ExpertA,"In elderly patients or patients unable to tolerate 2.5 mg twice daily, consider initiating dronabinol capsules at 2.5 mg once daily one hour before dinner or at bedtime to reduce the risk of central nervous system (CNS) symptoms [see Use in Specific Populations (8.5)].",Respiratory rate 14.0 /min,14.0,1.0,0.0,1.0,1.0,0.0,0.0,0.0,0.0,1.0,0.0,0.3333333333333333,0.30833333333333335
PUB-0251,2aec5ef62437260f,001cf46a-ab2f-4f82-a015-175d7c9e7ef3,unknown,Dosage and Administration,moderate,ExpertA,"In elderly patients or patients unable to tolerate 2.5 mg twice daily, consider initiating dronabinol capsules at 2.5 mg once daily one hour before dinner or at bedtime to reduce the risk of central nervous system (CNS) symptoms [see Use in Specific Populations (8.5)].",Leukocytes [#/volume] in Blood by Automated count 8.6 10*3/uL,8.6,1.0,0.0,1.0,1.0,0.0425531914893617,0.0,0.0,0.0,1.0,0.0,0.3333333333333333,0.30833333333333335
PUB-0252,2aec5ef62437260f,001cf46a-ab2f-4f82-a015-175d7c9e7ef3,unknown,Dosage and Administration,moderate,ExpertA,"In elderly patients or patients unable to tolerate 2.5 mg twice daily, consider initiating dronabinol capsules at 2.5 mg once daily one hour before dinner or at bedtime to reduce the risk of central nervous system (CNS) symptoms [see Use in Specific Populations (8.5)].",Erythrocytes [#/volume] in Blood by Automated count 5.1 10*6/uL,5.1,1.0,0.0,1.0,1.0,0.0425531914893617,0.0,0.0,0.0,1.0,0.0,0.3333333333333333,0.30833333333333335
PUB-0253,a8625670b32d67c7,0031ae52-111e-4f6d-9a1c-3e85ea233418,unknown,Dosage and Administration,moderate,ExpertA,"If this 25 mg dose is used, assessment of efficacy must be made carefully.",Respiratory rate 16.0 /min,16.0,1.0,0.0,1.0,1.0,0.0,0.0,0.0,0.0,1.0,0.0,0.25,0.11666666666666667
PUB-0254,a8625670b32d67c7,0031ae52-111e-4f6d-9a1c-3e85ea233418,unknown,Dosage and Administration,moderate,ExpertA,"If this 25 mg dose is used, assessment of efficacy must be made carefully.",Glucose 70.5 mg/dL,70.5,1.0,0.0,1.0,1.0,0.05555555555555555,0.0,0.0,0.0,1.0,0.0,0.25,0.11666666666666667
PUB-0255,a8625670b32d67c7,0031ae52-111e-4f6d-9a1c-3e85ea233418,unknown,Dosage and Administration,moderate,ExpertA,"If this 25 mg dose is used, assessment of efficacy must be made carefully.",Urea Nitrogen 8.4 mg/dL,8.4,1.0,0.0,1.0,1.0,0.05263157894736842,0.0,0.0,0.0,1.0,0.0,0.25,0.11666666666666667
PUB-0256,a8625670b32d67c7,0031ae52-111e-4f6d-9a1c-3e85ea233418,unknown,Dosage and Administration,moderate,ExpertA,"If this 25 mg dose is used, assessment of efficacy must be made carefully.",Creatinine 3.1 mg/dL,3.1,1.0,0.0,1.0,1.0,0.05555555555555555,0.0,0.0,0.0,1.0,0.0,0.25,0.11666666666666667
PUB-0257,f8b98512d292539a,0003458f-352a-46fa-9d99-230daa76ae29,GLIMEPIRIDE,Dosage and Administration,moderate,ExpertA,"Therefore, glimepiride tablets should be administered at least 4 hours prior to colesevelam.",Total Cholesterol 218.9 mg/dL,218.9,1.0,1.0,1.0,1.0,0.0,0.0,0.0,0.0,1.0,0.0,0.16666666666666666,0.10833333333333334
PUB-0258,f8b98512d292539a,0003458f-352a-46fa-9d99-230daa76ae29,GLIMEPIRIDE,Dosage and Administration,moderate,ExpertA,"Therefore, glimepiride tablets should be administered at least 4 hours prior to colesevelam.",Triglycerides 162.7 mg/dL,162.7,1.0,1.0,1.0,1.0,0.0,0.0,0.0,0.0,1.0,0.0,0.16666666666666666,0.10833333333333334
PUB-0259,f8b98512d292539a,0003458f-352a-46fa-9d99-230daa76ae29,GLIMEPIRIDE,Dosage and Administration,moderate,ExpertA,"Therefore, glimepiride tablets should be administered at least 4 hours prior to colesevelam.",Low Density Lipoprotein Cholesterol 136.6 mg/dL,136.6,1.0,1.0,1.0,1.0,0.0,0.0,0.0,0.0,1.0,0.0,0.16666666666666666,0.10833333333333334
PUB-0260,f8b98512d292539a,0003458f-352a-46fa-9d99-230daa76ae29,GLIMEPIRIDE,Dosage and Administration,moderate,ExpertA,"Therefore, glimepiride tablets should be administered at least 4 hours prior to colesevelam.",High Density Lipoprotein Cholesterol 49.8 mg/dL,49.8,1.0,1.0,1.0,1.0,0.0,0.0,0.0,0.0,1.0,0.0,0.16666666666666666,0.10833333333333334
PUB-0261,1c2ca15a7f0de4ee,0027b8a3-73bf-4005-a7e3-b035f451a861,unknown,Dosage and Administration,moderate,ExpertA,Haloperidol is not intended for children under 3 years old.,Respiratory rate 14.0 /min,14.0,1.0,0.0,1.0,1.0,0.0,1.0,0.0,0.0,1.0,0.0,0.08333333333333333,0.08333333333333333
PUB-0262,1c2ca15a7f0de4ee,0027b8a3-73bf-4005-a7e3-b035f451a861,unknown,Dosage and Administration,moderate,ExpertA,Haloperidol is not intended for children under 3 years old.,Glucose 124.8 mg/dL,124.8,1.0,0.0,1.0,1.0,0.0,1.0,0.0,0.0,1.0,0.0,0.08333333333333333,0.08333333333333333
PUB-0263,1c2ca15a7f0de4ee,0027b8a3-73bf-4005-a7e3-b035f451a861,unknown,Dosage and Administration,moderate,ExpertA,Haloperidol is not intended for children under 3 years old.,Urea Nitrogen 14.9 mg/dL,14.9,1.0,0.0,1.0,1.0,0.0,1.0,0.0,0.0,1.0,0.0,0.08333333333333333,0.08333333333333333
PUB-0264,1c2ca15a7f0de4ee,0027b8a3-73bf-4005-a7e3-b035f451a861,unknown,Dosage and Administration,moderate,ExpertA,Haloperidol is not intended for children under 3 years old.,Creatinine 3.8 mg/dL,3.8,1.0,0.0,1.0,1.0,0.07142857142857142,1.0,0.0,0.0,1.0,0.0,0.08333333333333333,0.08333333333333333
PUB-0265,de49fe24cd9bce71,001d880e-c468-4639-ad22-65e7bdba111d,unknown,Dosage and Administration,moderate,ExpertA,Preparation of Suspension (for 200 mL of a 1 mg/mL Suspension) Add 10 mL of Purified Water USP to a polyethylene terephthalate (PET) bottle containing ten 20 mg tablets of lisinopril tablets USP and shake for at least one minute.,Body Weight 103.8 kg,103.8,1.0,1.0,1.0,1.0,0.0,0.0,0.0,0.0,1.0,0.0,0.16666666666666666,0.25
PUB-0266,de49fe24cd9bce71,001d880e-c468-4639-ad22-65e7bdba111d,unknown,Dosage and Administration,moderate,ExpertA,Preparation of Suspension (for 200 mL of a 1 mg/mL Suspension) Add 10 mL of Purified Water USP to a polyethylene terephthalate (PET) bottle containing ten 20 mg tablets of lisinopril tablets USP and shake for at least one minute.,Body Mass Index 30.1 kg/m2,30.1,1.0,1.0,1.0,1.0,0.027777777777777776,0.0,0.0,0.0,1.0,0.0,0.16666666666666666,0.25
PUB-0267,de49fe24cd9bce71,001d880e-c468-4639-ad22-65e7bdba111d,unknown,Dosage and Administration,moderate,ExpertA,Preparation of Suspension (for 200 mL of a 1 mg/mL Suspension) Add 10 mL of Purified Water USP to a polyethylene terephthalate (PET) bottle containing ten 20 mg tablets of lisinopril tablets USP and shake for at least one minute.,Diastolic Blood Pressure 84.0 mm[Hg],84.0,1.0,1.0,1.0,1.0,0.0,0.0,0.0,0.0,1.0,0.0,0.16666666666666666,0.25
PUB-0268,de49fe24cd9bce71,001d880e-c468-4639-ad22-65e7bdba111d,unknown,Dosage and Administration,moderate,ExpertA,Preparation of Suspension (for 200 mL of a 1 mg/mL Suspension) Add 10 mL of Purified Water USP to a polyethylene terephthalate (PET) bottle containing ten 20 mg tablets of lisinopril tablets USP and shake for at least one minute.,Systolic Blood Pressure 127.0 mm[Hg],127.0,1.0,1.0,1.0,1.0,0.0,0.0,0.0,0.0,1.0,0.0,0.16666666666666666,0.25
PUB-0269,c205631da13e4aa0,0007892c-8c17-400d-b820-020aa32f433b,unknown,Dosage and Administration,moderate,ExpertA,"To facilitate this, 0.5 mg, 1 mg, and 2 mg tablets are available.",QALY 57.0 a,57.0,1.0,0.0,1.0,1.0,0.06666666666666667,0.0,0.0,0.0,1.0,0.0,0.4166666666666667,0.1
PUB-0270,c205631da13e4aa0,0007892c-8c17-400d-b820-020aa32f433b,unknown,Dosage and Administration,moderate,ExpertA,"To facilitate this, 0.5 mg, 1 mg, and 2 mg tablets are available.",QALY 57.8 a,57.8,1.0,0.0,1.0,1.0,0.0,0.0,0.0,0.0,1.0,0.0,0.4166666666666667,0.1
PUB-0271,c205631da13e4aa0,0007892c-8c17-400d-b820-020aa32f433b,unknown,Dosage and Administration,moderate,ExpertA,"To facilitate this, 0.5 mg, 1 mg, and 2 mg tablets are available.",QALY 58.6 a,58.6,1.0,0.0,1.0,1.0,0.0,0.0,0.0,0.0,1.0,0.0,0.4166666666666667,0.1
PUB-0272,c205631da13e4aa0,0007892c-8c17-400d-b820-020aa32f433b,unknown,Dosage and Administration,moderate,ExpertA,"To facilitate this, 0.5 mg, 1 mg, and 2 mg tablets are available.",QALY 59.4 a,59.4,1.0,0.0,1.0,1.0,0.0,0.0,0.0,0.0,1.0,0.0,0.4166666666666667,0.1
PUB-0273,ee67b41b3cab0977,001cf46a-ab2f-4f82-a015-175d7c9e7ef3,unknown,Dosage and Administration,moderate,ExpertA,"Nausea and Vomiting Associated with Chemotherapy in Adult Patients Who Failed Conventional Antiemetics (2.2): The recommended starting dosage is 5 mg/m 2 , administered 1 to 3 hours prior to the administration of chemotherapy, then every 2 to 4 hours after chemotherapy, for a total of 4 to 6 doses per day.",QALY 45.5 a,45.5,1.0,1.0,1.0,1.0,0.046511627906976744,0.0,0.0,0.0,1.0,0.0,0.5,0.3416666666666667
PUB-0274,ee67b41b3cab0977,001cf46a-ab2f-4f82-a015-175d7c9e7ef3,unknown,Dosage and Administration,moderate,ExpertA,"Nausea and Vomiting Associated with Chemotherapy in Adult Patients Who Failed Conventional Antiemetics (2.2): The recommended starting dosage is 5 mg/m 2 , administered 1 to 3 hours prior to the administration of chemotherapy, then every 2 to 4 hours after chemotherapy, for a total of 4 to 6 doses per day.",QALY 47.4 a,47.4,1.0,1.0,1.0,1.0,0.046511627906976744,0.0,0.0,0.0,1.0,0.0,0.5,0.3416666666666667
PUB-0275,ee67b41b3cab0977,001cf46a-ab2f-4f82-a015-175d7c9e7ef3,unknown,Dosage and Administration,moderate,ExpertA,"Nausea and Vomiting Associated with Chemotherapy in Adult Patients Who Failed Conventional Antiemetics (2.2): The recommended starting dosage is 5 mg/m 2 , administered 1 to 3 hours prior to the administration of chemotherapy, then every 2 to 4 hours after chemotherapy, for a total of 4 to 6 doses per day.",QALY 48.4 a,48.4,1.0,1.0,1.0,1.0,0.046511627906976744,0.0,0.0,0.0,1.0,0.0,0.5,0.3416666666666667
PUB-0276,ee67b41b3cab0977,001cf46a-ab2f-4f82-a015-175d7c9e7ef3,unknown,Dosage and Administration,moderate,ExpertA,"Nausea and Vomiting Associated with Chemotherapy in Adult Patients Who Failed Conventional Antiemetics (2.2): The recommended starting dosage is 5 mg/m 2 , administered 1 to 3 hours prior to the administration of chemotherapy, then every 2 to 4 hours after chemotherapy, for a total of 4 to 6 doses per day.",QALY 49.3 a,49.3,1.0,1.0,1.0,1.0,0.046511627906976744,0.0,0.0,0.0,1.0,0.0,0.5,0.3416666666666667
PUB-0277,559fb7cb8acde990,000dc81d-ab91-450c-8eae-8eb74e72296f,SACUBITRIL AND VALSARTAN,Dosage and Administration,moderate,ExpertA,"Add 140 mL of Ora-Sweet ® SF into mortar and triturate with pestle for another 10 minutes, to form a uniform suspension.",Low Density Lipoprotein Cholesterol 106.0 mg/dL,106.0,1.0,0.0,1.0,1.0,0.0,0.0,0.0,0.0,1.0,0.0,0.25,0.18333333333333332
PUB-0278,559fb7cb8acde990,000dc81d-ab91-450c-8eae-8eb74e72296f,SACUBITRIL AND VALSARTAN,Dosage and Administration,moderate,ExpertA,"Add 140 mL of Ora-Sweet ® SF into mortar and triturate with pestle for another 10 minutes, to form a uniform suspension.",High Density Lipoprotein Cholesterol 59.3 mg/dL,59.3,1.0,0.0,1.0,1.0,0.0,0.0,0.0,0.0,1.0,0.0,0.25,0.18333333333333332
PUB-0279,559fb7cb8acde990,000dc81d-ab91-450c-8eae-8eb74e72296f,SACUBITRIL AND VALSARTAN,Dosage and Administration,moderate,ExpertA,"Add 140 mL of Ora-Sweet ® SF into mortar and triturate with pestle for another 10 minutes, to form a uniform suspension.",Leukocytes [#/volume] in Blood by Automated count 5.2 10*3/uL,5.2,1.0,0.0,1.0,1.0,0.030303030303030304,0.0,0.0,0.0,1.0,0.0,0.25,0.18333333333333332
PUB-0280,559fb7cb8acde990,000dc81d-ab91-450c-8eae-8eb74e72296f,SACUBITRIL AND VALSARTAN,Dosage and Administration,moderate,ExpertA,"Add 140 mL of Ora-Sweet ® SF into mortar and triturate with pestle for another 10 minutes, to form a uniform suspension.",Erythrocytes [#/volume] in Blood by Automated count 4.2 10*6/uL,4.2,1.0,0.0,1.0,1.0,0.030303030303030304,0.0,0.0,0.0,1.0,0.0,0.25,0.18333333333333332
PUB-0281,c8342623ae1b4d0c,0030ffac-183a-472c-95b8-f93b4195de04,ROPINIROLE,Dosage and Administration,moderate,ExpertA,The recommended initial dose of ropinirole for patients with end-stage renal disease on hemodialysis is 0.25 mg 3 times a day.,Respiratory rate 14.0 /min,14.0,1.0,0.0,1.0,1.0,0.037037037037037035,0.0,0.0,0.0,1.0,0.0,0.08333333333333333,0.19166666666666668
PUB-0282,c8342623ae1b4d0c,0030ffac-183a-472c-95b8-f93b4195de04,ROPINIROLE,Dosage and Administration,moderate,ExpertA,The recommended initial dose of ropinirole for patients with end-stage renal disease on hemodialysis is 0.25 mg 3 times a day.,History of Hospitalizations+Outpatient visits 6.0 {count},6.0,1.0,0.0,1.0,1.0,0.06896551724137931,0.0,0.0,0.0,1.0,0.0,0.08333333333333333,0.19166666666666668
PUB-0283,c8342623ae1b4d0c,0030ffac-183a-472c-95b8-f93b4195de04,ROPINIROLE,Dosage and Administration,moderate,ExpertA,The recommended initial dose of ropinirole for patients with end-stage renal disease on hemodialysis is 0.25 mg 3 times a day.,History of Hospitalizations+Outpatient visits 1.0 {count},1.0,1.0,0.0,1.0,1.0,0.06896551724137931,0.0,0.0,0.0,1.0,0.0,0.08333333333333333,0.19166666666666668
PUB-0284,c8342623ae1b4d0c,0030ffac-183a-472c-95b8-f93b4195de04,ROPINIROLE,Dosage and Administration,moderate,ExpertA,The recommended initial dose of ropinirole for patients with end-stage renal disease on hemodialysis is 0.25 mg 3 times a day.,History of Hospitalizations+Outpatient visits 4.6 {count},4.6,1.0,0.0,1.0,1.0,0.03333333333333333,0.0,0.0,0.0,1.0,0.0,0.08333333333333333,0.19166666666666668
PUB-0285,68aac5b27513e40c,002d4c7e-b94e-49b6-8554-0aa0c60d5bde,unknown,Dosage and Administration,moderate,ExpertA,The probability of thrombocytopenia increases significantly at total trough valproate plasma concentrations above 110 mcg/mL in females and 135 mcg/mL in males.,Low Density Lipoprotein Cholesterol 76.6 mg/dL,76.6,1.0,1.0,1.0,1.0,0.0,0.0,0.0,0.0,1.0,0.0,0.16666666666666666,0.175
PUB-0286,68aac5b27513e40c,002d4c7e-b94e-49b6-8554-0aa0c60d5bde,unknown,Dosage and Administration,moderate,ExpertA,The probability of thrombocytopenia increases significantly at total trough valproate plasma concentrations above 110 mcg/mL in females and 135 mcg/mL in males.,High Density Lipoprotein Cholesterol 69.4 mg/dL,69.4,1.0,1.0,1.0,1.0,0.0,0.0,0.0,0.0,1.0,0.0,0.16666666666666666,0.175
PUB-0287,68aac5b27513e40c,002d4c7e-b94e-49b6-8554-0aa0c60d5bde,unknown,Dosage and Administration,moderate,ExpertA,The probability of thrombocytopenia increases significantly at total trough valproate plasma concentrations above 110 mcg/mL in females and 135 mcg/mL in males.,Body Height 170.6 cm,170.6,1.0,1.0,1.0,1.0,0.0,0.0,0.0,0.0,1.0,0.0,0.16666666666666666,0.175
PUB-0288,68aac5b27513e40c,002d4c7e-b94e-49b6-8554-0aa0c60d5bde,unknown,Dosage and Administration,moderate,ExpertA,The probability of thrombocytopenia increases significantly at total trough valproate plasma concentrations above 110 mcg/mL in females and 135 mcg/mL in males.,Pain severity - 0-10 verbal numeric rating [Score] - Reported 3.0 {score},3.0,1.0,1.0,1.0,1.0,0.0,0.0,0.0,0.0,1.0,0.0,0.16666666666666666,0.175
PUB-0289,3d2c0dc8ed4dcaf7,001f4c8f-adbe-4409-9bf8-702e83a32783,unknown,Dosage and Administration,moderate,ExpertA,"For patients with creatinine clearance less than or equal to 30 mL/min (serum creatinine more than or equal to 3 mg/dL), the first dose is 2.5 mg once daily.",Diastolic Blood Pressure 72.0 mm[Hg],72.0,1.0,1.0,1.0,1.0,0.0,0.0,0.0,0.0,1.0,0.0,0.3333333333333333,0.21666666666666667
PUB-0290,3d2c0dc8ed4dcaf7,001f4c8f-adbe-4409-9bf8-702e83a32783,unknown,Dosage and Administration,moderate,ExpertA,"For patients with creatinine clearance less than or equal to 30 mL/min (serum creatinine more than or equal to 3 mg/dL), the first dose is 2.5 mg once daily.",Systolic Blood Pressure 133.0 mm[Hg],133.0,1.0,1.0,1.0,1.0,0.0,0.0,0.0,0.0,1.0,0.0,0.3333333333333333,0.21666666666666667
PUB-0291,3d2c0dc8ed4dcaf7,001f4c8f-adbe-4409-9bf8-702e83a32783,unknown,Dosage and Administration,moderate,ExpertA,"For patients with creatinine clearance less than or equal to 30 mL/min (serum creatinine more than or equal to 3 mg/dL), the first dose is 2.5 mg once daily.",Heart rate 73.0 /min,73.0,1.0,1.0,1.0,1.0,0.03333333333333333,0.0,0.0,0.0,1.0,0.0,0.3333333333333333,0.21666666666666667
PUB-0292,3d2c0dc8ed4dcaf7,001f4c8f-adbe-4409-9bf8-702e83a32783,unknown,Dosage and Administration,moderate,ExpertA,"For patients with creatinine clearance less than or equal to 30 mL/min (serum creatinine more than or equal to 3 mg/dL), the first dose is 2.5 mg once daily.",Respiratory rate 15.0 /min,15.0,1.0,1.0,1.0,1.0,0.03333333333333333,0.0,0.0,0.0,1.0,0.0,0.3333333333333333,0.21666666666666667
PUB-0293,09e48c5715055ebf,00309724-5ac7-4e6a-91e2-16087c83402c,unknown,Dosage and Administration,moderate,ExpertA,Efficacy in schizophrenia was demonstrated in a dose range of 10 to 15 mg/day in clinical trials.,DALY 1.3 a,1.3,1.0,0.0,1.0,1.0,0.05263157894736842,0.0,0.0,0.0,1.0,0.0,0.08333333333333333,0.13333333333333333
PUB-0294,09e48c5715055ebf,00309724-5ac7-4e6a-91e2-16087c83402c,unknown,Dosage and Administration,moderate,ExpertA,Efficacy in schizophrenia was demonstrated in a dose range of 10 to 15 mg/day in clinical trials.,DALY 1.5 a,1.5,1.0,0.0,1.0,1.0,0.05263157894736842,0.0,0.0,0.0,1.0,0.0,0.08333333333333333,0.13333333333333333
PUB-0295,09e48c5715055ebf,00309724-5ac7-4e6a-91e2-16087c83402c,unknown,Dosage and Administration,moderate,ExpertA,Efficacy in schizophrenia was demonstrated in a dose range of 10 to 15 mg/day in clinical trials.,DALY 1.8 a,1.8,1.0,0.0,1.0,1.0,0.05263157894736842,0.0,0.0,0.0,1.0,0.0,0.08333333333333333,0.13333333333333333
PUB-0296,09e48c5715055ebf,00309724-5ac7-4e6a-91e2-16087c83402c,unknown,Dosage and Administration,moderate,ExpertA,Efficacy in schizophrenia was demonstrated in a dose range of 10 to 15 mg/day in clinical trials.,DALY 2.0 a,2.0,1.0,0.0,1.0,1.0,0.05263157894736842,0.0,0.0,0.0,1.0,0.0,0.08333333333333333,0.13333333333333333
PUB-0297,4a1998ab421725d6,0018861f-1b9b-431b-84ee-9d34aab615c3,unknown,Dosage and Administration,moderate,ExpertA,"Adult patients whose disease is very severe with scarring or is primarily manifested on the trunk may require dose adjustments up to 2 mg/kg/day, as tolerated.",Triglycerides 120.2 mg/dL,120.2,1.0,0.0,1.0,1.0,0.06666666666666667,0.0,0.0,0.0,1.0,0.0,0.25,0.225
PUB-0298,4a1998ab421725d6,0018861f-1b9b-431b-84ee-9d34aab615c3,unknown,Dosage and Administration,moderate,ExpertA,"Adult patients whose disease is very severe with scarring or is primarily manifested on the trunk may require dose adjustments up to 2 mg/kg/day, as tolerated.",Low Density Lipoprotein Cholesterol 63.8 mg/dL,63.8,1.0,0.0,1.0,1.0,0.029411764705882353,0.0,0.0,0.0,1.0,0.0,0.25,0.225
PUB-0299,4a1998ab421725d6,0018861f-1b9b-431b-84ee-9d34aab615c3,unknown,Dosage and Administration,moderate,ExpertA,"Adult patients whose disease is very severe with scarring or is primarily manifested on the trunk may require dose adjustments up to 2 mg/kg/day, as tolerated.",High Density Lipoprotein Cholesterol 76.6 mg/dL,76.6,1.0,0.0,1.0,1.0,0.029411764705882353,0.0,0.0,0.0,1.0,0.0,0.25,0.225
PUB-0300,4a1998ab421725d6,0018861f-1b9b-431b-84ee-9d34aab615c3,unknown,Dosage and Administration,moderate,ExpertA,"Adult patients whose disease is very severe with scarring or is primarily manifested on the trunk may require dose adjustments up to 2 mg/kg/day, as tolerated.",Glucose 96.3 mg/dL,96.3,1.0,0.0,1.0,1.0,0.03225806451612903,0.0,0.0,0.0,1.0,0.0,0.25,0.225
PUB-0301,96359a3990877d31,00332c65-edad-a153-9c78-628931daa732,DIVALPROEX SODIUM,Dosage and Administration,moderate,ExpertA,"• Migraine: The recommended starting dose is 500 mg/day for 1 week, thereafter increasing to 1,000 mg/day ( 2.3 ).",Potassium 4.1 mmol/L,4.1,1.0,0.0,1.0,1.0,0.045454545454545456,0.0,0.0,0.0,1.0,0.0,0.3333333333333333,0.15
PUB-0302,96359a3990877d31,00332c65-edad-a153-9c78-628931daa732,DIVALPROEX SODIUM,Dosage and Administration,moderate,ExpertA,"• Migraine: The recommended starting dose is 500 mg/day for 1 week, thereafter increasing to 1,000 mg/day ( 2.3 ).",Chloride 107.7 mmol/L,107.7,1.0,0.0,1.0,1.0,0.0,0.0,0.0,0.0,1.0,0.0,0.3333333333333333,0.15
PUB-0303,96359a3990877d31,00332c65-edad-a153-9c78-628931daa732,DIVALPROEX SODIUM,Dosage and Administration,moderate,ExpertA,"• Migraine: The recommended starting dose is 500 mg/day for 1 week, thereafter increasing to 1,000 mg/day ( 2.3 ).",Carbon Dioxide 26.3 mmol/L,26.3,1.0,0.0,1.0,1.0,0.043478260869565216,0.0,0.0,0.0,1.0,0.0,0.3333333333333333,0.15
PUB-0304,96359a3990877d31,00332c65-edad-a153-9c78-628931daa732,DIVALPROEX SODIUM,Dosage and Administration,moderate,ExpertA,"• Migraine: The recommended starting dose is 500 mg/day for 1 week, thereafter increasing to 1,000 mg/day ( 2.3 ).",Leukocytes [#/volume] in Blood by Automated count 8.7 10*3/uL,8.7,1.0,0.0,1.0,1.0,0.034482758620689655,0.0,0.0,0.0,1.0,0.0,0.3333333333333333,0.15
PUB-0305,9c00427029eeb410,0030514f-879d-416d-b422-24b67e334b36,unknown,Dosage and Administration,moderate,ExpertA,"DOSAGE & ADMINISTRATION The recommended dose is one applicator full of metronidazole vaginal gel USP, 0.75% (approximately 5 grams containing approximately 37.5 mg of metronidazole) intravaginally once or twice a day for 5 days.",Respiratory rate 13.0 /min,13.0,1.0,0.0,1.0,1.0,0.029411764705882353,0.0,0.0,0.0,1.0,0.0,0.25,0.25
PUB-0306,9c00427029eeb410,0030514f-879d-416d-b422-24b67e334b36,unknown,Dosage and Administration,moderate,ExpertA,"DOSAGE & ADMINISTRATION The recommended dose is one applicator full of metronidazole vaginal gel USP, 0.75% (approximately 5 grams containing approximately 37.5 mg of metronidazole) intravaginally once or twice a day for 5 days.",Bilirubin.total [Mass/volume] in Serum or Plasma 1.1 mg/dL,1.1,1.0,0.0,1.0,1.0,0.05128205128205128,0.0,0.0,0.0,1.0,0.0,0.25,0.25
PUB-0307,9c00427029eeb410,0030514f-879d-416d-b422-24b67e334b36,unknown,Dosage and Administration,moderate,ExpertA,"DOSAGE & ADMINISTRATION The recommended dose is one applicator full of metronidazole vaginal gel USP, 0.75% (approximately 5 grams containing approximately 37.5 mg of metronidazole) intravaginally once or twice a day for 5 days.",Alkaline phosphatase [Enzymatic activity/volume] in Serum or Plasma 82.8 U/L,82.8,1.0,0.0,1.0,1.0,0.023809523809523808,0.0,0.0,0.0,1.0,0.0,0.25,0.25
PUB-0308,9c00427029eeb410,0030514f-879d-416d-b422-24b67e334b36,unknown,Dosage and Administration,moderate,ExpertA,"DOSAGE & ADMINISTRATION The recommended dose is one applicator full of metronidazole vaginal gel USP, 0.75% (approximately 5 grams containing approximately 37.5 mg of metronidazole) intravaginally once or twice a day for 5 days.",Alanine aminotransferase [Enzymatic activity/volume] in Serum or Plasma 27.2 U/L,27.2,1.0,0.0,1.0,1.0,0.023809523809523808,0.0,0.0,0.0,1.0,0.0,0.25,0.25
PUB-0309,7509b6559a0334a4,001aaa05-8c9c-4a5b-98ac-1f2e3296bf6d,unknown,Dosage and Administration,moderate,ExpertA,Adults and children 12 years and over: Take 10 drops up to 3 times per day.,Creatinine 8.5 mg/dL,8.5,1.0,0.0,1.0,1.0,0.0,0.0,0.0,0.0,1.0,0.0,0.3333333333333333,0.125
PUB-0310,7509b6559a0334a4,001aaa05-8c9c-4a5b-98ac-1f2e3296bf6d,unknown,Dosage and Administration,moderate,ExpertA,Adults and children 12 years and over: Take 10 drops up to 3 times per day.,Calcium 9.7 mg/dL,9.7,1.0,0.0,1.0,1.0,0.0,0.0,0.0,0.0,1.0,0.0,0.3333333333333333,0.125
PUB-0311,7509b6559a0334a4,001aaa05-8c9c-4a5b-98ac-1f2e3296bf6d,unknown,Dosage and Administration,moderate,ExpertA,Adults and children 12 years and over: Take 10 drops up to 3 times per day.,Sodium 139.5 mmol/L,139.5,1.0,0.0,1.0,1.0,0.0,0.0,0.0,0.0,1.0,0.0,0.3333333333333333,0.125
PUB-0312,7509b6559a0334a4,001aaa05-8c9c-4a5b-98ac-1f2e3296bf6d,unknown,Dosage and Administration,moderate,ExpertA,Adults and children 12 years and over: Take 10 drops up to 3 times per day.,Potassium 4.4 mmol/L,4.4,1.0,0.0,1.0,1.0,0.0,0.0,0.0,0.0,1.0,0.0,0.3333333333333333,0.125
PUB-0313,2585b84fd6b30e80,00309724-5ac7-4e6a-91e2-16087c83402c,unknown,Dosage and Administration,moderate,ExpertA,"However, doses above 10 mg/day were not demonstrated to be more efficacious than the 10 mg/day dose.",Carbon Dioxide 21.2 mmol/L,21.2,1.0,1.0,1.0,1.0,0.0,1.0,0.0,0.0,1.0,0.0,0.16666666666666666,0.13333333333333333
PUB-0314,2585b84fd6b30e80,00309724-5ac7-4e6a-91e2-16087c83402c,unknown,Dosage and Administration,moderate,ExpertA,"However, doses above 10 mg/day were not demonstrated to be more efficacious than the 10 mg/day dose.",Total Cholesterol 231.3 mg/dL,231.3,1.0,1.0,1.0,1.0,0.047619047619047616,1.0,0.0,0.0,1.0,0.0,0.16666666666666666,0.13333333333333333
PUB-0315,2585b84fd6b30e80,00309724-5ac7-4e6a-91e2-16087c83402c,unknown,Dosage and Administration,moderate,ExpertA,"However, doses above 10 mg/day were not demonstrated to be more efficacious than the 10 mg/day dose.",Triglycerides 197.9 mg/dL,197.9,1.0,1.0,1.0,1.0,0.05,1.0,0.0,0.0,1.0,0.0,0.16666666666666666,0.13333333333333333
PUB-0316,2585b84fd6b30e80,00309724-5ac7-4e6a-91e2-16087c83402c,unknown,Dosage and Administration,moderate,ExpertA,"However, doses above 10 mg/day were not demonstrated to be more efficacious than the 10 mg/day dose.",Low Density Lipoprotein Cholesterol 143.2 mg/dL,143.2,1.0,1.0,1.0,1.0,0.043478260869565216,1.0,0.0,0.0,1.0,0.0,0.16666666666666666,0.13333333333333333
PUB-0317,f693834b27a84e83,002d4c7e-b94e-49b6-8554-0aa0c60d5bde,unknown,Dosage and Administration,moderate,ExpertA,The dosage may be increased by 5 to 10 mg/kg/week to achieve optimal clinical response.,Protein [Mass/volume] in Serum or Plasma 70.0 g/dL,70.0,1.0,0.0,1.0,1.0,0.0,0.0,0.0,0.0,1.0,0.0,0.08333333333333333,0.13333333333333333
PUB-0318,f693834b27a84e83,002d4c7e-b94e-49b6-8554-0aa0c60d5bde,unknown,Dosage and Administration,moderate,ExpertA,The dosage may be increased by 5 to 10 mg/kg/week to achieve optimal clinical response.,Albumin [Mass/volume] in Serum or Plasma 4.2 g/dL,4.2,1.0,0.0,1.0,1.0,0.0,0.0,0.0,0.0,1.0,0.0,0.08333333333333333,0.13333333333333333
PUB-0319,f693834b27a84e83,002d4c7e-b94e-49b6-8554-0aa0c60d5bde,unknown,Dosage and Administration,moderate,ExpertA,The dosage may be increased by 5 to 10 mg/kg/week to achieve optimal clinical response.,Globulin [Mass/volume] in Serum by calculation 2.9 g/L,2.9,1.0,0.0,1.0,1.0,0.038461538461538464,0.0,0.0,0.0,1.0,0.0,0.08333333333333333,0.13333333333333333
PUB-0320,f693834b27a84e83,002d4c7e-b94e-49b6-8554-0aa0c60d5bde,unknown,Dosage and Administration,moderate,ExpertA,The dosage may be increased by 5 to 10 mg/kg/week to achieve optimal clinical response.,Bilirubin.total [Mass/volume] in Serum or Plasma 1.0 mg/dL,1.0,1.0,0.0,1.0,1.0,0.037037037037037035,0.0,0.0,0.0,1.0,0.0,0.08333333333333333,0.13333333333333333
PUB-0321,c07066f093b7eefb,0034a97a-fb05-418a-a234-de278907cd2a,METOCLOPRAMIDE,Dosage and Administration,moderate,ExpertA,Administration of metoclopramide injection up to 10 days maybe required before symptoms subside at which time oral administration may be instituted.,Body Height 163.2 cm,163.2,1.0,0.0,1.0,1.0,0.0,0.0,0.0,0.0,1.0,0.0,0.08333333333333333,0.16666666666666666
PUB-0322,c07066f093b7eefb,0034a97a-fb05-418a-a234-de278907cd2a,METOCLOPRAMIDE,Dosage and Administration,moderate,ExpertA,Administration of metoclopramide injection up to 10 days maybe required before symptoms subside at which time oral administration may be instituted.,Pain severity - 0-10 verbal numeric rating [Score] - Reported 3.0 {score},3.0,1.0,0.0,1.0,1.0,0.034482758620689655,0.0,0.0,0.0,1.0,0.0,0.08333333333333333,0.16666666666666666
PUB-0323,c07066f093b7eefb,0034a97a-fb05-418a-a234-de278907cd2a,METOCLOPRAMIDE,Dosage and Administration,moderate,ExpertA,Administration of metoclopramide injection up to 10 days maybe required before symptoms subside at which time oral administration may be instituted.,Body Weight 52.8 kg,52.8,1.0,0.0,1.0,1.0,0.0,0.0,0.0,0.0,1.0,0.0,0.08333333333333333,0.16666666666666666
PUB-0324,c07066f093b7eefb,0034a97a-fb05-418a-a234-de278907cd2a,METOCLOPRAMIDE,Dosage and Administration,moderate,ExpertA,Administration of metoclopramide injection up to 10 days maybe required before symptoms subside at which time oral administration may be instituted.,Body Mass Index 19.8 kg/m2,19.8,1.0,0.0,1.0,1.0,0.0,0.0,0.0,0.0,1.0,0.0,0.08333333333333333,0.16666666666666666
PUB-0325,358184350e798479,00332c65-edad-a153-9c78-628931daa732,DIVALPROEX SODIUM,Dosage and Administration,moderate,ExpertA,"The maximum recommended dosage is 60 mg/kg/day ( 2.1 , 2.2 ).",DALY 0.0 a,0.0,1.0,1.0,1.0,1.0,0.0,0.0,0.0,0.0,1.0,0.0,0.16666666666666666,0.09166666666666666
PUB-0326,358184350e798479,00332c65-edad-a153-9c78-628931daa732,DIVALPROEX SODIUM,Dosage and Administration,moderate,ExpertA,"The maximum recommended dosage is 60 mg/kg/day ( 2.1 , 2.2 ).",DALY 0.0 a,0.0,1.0,1.0,1.0,1.0,0.0,0.0,0.0,0.0,1.0,0.0,0.16666666666666666,0.09166666666666666
PUB-0327,358184350e798479,00332c65-edad-a153-9c78-628931daa732,DIVALPROEX SODIUM,Dosage and Administration,moderate,ExpertA,"The maximum recommended dosage is 60 mg/kg/day ( 2.1 , 2.2 ).",DALY 0.0 a,0.0,1.0,1.0,1.0,1.0,0.0,0.0,0.0,0.0,1.0,0.0,0.16666666666666666,0.09166666666666666
PUB-0328,358184350e798479,00332c65-edad-a153-9c78-628931daa732,DIVALPROEX SODIUM,Dosage and Administration,moderate,ExpertA,"The maximum recommended dosage is 60 mg/kg/day ( 2.1 , 2.2 ).",DALY 0.0 a,0.0,1.0,1.0,1.0,1.0,0.0,0.0,0.0,0.0,1.0,0.0,0.16666666666666666,0.09166666666666666
PUB-0329,dea7d764a610f832,001826f4-f531-454e-a37a-e4e0b147f61b,unknown,Dosage and Administration,moderate,ExpertA,"(See WARNINGS and PRECAUTIONS .) 30 mg – Diltiazem tablets may be swallowed whole, crushed, or chewed.",Albumin [Mass/volume] in Serum or Plasma 4.3 g/dL,4.3,1.0,0.0,1.0,1.0,0.04,0.0,0.0,0.0,1.0,0.0,0.4166666666666667,0.125
PUB-0330,dea7d764a610f832,001826f4-f531-454e-a37a-e4e0b147f61b,unknown,Dosage and Administration,moderate,ExpertA,"(See WARNINGS and PRECAUTIONS .) 30 mg – Diltiazem tablets may be swallowed whole, crushed, or chewed.",Globulin [Mass/volume] in Serum by calculation 2.1 g/L,2.1,1.0,0.0,1.0,1.0,0.0,0.0,0.0,0.0,1.0,0.0,0.4166666666666667,0.125
PUB-0331,dea7d764a610f832,001826f4-f531-454e-a37a-e4e0b147f61b,unknown,Dosage and Administration,moderate,ExpertA,"(See WARNINGS and PRECAUTIONS .) 30 mg – Diltiazem tablets may be swallowed whole, crushed, or chewed.",Bilirubin.total [Mass/volume] in Serum or Plasma 0.2 mg/dL,0.2,1.0,0.0,1.0,1.0,0.08,0.0,0.0,0.0,1.0,0.0,0.4166666666666667,0.125
PUB-0332,dea7d764a610f832,001826f4-f531-454e-a37a-e4e0b147f61b,unknown,Dosage and Administration,moderate,ExpertA,"(See WARNINGS and PRECAUTIONS .) 30 mg – Diltiazem tablets may be swallowed whole, crushed, or chewed.",Alkaline phosphatase [Enzymatic activity/volume] in Serum or Plasma 33.8 U/L,33.8,1.0,0.0,1.0,1.0,0.037037037037037035,0.0,0.0,0.0,1.0,0.0,0.4166666666666667,0.125
PUB-0333,1b22f29ec3f29fb5,0030ffac-183a-472c-95b8-f93b4195de04,ROPINIROLE,Dosage and Administration,moderate,ExpertA,The recommended maximum total daily dose is 3 mg/day in patients receiving regular dialysis.,Body Height 174.5 cm,174.5,1.0,1.0,1.0,1.0,0.0,0.0,0.0,0.0,1.0,0.0,0.08333333333333333,0.125
PUB-0334,1b22f29ec3f29fb5,0030ffac-183a-472c-95b8-f93b4195de04,ROPINIROLE,Dosage and Administration,moderate,ExpertA,The recommended maximum total daily dose is 3 mg/day in patients receiving regular dialysis.,Pain severity - 0-10 verbal numeric rating [Score] - Reported 1.0 {score},1.0,1.0,1.0,1.0,1.0,0.0,0.0,0.0,0.0,1.0,0.0,0.08333333333333333,0.125
PUB-0335,1b22f29ec3f29fb5,0030ffac-183a-472c-95b8-f93b4195de04,ROPINIROLE,Dosage and Administration,moderate,ExpertA,The recommended maximum total daily dose is 3 mg/day in patients receiving regular dialysis.,Body Weight 75.4 kg,75.4,1.0,1.0,1.0,1.0,0.0,0.0,0.0,0.0,1.0,0.0,0.08333333333333333,0.125
PUB-0336,1b22f29ec3f29fb5,0030ffac-183a-472c-95b8-f93b4195de04,ROPINIROLE,Dosage and Administration,moderate,ExpertA,The recommended maximum total daily dose is 3 mg/day in patients receiving regular dialysis.,Body Mass Index 24.8 kg/m2,24.8,1.0,1.0,1.0,1.0,0.0,0.0,0.0,0.0,1.0,0.0,0.08333333333333333,0.125
PUB-0337,e07144c1f85343cf,0031ae52-111e-4f6d-9a1c-3e85ea233418,unknown,Dosage and Administration,moderate,ExpertA,"This should include measurement of blood pressure just prior to the next dose (""trough"" blood pressure) to ensure that the treatment effect is present for a full 24 hours.",Urea Nitrogen 17.1 mg/dL,17.1,1.0,0.0,1.0,1.0,0.0,0.0,0.0,0.0,1.0,0.0,0.08333333333333333,0.20833333333333334
PUB-0338,e07144c1f85343cf,0031ae52-111e-4f6d-9a1c-3e85ea233418,unknown,Dosage and Administration,moderate,ExpertA,"This should include measurement of blood pressure just prior to the next dose (""trough"" blood pressure) to ensure that the treatment effect is present for a full 24 hours.",Creatinine 4.3 mg/dL,4.3,1.0,0.0,1.0,1.0,0.0,0.0,0.0,0.0,1.0,0.0,0.08333333333333333,0.20833333333333334
PUB-0339,e07144c1f85343cf,0031ae52-111e-4f6d-9a1c-3e85ea233418,unknown,Dosage and Administration,moderate,ExpertA,"This should include measurement of blood pressure just prior to the next dose (""trough"" blood pressure) to ensure that the treatment effect is present for a full 24 hours.",Calcium 9.1 mg/dL,9.1,1.0,0.0,1.0,1.0,0.0,0.0,0.0,0.0,1.0,0.0,0.08333333333333333,0.20833333333333334
PUB-0340,e07144c1f85343cf,0031ae52-111e-4f6d-9a1c-3e85ea233418,unknown,Dosage and Administration,moderate,ExpertA,"This should include measurement of blood pressure just prior to the next dose (""trough"" blood pressure) to ensure that the treatment effect is present for a full 24 hours.",Sodium 141.5 mmol/L,141.5,1.0,0.0,1.0,1.0,0.0,0.0,0.0,0.0,1.0,0.0,0.08333333333333333,0.20833333333333334
PUB-0341,09f60714af53c2f7,002dd00f-7946-ea4f-e063-6294a90a5916,OLANZAPINE,Dosage and Administration,moderate,ExpertA,Short-term (3-4 weeks) antimanic efficacy was demonstrated in a dose range of 5 mg to 20 mg/day in clinical trials.,Body Height 100.1 cm,100.1,1.0,0.0,1.0,1.0,0.0,0.0,0.0,0.0,1.0,0.0,0.08333333333333333,0.175
PUB-0342,09f60714af53c2f7,002dd00f-7946-ea4f-e063-6294a90a5916,OLANZAPINE,Dosage and Administration,moderate,ExpertA,Short-term (3-4 weeks) antimanic efficacy was demonstrated in a dose range of 5 mg to 20 mg/day in clinical trials.,Pain severity - 0-10 verbal numeric rating [Score] - Reported 1.0 {score},1.0,1.0,0.0,1.0,1.0,0.0,0.0,0.0,0.0,1.0,0.0,0.08333333333333333,0.175
PUB-0343,09f60714af53c2f7,002dd00f-7946-ea4f-e063-6294a90a5916,OLANZAPINE,Dosage and Administration,moderate,ExpertA,Short-term (3-4 weeks) antimanic efficacy was demonstrated in a dose range of 5 mg to 20 mg/day in clinical trials.,Body Weight 16.7 kg,16.7,1.0,0.0,1.0,1.0,0.0,0.0,0.0,0.0,1.0,0.0,0.08333333333333333,0.175
PUB-0344,09f60714af53c2f7,002dd00f-7946-ea4f-e063-6294a90a5916,OLANZAPINE,Dosage and Administration,moderate,ExpertA,Short-term (3-4 weeks) antimanic efficacy was demonstrated in a dose range of 5 mg to 20 mg/day in clinical trials.,Weight-for-length Per age and sex 82.8 %,82.8,1.0,0.0,1.0,1.0,0.0,0.0,0.0,0.0,1.0,0.0,0.08333333333333333,0.175
PUB-0345,bd26490ca8c98f04,001cf46a-ab2f-4f82-a015-175d7c9e7ef3,unknown,Dosage and Administration,moderate,ExpertA,"Dosage Titration The dosage can be titrated to clinical response during a chemotherapy cycle or subsequent cycles, based upon initial response, as tolerated to achieve a clinical effect, in increments of 2.5 mg/m2.",Body Weight 26.8 kg,26.8,1.0,0.0,1.0,1.0,0.0,0.0,0.0,0.0,1.0,0.0,0.4166666666666667,0.25
PUB-0346,bd26490ca8c98f04,001cf46a-ab2f-4f82-a015-175d7c9e7ef3,unknown,Dosage and Administration,moderate,ExpertA,"Dosage Titration The dosage can be titrated to clinical response during a chemotherapy cycle or subsequent cycles, based upon initial response, as tolerated to achieve a clinical effect, in increments of 2.5 mg/m2.",Body Mass Index 15.4 kg/m2,15.4,1.0,0.0,1.0,1.0,0.027777777777777776,0.0,0.0,0.0,1.0,0.0,0.4166666666666667,0.25
PUB-0347,bd26490ca8c98f04,001cf46a-ab2f-4f82-a015-175d7c9e7ef3,unknown,Dosage and Administration,moderate,ExpertA,"Dosage Titration The dosage can be titrated to clinical response during a chemotherapy cycle or subsequent cycles, based upon initial response, as tolerated to achieve a clinical effect, in increments of 2.5 mg/m2.",Body mass index (BMI) [Percentile] Per age and gender 48.0 %,48.0,1.0,0.0,1.0,1.0,0.0,0.0,0.0,0.0,1.0,0.0,0.4166666666666667,0.25
PUB-0348,bd26490ca8c98f04,001cf46a-ab2f-4f82-a015-175d7c9e7ef3,unknown,Dosage and Administration,moderate,ExpertA,"Dosage Titration The dosage can be titrated to clinical response during a chemotherapy cycle or subsequent cycles, based upon initial response, as tolerated to achieve a clinical effect, in increments of 2.5 mg/m2.",Diastolic Blood Pressure 84.0 mm[Hg],84.0,1.0,0.0,1.0,1.0,0.0,0.0,0.0,0.0,1.0,0.0,0.4166666666666667,0.25
PUB-0349,a382bba61057a1a5,0016c77a-64fa-45a1-8721-4fd3a826a885,unknown,Dosage and Administration,moderate,ExpertA,In the treatment of acute exacerbations of multiple sclerosis daily doses of 200 mg of prednisolone for a week followed by 80 mg every other day for 1 month have been shown to be effective.,Glucose 97.5 mg/dL,97.5,1.0,0.0,1.0,1.0,0.029411764705882353,0.0,0.0,0.0,1.0,0.0,0.08333333333333333,0.25
PUB-0350,a382bba61057a1a5,0016c77a-64fa-45a1-8721-4fd3a826a885,unknown,Dosage and Administration,moderate,ExpertA,In the treatment of acute exacerbations of multiple sclerosis daily doses of 200 mg of prednisolone for a week followed by 80 mg every other day for 1 month have been shown to be effective.,Urea Nitrogen 13.5 mg/dL,13.5,1.0,0.0,1.0,1.0,0.02857142857142857,0.0,0.0,0.0,1.0,0.0,0.08333333333333333,0.25
PUB-0351,a382bba61057a1a5,0016c77a-64fa-45a1-8721-4fd3a826a885,unknown,Dosage and Administration,moderate,ExpertA,In the treatment of acute exacerbations of multiple sclerosis daily doses of 200 mg of prednisolone for a week followed by 80 mg every other day for 1 month have been shown to be effective.,Creatinine 0.8 mg/dL,0.8,1.0,0.0,1.0,1.0,0.029411764705882353,0.0,0.0,0.0,1.0,0.0,0.08333333333333333,0.25
PUB-0352,a382bba61057a1a5,0016c77a-64fa-45a1-8721-4fd3a826a885,unknown,Dosage and Administration,moderate,ExpertA,In the treatment of acute exacerbations of multiple sclerosis daily doses of 200 mg of prednisolone for a week followed by 80 mg every other day for 1 month have been shown to be effective.,Calcium 9.0 mg/dL,9.0,1.0,0.0,1.0,1.0,0.029411764705882353,0.0,0.0,0.0,1.0,0.0,0.08333333333333333,0.25
PUB-0353,b48d6b29aa746b00,001714c1-a292-40be-bfbd-0ff67193ace6,unknown,Dosage and Administration,moderate,ExpertA,Systematic evaluation of citalopram HBr in two studies has shown that its antidepressant efficacy is maintained for periods of up to 24 weeks following 6 or 8 weeks of initial treatment (32 weeks total).,Body Mass Index 30.1 kg/m2,30.1,1.0,0.0,1.0,1.0,0.0,0.0,0.0,0.0,1.0,0.0,0.16666666666666666,0.25
PUB-0354,b48d6b29aa746b00,001714c1-a292-40be-bfbd-0ff67193ace6,unknown,Dosage and Administration,moderate,ExpertA,Systematic evaluation of citalopram HBr in two studies has shown that its antidepressant efficacy is maintained for periods of up to 24 weeks following 6 or 8 weeks of initial treatment (32 weeks total).,Diastolic Blood Pressure 84.0 mm[Hg],84.0,1.0,0.0,1.0,1.0,0.0,0.0,0.0,0.0,1.0,0.0,0.16666666666666666,0.25
PUB-0355,b48d6b29aa746b00,001714c1-a292-40be-bfbd-0ff67193ace6,unknown,Dosage and Administration,moderate,ExpertA,Systematic evaluation of citalopram HBr in two studies has shown that its antidepressant efficacy is maintained for periods of up to 24 weeks following 6 or 8 weeks of initial treatment (32 weeks total).,Systolic Blood Pressure 108.0 mm[Hg],108.0,1.0,0.0,1.0,1.0,0.0,0.0,0.0,0.0,1.0,0.0,0.16666666666666666,0.25
PUB-0356,b48d6b29aa746b00,001714c1-a292-40be-bfbd-0ff67193ace6,unknown,Dosage and Administration,moderate,ExpertA,Systematic evaluation of citalopram HBr in two studies has shown that its antidepressant efficacy is maintained for periods of up to 24 weeks following 6 or 8 weeks of initial treatment (32 weeks total).,Heart rate 79.0 /min,79.0,1.0,0.0,1.0,1.0,0.0,0.0,0.0,0.0,1.0,0.0,0.16666666666666666,0.25
PUB-0357,16cde90e8bbc818e,00097e78-9c04-4e62-8260-ddb50e9a6a93,TAMSULOSIN HYDROCHLORIDE,Dosage and Administration,moderate,ExpertA,"If tamsulosin hydrochloride capsules administration is discontinued or interrupted for several days at either the 0.4 mg or 0.8 mg dose, therapy should be started again with the 0.4 mg once-daily dose.",Systolic Blood Pressure 121.0 mm[Hg],121.0,1.0,0.0,1.0,1.0,0.029411764705882353,0.0,0.0,0.0,1.0,0.0,0.4166666666666667,0.23333333333333334
PUB-0358,16cde90e8bbc818e,00097e78-9c04-4e62-8260-ddb50e9a6a93,TAMSULOSIN HYDROCHLORIDE,Dosage and Administration,moderate,ExpertA,"If tamsulosin hydrochloride capsules administration is discontinued or interrupted for several days at either the 0.4 mg or 0.8 mg dose, therapy should be started again with the 0.4 mg once-daily dose.",Heart rate 75.0 /min,75.0,1.0,0.0,1.0,1.0,0.03125,0.0,0.0,0.0,1.0,0.0,0.4166666666666667,0.23333333333333334
PUB-0359,16cde90e8bbc818e,00097e78-9c04-4e62-8260-ddb50e9a6a93,TAMSULOSIN HYDROCHLORIDE,Dosage and Administration,moderate,ExpertA,"If tamsulosin hydrochloride capsules administration is discontinued or interrupted for several days at either the 0.4 mg or 0.8 mg dose, therapy should be started again with the 0.4 mg once-daily dose.",Respiratory rate 13.0 /min,13.0,1.0,0.0,1.0,1.0,0.03125,0.0,0.0,0.0,1.0,0.0,0.4166666666666667,0.23333333333333334
PUB-0360,16cde90e8bbc818e,00097e78-9c04-4e62-8260-ddb50e9a6a93,TAMSULOSIN HYDROCHLORIDE,Dosage and Administration,moderate,ExpertA,"If tamsulosin hydrochloride capsules administration is discontinued or interrupted for several days at either the 0.4 mg or 0.8 mg dose, therapy should be started again with the 0.4 mg once-daily dose.",Body Height 89.3 cm,89.3,1.0,0.0,1.0,1.0,0.0,0.0,0.0,0.0,1.0,0.0,0.4166666666666667,0.23333333333333334
PUB-0361,fcb26e15df4c5458,001d880e-c468-4639-ad22-65e7bdba111d,unknown,Dosage and Administration,moderate,ExpertA,If prolonged hypotension occurs (systolic blood pressure < 90 mmHg for more than 1 hour) lisinopril tablets USP should be withdrawn.,Body Mass Index 30.5 kg/m2,30.5,1.0,0.0,1.0,1.0,0.0,0.0,0.0,0.0,1.0,0.0,0.16666666666666666,0.16666666666666666
PUB-0362,fcb26e15df4c5458,001d880e-c468-4639-ad22-65e7bdba111d,unknown,Dosage and Administration,moderate,ExpertA,If prolonged hypotension occurs (systolic blood pressure < 90 mmHg for more than 1 hour) lisinopril tablets USP should be withdrawn.,Diastolic Blood Pressure 74.0 mm[Hg],74.0,1.0,0.0,1.0,1.0,0.08,0.0,0.0,0.0,1.0,0.0,0.16666666666666666,0.16666666666666666
PUB-0363,fcb26e15df4c5458,001d880e-c468-4639-ad22-65e7bdba111d,unknown,Dosage and Administration,moderate,ExpertA,If prolonged hypotension occurs (systolic blood pressure < 90 mmHg for more than 1 hour) lisinopril tablets USP should be withdrawn.,Systolic Blood Pressure 112.0 mm[Hg],112.0,1.0,0.0,1.0,1.0,0.125,0.0,0.0,0.0,1.0,0.0,0.16666666666666666,0.16666666666666666
PUB-0364,fcb26e15df4c5458,001d880e-c468-4639-ad22-65e7bdba111d,unknown,Dosage and Administration,moderate,ExpertA,If prolonged hypotension occurs (systolic blood pressure < 90 mmHg for more than 1 hour) lisinopril tablets USP should be withdrawn.,Heart rate 76.0 /min,76.0,1.0,0.0,1.0,1.0,0.0,0.0,0.0,0.0,1.0,0.0,0.16666666666666666,0.16666666666666666
PUB-0365,077c4b123d405cbb,0002eded-a283-4590-a78c-b6ff2027e684,unknown,Dosage and Administration,moderate,ExpertA,The dose can subsequently be titrated up as needed for pain relief to a daily dose of 1800 mg (divided TID).,QALY 18.0 a,18.0,1.0,0.0,1.0,1.0,0.043478260869565216,0.0,0.0,0.0,1.0,0.0,0.08333333333333333,0.16666666666666666
PUB-0366,077c4b123d405cbb,0002eded-a283-4590-a78c-b6ff2027e684,unknown,Dosage and Administration,moderate,ExpertA,The dose can subsequently be titrated up as needed for pain relief to a daily dose of 1800 mg (divided TID).,QOLS 1.0 {score},1.0,1.0,0.0,1.0,1.0,0.0,0.0,0.0,0.0,1.0,0.0,0.08333333333333333,0.16666666666666666
PUB-0367,077c4b123d405cbb,0002eded-a283-4590-a78c-b6ff2027e684,unknown,Dosage and Administration,moderate,ExpertA,The dose can subsequently be titrated up as needed for pain relief to a daily dose of 1800 mg (divided TID).,QALY 19.0 a,19.0,1.0,0.0,1.0,1.0,0.043478260869565216,0.0,0.0,0.0,1.0,0.0,0.08333333333333333,0.16666666666666666
PUB-0368,077c4b123d405cbb,0002eded-a283-4590-a78c-b6ff2027e684,unknown,Dosage and Administration,moderate,ExpertA,The dose can subsequently be titrated up as needed for pain relief to a daily dose of 1800 mg (divided TID).,QOLS 1.0 {score},1.0,1.0,0.0,1.0,1.0,0.0,0.0,0.0,0.0,1.0,0.0,0.08333333333333333,0.16666666666666666
PUB-0369,37ac2c6711061bd8,00023ca2-4433-4f88-8252-bc8c1d7ea2e0,unknown,Dosage and Administration,moderate,ExpertA,Adults and children 12 years of age and older: 1 bottle every 4-6 hours.,High Density Lipoprotein Cholesterol 69.1 mg/dL,69.1,1.0,1.0,1.0,1.0,0.047619047619047616,0.0,0.0,0.0,1.0,0.0,0.3333333333333333,0.11666666666666667
PUB-0370,37ac2c6711061bd8,00023ca2-4433-4f88-8252-bc8c1d7ea2e0,unknown,Dosage and Administration,moderate,ExpertA,Adults and children 12 years of age and older: 1 bottle every 4-6 hours.,Microalbumin Creatinine Ratio 8.6 mg/g,8.6,1.0,1.0,1.0,1.0,0.05,0.0,0.0,0.0,1.0,0.0,0.3333333333333333,0.11666666666666667
PUB-0371,37ac2c6711061bd8,00023ca2-4433-4f88-8252-bc8c1d7ea2e0,unknown,Dosage and Administration,moderate,ExpertA,Adults and children 12 years of age and older: 1 bottle every 4-6 hours.,Estimated Glomerular Filtration Rate 96.8 mL/min/{1.73_m2},96.8,1.0,1.0,1.0,1.0,0.041666666666666664,0.0,0.0,0.0,1.0,0.0,0.3333333333333333,0.11666666666666667
PUB-0372,37ac2c6711061bd8,00023ca2-4433-4f88-8252-bc8c1d7ea2e0,unknown,Dosage and Administration,moderate,ExpertA,Adults and children 12 years of age and older: 1 bottle every 4-6 hours.,Hemoglobin A1c/Hemoglobin.total in Blood 5.9 %,5.9,1.0,1.0,1.0,1.0,0.0,0.0,0.0,0.0,1.0,0.0,0.3333333333333333,0.11666666666666667
PUB-0373,264c184b60b39d56,0034a97a-fb05-418a-a234-de278907cd2a,METOCLOPRAMIDE,Dosage and Administration,moderate,ExpertA,DOSAGE AND ADMINISTRATION Therapy with metoclopramide oral solution should not exceed 12 weeks in duration.,Systolic Blood Pressure 124.0 mm[Hg],124.0,1.0,1.0,1.0,1.0,0.0,1.0,0.0,0.0,1.0,0.0,0.16666666666666666,0.125
PUB-0374,264c184b60b39d56,0034a97a-fb05-418a-a234-de278907cd2a,METOCLOPRAMIDE,Dosage and Administration,moderate,ExpertA,DOSAGE AND ADMINISTRATION Therapy with metoclopramide oral solution should not exceed 12 weeks in duration.,Heart rate 68.0 /min,68.0,1.0,1.0,1.0,1.0,0.0,1.0,0.0,0.0,1.0,0.0,0.16666666666666666,0.125
PUB-0375,264c184b60b39d56,0034a97a-fb05-418a-a234-de278907cd2a,METOCLOPRAMIDE,Dosage and Administration,moderate,ExpertA,DOSAGE AND ADMINISTRATION Therapy with metoclopramide oral solution should not exceed 12 weeks in duration.,Respiratory rate 14.0 /min,14.0,1.0,1.0,1.0,1.0,0.0,1.0,0.0,0.0,1.0,0.0,0.16666666666666666,0.125
PUB-0376,264c184b60b39d56,0034a97a-fb05-418a-a234-de278907cd2a,METOCLOPRAMIDE,Dosage and Administration,moderate,ExpertA,DOSAGE AND ADMINISTRATION Therapy with metoclopramide oral solution should not exceed 12 weeks in duration.,Glucose 80.7 mg/dL,80.7,1.0,1.0,1.0,1.0,0.0,1.0,0.0,0.0,1.0,0.0,0.16666666666666666,0.125
PUB-0377,938c85bf662a60cd,001bb235-5801-4b31-b3be-a3b7811ea3c3,unknown,Dosage and Administration,moderate,ExpertA,"you may feel a warm or tingling sensation occasionally move the lozenge from one side of your mouth to the other until completely dissolved (about 20 to 30 minutes) do not eat or drink 15 minutes before using or while the lozenge is in your mouth to improve your chances of quitting, use at least 9 lozenges per day for the first 6 weeks do not use more than one lozenge at a time or continuously use one lozenge after another since this may cause you hiccups, heartburn, nausea or other side effects do not use more than 5 lozenges in 6 hours.",Total Cholesterol 164.8 mg/dL,164.8,1.0,1.0,1.0,1.0,0.0,1.0,0.0,0.0,1.0,0.0,0.75,0.55
PUB-0378,938c85bf662a60cd,001bb235-5801-4b31-b3be-a3b7811ea3c3,unknown,Dosage and Administration,moderate,ExpertA,"you may feel a warm or tingling sensation occasionally move the lozenge from one side of your mouth to the other until completely dissolved (about 20 to 30 minutes) do not eat or drink 15 minutes before using or while the lozenge is in your mouth to improve your chances of quitting, use at least 9 lozenges per day for the first 6 weeks do not use more than one lozenge at a time or continuously use one lozenge after another since this may cause you hiccups, heartburn, nausea or other side effects do not use more than 5 lozenges in 6 hours.",Triglycerides 122.9 mg/dL,122.9,1.0,1.0,1.0,1.0,0.014285714285714285,1.0,0.0,0.0,1.0,0.0,0.75,0.55
PUB-0379,938c85bf662a60cd,001bb235-5801-4b31-b3be-a3b7811ea3c3,unknown,Dosage and Administration,moderate,ExpertA,"you may feel a warm or tingling sensation occasionally move the lozenge from one side of your mouth to the other until completely dissolved (about 20 to 30 minutes) do not eat or drink 15 minutes before using or while the lozenge is in your mouth to improve your chances of quitting, use at least 9 lozenges per day for the first 6 weeks do not use more than one lozenge at a time or continuously use one lozenge after another since this may cause you hiccups, heartburn, nausea or other side effects do not use more than 5 lozenges in 6 hours.",Low Density Lipoprotein Cholesterol 78.6 mg/dL,78.6,1.0,1.0,1.0,1.0,0.0136986301369863,1.0,0.0,0.0,1.0,0.0,0.75,0.55
PUB-0380,938c85bf662a60cd,001bb235-5801-4b31-b3be-a3b7811ea3c3,unknown,Dosage and Administration,moderate,ExpertA,"you may feel a warm or tingling sensation occasionally move the lozenge from one side of your mouth to the other until completely dissolved (about 20 to 30 minutes) do not eat or drink 15 minutes before using or while the lozenge is in your mouth to improve your chances of quitting, use at least 9 lozenges per day for the first 6 weeks do not use more than one lozenge at a time or continuously use one lozenge after another since this may cause you hiccups, heartburn, nausea or other side effects do not use more than 5 lozenges in 6 hours.",High Density Lipoprotein Cholesterol 61.5 mg/dL,61.5,1.0,1.0,1.0,1.0,0.0136986301369863,1.0,0.0,0.0,1.0,0.0,0.75,0.55
PUB-0381,7efcc367f4088d8b,00038c95-b2c8-4245-b671-6af177b3a00e,unknown,Dosage and Administration,moderate,ExpertA,"(See INDICATIONS AND USAGE and CLINICAL STUDIES sections.) In patients with an ulcer present at the time of initiation of therapy, an additional 18 days of omeprazole 20 mg once daily is recommended for ulcer healing and symptom relief.",Body Height 154.4 cm,154.4,1.0,0.0,1.0,1.0,0.0,0.0,0.0,0.0,1.0,0.0,0.4166666666666667,0.275
PUB-0382,7efcc367f4088d8b,00038c95-b2c8-4245-b671-6af177b3a00e,unknown,Dosage and Administration,moderate,ExpertA,"(See INDICATIONS AND USAGE and CLINICAL STUDIES sections.) In patients with an ulcer present at the time of initiation of therapy, an additional 18 days of omeprazole 20 mg once daily is recommended for ulcer healing and symptom relief.",Pain severity - 0-10 verbal numeric rating [Score] - Reported 3.0 {score},3.0,1.0,0.0,1.0,1.0,0.0,0.0,0.0,0.0,1.0,0.0,0.4166666666666667,0.275
PUB-0383,7efcc367f4088d8b,00038c95-b2c8-4245-b671-6af177b3a00e,unknown,Dosage and Administration,moderate,ExpertA,"(See INDICATIONS AND USAGE and CLINICAL STUDIES sections.) In patients with an ulcer present at the time of initiation of therapy, an additional 18 days of omeprazole 20 mg once daily is recommended for ulcer healing and symptom relief.",Body Weight 45.6 kg,45.6,1.0,0.0,1.0,1.0,0.0,0.0,0.0,0.0,1.0,0.0,0.4166666666666667,0.275
PUB-0384,7efcc367f4088d8b,00038c95-b2c8-4245-b671-6af177b3a00e,unknown,Dosage and Administration,moderate,ExpertA,"(See INDICATIONS AND USAGE and CLINICAL STUDIES sections.) In patients with an ulcer present at the time of initiation of therapy, an additional 18 days of omeprazole 20 mg once daily is recommended for ulcer healing and symptom relief.",Body Mass Index 19.2 kg/m2,19.2,1.0,0.0,1.0,1.0,0.0,0.0,0.0,0.0,1.0,0.0,0.4166666666666667,0.275
PUB-0385,3d5da4e57a4c16bb,00203a7b-e774-45f7-ac6b-48db6d32a48a,LACOSAMIDE,Dosage and Administration,moderate,ExpertA,"2.3 Converting From a Single Antiepileptic (AED) to Lacosamide Monotherapy for the Treatment of Partial-Onset Seizures For patients who are already on a single AED and will convert to lacosamide monotherapy, withdrawal of the concomitant AED should not occur until the therapeutic dosage of lacosamide is achieved and has been administered for at least 3 days.",Potassium 3.8 mmol/L,3.8,1.0,1.0,1.0,1.0,0.021739130434782608,1.0,0.0,0.0,1.0,0.0,0.3333333333333333,0.35
PUB-0386,3d5da4e57a4c16bb,00203a7b-e774-45f7-ac6b-48db6d32a48a,LACOSAMIDE,Dosage and Administration,moderate,ExpertA,"2.3 Converting From a Single Antiepileptic (AED) to Lacosamide Monotherapy for the Treatment of Partial-Onset Seizures For patients who are already on a single AED and will convert to lacosamide monotherapy, withdrawal of the concomitant AED should not occur until the therapeutic dosage of lacosamide is achieved and has been administered for at least 3 days.",Chloride 104.9 mmol/L,104.9,1.0,1.0,1.0,1.0,0.0,1.0,0.0,0.0,1.0,0.0,0.3333333333333333,0.35
PUB-0387,3d5da4e57a4c16bb,00203a7b-e774-45f7-ac6b-48db6d32a48a,LACOSAMIDE,Dosage and Administration,moderate,ExpertA,"2.3 Converting From a Single Antiepileptic (AED) to Lacosamide Monotherapy for the Treatment of Partial-Onset Seizures For patients who are already on a single AED and will convert to lacosamide monotherapy, withdrawal of the concomitant AED should not occur until the therapeutic dosage of lacosamide is achieved and has been administered for at least 3 days.",Carbon Dioxide 26.0 mmol/L,26.0,1.0,1.0,1.0,1.0,0.0,1.0,0.0,0.0,1.0,0.0,0.3333333333333333,0.35
PUB-0388,3d5da4e57a4c16bb,00203a7b-e774-45f7-ac6b-48db6d32a48a,LACOSAMIDE,Dosage and Administration,moderate,ExpertA,"2.3 Converting From a Single Antiepileptic (AED) to Lacosamide Monotherapy for the Treatment of Partial-Onset Seizures For patients who are already on a single AED and will convert to lacosamide monotherapy, withdrawal of the concomitant AED should not occur until the therapeutic dosage of lacosamide is achieved and has been administered for at least 3 days.",Total Cholesterol 225.1 mg/dL,225.1,1.0,1.0,1.0,1.0,0.0,1.0,0.0,0.0,1.0,0.0,0.3333333333333333,0.35
PUB-0389,03f9937c2bc74828,0013824B-6AEE-4DA4-AFFD-35BC6BF19D91,unknown,Dosage and Administration,moderate,ExpertA,"The usual adult dosage is 1 or 2 grams of Cefizox (ceftizoxime for injection, USP) every 8 to 12 hours.",Pain severity - 0-10 verbal numeric rating [Score] - Reported 3.0 {score},3.0,1.0,1.0,1.0,1.0,0.0,0.0,0.0,0.0,1.0,0.0,0.25,0.16666666666666666
PUB-0390,03f9937c2bc74828,0013824B-6AEE-4DA4-AFFD-35BC6BF19D91,unknown,Dosage and Administration,moderate,ExpertA,"The usual adult dosage is 1 or 2 grams of Cefizox (ceftizoxime for injection, USP) every 8 to 12 hours.",Body Weight 80.4 kg,80.4,1.0,1.0,1.0,1.0,0.0,0.0,0.0,0.0,1.0,0.0,0.25,0.16666666666666666
PUB-0391,03f9937c2bc74828,0013824B-6AEE-4DA4-AFFD-35BC6BF19D91,unknown,Dosage and Administration,moderate,ExpertA,"The usual adult dosage is 1 or 2 grams of Cefizox (ceftizoxime for injection, USP) every 8 to 12 hours.",Body Mass Index 28.0 kg/m2,28.0,1.0,1.0,1.0,1.0,0.0,0.0,0.0,0.0,1.0,0.0,0.25,0.16666666666666666
PUB-0392,03f9937c2bc74828,0013824B-6AEE-4DA4-AFFD-35BC6BF19D91,unknown,Dosage and Administration,moderate,ExpertA,"The usual adult dosage is 1 or 2 grams of Cefizox (ceftizoxime for injection, USP) every 8 to 12 hours.",Diastolic Blood Pressure 76.0 mm[Hg],76.0,1.0,1.0,1.0,1.0,0.0,0.0,0.0,0.0,1.0,0.0,0.25,0.16666666666666666
PUB-0393,4f808b66abca3fd2,00171d6f-a0a7-4e90-abde-6dd3f1285ec0,unknown,Dosage and Administration,moderate,ExpertA,"Leave patch on affected area for up to 8 hours Do not use patches for longer than five consecutive days, Children under 12 should consult physician prior to use.",Hemoglobin A1c/Hemoglobin.total in Blood 2.7 %,2.7,1.0,0.0,1.0,1.0,0.0,1.0,0.0,0.0,1.0,0.0,0.16666666666666666,0.21666666666666667
PUB-0394,4f808b66abca3fd2,00171d6f-a0a7-4e90-abde-6dd3f1285ec0,unknown,Dosage and Administration,moderate,ExpertA,"Leave patch on affected area for up to 8 hours Do not use patches for longer than five consecutive days, Children under 12 should consult physician prior to use.",Body Height 168.4 cm,168.4,1.0,0.0,1.0,1.0,0.0,1.0,0.0,0.0,1.0,0.0,0.16666666666666666,0.21666666666666667
PUB-0395,4f808b66abca3fd2,00171d6f-a0a7-4e90-abde-6dd3f1285ec0,unknown,Dosage and Administration,moderate,ExpertA,"Leave patch on affected area for up to 8 hours Do not use patches for longer than five consecutive days, Children under 12 should consult physician prior to use.",Pain severity - 0-10 verbal numeric rating [Score] - Reported 1.0 {score},1.0,1.0,0.0,1.0,1.0,0.0,1.0,0.0,0.0,1.0,0.0,0.16666666666666666,0.21666666666666667
PUB-0396,4f808b66abca3fd2,00171d6f-a0a7-4e90-abde-6dd3f1285ec0,unknown,Dosage and Administration,moderate,ExpertA,"Leave patch on affected area for up to 8 hours Do not use patches for longer than five consecutive days, Children under 12 should consult physician prior to use.",Body Weight 81.9 kg,81.9,1.0,0.0,1.0,1.0,0.0,1.0,0.0,0.0,1.0,0.0,0.16666666666666666,0.21666666666666667
PUB-0397,e795467f7ffa0247,002e3d65-894e-4778-8945-01e71e29e288,unknown,Dosage and Administration,moderate,ExpertA,Pneumocystis Jiroveci Pneumonia: Treatment: Adults and Children: The recommended dosage for treatment of patients with documented Pneumocystis jiroveci pneumonia is 75 to 100 mg/kg sulfamethoxazole and 15 to 20 mg/kg trimethoprim per 24 hours given in equally divided doses every 6 hours for 14 to 21 days.,Triglycerides 116.9 mg/dL,116.9,1.0,1.0,1.0,1.0,0.023809523809523808,0.0,0.0,0.0,1.0,0.0,0.5,0.31666666666666665
PUB-0398,e795467f7ffa0247,002e3d65-894e-4778-8945-01e71e29e288,unknown,Dosage and Administration,moderate,ExpertA,Pneumocystis Jiroveci Pneumonia: Treatment: Adults and Children: The recommended dosage for treatment of patients with documented Pneumocystis jiroveci pneumonia is 75 to 100 mg/kg sulfamethoxazole and 15 to 20 mg/kg trimethoprim per 24 hours given in equally divided doses every 6 hours for 14 to 21 days.,Low Density Lipoprotein Cholesterol 114.6 mg/dL,114.6,1.0,1.0,1.0,1.0,0.045454545454545456,0.0,0.0,0.0,1.0,0.0,0.5,0.31666666666666665
PUB-0399,e795467f7ffa0247,002e3d65-894e-4778-8945-01e71e29e288,unknown,Dosage and Administration,moderate,ExpertA,Pneumocystis Jiroveci Pneumonia: Treatment: Adults and Children: The recommended dosage for treatment of patients with documented Pneumocystis jiroveci pneumonia is 75 to 100 mg/kg sulfamethoxazole and 15 to 20 mg/kg trimethoprim per 24 hours given in equally divided doses every 6 hours for 14 to 21 days.,High Density Lipoprotein Cholesterol 59.3 mg/dL,59.3,1.0,1.0,1.0,1.0,0.022222222222222223,0.0,0.0,0.0,1.0,0.0,0.5,0.31666666666666665
PUB-0400,e795467f7ffa0247,002e3d65-894e-4778-8945-01e71e29e288,unknown,Dosage and Administration,moderate,ExpertA,Pneumocystis Jiroveci Pneumonia: Treatment: Adults and Children: The recommended dosage for treatment of patients with documented Pneumocystis jiroveci pneumonia is 75 to 100 mg/kg sulfamethoxazole and 15 to 20 mg/kg trimethoprim per 24 hours given in equally divided doses every 6 hours for 14 to 21 days.,Hemoglobin A1c/Hemoglobin.total in Blood 6.1 %,6.1,1.0,1.0,1.0,1.0,0.046511627906976744,0.0,0.0,0.0,1.0,0.0,0.5,0.31666666666666665
PUB-0401,abfd1a94b3e58f89,002875d2-8c30-2d2e-e063-6294a90ae01e,FAMOTIDINE,Contraindications,high,ExpertB,"4 CONTRAINDICATIONS Famotidine tablets are contraindicated in patients with a history of serious hypersensitivity reactions (e.g., anaphylaxis) to famotidine or other histamine-2 (H 2 ) receptor antagonists.",Acute bronchitis (disorder),,1.0,0.0,1.0,0.0,0.0,1.0,0.0,1.0,0.0,1.0,0.25,0.21666666666666667
PUB-0402,abfd1a94b3e58f89,002875d2-8c30-2d2e-e063-6294a90ae01e,FAMOTIDINE,Contraindications,high,ExpertB,"4 CONTRAINDICATIONS Famotidine tablets are contraindicated in patients with a history of serious hypersensitivity reactions (e.g., anaphylaxis) to famotidine or other histamine-2 (H 2 ) receptor antagonists.",Hypertension,,1.0,0.0,1.0,0.0,0.0,1.0,0.0,1.0,0.0,1.0,0.25,0.21666666666666667
PUB-0403,abfd1a94b3e58f89,002875d2-8c30-2d2e-e063-6294a90ae01e,FAMOTIDINE,Contraindications,high,ExpertB,"4 CONTRAINDICATIONS Famotidine tablets are contraindicated in patients with a history of serious hypersensitivity reactions (e.g., anaphylaxis) to famotidine or other histamine-2 (H 2 ) receptor antagonists.",Chronic sinusitis (disorder),,1.0,0.0,1.0,0.0,0.0,1.0,0.0,1.0,0.0,1.0,0.25,0.21666666666666667
PUB-0404,abfd1a94b3e58f89,002875d2-8c30-2d2e-e063-6294a90ae01e,FAMOTIDINE,Contraindications,high,ExpertB,"4 CONTRAINDICATIONS Famotidine tablets are contraindicated in patients with a history of serious hypersensitivity reactions (e.g., anaphylaxis) to famotidine or other histamine-2 (H 2 ) receptor antagonists.",Coronary Heart Disease,,1.0,0.0,1.0,0.0,0.0,1.0,0.0,1.0,0.0,1.0,0.25,0.21666666666666667
PUB-0405,1f991b9dde69f9dc,0002ad27-779d-42ab-83b5-bc65453412a1,TRAMETINIB,Special Populations,moderate,ExpertB,"Compared to patients with normal hepatic function, there was no increase in exposure of trametinib in patients with moderate or severe hepatic impairment [see Clinical Pharmacology (12.3)] .",Body mass index 30+ - obesity (finding),,1.0,0.0,0.0,0.0,0.0,1.0,0.0,0.0,0.0,0.0,0.25,0.2
PUB-0406,1f991b9dde69f9dc,0002ad27-779d-42ab-83b5-bc65453412a1,TRAMETINIB,Special Populations,moderate,ExpertB,"Compared to patients with normal hepatic function, there was no increase in exposure of trametinib in patients with moderate or severe hepatic impairment [see Clinical Pharmacology (12.3)] .",Sprain of ankle,,1.0,0.0,0.0,0.0,0.038461538461538464,1.0,0.0,0.0,0.0,0.0,0.25,0.2
PUB-0407,1f991b9dde69f9dc,0002ad27-779d-42ab-83b5-bc65453412a1,TRAMETINIB,Special Populations,moderate,ExpertB,"Compared to patients with normal hepatic function, there was no increase in exposure of trametinib in patients with moderate or severe hepatic impairment [see Clinical Pharmacology (12.3)] .",Viral sinusitis (disorder),,1.0,0.0,0.0,0.0,0.0,1.0,0.0,0.0,0.0,0.0,0.25,0.2
PUB-0408,1f991b9dde69f9dc,0002ad27-779d-42ab-83b5-bc65453412a1,TRAMETINIB,Special Populations,moderate,ExpertB,"Compared to patients with normal hepatic function, there was no increase in exposure of trametinib in patients with moderate or severe hepatic impairment [see Clinical Pharmacology (12.3)] .",Acute bronchitis (disorder),,1.0,0.0,0.0,0.0,0.0,1.0,0.0,0.0,0.0,0.0,0.25,0.2
PUB-0409,c3f2151a250c2701,000b5b37-3873-4007-b3be-ad99a9904bed,unknown,Special Populations,moderate,ExpertB,"Special Populations Geriatric In etodolac clinical studies, no overall differences in safety or effectiveness were observed between these patients and younger patients.",Normal pregnancy,,0.0,0.0,0.0,0.0,0.0,1.0,0.0,0.0,0.0,0.0,0.3333333333333333,0.16666666666666666
PUB-0410,c3f2151a250c2701,000b5b37-3873-4007-b3be-ad99a9904bed,unknown,Special Populations,moderate,ExpertB,"Special Populations Geriatric In etodolac clinical studies, no overall differences in safety or effectiveness were observed between these patients and younger patients.",Acute bronchitis (disorder),,0.0,0.0,0.0,0.0,0.0,1.0,0.0,0.0,0.0,0.0,0.3333333333333333,0.16666666666666666
PUB-0411,c3f2151a250c2701,000b5b37-3873-4007-b3be-ad99a9904bed,unknown,Special Populations,moderate,ExpertB,"Special Populations Geriatric In etodolac clinical studies, no overall differences in safety or effectiveness were observed between these patients and younger patients.",Metabolic syndrome X (disorder),,0.0,0.0,0.0,0.0,0.0,1.0,0.0,0.0,0.0,0.0,0.3333333333333333,0.16666666666666666
PUB-0412,c3f2151a250c2701,000b5b37-3873-4007-b3be-ad99a9904bed,unknown,Special Populations,moderate,ExpertB,"Special Populations Geriatric In etodolac clinical studies, no overall differences in safety or effectiveness were observed between these patients and younger patients.",Chronic sinusitis (disorder),,0.0,0.0,0.0,0.0,0.0,1.0,0.0,0.0,0.0,0.0,0.3333333333333333,0.16666666666666666
PUB-0413,ac4de98e17931f85,00279a31-6a0b-d594-e063-6294a90aacd2,unknown,Special Populations,moderate,ExpertB,Metabolism of tramadol and M1 is reduced in patients with severe hepatic impairment based on a study in patients with advanced cirrhosis of the liver.,Normal pregnancy,,0.0,0.0,0.0,0.0,0.0,0.0,0.0,0.0,0.0,0.0,0.16666666666666666,0.175
PUB-0414,ac4de98e17931f85,00279a31-6a0b-d594-e063-6294a90aacd2,unknown,Special Populations,moderate,ExpertB,Metabolism of tramadol and M1 is reduced in patients with severe hepatic impairment based on a study in patients with advanced cirrhosis of the liver.,Acute bronchitis (disorder),,0.0,0.0,0.0,0.0,0.0,0.0,0.0,0.0,0.0,0.0,0.16666666666666666,0.175
PUB-0415,ac4de98e17931f85,00279a31-6a0b-d594-e063-6294a90aacd2,unknown,Special Populations,moderate,ExpertB,Metabolism of tramadol and M1 is reduced in patients with severe hepatic impairment based on a study in patients with advanced cirrhosis of the liver.,Prediabetes,,0.0,0.0,0.0,0.0,0.0,0.0,0.0,0.0,0.0,0.0,0.16666666666666666,0.175
PUB-0416,ac4de98e17931f85,00279a31-6a0b-d594-e063-6294a90aacd2,unknown,Special Populations,moderate,ExpertB,Metabolism of tramadol and M1 is reduced in patients with severe hepatic impairment based on a study in patients with advanced cirrhosis of the liver.,Anemia (disorder),,0.0,0.0,0.0,0.0,0.0,0.0,0.0,0.0,0.0,0.0,0.16666666666666666,0.175
PUB-0417,1598e6189c9456f2,00242264-40d8-4267-a91a-727a1f088616,AMPHETAMINE SULFATE,Warnings and Precautions,high,ExpertB,Careful observation for digital changes is necessary during amphetamine sulfate tablets treatment.,Acute viral pharyngitis (disorder),,0.0,0.0,0.0,0.0,0.0,0.0,0.0,0.0,0.0,1.0,0.08333333333333333,0.1
PUB-0418,1598e6189c9456f2,00242264-40d8-4267-a91a-727a1f088616,AMPHETAMINE SULFATE,Warnings and Precautions,high,ExpertB,Careful observation for digital changes is necessary during amphetamine sulfate tablets treatment.,Hypertension,,0.0,0.0,0.0,0.0,0.0,0.0,0.0,0.0,0.0,1.0,0.08333333333333333,0.1
PUB-0419,1598e6189c9456f2,00242264-40d8-4267-a91a-727a1f088616,AMPHETAMINE SULFATE,Warnings and Precautions,high,ExpertB,Careful observation for digital changes is necessary during amphetamine sulfate tablets treatment.,Osteoarthritis of knee,,0.0,0.0,0.0,0.0,0.0,0.0,0.0,0.0,0.0,1.0,0.08333333333333333,0.1
PUB-0420,1598e6189c9456f2,00242264-40d8-4267-a91a-727a1f088616,AMPHETAMINE SULFATE,Warnings and Precautions,high,ExpertB,Careful observation for digital changes is necessary during amphetamine sulfate tablets treatment.,Miscarriage in first trimester,,0.0,0.0,0.0,0.0,0.0,0.0,0.0,0.0,0.0,1.0,0.08333333333333333,0.1
PUB-0421,7feb5f158155e247,000ae256-a337-4903-845b-003777a4efa8,BETAMETHASONE DIPROPIONATE,Special Populations,moderate,ExpertB,"However, greater sensitivity of some older individuals cannot be ruled out.",Acute allergic reaction,,0.0,0.0,0.0,0.0,0.0,0.0,0.0,0.0,0.0,0.0,0.16666666666666666,0.09166666666666666
PUB-0422,7feb5f158155e247,000ae256-a337-4903-845b-003777a4efa8,BETAMETHASONE DIPROPIONATE,Special Populations,moderate,ExpertB,"However, greater sensitivity of some older individuals cannot be ruled out.",Perennial allergic rhinitis,,0.0,0.0,0.0,0.0,0.0,0.0,0.0,0.0,0.0,0.0,0.16666666666666666,0.09166666666666666
PUB-0423,7feb5f158155e247,000ae256-a337-4903-845b-003777a4efa8,BETAMETHASONE DIPROPIONATE,Special Populations,moderate,ExpertB,"However, greater sensitivity of some older individuals cannot be ruled out.",Viral sinusitis (disorder),,0.0,0.0,0.0,0.0,0.0,0.0,0.0,0.0,0.0,0.0,0.16666666666666666,0.09166666666666666
PUB-0424,7feb5f158155e247,000ae256-a337-4903-845b-003777a4efa8,BETAMETHASONE DIPROPIONATE,Special Populations,moderate,ExpertB,"However, greater sensitivity of some older individuals cannot be ruled out.",Body mass index 30+ - obesity (finding),,0.0,0.0,0.0,0.0,0.0,0.0,0.0,0.0,0.0,0.0,0.16666666666666666,0.09166666666666666
PUB-0425,fe3acd8fe2b51849,0021e7c1-8409-4efa-90d4-1146bb1aa9ba,unknown,Warnings and Precautions,high,ExpertB,"If swallowed, get medical help or contact Poison Control Center right away.",History of appendectomy,,0.0,0.0,0.0,0.0,0.0,0.0,0.0,0.0,0.0,1.0,0.3333333333333333,0.1
PUB-0426,fe3acd8fe2b51849,0021e7c1-8409-4efa-90d4-1146bb1aa9ba,unknown,Warnings and Precautions,high,ExpertB,"If swallowed, get medical help or contact Poison Control Center right away.",Acute viral pharyngitis (disorder),,0.0,0.0,0.0,0.0,0.0,0.0,0.0,0.0,0.0,1.0,0.3333333333333333,0.1
PUB-0427,fe3acd8fe2b51849,0021e7c1-8409-4efa-90d4-1146bb1aa9ba,unknown,Warnings and Precautions,high,ExpertB,"If swallowed, get medical help or contact Poison Control Center right away.",Sprain of wrist,,0.0,0.0,0.0,0.0,0.0,0.0,0.0,0.0,0.0,1.0,0.3333333333333333,0.1
PUB-0428,fe3acd8fe2b51849,0021e7c1-8409-4efa-90d4-1146bb1aa9ba,unknown,Warnings and Precautions,high,ExpertB,"If swallowed, get medical help or contact Poison Control Center right away.",Body mass index 30+ - obesity (finding),,0.0,0.0,0.0,0.0,0.0,0.0,0.0,0.0,0.0,1.0,0.3333333333333333,0.1
PUB-0429,3529fa85e50e517d,00242264-40d8-4267-a91a-727a1f088616,AMPHETAMINE SULFATE,Dosage and Administration,moderate,ExpertB,Late evening doses should be avoided because of resulting insomnia.,Carcinoma in situ of prostate (disorder),,0.0,0.0,0.0,0.0,0.06666666666666667,0.0,0.0,0.0,1.0,0.0,0.08333333333333333,0.08333333333333333
PUB-0430,3529fa85e50e517d,00242264-40d8-4267-a91a-727a1f088616,AMPHETAMINE SULFATE,Dosage and Administration,moderate,ExpertB,Late evening doses should be avoided because of resulting insomnia.,Facial laceration,,0.0,0.0,0.0,0.0,0.0,0.0,0.0,0.0,1.0,0.0,0.08333333333333333,0.08333333333333333
PUB-0431,3529fa85e50e517d,00242264-40d8-4267-a91a-727a1f088616,AMPHETAMINE SULFATE,Dosage and Administration,moderate,ExpertB,Late evening doses should be avoided because of resulting insomnia.,Concussion with loss of consciousness,,0.0,0.0,0.0,0.0,0.07142857142857142,0.0,0.0,0.0,1.0,0.0,0.08333333333333333,0.08333333333333333
PUB-0432,3529fa85e50e517d,00242264-40d8-4267-a91a-727a1f088616,AMPHETAMINE SULFATE,Dosage and Administration,moderate,ExpertB,Late evening doses should be avoided because of resulting insomnia.,Acute viral pharyngitis (disorder),,0.0,0.0,0.0,0.0,0.0,0.0,0.0,0.0,1.0,0.0,0.08333333333333333,0.08333333333333333
PUB-0433,a91df27f0a798a4e,00011703-bc55-4c0c-858c-149dc674bc3c,unknown,Warnings and Precautions,high,ExpertB,Serious acute hypersensitivity reactions may require immediate emergency treatment.,Prediabetes,,0.0,0.0,0.0,0.0,0.0,0.0,0.0,0.0,0.0,1.0,0.08333333333333333,0.075
PUB-0434,a91df27f0a798a4e,00011703-bc55-4c0c-858c-149dc674bc3c,unknown,Warnings and Precautions,high,ExpertB,Serious acute hypersensitivity reactions may require immediate emergency treatment.,Anemia (disorder),,0.0,0.0,0.0,0.0,0.0,0.0,0.0,0.0,0.0,1.0,0.08333333333333333,0.075
PUB-0435,a91df27f0a798a4e,00011703-bc55-4c0c-858c-149dc674bc3c,unknown,Warnings and Precautions,high,ExpertB,Serious acute hypersensitivity reactions may require immediate emergency treatment.,Fracture of rib,,0.0,0.0,0.0,0.0,0.0,0.0,0.0,0.0,0.0,1.0,0.08333333333333333,0.075
PUB-0436,a91df27f0a798a4e,00011703-bc55-4c0c-858c-149dc674bc3c,unknown,Warnings and Precautions,high,ExpertB,Serious acute hypersensitivity reactions may require immediate emergency treatment.,Viral sinusitis (disorder),,0.0,0.0,0.0,0.0,0.0,0.0,0.0,0.0,0.0,1.0,0.08333333333333333,0.075
PUB-0437,4e350c3fbdde09bf,0034a97a-fb05-418a-a234-de278907cd2a,METOCLOPRAMIDE,Dosage and Administration,moderate,ExpertB,"Depending upon clinical efficacy and safety considerations, the dosage may be increased or decreased as appropriate.",Streptococcal sore throat (disorder),,0.0,0.0,0.0,0.0,0.0,0.0,0.0,0.0,1.0,0.0,0.3333333333333333,0.13333333333333333
PUB-0438,4e350c3fbdde09bf,0034a97a-fb05-418a-a234-de278907cd2a,METOCLOPRAMIDE,Dosage and Administration,moderate,ExpertB,"Depending upon clinical efficacy and safety considerations, the dosage may be increased or decreased as appropriate.",Acute viral pharyngitis (disorder),,0.0,0.0,0.0,0.0,0.0,0.0,0.0,0.0,1.0,0.0,0.3333333333333333,0.13333333333333333
PUB-0439,4e350c3fbdde09bf,0034a97a-fb05-418a-a234-de278907cd2a,METOCLOPRAMIDE,Dosage and Administration,moderate,ExpertB,"Depending upon clinical efficacy and safety considerations, the dosage may be increased or decreased as appropriate.",Chronic congestive heart failure (disorder),,0.0,0.0,0.0,0.0,0.0,0.0,0.0,0.0,1.0,0.0,0.3333333333333333,0.13333333333333333
PUB-0440,4e350c3fbdde09bf,0034a97a-fb05-418a-a234-de278907cd2a,METOCLOPRAMIDE,Dosage and Administration,moderate,ExpertB,"Depending upon clinical efficacy and safety considerations, the dosage may be increased or decreased as appropriate.",Sprain of ankle,,0.0,0.0,0.0,0.0,0.0,0.0,0.0,0.0,1.0,0.0,0.3333333333333333,0.13333333333333333
PUB-0441,74de0b7d4f68f528,0018861f-1b9b-431b-84ee-9d34aab615c3,unknown,Dosage and Administration,moderate,ExpertB,The safety of once daily dosing with Amnesteem has not been established.,Atrial Fibrillation,,0.0,0.0,0.0,0.0,0.0,1.0,0.0,0.0,1.0,0.0,0.08333333333333333,0.1
PUB-0442,74de0b7d4f68f528,0018861f-1b9b-431b-84ee-9d34aab615c3,unknown,Dosage and Administration,moderate,ExpertB,The safety of once daily dosing with Amnesteem has not been established.,Chronic intractable migraine without aura,,0.0,0.0,0.0,0.0,0.0,1.0,0.0,0.0,1.0,0.0,0.08333333333333333,0.1
PUB-0443,74de0b7d4f68f528,0018861f-1b9b-431b-84ee-9d34aab615c3,unknown,Dosage and Administration,moderate,ExpertB,The safety of once daily dosing with Amnesteem has not been established.,Chronic pain,,0.0,0.0,0.0,0.0,0.0,1.0,0.0,0.0,1.0,0.0,0.08333333333333333,0.1
PUB-0444,74de0b7d4f68f528,0018861f-1b9b-431b-84ee-9d34aab615c3,unknown,Dosage and Administration,moderate,ExpertB,The safety of once daily dosing with Amnesteem has not been established.,Impacted molars,,0.0,0.0,0.0,0.0,0.0,1.0,0.0,0.0,1.0,0.0,0.08333333333333333,0.1
PUB-0445,cfed92c2ed65ce55,001dcaf3-5838-4fb0-a4b8-d65ae2eb009e,unknown,Dosage and Administration,moderate,ExpertB,"Insert needle tip, bevel up, into intracutaneous space.",Diabetes,,0.0,0.0,0.0,0.0,0.0,0.0,0.0,0.0,1.0,0.0,0.25,0.06666666666666667
PUB-0446,cfed92c2ed65ce55,001dcaf3-5838-4fb0-a4b8-d65ae2eb009e,unknown,Dosage and Administration,moderate,ExpertB,"Insert needle tip, bevel up, into intracutaneous space.",Hypertriglyceridemia (disorder),,0.0,0.0,0.0,0.0,0.0,0.0,0.0,0.0,1.0,0.0,0.25,0.06666666666666667
PUB-0447,cfed92c2ed65ce55,001dcaf3-5838-4fb0-a4b8-d65ae2eb009e,unknown,Dosage and Administration,moderate,ExpertB,"Insert needle tip, bevel up, into intracutaneous space.",Metabolic syndrome X (disorder),,0.0,0.0,0.0,0.0,0.0,0.0,0.0,0.0,1.0,0.0,0.25,0.06666666666666667
PUB-0448,cfed92c2ed65ce55,001dcaf3-5838-4fb0-a4b8-d65ae2eb009e,unknown,Dosage and Administration,moderate,ExpertB,"Insert needle tip, bevel up, into intracutaneous space.",Anemia (disorder),,0.0,0.0,0.0,0.0,0.0,0.0,0.0,0.0,1.0,0.0,0.25,0.06666666666666667
PUB-0449,b8223d0c73fda4c9,0034fc51-706c-4b03-b8f4-6255a329dd9b,unknown,Special Populations,moderate,ExpertB,8.1 Pregnancy Many studies have found no harmful effects on fetal development associated with long-term use of contraceptive doses of oral progestins.,Latex allergy,,1.0,0.0,0.0,0.0,0.0,1.0,0.0,0.0,0.0,0.0,0.08333333333333333,0.19166666666666668
PUB-0450,b8223d0c73fda4c9,0034fc51-706c-4b03-b8f4-6255a329dd9b,unknown,Special Populations,moderate,ExpertB,8.1 Pregnancy Many studies have found no harmful effects on fetal development associated with long-term use of contraceptive doses of oral progestins.,Allergy to bee venom,,1.0,0.0,0.0,0.0,0.0,1.0,0.0,0.0,0.0,0.0,0.08333333333333333,0.19166666666666668
PUB-0451,b8223d0c73fda4c9,0034fc51-706c-4b03-b8f4-6255a329dd9b,unknown,Special Populations,moderate,ExpertB,8.1 Pregnancy Many studies have found no harmful effects on fetal development associated with long-term use of contraceptive doses of oral progestins.,Allergy to mould,,1.0,0.0,0.0,0.0,0.0,1.0,0.0,0.0,0.0,0.0,0.08333333333333333,0.19166666666666668
PUB-0452,b8223d0c73fda4c9,0034fc51-706c-4b03-b8f4-6255a329dd9b,unknown,Special Populations,moderate,ExpertB,8.1 Pregnancy Many studies have found no harmful effects on fetal development associated with long-term use of contraceptive doses of oral progestins.,House dust mite allergy,,1.0,0.0,0.0,0.0,0.0,1.0,0.0,0.0,0.0,0.0,0.08333333333333333,0.19166666666666668
PUB-0453,5462589c8294d110,00206aae-7db1-4ae9-8500-b03fd6788d74,unknown,Warnings and Precautions,high,ExpertB,In some patients the findings are consistent with those of cholestasis.,Chronic sinusitis (disorder),,0.0,0.0,0.0,0.0,0.0,0.0,0.0,0.0,0.0,1.0,0.08333333333333333,0.09166666666666666
PUB-0454,5462589c8294d110,00206aae-7db1-4ae9-8500-b03fd6788d74,unknown,Warnings and Precautions,high,ExpertB,In some patients the findings are consistent with those of cholestasis.,Hypertension,,0.0,0.0,0.0,0.0,0.0,0.0,0.0,0.0,0.0,1.0,0.08333333333333333,0.09166666666666666
PUB-0455,5462589c8294d110,00206aae-7db1-4ae9-8500-b03fd6788d74,unknown,Warnings and Precautions,high,ExpertB,In some patients the findings are consistent with those of cholestasis.,Normal pregnancy,,0.0,0.0,0.0,0.0,0.0,0.0,0.0,0.0,0.0,1.0,0.08333333333333333,0.09166666666666666
PUB-0456,5462589c8294d110,00206aae-7db1-4ae9-8500-b03fd6788d74,unknown,Warnings and Precautions,high,ExpertB,In some patients the findings are consistent with those of cholestasis.,Miscarriage in first trimester,,0.0,0.0,0.0,0.0,0.07142857142857142,0.0,0.0,0.0,0.0,1.0,0.08333333333333333,0.09166666666666666
PUB-0457,efe674bc9065df2f,001a298f-eec4-4b2f-bcc4-be2c9faef829,unknown,Contraindications,high,ExpertB,"4 CONTRAINDICATIONS Contraindicated in bowel obstruction, including ileus and fecal impaction.",Impacted molars,,1.0,0.0,0.0,0.0,0.0,1.0,0.0,1.0,0.0,1.0,0.25,0.09166666666666666
PUB-0458,efe674bc9065df2f,001a298f-eec4-4b2f-bcc4-be2c9faef829,unknown,Contraindications,high,ExpertB,"4 CONTRAINDICATIONS Contraindicated in bowel obstruction, including ileus and fecal impaction.",Chronic pain,,1.0,0.0,0.0,0.0,0.0,1.0,0.0,1.0,0.0,1.0,0.25,0.09166666666666666
PUB-0459,efe674bc9065df2f,001a298f-eec4-4b2f-bcc4-be2c9faef829,unknown,Contraindications,high,ExpertB,"4 CONTRAINDICATIONS Contraindicated in bowel obstruction, including ileus and fecal impaction.",Chronic intractable migraine without aura,,1.0,0.0,0.0,0.0,0.0,1.0,0.0,1.0,0.0,1.0,0.25,0.09166666666666666
PUB-0460,efe674bc9065df2f,001a298f-eec4-4b2f-bcc4-be2c9faef829,unknown,Contraindications,high,ExpertB,"4 CONTRAINDICATIONS Contraindicated in bowel obstruction, including ileus and fecal impaction.",Osteoarthritis of knee,,1.0,0.0,0.0,0.0,0.0,1.0,0.0,1.0,0.0,1.0,0.25,0.09166666666666666
PUB-0461,a122836a8bc73d95,001cf46a-ab2f-4f82-a015-175d7c9e7ef3,unknown,Special Populations,moderate,ExpertB,8.4 Pediatric Use The safety and effectiveness of dronabinol capsules have not been established in pediatric patients.,Allergy to mould,,1.0,0.0,0.0,0.0,0.0,1.0,0.0,0.0,0.0,0.0,0.16666666666666666,0.14166666666666666
PUB-0462,a122836a8bc73d95,001cf46a-ab2f-4f82-a015-175d7c9e7ef3,unknown,Special Populations,moderate,ExpertB,8.4 Pediatric Use The safety and effectiveness of dronabinol capsules have not been established in pediatric patients.,Allergy to tree pollen,,1.0,0.0,0.0,0.0,0.0,1.0,0.0,0.0,0.0,0.0,0.16666666666666666,0.14166666666666666
PUB-0463,a122836a8bc73d95,001cf46a-ab2f-4f82-a015-175d7c9e7ef3,unknown,Special Populations,moderate,ExpertB,8.4 Pediatric Use The safety and effectiveness of dronabinol capsules have not been established in pediatric patients.,Shellfish allergy,,1.0,0.0,0.0,0.0,0.0,1.0,0.0,0.0,0.0,0.0,0.16666666666666666,0.14166666666666666
PUB-0464,a122836a8bc73d95,001cf46a-ab2f-4f82-a015-175d7c9e7ef3,unknown,Special Populations,moderate,ExpertB,8.4 Pediatric Use The safety and effectiveness of dronabinol capsules have not been established in pediatric patients.,Allergy to fish,,1.0,0.0,0.0,0.0,0.0,1.0,0.0,0.0,0.0,0.0,0.16666666666666666,0.14166666666666666
PUB-0465,be51d84908da3e1c,003307c5-3f73-4a5d-a704-bfdea3c656e8,AZITHROMYCIN,Indications and Usage,moderate,ExpertB,"() 1.1 Adult Patients • Acute bacterial exacerbations of chronic bronchitis due to Haemophilus influenzae , Moraxella catarrhalis, or Streptococcus pneumoniae .",Normal pregnancy,,1.0,0.0,0.0,0.0,0.0,0.0,0.0,0.0,0.0,0.0,0.3333333333333333,0.15
PUB-0466,be51d84908da3e1c,003307c5-3f73-4a5d-a704-bfdea3c656e8,AZITHROMYCIN,Indications and Usage,moderate,ExpertB,"() 1.1 Adult Patients • Acute bacterial exacerbations of chronic bronchitis due to Haemophilus influenzae , Moraxella catarrhalis, or Streptococcus pneumoniae .",Acute viral pharyngitis (disorder),,1.0,0.0,0.0,0.0,0.047619047619047616,0.0,0.0,0.0,0.0,0.0,0.3333333333333333,0.15
PUB-0467,be51d84908da3e1c,003307c5-3f73-4a5d-a704-bfdea3c656e8,AZITHROMYCIN,Indications and Usage,moderate,ExpertB,"() 1.1 Adult Patients • Acute bacterial exacerbations of chronic bronchitis due to Haemophilus influenzae , Moraxella catarrhalis, or Streptococcus pneumoniae .",Otitis media,,1.0,0.0,0.0,0.0,0.0,0.0,0.0,0.0,0.0,0.0,0.3333333333333333,0.15
PUB-0468,be51d84908da3e1c,003307c5-3f73-4a5d-a704-bfdea3c656e8,AZITHROMYCIN,Indications and Usage,moderate,ExpertB,"() 1.1 Adult Patients • Acute bacterial exacerbations of chronic bronchitis due to Haemophilus influenzae , Moraxella catarrhalis, or Streptococcus pneumoniae .",Acute bronchitis (disorder),,1.0,0.0,0.0,0.0,0.10526315789473684,0.0,0.0,0.0,0.0,0.0,0.3333333333333333,0.15
PUB-0469,5380c82a5b39ced3,0013824B-6AEE-4DA4-AFFD-35BC6BF19D91,unknown,Special Populations,moderate,ExpertB,The CPK elevation may be related to IM administration.,Viral sinusitis (disorder),,0.0,0.0,0.0,0.0,0.0,0.0,0.0,0.0,0.0,0.0,0.08333333333333333,0.075
PUB-0470,5380c82a5b39ced3,0013824B-6AEE-4DA4-AFFD-35BC6BF19D91,unknown,Special Populations,moderate,ExpertB,The CPK elevation may be related to IM administration.,Viral sinusitis (disorder),,0.0,0.0,0.0,0.0,0.0,0.0,0.0,0.0,0.0,0.0,0.08333333333333333,0.075
PUB-0471,5380c82a5b39ced3,0013824B-6AEE-4DA4-AFFD-35BC6BF19D91,unknown,Special Populations,moderate,ExpertB,The CPK elevation may be related to IM administration.,Body mass index 30+ - obesity (finding),,0.0,0.0,0.0,0.0,0.0,0.0,0.0,0.0,0.0,0.0,0.08333333333333333,0.075
PUB-0472,5380c82a5b39ced3,0013824B-6AEE-4DA4-AFFD-35BC6BF19D91,unknown,Special Populations,moderate,ExpertB,The CPK elevation may be related to IM administration.,Whiplash injury to neck,,0.0,0.0,0.0,0.0,0.08333333333333333,0.0,0.0,0.0,0.0,0.0,0.08333333333333333,0.075
PUB-0473,2b3260880c5932b1,0002ad27-779d-42ab-83b5-bc65453412a1,TRAMETINIB,Dosage and Administration,moderate,ExpertB,Severity of Adverse Reaction a Dosage Modification for MEKINIST b Hemorrhage [see Warnings and Precautions (5.2)] Grade 3 Withhold MEKINIST.,Viral sinusitis (disorder),,1.0,0.0,0.0,0.0,0.0,0.0,0.0,0.0,1.0,0.0,0.16666666666666666,0.16666666666666666
PUB-0474,2b3260880c5932b1,0002ad27-779d-42ab-83b5-bc65453412a1,TRAMETINIB,Dosage and Administration,moderate,ExpertB,Severity of Adverse Reaction a Dosage Modification for MEKINIST b Hemorrhage [see Warnings and Precautions (5.2)] Grade 3 Withhold MEKINIST.,Body mass index 30+ - obesity (finding),,1.0,0.0,0.0,0.0,0.0,0.0,0.0,0.0,1.0,0.0,0.16666666666666666,0.16666666666666666
PUB-0475,2b3260880c5932b1,0002ad27-779d-42ab-83b5-bc65453412a1,TRAMETINIB,Dosage and Administration,moderate,ExpertB,Severity of Adverse Reaction a Dosage Modification for MEKINIST b Hemorrhage [see Warnings and Precautions (5.2)] Grade 3 Withhold MEKINIST.,Prediabetes,,1.0,0.0,0.0,0.0,0.0,0.0,0.0,0.0,1.0,0.0,0.16666666666666666,0.16666666666666666
PUB-0476,2b3260880c5932b1,0002ad27-779d-42ab-83b5-bc65453412a1,TRAMETINIB,Dosage and Administration,moderate,ExpertB,Severity of Adverse Reaction a Dosage Modification for MEKINIST b Hemorrhage [see Warnings and Precautions (5.2)] Grade 3 Withhold MEKINIST.,Anemia (disorder),,1.0,0.0,0.0,0.0,0.0,0.0,0.0,0.0,1.0,0.0,0.16666666666666666,0.16666666666666666
PUB-0477,256c02c6ec430e5b,00279a31-6a0b-d594-e063-6294a90aacd2,unknown,Special Populations,moderate,ExpertB,8.5 Geriatric Use A total of 455 elderly (65 years of age or older) subjects were exposed to tramadol hydrochloride tablets in controlled clinical trials.,Alzheimer's disease (disorder),,1.0,0.0,1.0,0.0,0.0,0.0,0.0,0.0,0.0,0.0,0.16666666666666666,0.20833333333333334
PUB-0478,256c02c6ec430e5b,00279a31-6a0b-d594-e063-6294a90aacd2,unknown,Special Populations,moderate,ExpertB,8.5 Geriatric Use A total of 455 elderly (65 years of age or older) subjects were exposed to tramadol hydrochloride tablets in controlled clinical trials.,Viral sinusitis (disorder),,1.0,0.0,1.0,0.0,0.0,0.0,0.0,0.0,0.0,0.0,0.16666666666666666,0.20833333333333334
PUB-0479,256c02c6ec430e5b,00279a31-6a0b-d594-e063-6294a90aacd2,unknown,Special Populations,moderate,ExpertB,8.5 Geriatric Use A total of 455 elderly (65 years of age or older) subjects were exposed to tramadol hydrochloride tablets in controlled clinical trials.,Osteoporosis (disorder),,1.0,0.0,1.0,0.0,0.0,0.0,0.0,0.0,0.0,0.0,0.16666666666666666,0.20833333333333334
PUB-0480,256c02c6ec430e5b,00279a31-6a0b-d594-e063-6294a90aacd2,unknown,Special Populations,moderate,ExpertB,8.5 Geriatric Use A total of 455 elderly (65 years of age or older) subjects were exposed to tramadol hydrochloride tablets in controlled clinical trials.,Miscarriage in first trimester,,1.0,0.0,1.0,0.0,0.03571428571428571,0.0,0.0,0.0,0.0,0.0,0.16666666666666666,0.20833333333333334
PUB-0481,0cffbd2da57c31e1,002d4c7e-b94e-49b6-8554-0aa0c60d5bde,unknown,Special Populations,moderate,ExpertB,"Information on the registry can be found at the website, http://www.aedpregnancyregistry.org/.",Neuropathy due to type 2 diabetes mellitus (disorder),,0.0,0.0,0.0,0.0,0.0,0.0,0.0,0.0,0.0,0.0,0.25,0.10833333333333334
PUB-0482,0cffbd2da57c31e1,002d4c7e-b94e-49b6-8554-0aa0c60d5bde,unknown,Special Populations,moderate,ExpertB,"Information on the registry can be found at the website, http://www.aedpregnancyregistry.org/.",Atrial Fibrillation,,0.0,0.0,0.0,0.0,0.0,0.0,0.0,0.0,0.0,0.0,0.25,0.10833333333333334
PUB-0483,0cffbd2da57c31e1,002d4c7e-b94e-49b6-8554-0aa0c60d5bde,unknown,Special Populations,moderate,ExpertB,"Information on the registry can be found at the website, http://www.aedpregnancyregistry.org/.",Hyperlipidemia,,0.0,0.0,0.0,0.0,0.0,0.0,0.0,0.0,0.0,0.0,0.25,0.10833333333333334
PUB-0484,0cffbd2da57c31e1,002d4c7e-b94e-49b6-8554-0aa0c60d5bde,unknown,Special Populations,moderate,ExpertB,"Information on the registry can be found at the website, http://www.aedpregnancyregistry.org/.",Diabetic retinopathy associated with type II diabetes mellitus (disorder),,0.0,0.0,0.0,0.0,0.0,0.0,0.0,0.0,0.0,0.0,0.25,0.10833333333333334
PUB-0485,7fb369d82a3e9e14,001f4c8f-adbe-4409-9bf8-702e83a32783,unknown,Dosage and Administration,moderate,ExpertB,"Following the 60-minute hold time, shake the concentrate for an additional minute.",Suspected lung cancer (situation),,1.0,0.0,0.0,0.0,0.0,0.0,0.0,0.0,1.0,0.0,0.16666666666666666,0.09166666666666666
PUB-0486,7fb369d82a3e9e14,001f4c8f-adbe-4409-9bf8-702e83a32783,unknown,Dosage and Administration,moderate,ExpertB,"Following the 60-minute hold time, shake the concentrate for an additional minute.",Non-small cell lung cancer (disorder),,1.0,0.0,0.0,0.0,0.0,0.0,0.0,0.0,1.0,0.0,0.16666666666666666,0.09166666666666666
PUB-0487,7fb369d82a3e9e14,001f4c8f-adbe-4409-9bf8-702e83a32783,unknown,Dosage and Administration,moderate,ExpertB,"Following the 60-minute hold time, shake the concentrate for an additional minute.",Non-small cell carcinoma of lung  TNM stage 1 (disorder),,1.0,0.0,0.0,0.0,0.0,0.0,0.0,0.0,1.0,0.0,0.16666666666666666,0.09166666666666666
PUB-0488,7fb369d82a3e9e14,001f4c8f-adbe-4409-9bf8-702e83a32783,unknown,Dosage and Administration,moderate,ExpertB,"Following the 60-minute hold time, shake the concentrate for an additional minute.",Acute viral pharyngitis (disorder),,1.0,0.0,0.0,0.0,0.0,0.0,0.0,0.0,1.0,0.0,0.16666666666666666,0.09166666666666666
PUB-0489,96cb097ff971211c,0034a97a-fb05-418a-a234-de278907cd2a,METOCLOPRAMIDE,Dosage and Administration,moderate,ExpertB,"Because of the poor correlation between symptoms and endoscopic appearance of the esophagus, therapy directed at esophageal lesions is best guided by endoscopic evaluation.",Hypertension,,0.0,0.0,0.0,0.0,0.0,0.0,0.0,0.0,1.0,0.0,0.25,0.175
PUB-0490,96cb097ff971211c,0034a97a-fb05-418a-a234-de278907cd2a,METOCLOPRAMIDE,Dosage and Administration,moderate,ExpertB,"Because of the poor correlation between symptoms and endoscopic appearance of the esophagus, therapy directed at esophageal lesions is best guided by endoscopic evaluation.",Fracture of rib,,0.0,0.0,0.0,0.0,0.043478260869565216,0.0,0.0,0.0,1.0,0.0,0.25,0.175
PUB-0491,96cb097ff971211c,0034a97a-fb05-418a-a234-de278907cd2a,METOCLOPRAMIDE,Dosage and Administration,moderate,ExpertB,"Because of the poor correlation between symptoms and endoscopic appearance of the esophagus, therapy directed at esophageal lesions is best guided by endoscopic evaluation.",Viral sinusitis (disorder),,0.0,0.0,0.0,0.0,0.0,0.0,0.0,0.0,1.0,0.0,0.25,0.175
PUB-0492,96cb097ff971211c,0034a97a-fb05-418a-a234-de278907cd2a,METOCLOPRAMIDE,Dosage and Administration,moderate,ExpertB,"Because of the poor correlation between symptoms and endoscopic appearance of the esophagus, therapy directed at esophageal lesions is best guided by endoscopic evaluation.",Viral sinusitis (disorder),,0.0,0.0,0.0,0.0,0.0,0.0,0.0,0.0,1.0,0.0,0.25,0.175
PUB-0493,51f287cdd5b09837,0026fe0d-54f9-cd8d-e063-6294a90a1b3c,unknown,Indications and Usage,moderate,ExpertB,"For effective relief of itching, burning, and cracking skin.",Laceration of forearm,,0.0,0.0,0.0,0.0,0.09090909090909091,0.0,0.0,0.0,0.0,0.0,0.3333333333333333,0.075
PUB-0494,51f287cdd5b09837,0026fe0d-54f9-cd8d-e063-6294a90a1b3c,unknown,Indications and Usage,moderate,ExpertB,"For effective relief of itching, burning, and cracking skin.",Viral sinusitis (disorder),,0.0,0.0,0.0,0.0,0.0,0.0,0.0,0.0,0.0,0.0,0.3333333333333333,0.075
PUB-0495,51f287cdd5b09837,0026fe0d-54f9-cd8d-e063-6294a90a1b3c,unknown,Indications and Usage,moderate,ExpertB,"For effective relief of itching, burning, and cracking skin.",Viral sinusitis (disorder),,0.0,0.0,0.0,0.0,0.0,0.0,0.0,0.0,0.0,0.0,0.3333333333333333,0.075
PUB-0496,51f287cdd5b09837,0026fe0d-54f9-cd8d-e063-6294a90a1b3c,unknown,Indications and Usage,moderate,ExpertB,"For effective relief of itching, burning, and cracking skin.",Atopic dermatitis,,0.0,0.0,0.0,0.0,0.0,0.0,0.0,0.0,0.0,0.0,0.3333333333333333,0.075
PUB-0497,37eab22fbee7f3c7,00327696-c496-4c83-a63e-9e29fd6246d4,ONDANSETRON HYDROCHLORIDE,Special Populations,moderate,ExpertB,"Relative risks (RR) ranged from 0.97 (95% CI 0.86 to 1.10) to 1.62 (95% CI 1.04, 2.54).",Body mass index 30+ - obesity (finding),,1.0,0.0,0.0,0.0,0.0,0.0,0.0,0.0,0.0,0.0,0.16666666666666666,0.14166666666666666
PUB-0498,37eab22fbee7f3c7,00327696-c496-4c83-a63e-9e29fd6246d4,ONDANSETRON HYDROCHLORIDE,Special Populations,moderate,ExpertB,"Relative risks (RR) ranged from 0.97 (95% CI 0.86 to 1.10) to 1.62 (95% CI 1.04, 2.54).",Stroke,,1.0,0.0,0.0,0.0,0.0,0.0,0.0,0.0,0.0,0.0,0.16666666666666666,0.14166666666666666
PUB-0499,37eab22fbee7f3c7,00327696-c496-4c83-a63e-9e29fd6246d4,ONDANSETRON HYDROCHLORIDE,Special Populations,moderate,ExpertB,"Relative risks (RR) ranged from 0.97 (95% CI 0.86 to 1.10) to 1.62 (95% CI 1.04, 2.54).",Acute viral pharyngitis (disorder),,1.0,0.0,0.0,0.0,0.0,0.0,0.0,0.0,0.0,0.0,0.16666666666666666,0.14166666666666666
PUB-0500,37eab22fbee7f3c7,00327696-c496-4c83-a63e-9e29fd6246d4,ONDANSETRON HYDROCHLORIDE,Special Populations,moderate,ExpertB,"Relative risks (RR) ranged from 0.97 (95% CI 0.86 to 1.10) to 1.62 (95% CI 1.04, 2.54).",Viral sinusitis (disorder),,1.0,0.0,0.0,0.0,0.0,0.0,0.0,0.0,0.0,0.0,0.16666666666666666,0.14166666666666666
PUB-0501,cc74bc97b380259d,000b5b37-3873-4007-b3be-ad99a9904bed,unknown,Special Populations,moderate,ExpertB,"However, etodolac clearance is dependent on liver function and could be reduced in patients with severe hepatic failure.",Viral sinusitis (disorder),,0.0,0.0,0.0,0.0,0.0,0.0,0.0,0.0,0.0,0.0,0.25,0.15
PUB-0502,cc74bc97b380259d,000b5b37-3873-4007-b3be-ad99a9904bed,unknown,Special Populations,moderate,ExpertB,"However, etodolac clearance is dependent on liver function and could be reduced in patients with severe hepatic failure.",Viral sinusitis (disorder),,0.0,0.0,0.0,0.0,0.0,0.0,0.0,0.0,0.0,0.0,0.25,0.15
PUB-0503,cc74bc97b380259d,000b5b37-3873-4007-b3be-ad99a9904bed,unknown,Special Populations,moderate,ExpertB,"However, etodolac clearance is dependent on liver function and could be reduced in patients with severe hepatic failure.",Viral sinusitis (disorder),,0.0,0.0,0.0,0.0,0.0,0.0,0.0,0.0,0.0,0.0,0.25,0.15
PUB-0504,cc74bc97b380259d,000b5b37-3873-4007-b3be-ad99a9904bed,unknown,Special Populations,moderate,ExpertB,"However, etodolac clearance is dependent on liver function and could be reduced in patients with severe hepatic failure.",Whiplash injury to neck,,0.0,0.0,0.0,0.0,0.0,0.0,0.0,0.0,0.0,0.0,0.25,0.15
PUB-0505,5d6c7b2a379cd7a0,000ae256-a337-4903-845b-003777a4efa8,BETAMETHASONE DIPROPIONATE,Special Populations,moderate,ExpertB,Observational studies suggest an increased risk of low birthweight infants with the use of greater than 300 grams of potent or very potent topical corticosteroid during a pregnancy.,Polyp of colon,,1.0,1.0,0.0,0.0,0.037037037037037035,0.0,0.0,0.0,0.0,0.0,0.16666666666666666,0.20833333333333334
PUB-0506,5d6c7b2a379cd7a0,000ae256-a337-4903-845b-003777a4efa8,BETAMETHASONE DIPROPIONATE,Special Populations,moderate,ExpertB,Observational studies suggest an increased risk of low birthweight infants with the use of greater than 300 grams of potent or very potent topical corticosteroid during a pregnancy.,Polyp of colon,,1.0,1.0,0.0,0.0,0.037037037037037035,0.0,0.0,0.0,0.0,0.0,0.16666666666666666,0.20833333333333334
PUB-0507,5d6c7b2a379cd7a0,000ae256-a337-4903-845b-003777a4efa8,BETAMETHASONE DIPROPIONATE,Special Populations,moderate,ExpertB,Observational studies suggest an increased risk of low birthweight infants with the use of greater than 300 grams of potent or very potent topical corticosteroid during a pregnancy.,Chronic pain,,1.0,1.0,0.0,0.0,0.0,0.0,0.0,0.0,0.0,0.0,0.16666666666666666,0.20833333333333334
PUB-0508,5d6c7b2a379cd7a0,000ae256-a337-4903-845b-003777a4efa8,BETAMETHASONE DIPROPIONATE,Special Populations,moderate,ExpertB,Observational studies suggest an increased risk of low birthweight infants with the use of greater than 300 grams of potent or very potent topical corticosteroid during a pregnancy.,Drug overdose,,1.0,1.0,0.0,0.0,0.0,0.0,0.0,0.0,0.0,0.0,0.16666666666666666,0.20833333333333334
PUB-0509,6944ecd8b1c4d183,00203a7b-e774-45f7-ac6b-48db6d32a48a,LACOSAMIDE,Special Populations,moderate,ExpertB,"Pediatric use information is approved for UCB, Inc.'s VIMPAT® (lacosamide) injection.",Dander (animal) allergy,,0.0,0.0,0.0,0.0,0.0,0.0,0.0,0.0,0.0,0.0,0.16666666666666666,0.1
PUB-0510,6944ecd8b1c4d183,00203a7b-e774-45f7-ac6b-48db6d32a48a,LACOSAMIDE,Special Populations,moderate,ExpertB,"Pediatric use information is approved for UCB, Inc.'s VIMPAT® (lacosamide) injection.",Allergy to grass pollen,,0.0,0.0,0.0,0.0,0.0,0.0,0.0,0.0,0.0,0.0,0.16666666666666666,0.1
PUB-0511,6944ecd8b1c4d183,00203a7b-e774-45f7-ac6b-48db6d32a48a,LACOSAMIDE,Special Populations,moderate,ExpertB,"Pediatric use information is approved for UCB, Inc.'s VIMPAT® (lacosamide) injection.",Allergy to tree pollen,,0.0,0.0,0.0,0.0,0.0,0.0,0.0,0.0,0.0,0.0,0.16666666666666666,0.1
PUB-0512,6944ecd8b1c4d183,00203a7b-e774-45f7-ac6b-48db6d32a48a,LACOSAMIDE,Special Populations,moderate,ExpertB,"Pediatric use information is approved for UCB, Inc.'s VIMPAT® (lacosamide) injection.",Allergy to nut,,0.0,0.0,0.0,0.0,0.0,0.0,0.0,0.0,0.0,0.0,0.16666666666666666,0.1
PUB-0513,8950c47e0110a1f5,0018861f-1b9b-431b-84ee-9d34aab615c3,unknown,Dosage and Administration,moderate,ExpertB,Contraceptive measures must be followed for any subsequent course of therapy (see PRECAUTIONS ).,Osteoarthritis of knee,,0.0,0.0,0.0,0.0,0.06666666666666667,0.0,0.0,0.0,1.0,0.0,0.08333333333333333,0.10833333333333334
PUB-0514,8950c47e0110a1f5,0018861f-1b9b-431b-84ee-9d34aab615c3,unknown,Dosage and Administration,moderate,ExpertB,Contraceptive measures must be followed for any subsequent course of therapy (see PRECAUTIONS ).,Hyperlipidemia,,0.0,0.0,0.0,0.0,0.0,0.0,0.0,0.0,1.0,0.0,0.08333333333333333,0.10833333333333334
PUB-0515,8950c47e0110a1f5,0018861f-1b9b-431b-84ee-9d34aab615c3,unknown,Dosage and Administration,moderate,ExpertB,Contraceptive measures must be followed for any subsequent course of therapy (see PRECAUTIONS ).,Viral sinusitis (disorder),,0.0,0.0,0.0,0.0,0.0,0.0,0.0,0.0,1.0,0.0,0.08333333333333333,0.10833333333333334
PUB-0516,8950c47e0110a1f5,0018861f-1b9b-431b-84ee-9d34aab615c3,unknown,Dosage and Administration,moderate,ExpertB,Contraceptive measures must be followed for any subsequent course of therapy (see PRECAUTIONS ).,Acute bronchitis (disorder),,0.0,0.0,0.0,0.0,0.0,0.0,0.0,0.0,1.0,0.0,0.08333333333333333,0.10833333333333334
PUB-0517,7d086d6d88b5a700,0031881b-5118-4514-846f-e57cf7cb8b67,unknown,Special Populations,moderate,ExpertB,Pediatric Use General The goal of treatment in pediatric patients with hypothyroidism is to achieve and maintain normal intellectual and physical growth and development.,Nonproliferative diabetic retinopathy due to type 2 diabetes mellitus (disorder),,0.0,0.0,0.0,0.0,0.03333333333333333,0.0,0.0,0.0,0.0,0.0,0.3333333333333333,0.175
PUB-0518,7d086d6d88b5a700,0031881b-5118-4514-846f-e57cf7cb8b67,unknown,Special Populations,moderate,ExpertB,Pediatric Use General The goal of treatment in pediatric patients with hypothyroidism is to achieve and maintain normal intellectual and physical growth and development.,Viral sinusitis (disorder),,0.0,0.0,0.0,0.0,0.0,0.0,0.0,0.0,0.0,0.0,0.3333333333333333,0.175
PUB-0519,7d086d6d88b5a700,0031881b-5118-4514-846f-e57cf7cb8b67,unknown,Special Populations,moderate,ExpertB,Pediatric Use General The goal of treatment in pediatric patients with hypothyroidism is to achieve and maintain normal intellectual and physical growth and development.,Acute bronchitis (disorder),,0.0,0.0,0.0,0.0,0.0,0.0,0.0,0.0,0.0,0.0,0.3333333333333333,0.175
PUB-0520,7d086d6d88b5a700,0031881b-5118-4514-846f-e57cf7cb8b67,unknown,Special Populations,moderate,ExpertB,Pediatric Use General The goal of treatment in pediatric patients with hypothyroidism is to achieve and maintain normal intellectual and physical growth and development.,Sprain of ankle,,0.0,0.0,0.0,0.0,0.043478260869565216,0.0,0.0,0.0,0.0,0.0,0.3333333333333333,0.175
PUB-0521,e50dd590684e3a84,00279a31-6a0b-d594-e063-6294a90aacd2,unknown,Indications and Usage,moderate,ExpertB,Tramadol hydrochloride tablets are an opioid agonist indicated in adults for the management of pain severe enough to require an opioid analgesic and for which alternative treatments are inadequate (1) .,Pathological fracture due to osteoporosis (disorder),,1.0,0.0,0.0,0.0,0.03225806451612903,0.0,0.0,0.0,0.0,0.0,0.16666666666666666,0.21666666666666667
PUB-0522,e50dd590684e3a84,00279a31-6a0b-d594-e063-6294a90aacd2,unknown,Indications and Usage,moderate,ExpertB,Tramadol hydrochloride tablets are an opioid agonist indicated in adults for the management of pain severe enough to require an opioid analgesic and for which alternative treatments are inadequate (1) .,Viral sinusitis (disorder),,1.0,0.0,0.0,0.0,0.0,0.0,0.0,0.0,0.0,0.0,0.16666666666666666,0.21666666666666667
PUB-0523,e50dd590684e3a84,00279a31-6a0b-d594-e063-6294a90aacd2,unknown,Indications and Usage,moderate,ExpertB,Tramadol hydrochloride tablets are an opioid agonist indicated in adults for the management of pain severe enough to require an opioid analgesic and for which alternative treatments are inadequate (1) .,Chronic congestive heart failure (disorder),,1.0,0.0,0.0,0.0,0.0,0.0,0.0,0.0,0.0,0.0,0.16666666666666666,0.21666666666666667
PUB-0524,e50dd590684e3a84,00279a31-6a0b-d594-e063-6294a90aacd2,unknown,Indications and Usage,moderate,ExpertB,Tramadol hydrochloride tablets are an opioid agonist indicated in adults for the management of pain severe enough to require an opioid analgesic and for which alternative treatments are inadequate (1) .,Chronic sinusitis (disorder),,1.0,0.0,0.0,0.0,0.0,0.0,0.0,0.0,0.0,0.0,0.16666666666666666,0.21666666666666667
PUB-0525,92f16156ecde4a54,0034edec-b2bf-4954-ade0-5caa66ed9044,unknown,Indications and Usage,moderate,ExpertB,Uses Uses: Hand mist sanitizer to help reduce bacteria that potentially can cause disease.,Acute bronchitis (disorder),,0.0,0.0,0.0,0.0,0.0,0.0,0.0,0.0,0.0,0.0,0.16666666666666666,0.10833333333333334
PUB-0526,92f16156ecde4a54,0034edec-b2bf-4954-ade0-5caa66ed9044,unknown,Indications and Usage,moderate,ExpertB,Uses Uses: Hand mist sanitizer to help reduce bacteria that potentially can cause disease.,Viral sinusitis (disorder),,0.0,0.0,0.0,0.0,0.0,0.0,0.0,0.0,0.0,0.0,0.16666666666666666,0.10833333333333334
PUB-0527,92f16156ecde4a54,0034edec-b2bf-4954-ade0-5caa66ed9044,unknown,Indications and Usage,moderate,ExpertB,Uses Uses: Hand mist sanitizer to help reduce bacteria that potentially can cause disease.,Viral sinusitis (disorder),,0.0,0.0,0.0,0.0,0.0,0.0,0.0,0.0,0.0,0.0,0.16666666666666666,0.10833333333333334
PUB-0528,92f16156ecde4a54,0034edec-b2bf-4954-ade0-5caa66ed9044,unknown,Indications and Usage,moderate,ExpertB,Uses Uses: Hand mist sanitizer to help reduce bacteria that potentially can cause disease.,Otitis media,,0.0,0.0,0.0,0.0,0.0,0.0,0.0,0.0,0.0,0.0,0.16666666666666666,0.10833333333333334
PUB-0529,eca2519c090a8320,0003458f-352a-46fa-9d99-230daa76ae29,GLIMEPIRIDE,Contraindications,high,ExpertB,Hypersensitivity to glimepiride or any of the product’s ingredients ( 4 ) Hypersensitivity to sulfonamide derivatives ( 4 ),Hyperglycemia (disorder),,1.0,0.0,0.0,0.0,0.0,0.0,0.0,1.0,0.0,1.0,0.16666666666666666,0.10833333333333334
PUB-0530,eca2519c090a8320,0003458f-352a-46fa-9d99-230daa76ae29,GLIMEPIRIDE,Contraindications,high,ExpertB,Hypersensitivity to glimepiride or any of the product’s ingredients ( 4 ) Hypersensitivity to sulfonamide derivatives ( 4 ),Hypertriglyceridemia (disorder),,1.0,0.0,0.0,0.0,0.0,0.0,0.0,1.0,0.0,1.0,0.16666666666666666,0.10833333333333334
PUB-0531,eca2519c090a8320,0003458f-352a-46fa-9d99-230daa76ae29,GLIMEPIRIDE,Contraindications,high,ExpertB,Hypersensitivity to glimepiride or any of the product’s ingredients ( 4 ) Hypersensitivity to sulfonamide derivatives ( 4 ),Metabolic syndrome X (disorder),,1.0,0.0,0.0,0.0,0.0,0.0,0.0,1.0,0.0,1.0,0.16666666666666666,0.10833333333333334
PUB-0532,eca2519c090a8320,0003458f-352a-46fa-9d99-230daa76ae29,GLIMEPIRIDE,Contraindications,high,ExpertB,Hypersensitivity to glimepiride or any of the product’s ingredients ( 4 ) Hypersensitivity to sulfonamide derivatives ( 4 ),Prediabetes,,1.0,0.0,0.0,0.0,0.0,0.0,0.0,1.0,0.0,1.0,0.16666666666666666,0.10833333333333334
PUB-0533,780c3315ec5f1aeb,002875d2-8c30-2d2e-e063-6294a90ae01e,FAMOTIDINE,Special Populations,moderate,ExpertB,Data Animal Data Transient growth depression was observed in young rats suckling from mothers treated with maternotoxic doses of famotidine at least 600 times the usual human dose.,Polyp of colon,,1.0,1.0,0.0,0.0,0.034482758620689655,0.0,0.0,0.0,0.0,0.0,0.08333333333333333,0.225
PUB-0534,780c3315ec5f1aeb,002875d2-8c30-2d2e-e063-6294a90ae01e,FAMOTIDINE,Special Populations,moderate,ExpertB,Data Animal Data Transient growth depression was observed in young rats suckling from mothers treated with maternotoxic doses of famotidine at least 600 times the usual human dose.,Recurrent rectal polyp,,1.0,1.0,0.0,0.0,0.0,0.0,0.0,0.0,0.0,0.0,0.08333333333333333,0.225
PUB-0535,780c3315ec5f1aeb,002875d2-8c30-2d2e-e063-6294a90ae01e,FAMOTIDINE,Special Populations,moderate,ExpertB,Data Animal Data Transient growth depression was observed in young rats suckling from mothers treated with maternotoxic doses of famotidine at least 600 times the usual human dose.,Appendicitis,,1.0,1.0,0.0,0.0,0.0,0.0,0.0,0.0,0.0,0.0,0.08333333333333333,0.225
PUB-0536,780c3315ec5f1aeb,002875d2-8c30-2d2e-e063-6294a90ae01e,FAMOTIDINE,Special Populations,moderate,ExpertB,Data Animal Data Transient growth depression was observed in young rats suckling from mothers treated with maternotoxic doses of famotidine at least 600 times the usual human dose.,History of appendectomy,,1.0,1.0,0.0,0.0,0.034482758620689655,0.0,0.0,0.0,0.0,0.0,0.08333333333333333,0.225
PUB-0537,3a501e6701bd6c19,00332c65-edad-a153-9c78-628931daa732,DIVALPROEX SODIUM,Special Populations,moderate,ExpertB,"In 4 patients who were taking valproate only, breast milk contained an average valproate concentration of 1.8 mcg/mL (range: 1.1 mcg/mL to 2.2 mcg/mL), which corresponded to 4.8% of the maternal plasma concentration (range: 2.7% to 7.4%).",Sprain of wrist,,1.0,0.0,1.0,0.0,0.03333333333333333,0.0,0.0,0.0,0.0,0.0,0.4166666666666667,0.23333333333333334
PUB-0538,3a501e6701bd6c19,00332c65-edad-a153-9c78-628931daa732,DIVALPROEX SODIUM,Special Populations,moderate,ExpertB,"In 4 patients who were taking valproate only, breast milk contained an average valproate concentration of 1.8 mcg/mL (range: 1.1 mcg/mL to 2.2 mcg/mL), which corresponded to 4.8% of the maternal plasma concentration (range: 2.7% to 7.4%).",Normal pregnancy,,1.0,0.0,1.0,0.0,0.0,0.0,0.0,0.0,0.0,0.0,0.4166666666666667,0.23333333333333334
PUB-0539,3a501e6701bd6c19,00332c65-edad-a153-9c78-628931daa732,DIVALPROEX SODIUM,Special Populations,moderate,ExpertB,"In 4 patients who were taking valproate only, breast milk contained an average valproate concentration of 1.8 mcg/mL (range: 1.1 mcg/mL to 2.2 mcg/mL), which corresponded to 4.8% of the maternal plasma concentration (range: 2.7% to 7.4%).",Drug overdose,,1.0,0.0,1.0,0.0,0.0,0.0,0.0,0.0,0.0,0.0,0.4166666666666667,0.23333333333333334
PUB-0540,3a501e6701bd6c19,00332c65-edad-a153-9c78-628931daa732,DIVALPROEX SODIUM,Special Populations,moderate,ExpertB,"In 4 patients who were taking valproate only, breast milk contained an average valproate concentration of 1.8 mcg/mL (range: 1.1 mcg/mL to 2.2 mcg/mL), which corresponded to 4.8% of the maternal plasma concentration (range: 2.7% to 7.4%).",Prediabetes,,1.0,0.0,1.0,0.0,0.0,0.0,0.0,0.0,0.0,0.0,0.4166666666666667,0.23333333333333334
PUB-0541,3e5e76b6f97bf947,00332c65-edad-a153-9c78-628931daa732,DIVALPROEX SODIUM,Special Populations,moderate,ExpertB,"In these seven clinical trials, the safety and tolerability of divalproex sodium delayed-release tablets in pediatric patients were shown to be comparable to those in adults [see Adverse Reactions (6) ] .",Acute viral pharyngitis (disorder),,1.0,0.0,0.0,0.0,0.0,0.0,0.0,0.0,0.0,0.0,0.25,0.23333333333333334
PUB-0542,3e5e76b6f97bf947,00332c65-edad-a153-9c78-628931daa732,DIVALPROEX SODIUM,Special Populations,moderate,ExpertB,"In these seven clinical trials, the safety and tolerability of divalproex sodium delayed-release tablets in pediatric patients were shown to be comparable to those in adults [see Adverse Reactions (6) ] .",Acute bronchitis (disorder),,1.0,0.0,0.0,0.0,0.0,0.0,0.0,0.0,0.0,0.0,0.25,0.23333333333333334
PUB-0543,3e5e76b6f97bf947,00332c65-edad-a153-9c78-628931daa732,DIVALPROEX SODIUM,Special Populations,moderate,ExpertB,"In these seven clinical trials, the safety and tolerability of divalproex sodium delayed-release tablets in pediatric patients were shown to be comparable to those in adults [see Adverse Reactions (6) ] .",Viral sinusitis (disorder),,1.0,0.0,0.0,0.0,0.0,0.0,0.0,0.0,0.0,0.0,0.25,0.23333333333333334
PUB-0544,3e5e76b6f97bf947,00332c65-edad-a153-9c78-628931daa732,DIVALPROEX SODIUM,Special Populations,moderate,ExpertB,"In these seven clinical trials, the safety and tolerability of divalproex sodium delayed-release tablets in pediatric patients were shown to be comparable to those in adults [see Adverse Reactions (6) ] .",Acute viral pharyngitis (disorder),,1.0,0.0,0.0,0.0,0.0,0.0,0.0,0.0,0.0,0.0,0.25,0.23333333333333334
PUB-0545,a4a0c79ad3dd2890,0002ad27-779d-42ab-83b5-bc65453412a1,TRAMETINIB,Special Populations,moderate,ExpertB,There is insufficient data in pregnant women exposed to MEKINIST to assess the risks.,Hyperglycemia (disorder),,0.0,0.0,0.0,0.0,0.0,0.0,0.0,0.0,0.0,0.0,0.08333333333333333,0.10833333333333334
PUB-0546,a4a0c79ad3dd2890,0002ad27-779d-42ab-83b5-bc65453412a1,TRAMETINIB,Special Populations,moderate,ExpertB,There is insufficient data in pregnant women exposed to MEKINIST to assess the risks.,Hypertriglyceridemia (disorder),,0.0,0.0,0.0,0.0,0.0,0.0,0.0,0.0,0.0,0.0,0.08333333333333333,0.10833333333333334
PUB-0547,a4a0c79ad3dd2890,0002ad27-779d-42ab-83b5-bc65453412a1,TRAMETINIB,Special Populations,moderate,ExpertB,There is insufficient data in pregnant women exposed to MEKINIST to assess the risks.,Metabolic syndrome X (disorder),,0.0,0.0,0.0,0.0,0.0,0.0,0.0,0.0,0.0,0.0,0.08333333333333333,0.10833333333333334
PUB-0548,a4a0c79ad3dd2890,0002ad27-779d-42ab-83b5-bc65453412a1,TRAMETINIB,Special Populations,moderate,ExpertB,There is insufficient data in pregnant women exposed to MEKINIST to assess the risks.,Prediabetes,,0.0,0.0,0.0,0.0,0.0,0.0,0.0,0.0,0.0,0.0,0.08333333333333333,0.10833333333333334
PUB-0549,d2b969b980368b62,00332c65-edad-a153-9c78-628931daa732,DIVALPROEX SODIUM,Special Populations,moderate,ExpertB,A study of elderly patients with dementia revealed drug related somnolence and discontinuation for somnolence [see Warnings and Precautions (5.16) ].,Streptococcal sore throat (disorder),,1.0,0.0,0.0,0.0,0.0,0.0,0.0,0.0,0.0,0.0,0.25,0.15833333333333333
PUB-0550,d2b969b980368b62,00332c65-edad-a153-9c78-628931daa732,DIVALPROEX SODIUM,Special Populations,moderate,ExpertB,A study of elderly patients with dementia revealed drug related somnolence and discontinuation for somnolence [see Warnings and Precautions (5.16) ].,Acute viral pharyngitis (disorder),,1.0,0.0,0.0,0.0,0.0,0.0,0.0,0.0,0.0,0.0,0.25,0.15833333333333333
PUB-0551,d2b969b980368b62,00332c65-edad-a153-9c78-628931daa732,DIVALPROEX SODIUM,Special Populations,moderate,ExpertB,A study of elderly patients with dementia revealed drug related somnolence and discontinuation for somnolence [see Warnings and Precautions (5.16) ].,Body mass index 30+ - obesity (finding),,1.0,0.0,0.0,0.0,0.0,0.0,0.0,0.0,0.0,0.0,0.25,0.15833333333333333
PUB-0552,d2b969b980368b62,00332c65-edad-a153-9c78-628931daa732,DIVALPROEX SODIUM,Special Populations,moderate,ExpertB,A study of elderly patients with dementia revealed drug related somnolence and discontinuation for somnolence [see Warnings and Precautions (5.16) ].,Viral sinusitis (disorder),,1.0,0.0,0.0,0.0,0.0,0.0,0.0,0.0,0.0,0.0,0.25,0.15833333333333333
PUB-0553,659b122826444b3b,001dd372-2692-4d6f-a71c-95e7056349a9,unknown,Special Populations,moderate,ExpertB,Juvenile Animal Data Studies in juvenile and young adult rats and dogs were performed.,Viral sinusitis (disorder),,0.0,0.0,0.0,0.0,0.0,0.0,0.0,0.0,0.0,0.0,0.25,0.1
PUB-0554,659b122826444b3b,001dd372-2692-4d6f-a71c-95e7056349a9,unknown,Special Populations,moderate,ExpertB,Juvenile Animal Data Studies in juvenile and young adult rats and dogs were performed.,Rupture of appendix,,0.0,0.0,0.0,0.0,0.0,0.0,0.0,0.0,0.0,0.0,0.25,0.1
PUB-0555,659b122826444b3b,001dd372-2692-4d6f-a71c-95e7056349a9,unknown,Special Populations,moderate,ExpertB,Juvenile Animal Data Studies in juvenile and young adult rats and dogs were performed.,Appendicitis,,0.0,0.0,0.0,0.0,0.0,0.0,0.0,0.0,0.0,0.0,0.25,0.1
PUB-0556,659b122826444b3b,001dd372-2692-4d6f-a71c-95e7056349a9,unknown,Special Populations,moderate,ExpertB,Juvenile Animal Data Studies in juvenile and young adult rats and dogs were performed.,History of appendectomy,,0.0,0.0,0.0,0.0,0.0,0.0,0.0,0.0,0.0,0.0,0.25,0.1
PUB-0557,20c4638c003f0a82,001dd372-2692-4d6f-a71c-95e7056349a9,unknown,Indications and Usage,moderate,ExpertB,"1.5 Helicobacter pylori Eradication to Reduce the Risk of Duodenal Ulcer Recurrence in Adults ACIPHEX delayed-release tablets, in combination with amoxicillin and clarithromycin as a three drug regimen, are indicated for the treatment of patients with H.",Prediabetes,,1.0,0.0,0.0,0.0,0.0,0.0,0.0,0.0,0.0,0.0,0.3333333333333333,0.2916666666666667
PUB-0558,20c4638c003f0a82,001dd372-2692-4d6f-a71c-95e7056349a9,unknown,Indications and Usage,moderate,ExpertB,"1.5 Helicobacter pylori Eradication to Reduce the Risk of Duodenal Ulcer Recurrence in Adults ACIPHEX delayed-release tablets, in combination with amoxicillin and clarithromycin as a three drug regimen, are indicated for the treatment of patients with H.",Anemia (disorder),,1.0,0.0,0.0,0.0,0.0,0.0,0.0,0.0,0.0,0.0,0.3333333333333333,0.2916666666666667
PUB-0559,20c4638c003f0a82,001dd372-2692-4d6f-a71c-95e7056349a9,unknown,Indications and Usage,moderate,ExpertB,"1.5 Helicobacter pylori Eradication to Reduce the Risk of Duodenal Ulcer Recurrence in Adults ACIPHEX delayed-release tablets, in combination with amoxicillin and clarithromycin as a three drug regimen, are indicated for the treatment of patients with H.",Sprain of ankle,,1.0,0.0,0.0,0.0,0.02702702702702703,0.0,0.0,0.0,0.0,0.0,0.3333333333333333,0.2916666666666667
PUB-0560,20c4638c003f0a82,001dd372-2692-4d6f-a71c-95e7056349a9,unknown,Indications and Usage,moderate,ExpertB,"1.5 Helicobacter pylori Eradication to Reduce the Risk of Duodenal Ulcer Recurrence in Adults ACIPHEX delayed-release tablets, in combination with amoxicillin and clarithromycin as a three drug regimen, are indicated for the treatment of patients with H.",Viral sinusitis (disorder),,1.0,0.0,0.0,0.0,0.0,0.0,0.0,0.0,0.0,0.0,0.3333333333333333,0.2916666666666667
PUB-0561,9afb3d763116de3a,000b5b37-3873-4007-b3be-ad99a9904bed,unknown,Warnings and Precautions,high,ExpertB,"In a Danish National Registry study of patients with heart failure, NSAID use increased the risk of MI, hospitalization for heart failure, and death.",Whiplash injury to neck,,0.0,0.0,0.0,0.0,0.0,0.0,0.0,0.0,0.0,1.0,0.4166666666666667,0.175
PUB-0562,9afb3d763116de3a,000b5b37-3873-4007-b3be-ad99a9904bed,unknown,Warnings and Precautions,high,ExpertB,"In a Danish National Registry study of patients with heart failure, NSAID use increased the risk of MI, hospitalization for heart failure, and death.",Laceration of forearm,,0.0,0.0,0.0,0.0,0.043478260869565216,0.0,0.0,0.0,0.0,1.0,0.4166666666666667,0.175
PUB-0563,9afb3d763116de3a,000b5b37-3873-4007-b3be-ad99a9904bed,unknown,Warnings and Precautions,high,ExpertB,"In a Danish National Registry study of patients with heart failure, NSAID use increased the risk of MI, hospitalization for heart failure, and death.",Acute bronchitis (disorder),,0.0,0.0,0.0,0.0,0.0,0.0,0.0,0.0,0.0,1.0,0.4166666666666667,0.175
PUB-0564,9afb3d763116de3a,000b5b37-3873-4007-b3be-ad99a9904bed,unknown,Warnings and Precautions,high,ExpertB,"In a Danish National Registry study of patients with heart failure, NSAID use increased the risk of MI, hospitalization for heart failure, and death.",Chronic congestive heart failure (disorder),,0.0,0.0,0.0,0.0,0.08333333333333333,0.0,0.0,0.0,0.0,1.0,0.4166666666666667,0.175
PUB-0565,934c22a0eb101c6c,00279a31-6a0b-d594-e063-6294a90aacd2,unknown,Special Populations,moderate,ExpertB,"Women who are ultra-rapid metabolizers of tramadol may have higher than expected serum levels of M1, potentially leading to higher levels of M1 in breast milk that can be dangerous in their breastfed infants.",Myocardial Infarction,,0.0,0.0,0.0,0.0,0.0,0.0,0.0,0.0,0.0,0.0,0.16666666666666666,0.24166666666666667
PUB-0566,934c22a0eb101c6c,00279a31-6a0b-d594-e063-6294a90aacd2,unknown,Special Populations,moderate,ExpertB,"Women who are ultra-rapid metabolizers of tramadol may have higher than expected serum levels of M1, potentially leading to higher levels of M1 in breast milk that can be dangerous in their breastfed infants.",History of myocardial infarction (situation),,0.0,0.0,0.0,0.0,0.030303030303030304,0.0,0.0,0.0,0.0,0.0,0.16666666666666666,0.24166666666666667
PUB-0567,934c22a0eb101c6c,00279a31-6a0b-d594-e063-6294a90aacd2,unknown,Special Populations,moderate,ExpertB,"Women who are ultra-rapid metabolizers of tramadol may have higher than expected serum levels of M1, potentially leading to higher levels of M1 in breast milk that can be dangerous in their breastfed infants.",Prediabetes,,0.0,0.0,0.0,0.0,0.0,0.0,0.0,0.0,0.0,0.0,0.16666666666666666,0.24166666666666667
PUB-0568,934c22a0eb101c6c,00279a31-6a0b-d594-e063-6294a90aacd2,unknown,Special Populations,moderate,ExpertB,"Women who are ultra-rapid metabolizers of tramadol may have higher than expected serum levels of M1, potentially leading to higher levels of M1 in breast milk that can be dangerous in their breastfed infants.",Anemia (disorder),,0.0,0.0,0.0,0.0,0.0,0.0,0.0,0.0,0.0,0.0,0.16666666666666666,0.24166666666666667
PUB-0569,be573f1911fb4506,0031881b-5118-4514-846f-e57cf7cb8b67,unknown,Contraindications,high,ExpertB,CONTRAINDICATIONS Levothyroxine is contraindicated in patients with untreated subclinical (suppressed serum TSH level with normal T 3 and T 4 levels) or overt thyrotoxicosis of any etiology and in patients with acute myocardial infarction.,Anemia (disorder),,1.0,0.0,0.0,0.0,0.0,1.0,0.0,1.0,0.0,1.0,0.3333333333333333,0.23333333333333334
PUB-0570,be573f1911fb4506,0031881b-5118-4514-846f-e57cf7cb8b67,unknown,Contraindications,high,ExpertB,CONTRAINDICATIONS Levothyroxine is contraindicated in patients with untreated subclinical (suppressed serum TSH level with normal T 3 and T 4 levels) or overt thyrotoxicosis of any etiology and in patients with acute myocardial infarction.,Laceration of forearm,,1.0,0.0,0.0,0.0,0.03333333333333333,1.0,0.0,1.0,0.0,1.0,0.3333333333333333,0.23333333333333334
PUB-0571,be573f1911fb4506,0031881b-5118-4514-846f-e57cf7cb8b67,unknown,Contraindications,high,ExpertB,CONTRAINDICATIONS Levothyroxine is contraindicated in patients with untreated subclinical (suppressed serum TSH level with normal T 3 and T 4 levels) or overt thyrotoxicosis of any etiology and in patients with acute myocardial infarction.,Chronic sinusitis (disorder),,1.0,0.0,0.0,0.0,0.0,1.0,0.0,1.0,0.0,1.0,0.3333333333333333,0.23333333333333334
PUB-0572,be573f1911fb4506,0031881b-5118-4514-846f-e57cf7cb8b67,unknown,Contraindications,high,ExpertB,CONTRAINDICATIONS Levothyroxine is contraindicated in patients with untreated subclinical (suppressed serum TSH level with normal T 3 and T 4 levels) or overt thyrotoxicosis of any etiology and in patients with acute myocardial infarction.,Prediabetes,,1.0,0.0,0.0,0.0,0.0,1.0,0.0,1.0,0.0,1.0,0.3333333333333333,0.23333333333333334
PUB-0573,d0990da672c3ac61,0027b8a3-73bf-4005-a7e3-b035f451a861,unknown,Warnings and Precautions,high,ExpertB,Haloperidol is not approved for the treatment of patients with dementia-related psychosis (see BOXED WARNING ).,Pathological fracture due to osteoporosis (disorder),,0.0,0.0,0.0,0.0,0.0,1.0,0.0,0.0,0.0,1.0,0.08333333333333333,0.13333333333333333
PUB-0574,d0990da672c3ac61,0027b8a3-73bf-4005-a7e3-b035f451a861,unknown,Warnings and Precautions,high,ExpertB,Haloperidol is not approved for the treatment of patients with dementia-related psychosis (see BOXED WARNING ).,Sinusitis (disorder),,0.0,0.0,0.0,0.0,0.0,1.0,0.0,0.0,0.0,1.0,0.08333333333333333,0.13333333333333333
PUB-0575,d0990da672c3ac61,0027b8a3-73bf-4005-a7e3-b035f451a861,unknown,Warnings and Precautions,high,ExpertB,Haloperidol is not approved for the treatment of patients with dementia-related psychosis (see BOXED WARNING ).,Acute viral pharyngitis (disorder),,0.0,0.0,0.0,0.0,0.0,1.0,0.0,0.0,0.0,1.0,0.08333333333333333,0.13333333333333333
PUB-0576,d0990da672c3ac61,0027b8a3-73bf-4005-a7e3-b035f451a861,unknown,Warnings and Precautions,high,ExpertB,Haloperidol is not approved for the treatment of patients with dementia-related psychosis (see BOXED WARNING ).,Acute viral pharyngitis (disorder),,0.0,0.0,0.0,0.0,0.0,1.0,0.0,0.0,0.0,1.0,0.08333333333333333,0.13333333333333333
PUB-0577,eaa3adefed36b1c0,0031ce9c-cb49-433a-aa74-8d20ca0563c0,unknown,Warnings and Precautions,high,ExpertB,"Because coronary artery disease is common and may be unrecognized, it may be prudent not to discontinue nadolol therapy abruptly even in patients treated only for hypertension.",Streptococcal sore throat (disorder),,0.0,0.0,0.0,0.0,0.0,1.0,0.0,0.0,0.0,1.0,0.25,0.20833333333333334
PUB-0578,eaa3adefed36b1c0,0031ce9c-cb49-433a-aa74-8d20ca0563c0,unknown,Warnings and Precautions,high,ExpertB,"Because coronary artery disease is common and may be unrecognized, it may be prudent not to discontinue nadolol therapy abruptly even in patients treated only for hypertension.",Normal pregnancy,,0.0,0.0,0.0,0.0,0.0,1.0,0.0,0.0,0.0,1.0,0.25,0.20833333333333334
PUB-0579,eaa3adefed36b1c0,0031ce9c-cb49-433a-aa74-8d20ca0563c0,unknown,Warnings and Precautions,high,ExpertB,"Because coronary artery disease is common and may be unrecognized, it may be prudent not to discontinue nadolol therapy abruptly even in patients treated only for hypertension.",Normal pregnancy,,0.0,0.0,0.0,0.0,0.0,1.0,0.0,0.0,0.0,1.0,0.25,0.20833333333333334
PUB-0580,eaa3adefed36b1c0,0031ce9c-cb49-433a-aa74-8d20ca0563c0,unknown,Warnings and Precautions,high,ExpertB,"Because coronary artery disease is common and may be unrecognized, it may be prudent not to discontinue nadolol therapy abruptly even in patients treated only for hypertension.",Normal pregnancy,,0.0,0.0,0.0,0.0,0.0,1.0,0.0,0.0,0.0,1.0,0.25,0.20833333333333334
PUB-0581,129b021f6fb15977,0027e3a2-862a-474d-8c33-dda1a2264b27,unknown,Warnings and Precautions,high,ExpertB,Do not use with any other drug containing acetaminophen (prescription or nonprescription).,Anemia (disorder),,0.0,0.0,0.0,0.0,0.0,1.0,0.0,0.0,0.0,1.0,0.16666666666666666,0.1
PUB-0582,129b021f6fb15977,0027e3a2-862a-474d-8c33-dda1a2264b27,unknown,Warnings and Precautions,high,ExpertB,Do not use with any other drug containing acetaminophen (prescription or nonprescription).,Neuropathy due to type 2 diabetes mellitus (disorder),,0.0,0.0,0.0,0.0,0.0,1.0,0.0,0.0,0.0,1.0,0.16666666666666666,0.1
PUB-0583,129b021f6fb15977,0027e3a2-862a-474d-8c33-dda1a2264b27,unknown,Warnings and Precautions,high,ExpertB,Do not use with any other drug containing acetaminophen (prescription or nonprescription).,Diabetic retinopathy associated with type II diabetes mellitus (disorder),,0.0,0.0,0.0,0.0,0.05,1.0,0.0,0.0,0.0,1.0,0.16666666666666666,0.1
PUB-0584,129b021f6fb15977,0027e3a2-862a-474d-8c33-dda1a2264b27,unknown,Warnings and Precautions,high,ExpertB,Do not use with any other drug containing acetaminophen (prescription or nonprescription).,Nonproliferative diabetic retinopathy due to type 2 diabetes mellitus (disorder),,0.0,0.0,0.0,0.0,0.0,1.0,0.0,0.0,0.0,1.0,0.16666666666666666,0.1
PUB-0585,e60c07790c1327a8,00242264-40d8-4267-a91a-727a1f088616,AMPHETAMINE SULFATE,Special Populations,moderate,ExpertB,Nonteratogenic Effects Infants born to mothers dependent on amphetamines have an increased risk of premature delivery and low birth weight.,Viral sinusitis (disorder),,0.0,0.0,0.0,0.0,0.0,0.0,0.0,0.0,0.0,0.0,0.16666666666666666,0.16666666666666666
PUB-0586,e60c07790c1327a8,00242264-40d8-4267-a91a-727a1f088616,AMPHETAMINE SULFATE,Special Populations,moderate,ExpertB,Nonteratogenic Effects Infants born to mothers dependent on amphetamines have an increased risk of premature delivery and low birth weight.,Coronary Heart Disease,,0.0,0.0,0.0,0.0,0.0,0.0,0.0,0.0,0.0,0.0,0.16666666666666666,0.16666666666666666
PUB-0587,e60c07790c1327a8,00242264-40d8-4267-a91a-727a1f088616,AMPHETAMINE SULFATE,Special Populations,moderate,ExpertB,Nonteratogenic Effects Infants born to mothers dependent on amphetamines have an increased risk of premature delivery and low birth weight.,Fracture of forearm,,0.0,0.0,0.0,0.0,0.045454545454545456,0.0,0.0,0.0,0.0,0.0,0.16666666666666666,0.16666666666666666
PUB-0588,e60c07790c1327a8,00242264-40d8-4267-a91a-727a1f088616,AMPHETAMINE SULFATE,Special Populations,moderate,ExpertB,Nonteratogenic Effects Infants born to mothers dependent on amphetamines have an increased risk of premature delivery and low birth weight.,Viral sinusitis (disorder),,0.0,0.0,0.0,0.0,0.0,0.0,0.0,0.0,0.0,0.0,0.16666666666666666,0.16666666666666666
PUB-0589,2d1583df8c1b4229,001d050d-f488-4d67-8457-36fef148f546,unknown,Indications and Usage,moderate,ExpertB,"(See the clarithromycin package insert, MICROBIOLOGY.) Eradication of H.",Viral sinusitis (disorder),,0.0,0.0,0.0,0.0,0.0,0.0,0.0,0.0,0.0,0.0,0.16666666666666666,0.075
PUB-0590,2d1583df8c1b4229,001d050d-f488-4d67-8457-36fef148f546,unknown,Indications and Usage,moderate,ExpertB,"(See the clarithromycin package insert, MICROBIOLOGY.) Eradication of H.",Viral sinusitis (disorder),,0.0,0.0,0.0,0.0,0.0,0.0,0.0,0.0,0.0,0.0,0.16666666666666666,0.075
PUB-0591,2d1583df8c1b4229,001d050d-f488-4d67-8457-36fef148f546,unknown,Indications and Usage,moderate,ExpertB,"(See the clarithromycin package insert, MICROBIOLOGY.) Eradication of H.",Acute viral pharyngitis (disorder),,0.0,0.0,0.0,0.0,0.0,0.0,0.0,0.0,0.0,0.0,0.16666666666666666,0.075
PUB-0592,2d1583df8c1b4229,001d050d-f488-4d67-8457-36fef148f546,unknown,Indications and Usage,moderate,ExpertB,"(See the clarithromycin package insert, MICROBIOLOGY.) Eradication of H.",Acute bronchitis (disorder),,0.0,0.0,0.0,0.0,0.0,0.0,0.0,0.0,0.0,0.0,0.16666666666666666,0.075
PUB-0593,fd41d59cb9c65efc,00179766-980b-44b0-99d3-1fee2bb27e37,SERTRALINE HYDROCHLORIDE,Indications and Usage,moderate,ExpertB,INDICATIONS AND USAGE Major Depressive Disorder – Sertraline hydrochloride is indicated for the treatment of major depressive disorder in adults.,Acute bronchitis (disorder),,0.0,0.0,0.0,0.0,0.05555555555555555,0.0,0.0,0.0,0.0,0.0,0.16666666666666666,0.13333333333333333
PUB-0594,fd41d59cb9c65efc,00179766-980b-44b0-99d3-1fee2bb27e37,SERTRALINE HYDROCHLORIDE,Indications and Usage,moderate,ExpertB,INDICATIONS AND USAGE Major Depressive Disorder – Sertraline hydrochloride is indicated for the treatment of major depressive disorder in adults.,Otitis media,,0.0,0.0,0.0,0.0,0.0,0.0,0.0,0.0,0.0,0.0,0.16666666666666666,0.13333333333333333
PUB-0595,fd41d59cb9c65efc,00179766-980b-44b0-99d3-1fee2bb27e37,SERTRALINE HYDROCHLORIDE,Indications and Usage,moderate,ExpertB,INDICATIONS AND USAGE Major Depressive Disorder – Sertraline hydrochloride is indicated for the treatment of major depressive disorder in adults.,Viral sinusitis (disorder),,0.0,0.0,0.0,0.0,0.05555555555555555,0.0,0.0,0.0,0.0,0.0,0.16666666666666666,0.13333333333333333
PUB-0596,fd41d59cb9c65efc,00179766-980b-44b0-99d3-1fee2bb27e37,SERTRALINE HYDROCHLORIDE,Indications and Usage,moderate,ExpertB,INDICATIONS AND USAGE Major Depressive Disorder – Sertraline hydrochloride is indicated for the treatment of major depressive disorder in adults.,Normal pregnancy,,0.0,0.0,0.0,0.0,0.0,0.0,0.0,0.0,0.0,0.0,0.16666666666666666,0.13333333333333333
PUB-0597,b735055ab86838a6,000835f5-7126-4b88-aa49-728d286fbf6b,unknown,Indications and Usage,moderate,ExpertB,The safety and effectiveness of the use of ipratropium bromide nasal solution 0.06% (Nasal Spray) beyond four days in patients with the common cold or beyond three weeks in patients with seasonal allergic rhinitis has not been established.,Acute bronchitis (disorder),,1.0,0.0,1.0,0.0,0.0,1.0,0.0,0.0,0.0,0.0,0.25,0.25833333333333336
PUB-0598,b735055ab86838a6,000835f5-7126-4b88-aa49-728d286fbf6b,unknown,Indications and Usage,moderate,ExpertB,The safety and effectiveness of the use of ipratropium bromide nasal solution 0.06% (Nasal Spray) beyond four days in patients with the common cold or beyond three weeks in patients with seasonal allergic rhinitis has not been established.,Hypertension,,1.0,0.0,1.0,0.0,0.0,1.0,0.0,0.0,0.0,0.0,0.25,0.25833333333333336
PUB-0599,b735055ab86838a6,000835f5-7126-4b88-aa49-728d286fbf6b,unknown,Indications and Usage,moderate,ExpertB,The safety and effectiveness of the use of ipratropium bromide nasal solution 0.06% (Nasal Spray) beyond four days in patients with the common cold or beyond three weeks in patients with seasonal allergic rhinitis has not been established.,Prediabetes,,1.0,0.0,1.0,0.0,0.0,1.0,0.0,0.0,0.0,0.0,0.25,0.25833333333333336
PUB-0600,b735055ab86838a6,000835f5-7126-4b88-aa49-728d286fbf6b,unknown,Indications and Usage,moderate,ExpertB,The safety and effectiveness of the use of ipratropium bromide nasal solution 0.06% (Nasal Spray) beyond four days in patients with the common cold or beyond three weeks in patients with seasonal allergic rhinitis has not been established.,Anemia (disorder),,1.0,0.0,1.0,0.0,0.0,1.0,0.0,0.0,0.0,0.0,0.25,0.25833333333333336
PUB-0601,1702fb3237833c6a,0033f2fb-31e8-4226-a26d-e56a9dce7d9d,unknown,Dosage and Administration,moderate,ExpertB,Spending time inthe sun increases your risk of skin cancer andearly skin aging.,Viral sinusitis (disorder),,0.0,0.0,0.0,0.0,0.0,0.0,0.0,0.0,1.0,0.0,0.08333333333333333,0.1
PUB-0602,1702fb3237833c6a,0033f2fb-31e8-4226-a26d-e56a9dce7d9d,unknown,Dosage and Administration,moderate,ExpertB,Spending time inthe sun increases your risk of skin cancer andearly skin aging.,Acute viral pharyngitis (disorder),,0.0,0.0,0.0,0.0,0.0,0.0,0.0,0.0,1.0,0.0,0.08333333333333333,0.1
PUB-0603,1702fb3237833c6a,0033f2fb-31e8-4226-a26d-e56a9dce7d9d,unknown,Dosage and Administration,moderate,ExpertB,Spending time inthe sun increases your risk of skin cancer andearly skin aging.,Acute viral pharyngitis (disorder),,0.0,0.0,0.0,0.0,0.0,0.0,0.0,0.0,1.0,0.0,0.08333333333333333,0.1
PUB-0604,1702fb3237833c6a,0033f2fb-31e8-4226-a26d-e56a9dce7d9d,unknown,Dosage and Administration,moderate,ExpertB,Spending time inthe sun increases your risk of skin cancer andearly skin aging.,Concussion with loss of consciousness,,0.0,0.0,0.0,0.0,0.0625,0.0,0.0,0.0,1.0,0.0,0.08333333333333333,0.1
PUB-0605,b2e181b13f2d62b5,000ae256-a337-4903-845b-003777a4efa8,BETAMETHASONE DIPROPIONATE,Dosage and Administration,moderate,ExpertB,"( 2 ) Not for oral, ophthalmic, or intravaginal use.",Fracture subluxation of wrist,,1.0,0.0,0.0,0.0,0.0,1.0,0.0,0.0,1.0,0.0,0.3333333333333333,0.06666666666666667
PUB-0606,b2e181b13f2d62b5,000ae256-a337-4903-845b-003777a4efa8,BETAMETHASONE DIPROPIONATE,Dosage and Administration,moderate,ExpertB,"( 2 ) Not for oral, ophthalmic, or intravaginal use.",Viral sinusitis (disorder),,1.0,0.0,0.0,0.0,0.0,1.0,0.0,0.0,1.0,0.0,0.3333333333333333,0.06666666666666667
PUB-0607,b2e181b13f2d62b5,000ae256-a337-4903-845b-003777a4efa8,BETAMETHASONE DIPROPIONATE,Dosage and Administration,moderate,ExpertB,"( 2 ) Not for oral, ophthalmic, or intravaginal use.",Acute viral pharyngitis (disorder),,1.0,0.0,0.0,0.0,0.0,1.0,0.0,0.0,1.0,0.0,0.3333333333333333,0.06666666666666667
PUB-0608,b2e181b13f2d62b5,000ae256-a337-4903-845b-003777a4efa8,BETAMETHASONE DIPROPIONATE,Dosage and Administration,moderate,ExpertB,"( 2 ) Not for oral, ophthalmic, or intravaginal use.",Hypertension,,1.0,0.0,0.0,0.0,0.0,1.0,0.0,0.0,1.0,0.0,0.3333333333333333,0.06666666666666667
PUB-0609,a30aa4f3e13448f4,000775ae-38dc-40ea-b96f-a0baf5d03511,unknown,Special Populations,moderate,ExpertB,There were no abnormalities in the 10 children whose mothers received the drug during the first trimester.,Hyperlipidemia,,1.0,0.0,0.0,0.0,0.0,1.0,0.0,0.0,0.0,0.0,0.08333333333333333,0.125
PUB-0610,a30aa4f3e13448f4,000775ae-38dc-40ea-b96f-a0baf5d03511,unknown,Special Populations,moderate,ExpertB,There were no abnormalities in the 10 children whose mothers received the drug during the first trimester.,Seizure disorder,,1.0,0.0,0.0,0.0,0.0,1.0,0.0,0.0,0.0,0.0,0.08333333333333333,0.125
PUB-0611,a30aa4f3e13448f4,000775ae-38dc-40ea-b96f-a0baf5d03511,unknown,Special Populations,moderate,ExpertB,There were no abnormalities in the 10 children whose mothers received the drug during the first trimester.,History of single seizure (situation),,1.0,0.0,0.0,0.0,0.0,1.0,0.0,0.0,0.0,0.0,0.08333333333333333,0.125
PUB-0612,a30aa4f3e13448f4,000775ae-38dc-40ea-b96f-a0baf5d03511,unknown,Special Populations,moderate,ExpertB,There were no abnormalities in the 10 children whose mothers received the drug during the first trimester.,Perennial allergic rhinitis with seasonal variation,,1.0,0.0,0.0,0.0,0.0,1.0,0.0,0.0,0.0,0.0,0.08333333333333333,0.125
PUB-0613,b5c2d350e6a9387b,00038c95-b2c8-4245-b671-6af177b3a00e,unknown,Dosage and Administration,moderate,ExpertB,Dosing recommendations for children are in the table above.,Chronic kidney disease stage 1 (disorder),,0.0,1.0,0.0,0.0,0.0,0.0,0.0,0.0,1.0,0.0,0.08333333333333333,0.075
PUB-0614,b5c2d350e6a9387b,00038c95-b2c8-4245-b671-6af177b3a00e,unknown,Dosage and Administration,moderate,ExpertB,Dosing recommendations for children are in the table above.,Diabetic renal disease (disorder),,0.0,1.0,0.0,0.0,0.0,0.0,0.0,0.0,1.0,0.0,0.08333333333333333,0.075
PUB-0615,b5c2d350e6a9387b,00038c95-b2c8-4245-b671-6af177b3a00e,unknown,Dosage and Administration,moderate,ExpertB,Dosing recommendations for children are in the table above.,Osteoarthritis of knee,,0.0,1.0,0.0,0.0,0.0,0.0,0.0,0.0,1.0,0.0,0.08333333333333333,0.075
PUB-0616,b5c2d350e6a9387b,00038c95-b2c8-4245-b671-6af177b3a00e,unknown,Dosage and Administration,moderate,ExpertB,Dosing recommendations for children are in the table above.,Polyp of colon,,0.0,1.0,0.0,0.0,0.0,0.0,0.0,0.0,1.0,0.0,0.08333333333333333,0.075
PUB-0617,c199db8d1fc4cb1d,000e2ca1-9a11-46f2-860c-4de0ca5be369,unknown,Dosage and Administration,moderate,ExpertB,"For example, intake of iodine in radiographic contrast may diminish thyroid iodine uptake while low serum chloride or nephrosis may increase thyroid iodine uptake.",Polyp of colon,,0.0,0.0,0.0,0.0,0.047619047619047616,0.0,0.0,0.0,1.0,0.0,0.25,0.15833333333333333
PUB-0618,c199db8d1fc4cb1d,000e2ca1-9a11-46f2-860c-4de0ca5be369,unknown,Dosage and Administration,moderate,ExpertB,"For example, intake of iodine in radiographic contrast may diminish thyroid iodine uptake while low serum chloride or nephrosis may increase thyroid iodine uptake.",Recurrent rectal polyp,,0.0,0.0,0.0,0.0,0.0,0.0,0.0,0.0,1.0,0.0,0.25,0.15833333333333333
PUB-0619,c199db8d1fc4cb1d,000e2ca1-9a11-46f2-860c-4de0ca5be369,unknown,Dosage and Administration,moderate,ExpertB,"For example, intake of iodine in radiographic contrast may diminish thyroid iodine uptake while low serum chloride or nephrosis may increase thyroid iodine uptake.",Laceration of foot,,0.0,0.0,0.0,0.0,0.047619047619047616,0.0,0.0,0.0,1.0,0.0,0.25,0.15833333333333333
PUB-0620,c199db8d1fc4cb1d,000e2ca1-9a11-46f2-860c-4de0ca5be369,unknown,Dosage and Administration,moderate,ExpertB,"For example, intake of iodine in radiographic contrast may diminish thyroid iodine uptake while low serum chloride or nephrosis may increase thyroid iodine uptake.",Viral sinusitis (disorder),,0.0,0.0,0.0,0.0,0.0,0.0,0.0,0.0,1.0,0.0,0.25,0.15833333333333333
PUB-0621,c1de66fe93098e3f,0018861f-1b9b-431b-84ee-9d34aab615c3,unknown,Warnings and Precautions,high,ExpertB,Amnesteem should be stopped if hypertriglyceridemia cannot be controlled at an acceptable level or if symptoms of pancreatitis occur.,Sprain of ankle,,0.0,0.0,0.0,0.0,0.05263157894736842,0.0,0.0,0.0,0.0,1.0,0.3333333333333333,0.14166666666666666
PUB-0622,c1de66fe93098e3f,0018861f-1b9b-431b-84ee-9d34aab615c3,unknown,Warnings and Precautions,high,ExpertB,Amnesteem should be stopped if hypertriglyceridemia cannot be controlled at an acceptable level or if symptoms of pancreatitis occur.,Viral sinusitis (disorder),,0.0,0.0,0.0,0.0,0.0,0.0,0.0,0.0,0.0,1.0,0.3333333333333333,0.14166666666666666
PUB-0623,c1de66fe93098e3f,0018861f-1b9b-431b-84ee-9d34aab615c3,unknown,Warnings and Precautions,high,ExpertB,Amnesteem should be stopped if hypertriglyceridemia cannot be controlled at an acceptable level or if symptoms of pancreatitis occur.,Acute viral pharyngitis (disorder),,0.0,0.0,0.0,0.0,0.0,0.0,0.0,0.0,0.0,1.0,0.3333333333333333,0.14166666666666666
PUB-0624,c1de66fe93098e3f,0018861f-1b9b-431b-84ee-9d34aab615c3,unknown,Warnings and Precautions,high,ExpertB,Amnesteem should be stopped if hypertriglyceridemia cannot be controlled at an acceptable level or if symptoms of pancreatitis occur.,Body mass index 30+ - obesity (finding),,0.0,0.0,0.0,0.0,0.0,0.0,0.0,0.0,0.0,1.0,0.3333333333333333,0.14166666666666666
PUB-0625,ea5dc6a0a9ba18fd,002dd00f-7946-ea4f-e063-6294a90a5916,OLANZAPINE,Special Populations,moderate,ExpertB,Healthcare providers are encouraged to register patients by contacting the National Pregnancy Registry for Atypical Antipsychotics at 1-866-961-2388 or visit http://womensmentalhealth.org/clinical-and-research-programs/pregnancyregistry/.,Fracture of clavicle,,1.0,0.0,0.0,0.0,0.0,0.0,0.0,0.0,0.0,0.0,0.3333333333333333,0.25833333333333336
PUB-0626,ea5dc6a0a9ba18fd,002dd00f-7946-ea4f-e063-6294a90a5916,OLANZAPINE,Special Populations,moderate,ExpertB,Healthcare providers are encouraged to register patients by contacting the National Pregnancy Registry for Atypical Antipsychotics at 1-866-961-2388 or visit http://womensmentalhealth.org/clinical-and-research-programs/pregnancyregistry/.,Concussion with no loss of consciousness,,1.0,0.0,0.0,0.0,0.0,0.0,0.0,0.0,0.0,0.0,0.3333333333333333,0.25833333333333336
PUB-0627,ea5dc6a0a9ba18fd,002dd00f-7946-ea4f-e063-6294a90a5916,OLANZAPINE,Special Populations,moderate,ExpertB,Healthcare providers are encouraged to register patients by contacting the National Pregnancy Registry for Atypical Antipsychotics at 1-866-961-2388 or visit http://womensmentalhealth.org/clinical-and-research-programs/pregnancyregistry/.,Body mass index 30+ - obesity (finding),,1.0,0.0,0.0,0.0,0.0,0.0,0.0,0.0,0.0,0.0,0.3333333333333333,0.25833333333333336
PUB-0628,ea5dc6a0a9ba18fd,002dd00f-7946-ea4f-e063-6294a90a5916,OLANZAPINE,Special Populations,moderate,ExpertB,Healthcare providers are encouraged to register patients by contacting the National Pregnancy Registry for Atypical Antipsychotics at 1-866-961-2388 or visit http://womensmentalhealth.org/clinical-and-research-programs/pregnancyregistry/.,Viral sinusitis (disorder),,1.0,0.0,0.0,0.0,0.0,0.0,0.0,0.0,0.0,0.0,0.3333333333333333,0.25833333333333336
PUB-0629,e49a880ddd8b0d04,00327696-c496-4c83-a63e-9e29fd6246d4,ONDANSETRON HYDROCHLORIDE,Indications and Usage,moderate,ExpertB,initial and repeat courses of moderately emetogenic cancer chemotherapy.,Miscarriage in first trimester,,0.0,0.0,0.0,0.0,0.0,0.0,0.0,0.0,0.0,0.0,0.16666666666666666,0.075
PUB-0630,e49a880ddd8b0d04,00327696-c496-4c83-a63e-9e29fd6246d4,ONDANSETRON HYDROCHLORIDE,Indications and Usage,moderate,ExpertB,initial and repeat courses of moderately emetogenic cancer chemotherapy.,Tubal pregnancy,,0.0,0.0,0.0,0.0,0.0,0.0,0.0,0.0,0.0,0.0,0.16666666666666666,0.075
PUB-0631,e49a880ddd8b0d04,00327696-c496-4c83-a63e-9e29fd6246d4,ONDANSETRON HYDROCHLORIDE,Indications and Usage,moderate,ExpertB,initial and repeat courses of moderately emetogenic cancer chemotherapy.,Body mass index 30+ - obesity (finding),,0.0,0.0,0.0,0.0,0.0,0.0,0.0,0.0,0.0,0.0,0.16666666666666666,0.075
PUB-0632,e49a880ddd8b0d04,00327696-c496-4c83-a63e-9e29fd6246d4,ONDANSETRON HYDROCHLORIDE,Indications and Usage,moderate,ExpertB,initial and repeat courses of moderately emetogenic cancer chemotherapy.,Idiopathic atrophic hypothyroidism,,0.0,0.0,0.0,0.0,0.0,0.0,0.0,0.0,0.0,0.0,0.16666666666666666,0.075
PUB-0633,e4bdbff660e7fbc3,00206aae-7db1-4ae9-8500-b03fd6788d74,unknown,Special Populations,moderate,ExpertB,At age 7 and one-half developmental scores and intelligence indices showed no significant differences in children of treated or untreated hypertensive women.,Viral sinusitis (disorder),,1.0,0.0,0.0,0.0,0.0,1.0,0.0,0.0,0.0,0.0,0.3333333333333333,0.18333333333333332
PUB-0634,e4bdbff660e7fbc3,00206aae-7db1-4ae9-8500-b03fd6788d74,unknown,Special Populations,moderate,ExpertB,At age 7 and one-half developmental scores and intelligence indices showed no significant differences in children of treated or untreated hypertensive women.,Osteoporosis (disorder),,1.0,0.0,0.0,0.0,0.0,1.0,0.0,0.0,0.0,0.0,0.3333333333333333,0.18333333333333332
PUB-0635,e4bdbff660e7fbc3,00206aae-7db1-4ae9-8500-b03fd6788d74,unknown,Special Populations,moderate,ExpertB,At age 7 and one-half developmental scores and intelligence indices showed no significant differences in children of treated or untreated hypertensive women.,Miscarriage in first trimester,,1.0,0.0,0.0,0.0,0.04,1.0,0.0,0.0,0.0,0.0,0.3333333333333333,0.18333333333333332
PUB-0636,e4bdbff660e7fbc3,00206aae-7db1-4ae9-8500-b03fd6788d74,unknown,Special Populations,moderate,ExpertB,At age 7 and one-half developmental scores and intelligence indices showed no significant differences in children of treated or untreated hypertensive women.,Tubal pregnancy,,1.0,0.0,0.0,0.0,0.0,1.0,0.0,0.0,0.0,0.0,0.3333333333333333,0.18333333333333332
PUB-0637,0ceaa387644d770c,00052c1a-9e0f-44ba-bc93-025add5a4031,"HELIANTHEMUM NUMMULARIUM FLOWER, CLEMATIS VITALBA FLOWER, IMPATIENS GLANDULIFERA FLOWER, PRUNUS CERASIFERA FLOWER, ORNITHOGALUM UMBELLATUM, AND AESCULUS HIPPOCASTANUM FLOWER",Dosage and Administration,moderate,ExpertB,Additional sprays may be taken during the night as needed.,Viral sinusitis (disorder),,0.0,0.0,0.0,0.0,0.0,0.0,0.0,0.0,1.0,0.0,0.08333333333333333,0.08333333333333333
PUB-0638,0ceaa387644d770c,00052c1a-9e0f-44ba-bc93-025add5a4031,"HELIANTHEMUM NUMMULARIUM FLOWER, CLEMATIS VITALBA FLOWER, IMPATIENS GLANDULIFERA FLOWER, PRUNUS CERASIFERA FLOWER, ORNITHOGALUM UMBELLATUM, AND AESCULUS HIPPOCASTANUM FLOWER",Dosage and Administration,moderate,ExpertB,Additional sprays may be taken during the night as needed.,Viral sinusitis (disorder),,0.0,0.0,0.0,0.0,0.0,0.0,0.0,0.0,1.0,0.0,0.08333333333333333,0.08333333333333333
PUB-0639,0ceaa387644d770c,00052c1a-9e0f-44ba-bc93-025add5a4031,"HELIANTHEMUM NUMMULARIUM FLOWER, CLEMATIS VITALBA FLOWER, IMPATIENS GLANDULIFERA FLOWER, PRUNUS CERASIFERA FLOWER, ORNITHOGALUM UMBELLATUM, AND AESCULUS HIPPOCASTANUM FLOWER",Dosage and Administration,moderate,ExpertB,Additional sprays may be taken during the night as needed.,Acute viral pharyngitis (disorder),,0.0,0.0,0.0,0.0,0.0,0.0,0.0,0.0,1.0,0.0,0.08333333333333333,0.08333333333333333
PUB-0640,0ceaa387644d770c,00052c1a-9e0f-44ba-bc93-025add5a4031,"HELIANTHEMUM NUMMULARIUM FLOWER, CLEMATIS VITALBA FLOWER, IMPATIENS GLANDULIFERA FLOWER, PRUNUS CERASIFERA FLOWER, ORNITHOGALUM UMBELLATUM, AND AESCULUS HIPPOCASTANUM FLOWER",Dosage and Administration,moderate,ExpertB,Additional sprays may be taken during the night as needed.,Otitis media,,0.0,0.0,0.0,0.0,0.0,0.0,0.0,0.0,1.0,0.0,0.08333333333333333,0.08333333333333333
PUB-0641,672fd64ce69ac4a7,00279a31-6a0b-d594-e063-6294a90aacd2,unknown,Contraindications,high,ExpertB,Post-operative management in children younger than 18 years of age following tonsillectomy and/or adenoidectomy (4) .,Acute bronchitis (disorder),,1.0,0.0,1.0,0.0,0.0,0.0,0.0,1.0,0.0,1.0,0.25,0.14166666666666666
PUB-0642,672fd64ce69ac4a7,00279a31-6a0b-d594-e063-6294a90aacd2,unknown,Contraindications,high,ExpertB,Post-operative management in children younger than 18 years of age following tonsillectomy and/or adenoidectomy (4) .,Acute viral pharyngitis (disorder),,1.0,0.0,1.0,0.0,0.0,0.0,0.0,1.0,0.0,1.0,0.25,0.14166666666666666
PUB-0643,672fd64ce69ac4a7,00279a31-6a0b-d594-e063-6294a90aacd2,unknown,Contraindications,high,ExpertB,Post-operative management in children younger than 18 years of age following tonsillectomy and/or adenoidectomy (4) .,Hypertension,,1.0,0.0,1.0,0.0,0.0,0.0,0.0,1.0,0.0,1.0,0.25,0.14166666666666666
PUB-0644,672fd64ce69ac4a7,00279a31-6a0b-d594-e063-6294a90aacd2,unknown,Contraindications,high,ExpertB,Post-operative management in children younger than 18 years of age following tonsillectomy and/or adenoidectomy (4) .,Body mass index 30+ - obesity (finding),,1.0,0.0,1.0,0.0,0.0,0.0,0.0,1.0,0.0,1.0,0.25,0.14166666666666666
PUB-0645,49c5309c0886a6c9,003307c5-3f73-4a5d-a704-bfdea3c656e8,AZITHROMYCIN,Indications and Usage,moderate,ExpertB,• Genital ulcer disease in men due to Haemophilus ducreyi (chancroid).,Acute bronchitis (disorder),,0.0,0.0,0.0,0.0,0.0,0.0,0.0,0.0,0.0,0.0,0.08333333333333333,0.08333333333333333
PUB-0646,49c5309c0886a6c9,003307c5-3f73-4a5d-a704-bfdea3c656e8,AZITHROMYCIN,Indications and Usage,moderate,ExpertB,• Genital ulcer disease in men due to Haemophilus ducreyi (chancroid).,Suspected lung cancer (situation),,0.0,0.0,0.0,0.0,0.0,0.0,0.0,0.0,0.0,0.0,0.08333333333333333,0.08333333333333333
PUB-0647,49c5309c0886a6c9,003307c5-3f73-4a5d-a704-bfdea3c656e8,AZITHROMYCIN,Indications and Usage,moderate,ExpertB,• Genital ulcer disease in men due to Haemophilus ducreyi (chancroid).,Non-small cell lung cancer (disorder),,0.0,0.0,0.0,0.0,0.0,0.0,0.0,0.0,0.0,0.0,0.08333333333333333,0.08333333333333333
PUB-0648,49c5309c0886a6c9,003307c5-3f73-4a5d-a704-bfdea3c656e8,AZITHROMYCIN,Indications and Usage,moderate,ExpertB,• Genital ulcer disease in men due to Haemophilus ducreyi (chancroid).,Non-small cell carcinoma of lung  TNM stage 1 (disorder),,0.0,0.0,0.0,0.0,0.0,0.0,0.0,0.0,0.0,0.0,0.08333333333333333,0.08333333333333333
PUB-0649,cc353e50519f6277,0030ffac-183a-472c-95b8-f93b4195de04,ROPINIROLE,Special Populations,moderate,ExpertB,"In flexible-dose clinical trials of extended-release ropinirole for Parkinson’s disease, 387 patients were 65 years and older and 107 patients were 75 years and older.",Whiplash injury to neck,,1.0,0.0,1.0,0.0,0.0,0.0,0.0,0.0,0.0,0.0,0.4166666666666667,0.18333333333333332
PUB-0650,cc353e50519f6277,0030ffac-183a-472c-95b8-f93b4195de04,ROPINIROLE,Special Populations,moderate,ExpertB,"In flexible-dose clinical trials of extended-release ropinirole for Parkinson’s disease, 387 patients were 65 years and older and 107 patients were 75 years and older.",Child attention deficit disorder,,1.0,0.0,1.0,0.0,0.0,0.0,0.0,0.0,0.0,0.0,0.4166666666666667,0.18333333333333332
PUB-0651,cc353e50519f6277,0030ffac-183a-472c-95b8-f93b4195de04,ROPINIROLE,Special Populations,moderate,ExpertB,"In flexible-dose clinical trials of extended-release ropinirole for Parkinson’s disease, 387 patients were 65 years and older and 107 patients were 75 years and older.",Streptococcal sore throat (disorder),,1.0,0.0,1.0,0.0,0.0,0.0,0.0,0.0,0.0,0.0,0.4166666666666667,0.18333333333333332
PUB-0652,cc353e50519f6277,0030ffac-183a-472c-95b8-f93b4195de04,ROPINIROLE,Special Populations,moderate,ExpertB,"In flexible-dose clinical trials of extended-release ropinirole for Parkinson’s disease, 387 patients were 65 years and older and 107 patients were 75 years and older.",Fracture of clavicle,,1.0,0.0,1.0,0.0,0.041666666666666664,0.0,0.0,0.0,0.0,0.0,0.4166666666666667,0.18333333333333332
PUB-0653,e8898adea1895754,0002eded-a283-4590-a78c-b6ff2027e684,unknown,Indications and Usage,moderate,ExpertB,"Like other antiepileptic drugs, gabapentin may cause suicidal thoughts or actions in a very small number of people, about 1 in 500.",Fracture of forearm,,1.0,0.0,0.0,0.0,0.043478260869565216,0.0,0.0,0.0,0.0,0.0,0.3333333333333333,0.175
PUB-0654,e8898adea1895754,0002eded-a283-4590-a78c-b6ff2027e684,unknown,Indications and Usage,moderate,ExpertB,"Like other antiepileptic drugs, gabapentin may cause suicidal thoughts or actions in a very small number of people, about 1 in 500.",Pathological fracture due to osteoporosis (disorder),,1.0,0.0,0.0,0.0,0.0,0.0,0.0,0.0,0.0,0.0,0.3333333333333333,0.175
PUB-0655,e8898adea1895754,0002eded-a283-4590-a78c-b6ff2027e684,unknown,Indications and Usage,moderate,ExpertB,"Like other antiepileptic drugs, gabapentin may cause suicidal thoughts or actions in a very small number of people, about 1 in 500.",Acute viral pharyngitis (disorder),,1.0,0.0,0.0,0.0,0.0,0.0,0.0,0.0,0.0,0.0,0.3333333333333333,0.175
PUB-0656,e8898adea1895754,0002eded-a283-4590-a78c-b6ff2027e684,unknown,Indications and Usage,moderate,ExpertB,"Like other antiepileptic drugs, gabapentin may cause suicidal thoughts or actions in a very small number of people, about 1 in 500.",Concussion with no loss of consciousness,,1.0,0.0,0.0,0.0,0.038461538461538464,0.0,0.0,0.0,0.0,0.0,0.3333333333333333,0.175
PUB-0657,78c603f1328a60e6,0035a4fd-8dd5-4534-a1b5-f510d637f721,ACETAMINOPHEN,Warnings and Precautions,high,ExpertB,Warnings Liver warning: This product contains acetaminophen.,Body mass index 30+ - obesity (finding),,0.0,0.0,0.0,0.0,0.0,0.0,0.0,0.0,0.0,1.0,0.16666666666666666,0.058333333333333334
PUB-0658,78c603f1328a60e6,0035a4fd-8dd5-4534-a1b5-f510d637f721,ACETAMINOPHEN,Warnings and Precautions,high,ExpertB,Warnings Liver warning: This product contains acetaminophen.,Miscarriage in first trimester,,0.0,0.0,0.0,0.0,0.0,0.0,0.0,0.0,0.0,1.0,0.16666666666666666,0.058333333333333334
PUB-0659,78c603f1328a60e6,0035a4fd-8dd5-4534-a1b5-f510d637f721,ACETAMINOPHEN,Warnings and Precautions,high,ExpertB,Warnings Liver warning: This product contains acetaminophen.,Hyperlipidemia,,0.0,0.0,0.0,0.0,0.0,0.0,0.0,0.0,0.0,1.0,0.16666666666666666,0.058333333333333334
PUB-0660,78c603f1328a60e6,0035a4fd-8dd5-4534-a1b5-f510d637f721,ACETAMINOPHEN,Warnings and Precautions,high,ExpertB,Warnings Liver warning: This product contains acetaminophen.,Sprain of ankle,,0.0,0.0,0.0,0.0,0.0,0.0,0.0,0.0,0.0,1.0,0.16666666666666666,0.058333333333333334
PUB-0661,e2bce2a5e835762b,002dd00f-7946-ea4f-e063-6294a90a5916,OLANZAPINE,Dosage and Administration,moderate,ExpertB,The healthcare provider should periodically reexamine the need for continued pharmacotherapy.,Acute bacterial sinusitis (disorder),,0.0,0.0,0.0,0.0,0.0,0.0,0.0,0.0,1.0,0.0,0.08333333333333333,0.08333333333333333
PUB-0662,e2bce2a5e835762b,002dd00f-7946-ea4f-e063-6294a90a5916,OLANZAPINE,Dosage and Administration,moderate,ExpertB,The healthcare provider should periodically reexamine the need for continued pharmacotherapy.,Chronic sinusitis (disorder),,0.0,0.0,0.0,0.0,0.0,0.0,0.0,0.0,1.0,0.0,0.08333333333333333,0.08333333333333333
PUB-0663,e2bce2a5e835762b,002dd00f-7946-ea4f-e063-6294a90a5916,OLANZAPINE,Dosage and Administration,moderate,ExpertB,The healthcare provider should periodically reexamine the need for continued pharmacotherapy.,Hypertension,,0.0,0.0,0.0,0.0,0.0,0.0,0.0,0.0,1.0,0.0,0.08333333333333333,0.08333333333333333
PUB-0664,e2bce2a5e835762b,002dd00f-7946-ea4f-e063-6294a90a5916,OLANZAPINE,Dosage and Administration,moderate,ExpertB,The healthcare provider should periodically reexamine the need for continued pharmacotherapy.,Chronic sinusitis (disorder),,0.0,0.0,0.0,0.0,0.0,0.0,0.0,0.0,1.0,0.0,0.08333333333333333,0.08333333333333333
PUB-0665,2ebb4b39d99b22de,003307c5-3f73-4a5d-a704-bfdea3c656e8,AZITHROMYCIN,Indications and Usage,moderate,ExpertB,• Pharyngitis/tonsillitis caused by Streptococcus pyogenes as an alternative to first-line therapy in individuals who cannot use first-line therapy.,Streptococcal sore throat (disorder),,0.0,0.0,0.0,0.0,0.0,0.0,0.0,0.0,0.0,0.0,0.08333333333333333,0.15
PUB-0666,2ebb4b39d99b22de,003307c5-3f73-4a5d-a704-bfdea3c656e8,AZITHROMYCIN,Indications and Usage,moderate,ExpertB,• Pharyngitis/tonsillitis caused by Streptococcus pyogenes as an alternative to first-line therapy in individuals who cannot use first-line therapy.,Acute viral pharyngitis (disorder),,0.0,0.0,0.0,0.0,0.047619047619047616,0.0,0.0,0.0,0.0,0.0,0.08333333333333333,0.15
PUB-0667,2ebb4b39d99b22de,003307c5-3f73-4a5d-a704-bfdea3c656e8,AZITHROMYCIN,Indications and Usage,moderate,ExpertB,• Pharyngitis/tonsillitis caused by Streptococcus pyogenes as an alternative to first-line therapy in individuals who cannot use first-line therapy.,Osteoporosis (disorder),,0.0,0.0,0.0,0.0,0.0,0.0,0.0,0.0,0.0,0.0,0.08333333333333333,0.15
PUB-0668,2ebb4b39d99b22de,003307c5-3f73-4a5d-a704-bfdea3c656e8,AZITHROMYCIN,Indications and Usage,moderate,ExpertB,• Pharyngitis/tonsillitis caused by Streptococcus pyogenes as an alternative to first-line therapy in individuals who cannot use first-line therapy.,Sprain of ankle,,0.0,0.0,0.0,0.0,0.0,0.0,0.0,0.0,0.0,0.0,0.08333333333333333,0.15
PUB-0669,dbf7409f01760483,002d4c7e-b94e-49b6-8554-0aa0c60d5bde,unknown,Special Populations,moderate,ExpertB,"To prevent major seizures, women with epilepsy should not discontinue valproate abruptly, as this can precipitate status epilepticus with resulting maternal and fetal hypoxia and threat to life.",Acute viral pharyngitis (disorder),,0.0,0.0,0.0,0.0,0.0,1.0,0.0,0.0,0.0,0.0,0.4166666666666667,0.20833333333333334
PUB-0670,dbf7409f01760483,002d4c7e-b94e-49b6-8554-0aa0c60d5bde,unknown,Special Populations,moderate,ExpertB,"To prevent major seizures, women with epilepsy should not discontinue valproate abruptly, as this can precipitate status epilepticus with resulting maternal and fetal hypoxia and threat to life.",Viral sinusitis (disorder),,0.0,0.0,0.0,0.0,0.0,1.0,0.0,0.0,0.0,0.0,0.4166666666666667,0.20833333333333334
PUB-0671,dbf7409f01760483,002d4c7e-b94e-49b6-8554-0aa0c60d5bde,unknown,Special Populations,moderate,ExpertB,"To prevent major seizures, women with epilepsy should not discontinue valproate abruptly, as this can precipitate status epilepticus with resulting maternal and fetal hypoxia and threat to life.",Acute bronchitis (disorder),,0.0,0.0,0.0,0.0,0.0,1.0,0.0,0.0,0.0,0.0,0.4166666666666667,0.20833333333333334
PUB-0672,dbf7409f01760483,002d4c7e-b94e-49b6-8554-0aa0c60d5bde,unknown,Special Populations,moderate,ExpertB,"To prevent major seizures, women with epilepsy should not discontinue valproate abruptly, as this can precipitate status epilepticus with resulting maternal and fetal hypoxia and threat to life.",Acute bronchitis (disorder),,0.0,0.0,0.0,0.0,0.0,1.0,0.0,0.0,0.0,0.0,0.4166666666666667,0.20833333333333334
PUB-0673,39c6f89127f1bf15,001cf46a-ab2f-4f82-a015-175d7c9e7ef3,unknown,Special Populations,moderate,ExpertB,"8.2 Lactation Risk Summary For mothers infected with the Human Immunodeficiency Virus (HIV), the Centers for Disease Control and Prevention recommends that HIV-infected mothers not breastfeed their infants to avoid risking postnatal transmission of HIV.",Otitis media,,1.0,0.0,0.0,0.0,0.0,1.0,0.0,0.0,0.0,0.0,0.25,0.25833333333333336
PUB-0674,39c6f89127f1bf15,001cf46a-ab2f-4f82-a015-175d7c9e7ef3,unknown,Special Populations,moderate,ExpertB,"8.2 Lactation Risk Summary For mothers infected with the Human Immunodeficiency Virus (HIV), the Centers for Disease Control and Prevention recommends that HIV-infected mothers not breastfeed their infants to avoid risking postnatal transmission of HIV.",Streptococcal sore throat (disorder),,1.0,0.0,0.0,0.0,0.0,1.0,0.0,0.0,0.0,0.0,0.25,0.25833333333333336
PUB-0675,39c6f89127f1bf15,001cf46a-ab2f-4f82-a015-175d7c9e7ef3,unknown,Special Populations,moderate,ExpertB,"8.2 Lactation Risk Summary For mothers infected with the Human Immunodeficiency Virus (HIV), the Centers for Disease Control and Prevention recommends that HIV-infected mothers not breastfeed their infants to avoid risking postnatal transmission of HIV.",Body mass index 30+ - obesity (finding),,1.0,0.0,0.0,0.0,0.0,1.0,0.0,0.0,0.0,0.0,0.25,0.25833333333333336
PUB-0676,39c6f89127f1bf15,001cf46a-ab2f-4f82-a015-175d7c9e7ef3,unknown,Special Populations,moderate,ExpertB,"8.2 Lactation Risk Summary For mothers infected with the Human Immunodeficiency Virus (HIV), the Centers for Disease Control and Prevention recommends that HIV-infected mothers not breastfeed their infants to avoid risking postnatal transmission of HIV.",Osteoarthritis of hip,,1.0,0.0,0.0,0.0,0.030303030303030304,1.0,0.0,0.0,0.0,0.0,0.25,0.25833333333333336
PUB-0677,d2ce60562357a1f8,002dd00f-7946-ea4f-e063-6294a90a5916,OLANZAPINE,Indications and Usage,moderate,ExpertB,"Medication treatment for both pediatric schizophrenia and bipolar I disorder should be part of a total treatment program that often includes psychological, educational and social interventions.",Body mass index 30+ - obesity (finding),,0.0,0.0,0.0,0.0,0.0,0.0,0.0,0.0,0.0,0.0,0.3333333333333333,0.2
PUB-0678,d2ce60562357a1f8,002dd00f-7946-ea4f-e063-6294a90a5916,OLANZAPINE,Indications and Usage,moderate,ExpertB,"Medication treatment for both pediatric schizophrenia and bipolar I disorder should be part of a total treatment program that often includes psychological, educational and social interventions.",Impacted molars,,0.0,0.0,0.0,0.0,0.0,0.0,0.0,0.0,0.0,0.0,0.3333333333333333,0.2
PUB-0679,d2ce60562357a1f8,002dd00f-7946-ea4f-e063-6294a90a5916,OLANZAPINE,Indications and Usage,moderate,ExpertB,"Medication treatment for both pediatric schizophrenia and bipolar I disorder should be part of a total treatment program that often includes psychological, educational and social interventions.",Chronic pain,,0.0,0.0,0.0,0.0,0.0,0.0,0.0,0.0,0.0,0.0,0.3333333333333333,0.2
PUB-0680,d2ce60562357a1f8,002dd00f-7946-ea4f-e063-6294a90a5916,OLANZAPINE,Indications and Usage,moderate,ExpertB,"Medication treatment for both pediatric schizophrenia and bipolar I disorder should be part of a total treatment program that often includes psychological, educational and social interventions.",Chronic intractable migraine without aura,,0.0,0.0,0.0,0.0,0.0,0.0,0.0,0.0,0.0,0.0,0.3333333333333333,0.2
PUB-0681,432969004a6db90e,00332c65-edad-a153-9c78-628931daa732,DIVALPROEX SODIUM,Special Populations,moderate,ExpertB,Valproate polytherapy with other AEDs has been associated with an increased frequency of congenital malformations compared with AED monotherapy.,Hypertension,,0.0,0.0,0.0,0.0,0.0,0.0,0.0,0.0,0.0,0.0,0.08333333333333333,0.14166666666666666
PUB-0682,432969004a6db90e,00332c65-edad-a153-9c78-628931daa732,DIVALPROEX SODIUM,Special Populations,moderate,ExpertB,Valproate polytherapy with other AEDs has been associated with an increased frequency of congenital malformations compared with AED monotherapy.,Second degree burn,,0.0,0.0,0.0,0.0,0.0,0.0,0.0,0.0,0.0,0.0,0.08333333333333333,0.14166666666666666
PUB-0683,432969004a6db90e,00332c65-edad-a153-9c78-628931daa732,DIVALPROEX SODIUM,Special Populations,moderate,ExpertB,Valproate polytherapy with other AEDs has been associated with an increased frequency of congenital malformations compared with AED monotherapy.,Normal pregnancy,,0.0,0.0,0.0,0.0,0.0,0.0,0.0,0.0,0.0,0.0,0.08333333333333333,0.14166666666666666
PUB-0684,432969004a6db90e,00332c65-edad-a153-9c78-628931daa732,DIVALPROEX SODIUM,Special Populations,moderate,ExpertB,Valproate polytherapy with other AEDs has been associated with an increased frequency of congenital malformations compared with AED monotherapy.,Normal pregnancy,,0.0,0.0,0.0,0.0,0.0,0.0,0.0,0.0,0.0,0.0,0.08333333333333333,0.14166666666666666
PUB-0685,be72b37f6eff4b9b,001d2245-2076-405b-90ab-780d6d38552f,unknown,Warnings and Precautions,high,ExpertB,"1 These infections may be mild, but can be severe and at times fatal.",Hypertension,,1.0,0.0,0.0,0.0,0.0,0.0,0.0,0.0,0.0,1.0,0.25,0.10833333333333334
PUB-0686,be72b37f6eff4b9b,001d2245-2076-405b-90ab-780d6d38552f,unknown,Warnings and Precautions,high,ExpertB,"1 These infections may be mild, but can be severe and at times fatal.",Normal pregnancy,,1.0,0.0,0.0,0.0,0.0,0.0,0.0,0.0,0.0,1.0,0.25,0.10833333333333334
PUB-0687,be72b37f6eff4b9b,001d2245-2076-405b-90ab-780d6d38552f,unknown,Warnings and Precautions,high,ExpertB,"1 These infections may be mild, but can be severe and at times fatal.",Normal pregnancy,,1.0,0.0,0.0,0.0,0.0,0.0,0.0,0.0,0.0,1.0,0.25,0.10833333333333334
PUB-0688,be72b37f6eff4b9b,001d2245-2076-405b-90ab-780d6d38552f,unknown,Warnings and Precautions,high,ExpertB,"1 These infections may be mild, but can be severe and at times fatal.",Antepartum eclampsia,,1.0,0.0,0.0,0.0,0.0,0.0,0.0,0.0,0.0,1.0,0.25,0.10833333333333334
PUB-0689,216c61311042413e,00038c95-b2c8-4245-b671-6af177b3a00e,unknown,Contraindications,high,ExpertB,Clarithromycin is contraindicated in patients with a history of cholestatic jaundice/hepatic dysfunction associated with prior use of clarithromycin.,Prediabetes,,0.0,0.0,0.0,0.0,0.0,1.0,0.0,1.0,0.0,1.0,0.08333333333333333,0.13333333333333333
PUB-0690,216c61311042413e,00038c95-b2c8-4245-b671-6af177b3a00e,unknown,Contraindications,high,ExpertB,Clarithromycin is contraindicated in patients with a history of cholestatic jaundice/hepatic dysfunction associated with prior use of clarithromycin.,Anemia (disorder),,0.0,0.0,0.0,0.0,0.0,1.0,0.0,1.0,0.0,1.0,0.08333333333333333,0.13333333333333333
PUB-0691,216c61311042413e,00038c95-b2c8-4245-b671-6af177b3a00e,unknown,Contraindications,high,ExpertB,Clarithromycin is contraindicated in patients with a history of cholestatic jaundice/hepatic dysfunction associated with prior use of clarithromycin.,Drug overdose,,0.0,0.0,0.0,0.0,0.0,1.0,0.0,1.0,0.0,1.0,0.08333333333333333,0.13333333333333333
PUB-0692,216c61311042413e,00038c95-b2c8-4245-b671-6af177b3a00e,unknown,Contraindications,high,ExpertB,Clarithromycin is contraindicated in patients with a history of cholestatic jaundice/hepatic dysfunction associated with prior use of clarithromycin.,Acute bronchitis (disorder),,0.0,0.0,0.0,0.0,0.0,1.0,0.0,1.0,0.0,1.0,0.08333333333333333,0.13333333333333333
PUB-0693,d3aeaff47656b86d,001a298f-eec4-4b2f-bcc4-be2c9faef829,unknown,Special Populations,moderate,ExpertB,8.3 Nursing Mothers It is not known whether lanthanum carbonate is excreted in human milk.,Chronic sinusitis (disorder),,1.0,0.0,0.0,0.0,0.0,1.0,0.0,0.0,0.0,0.0,0.08333333333333333,0.125
PUB-0694,d3aeaff47656b86d,001a298f-eec4-4b2f-bcc4-be2c9faef829,unknown,Special Populations,moderate,ExpertB,8.3 Nursing Mothers It is not known whether lanthanum carbonate is excreted in human milk.,Acute bronchitis (disorder),,1.0,0.0,0.0,0.0,0.0,1.0,0.0,0.0,0.0,0.0,0.08333333333333333,0.125
PUB-0695,d3aeaff47656b86d,001a298f-eec4-4b2f-bcc4-be2c9faef829,unknown,Special Populations,moderate,ExpertB,8.3 Nursing Mothers It is not known whether lanthanum carbonate is excreted in human milk.,Whiplash injury to neck,,1.0,0.0,0.0,0.0,0.0,1.0,0.0,0.0,0.0,0.0,0.08333333333333333,0.125
PUB-0696,d3aeaff47656b86d,001a298f-eec4-4b2f-bcc4-be2c9faef829,unknown,Special Populations,moderate,ExpertB,8.3 Nursing Mothers It is not known whether lanthanum carbonate is excreted in human milk.,Viral sinusitis (disorder),,1.0,0.0,0.0,0.0,0.0,1.0,0.0,0.0,0.0,0.0,0.08333333333333333,0.125
PUB-0697,85510d38afeaa051,00206aae-7db1-4ae9-8500-b03fd6788d74,unknown,Warnings and Precautions,high,ExpertB,"If the hemolytic anemia is related to methyldopa, the drug should not be reinstituted.",Pathological fracture due to osteoporosis (disorder),,0.0,0.0,0.0,0.0,0.05555555555555555,1.0,0.0,0.0,0.0,1.0,0.25,0.10833333333333334
PUB-0698,85510d38afeaa051,00206aae-7db1-4ae9-8500-b03fd6788d74,unknown,Warnings and Precautions,high,ExpertB,"If the hemolytic anemia is related to methyldopa, the drug should not be reinstituted.",Viral sinusitis (disorder),,0.0,0.0,0.0,0.0,0.0,1.0,0.0,0.0,0.0,1.0,0.25,0.10833333333333334
PUB-0699,85510d38afeaa051,00206aae-7db1-4ae9-8500-b03fd6788d74,unknown,Warnings and Precautions,high,ExpertB,"If the hemolytic anemia is related to methyldopa, the drug should not be reinstituted.",Otitis media,,0.0,0.0,0.0,0.0,0.0,1.0,0.0,0.0,0.0,1.0,0.25,0.10833333333333334
PUB-0700,85510d38afeaa051,00206aae-7db1-4ae9-8500-b03fd6788d74,unknown,Warnings and Precautions,high,ExpertB,"If the hemolytic anemia is related to methyldopa, the drug should not be reinstituted.",Viral sinusitis (disorder),,0.0,0.0,0.0,0.0,0.0,1.0,0.0,0.0,0.0,1.0,0.25,0.10833333333333334
PUB-0701,fc3620e332b44d57,00283894-ddc6-0faa-e063-6394a90ae47c,ZINC OXIDE,Warnings and Precautions,high,ExpertB,Stop use and consult a doctor if symptoms worsen or last for more than 7 days.,Acute bacterial sinusitis (disorder),,1.0,0.0,1.0,0.0,0.0,0.0,0.0,0.0,0.0,1.0,0.3333333333333333,0.13333333333333333
PUB-0702,fc3620e332b44d57,00283894-ddc6-0faa-e063-6394a90ae47c,ZINC OXIDE,Warnings and Precautions,high,ExpertB,Stop use and consult a doctor if symptoms worsen or last for more than 7 days.,Whiplash injury to neck,,1.0,0.0,1.0,0.0,0.0,0.0,0.0,0.0,0.0,1.0,0.3333333333333333,0.13333333333333333
PUB-0703,fc3620e332b44d57,00283894-ddc6-0faa-e063-6394a90ae47c,ZINC OXIDE,Warnings and Precautions,high,ExpertB,Stop use and consult a doctor if symptoms worsen or last for more than 7 days.,Second degree burn,,1.0,0.0,1.0,0.0,0.0,0.0,0.0,0.0,0.0,1.0,0.3333333333333333,0.13333333333333333
PUB-0704,fc3620e332b44d57,00283894-ddc6-0faa-e063-6394a90ae47c,ZINC OXIDE,Warnings and Precautions,high,ExpertB,Stop use and consult a doctor if symptoms worsen or last for more than 7 days.,Viral sinusitis (disorder),,1.0,0.0,1.0,0.0,0.0,0.0,0.0,0.0,0.0,1.0,0.3333333333333333,0.13333333333333333
PUB-0705,545969a0383c6eb0,001e72ea-2c9e-468c-90cc-6c347234e2a9,FLUDROCORTISONE ACETATE,Special Populations,moderate,ExpertB,It is not known whether fludrocortisone acetate can cause fetal harm when administered to a pregnant woman or can affect reproduction capacity.,Anemia (disorder),,0.0,0.0,0.0,0.0,0.0,1.0,0.0,0.0,0.0,0.0,0.16666666666666666,0.175
PUB-0706,545969a0383c6eb0,001e72ea-2c9e-468c-90cc-6c347234e2a9,FLUDROCORTISONE ACETATE,Special Populations,moderate,ExpertB,It is not known whether fludrocortisone acetate can cause fetal harm when administered to a pregnant woman or can affect reproduction capacity.,Osteoarthritis of hip,,0.0,0.0,0.0,0.0,0.0,1.0,0.0,0.0,0.0,0.0,0.16666666666666666,0.175
PUB-0707,545969a0383c6eb0,001e72ea-2c9e-468c-90cc-6c347234e2a9,FLUDROCORTISONE ACETATE,Special Populations,moderate,ExpertB,It is not known whether fludrocortisone acetate can cause fetal harm when administered to a pregnant woman or can affect reproduction capacity.,Polyp of colon,,0.0,0.0,0.0,0.0,0.0,1.0,0.0,0.0,0.0,0.0,0.16666666666666666,0.175
PUB-0708,545969a0383c6eb0,001e72ea-2c9e-468c-90cc-6c347234e2a9,FLUDROCORTISONE ACETATE,Special Populations,moderate,ExpertB,It is not known whether fludrocortisone acetate can cause fetal harm when administered to a pregnant woman or can affect reproduction capacity.,Polyp of colon,,0.0,0.0,0.0,0.0,0.0,1.0,0.0,0.0,0.0,0.0,0.16666666666666666,0.175
PUB-0709,33a5265e47a341a8,00179766-980b-44b0-99d3-1fee2bb27e37,SERTRALINE HYDROCHLORIDE,Dosage and Administration,moderate,ExpertB,Dosage adjustments should be made to maintain patients on the lowest effective dose and patients should be periodically reassessed to determine the need for long-term treatment.,Acute bronchitis (disorder),,0.0,0.0,0.0,0.0,0.0,0.0,0.0,0.0,1.0,0.0,0.16666666666666666,0.18333333333333332
PUB-0710,33a5265e47a341a8,00179766-980b-44b0-99d3-1fee2bb27e37,SERTRALINE HYDROCHLORIDE,Dosage and Administration,moderate,ExpertB,Dosage adjustments should be made to maintain patients on the lowest effective dose and patients should be periodically reassessed to determine the need for long-term treatment.,Chronic sinusitis (disorder),,0.0,0.0,0.0,0.0,0.0,0.0,0.0,0.0,1.0,0.0,0.16666666666666666,0.18333333333333332
PUB-0711,33a5265e47a341a8,00179766-980b-44b0-99d3-1fee2bb27e37,SERTRALINE HYDROCHLORIDE,Dosage and Administration,moderate,ExpertB,Dosage adjustments should be made to maintain patients on the lowest effective dose and patients should be periodically reassessed to determine the need for long-term treatment.,Body mass index 30+ - obesity (finding),,0.0,0.0,0.0,0.0,0.0,0.0,0.0,0.0,1.0,0.0,0.16666666666666666,0.18333333333333332
PUB-0712,33a5265e47a341a8,00179766-980b-44b0-99d3-1fee2bb27e37,SERTRALINE HYDROCHLORIDE,Dosage and Administration,moderate,ExpertB,Dosage adjustments should be made to maintain patients on the lowest effective dose and patients should be periodically reassessed to determine the need for long-term treatment.,Fracture of ankle,,0.0,0.0,0.0,0.0,0.0,0.0,0.0,0.0,1.0,0.0,0.16666666666666666,0.18333333333333332
PUB-0713,55c6dfce8f733f96,0027b8a3-73bf-4005-a7e3-b035f451a861,unknown,Dosage and Administration,moderate,ExpertB,In the absence of bioavailability studies establishing bioequivalence between these two dosage forms the following guidelines for dosage are suggested.,Normal pregnancy,,0.0,0.0,0.0,0.0,0.0,0.0,0.0,0.0,1.0,0.0,0.08333333333333333,0.15
PUB-0714,55c6dfce8f733f96,0027b8a3-73bf-4005-a7e3-b035f451a861,unknown,Dosage and Administration,moderate,ExpertB,In the absence of bioavailability studies establishing bioequivalence between these two dosage forms the following guidelines for dosage are suggested.,Viral sinusitis (disorder),,0.0,0.0,0.0,0.0,0.0,0.0,0.0,0.0,1.0,0.0,0.08333333333333333,0.15
PUB-0715,55c6dfce8f733f96,0027b8a3-73bf-4005-a7e3-b035f451a861,unknown,Dosage and Administration,moderate,ExpertB,In the absence of bioavailability studies establishing bioequivalence between these two dosage forms the following guidelines for dosage are suggested.,Chronic sinusitis (disorder),,0.0,0.0,0.0,0.0,0.0,0.0,0.0,0.0,1.0,0.0,0.08333333333333333,0.15
PUB-0716,55c6dfce8f733f96,0027b8a3-73bf-4005-a7e3-b035f451a861,unknown,Dosage and Administration,moderate,ExpertB,In the absence of bioavailability studies establishing bioequivalence between these two dosage forms the following guidelines for dosage are suggested.,Fracture subluxation of wrist,,0.0,0.0,0.0,0.0,0.047619047619047616,0.0,0.0,0.0,1.0,0.0,0.08333333333333333,0.15
PUB-0717,332f50e5a0c8f91b,002dd00f-7946-ea4f-e063-6294a90a5916,OLANZAPINE,Special Populations,moderate,ExpertB,The clinical relevance of this finding is unknown.,Miscarriage in first trimester,,0.0,0.0,0.0,0.0,0.0,0.0,0.0,0.0,0.0,0.0,0.08333333333333333,0.06666666666666667
PUB-0718,332f50e5a0c8f91b,002dd00f-7946-ea4f-e063-6294a90a5916,OLANZAPINE,Special Populations,moderate,ExpertB,The clinical relevance of this finding is unknown.,Viral sinusitis (disorder),,0.0,0.0,0.0,0.0,0.0,0.0,0.0,0.0,0.0,0.0,0.08333333333333333,0.06666666666666667
PUB-0719,332f50e5a0c8f91b,002dd00f-7946-ea4f-e063-6294a90a5916,OLANZAPINE,Special Populations,moderate,ExpertB,The clinical relevance of this finding is unknown.,Acute bronchitis (disorder),,0.0,0.0,0.0,0.0,0.0,0.0,0.0,0.0,0.0,0.0,0.08333333333333333,0.06666666666666667
PUB-0720,332f50e5a0c8f91b,002dd00f-7946-ea4f-e063-6294a90a5916,OLANZAPINE,Special Populations,moderate,ExpertB,The clinical relevance of this finding is unknown.,Escherichia coli urinary tract infection,,0.0,0.0,0.0,0.0,0.0,0.0,0.0,0.0,0.0,0.0,0.08333333333333333,0.06666666666666667
PUB-0721,8e95e8b1952c7d5b,001dcaf3-5838-4fb0-a4b8-d65ae2eb009e,unknown,Dosage and Administration,moderate,ExpertB,For uniformity in reporting reactions the following system is recommended.,Metabolic syndrome X (disorder),,0.0,0.0,0.0,0.0,0.0,0.0,0.0,0.0,1.0,0.0,0.08333333333333333,0.08333333333333333
PUB-0722,8e95e8b1952c7d5b,001dcaf3-5838-4fb0-a4b8-d65ae2eb009e,unknown,Dosage and Administration,moderate,ExpertB,For uniformity in reporting reactions the following system is recommended.,Anemia (disorder),,0.0,0.0,0.0,0.0,0.0,0.0,0.0,0.0,1.0,0.0,0.08333333333333333,0.08333333333333333
PUB-0723,8e95e8b1952c7d5b,001dcaf3-5838-4fb0-a4b8-d65ae2eb009e,unknown,Dosage and Administration,moderate,ExpertB,For uniformity in reporting reactions the following system is recommended.,Neuropathy due to type 2 diabetes mellitus (disorder),,0.0,0.0,0.0,0.0,0.0,0.0,0.0,0.0,1.0,0.0,0.08333333333333333,0.08333333333333333
PUB-0724,8e95e8b1952c7d5b,001dcaf3-5838-4fb0-a4b8-d65ae2eb009e,unknown,Dosage and Administration,moderate,ExpertB,For uniformity in reporting reactions the following system is recommended.,Diabetic retinopathy associated with type II diabetes mellitus (disorder),,0.0,0.0,0.0,0.0,0.0,0.0,0.0,0.0,1.0,0.0,0.08333333333333333,0.08333333333333333
PUB-0725,68a2ec91e196f709,00279a31-6a0b-d594-e063-6294a90aacd2,unknown,Special Populations,moderate,ExpertB,Observe newborns for symptoms and signs of neonatal opioid withdrawal syndrome and manage accordingly [see Warnings and Precautions (5.5 )] .,Prediabetes,,1.0,0.0,0.0,0.0,0.0,0.0,0.0,0.0,0.0,0.0,0.3333333333333333,0.14166666666666666
PUB-0726,68a2ec91e196f709,00279a31-6a0b-d594-e063-6294a90aacd2,unknown,Special Populations,moderate,ExpertB,Observe newborns for symptoms and signs of neonatal opioid withdrawal syndrome and manage accordingly [see Warnings and Precautions (5.5 )] .,Anemia (disorder),,1.0,0.0,0.0,0.0,0.0,0.0,0.0,0.0,0.0,0.0,0.3333333333333333,0.14166666666666666
PUB-0727,68a2ec91e196f709,00279a31-6a0b-d594-e063-6294a90aacd2,unknown,Special Populations,moderate,ExpertB,Observe newborns for symptoms and signs of neonatal opioid withdrawal syndrome and manage accordingly [see Warnings and Precautions (5.5 )] .,Viral sinusitis (disorder),,1.0,0.0,0.0,0.0,0.0,0.0,0.0,0.0,0.0,0.0,0.3333333333333333,0.14166666666666666
PUB-0728,68a2ec91e196f709,00279a31-6a0b-d594-e063-6294a90aacd2,unknown,Special Populations,moderate,ExpertB,Observe newborns for symptoms and signs of neonatal opioid withdrawal syndrome and manage accordingly [see Warnings and Precautions (5.5 )] .,Viral sinusitis (disorder),,1.0,0.0,0.0,0.0,0.0,0.0,0.0,0.0,0.0,0.0,0.3333333333333333,0.14166666666666666
PUB-0729,aad67e3fbea2d085,001d050d-f488-4d67-8457-36fef148f546,unknown,Dosage and Administration,moderate,ExpertB,Please refer to clarithromycin and lansoprazole full prescribing information.,Acute bronchitis (disorder),,0.0,0.0,0.0,0.0,0.0,0.0,0.0,0.0,1.0,0.0,0.16666666666666666,0.075
PUB-0730,aad67e3fbea2d085,001d050d-f488-4d67-8457-36fef148f546,unknown,Dosage and Administration,moderate,ExpertB,Please refer to clarithromycin and lansoprazole full prescribing information.,Hypertension,,0.0,0.0,0.0,0.0,0.0,0.0,0.0,0.0,1.0,0.0,0.16666666666666666,0.075
PUB-0731,aad67e3fbea2d085,001d050d-f488-4d67-8457-36fef148f546,unknown,Dosage and Administration,moderate,ExpertB,Please refer to clarithromycin and lansoprazole full prescribing information.,Prediabetes,,0.0,0.0,0.0,0.0,0.0,0.0,0.0,0.0,1.0,0.0,0.16666666666666666,0.075
PUB-0732,aad67e3fbea2d085,001d050d-f488-4d67-8457-36fef148f546,unknown,Dosage and Administration,moderate,ExpertB,Please refer to clarithromycin and lansoprazole full prescribing information.,Anemia (disorder),,0.0,0.0,0.0,0.0,0.0,0.0,0.0,0.0,1.0,0.0,0.16666666666666666,0.075
PUB-0733,a27592ec2b340e46,001817ea-906e-47f7-8605-41ba5a9abd21,ESOMEPRAZOLE MAGNESIUM,Warnings and Precautions,high,ExpertB,Esomeprazole may cause severe skin reactions.,Body mass index 30+ - obesity (finding),,0.0,0.0,0.0,0.0,0.0,0.0,0.0,0.0,0.0,1.0,0.08333333333333333,0.05
PUB-0734,a27592ec2b340e46,001817ea-906e-47f7-8605-41ba5a9abd21,ESOMEPRAZOLE MAGNESIUM,Warnings and Precautions,high,ExpertB,Esomeprazole may cause severe skin reactions.,Chronic sinusitis (disorder),,0.0,0.0,0.0,0.0,0.0,0.0,0.0,0.0,0.0,1.0,0.08333333333333333,0.05
PUB-0735,a27592ec2b340e46,001817ea-906e-47f7-8605-41ba5a9abd21,ESOMEPRAZOLE MAGNESIUM,Warnings and Precautions,high,ExpertB,Esomeprazole may cause severe skin reactions.,Diabetes,,0.0,0.0,0.0,0.0,0.0,0.0,0.0,0.0,0.0,1.0,0.08333333333333333,0.05
PUB-0736,a27592ec2b340e46,001817ea-906e-47f7-8605-41ba5a9abd21,ESOMEPRAZOLE MAGNESIUM,Warnings and Precautions,high,ExpertB,Esomeprazole may cause severe skin reactions.,Anemia (disorder),,0.0,0.0,0.0,0.0,0.0,0.0,0.0,0.0,0.0,1.0,0.08333333333333333,0.05
PUB-0737,aabedf29d9d85afe,00309724-5ac7-4e6a-91e2-16087c83402c,unknown,Special Populations,moderate,ExpertB,"Animal Data In oral reproduction studies in rats at doses up to 18 mg/kg/day and in rabbits at doses up to 30 mg/kg/day (9 and 30 times the daily oral MRHD based on mg/m 2 body surface area, respectively), no evidence of teratogenicity was observed.",Viral sinusitis (disorder),,1.0,0.0,1.0,0.0,0.0,1.0,0.0,0.0,0.0,0.0,0.4166666666666667,0.30833333333333335
PUB-0738,aabedf29d9d85afe,00309724-5ac7-4e6a-91e2-16087c83402c,unknown,Special Populations,moderate,ExpertB,"Animal Data In oral reproduction studies in rats at doses up to 18 mg/kg/day and in rabbits at doses up to 30 mg/kg/day (9 and 30 times the daily oral MRHD based on mg/m 2 body surface area, respectively), no evidence of teratogenicity was observed.",Childhood asthma,,1.0,0.0,1.0,0.0,0.0,1.0,0.0,0.0,0.0,0.0,0.4166666666666667,0.30833333333333335
PUB-0739,aabedf29d9d85afe,00309724-5ac7-4e6a-91e2-16087c83402c,unknown,Special Populations,moderate,ExpertB,"Animal Data In oral reproduction studies in rats at doses up to 18 mg/kg/day and in rabbits at doses up to 30 mg/kg/day (9 and 30 times the daily oral MRHD based on mg/m 2 body surface area, respectively), no evidence of teratogenicity was observed.",Perennial allergic rhinitis with seasonal variation,,1.0,0.0,1.0,0.0,0.0,1.0,0.0,0.0,0.0,0.0,0.4166666666666667,0.30833333333333335
PUB-0740,aabedf29d9d85afe,00309724-5ac7-4e6a-91e2-16087c83402c,unknown,Special Populations,moderate,ExpertB,"Animal Data In oral reproduction studies in rats at doses up to 18 mg/kg/day and in rabbits at doses up to 30 mg/kg/day (9 and 30 times the daily oral MRHD based on mg/m 2 body surface area, respectively), no evidence of teratogenicity was observed.",Viral sinusitis (disorder),,1.0,0.0,1.0,0.0,0.0,1.0,0.0,0.0,0.0,0.0,0.4166666666666667,0.30833333333333335
PUB-0741,79c99ce587f75fd4,000155a8-709c-44e5-a75f-cd890f3a7caf,NAPROXEN,Special Populations,moderate,ExpertB,"Because the published safety data on neonatal outcomes involved mostly preterm infants, the generalizability of certain reported risks to the full-term infant exposed to NSAIDs through maternal use is uncertain.",Hypertriglyceridemia (disorder),,0.0,0.0,0.0,0.0,0.0,0.0,0.0,0.0,0.0,0.0,0.16666666666666666,0.23333333333333334
PUB-0742,79c99ce587f75fd4,000155a8-709c-44e5-a75f-cd890f3a7caf,NAPROXEN,Special Populations,moderate,ExpertB,"Because the published safety data on neonatal outcomes involved mostly preterm infants, the generalizability of certain reported risks to the full-term infant exposed to NSAIDs through maternal use is uncertain.",Metabolic syndrome X (disorder),,0.0,0.0,0.0,0.0,0.0,0.0,0.0,0.0,0.0,0.0,0.16666666666666666,0.23333333333333334
PUB-0743,79c99ce587f75fd4,000155a8-709c-44e5-a75f-cd890f3a7caf,NAPROXEN,Special Populations,moderate,ExpertB,"Because the published safety data on neonatal outcomes involved mostly preterm infants, the generalizability of certain reported risks to the full-term infant exposed to NSAIDs through maternal use is uncertain.",Anemia (disorder),,0.0,0.0,0.0,0.0,0.0,0.0,0.0,0.0,0.0,0.0,0.16666666666666666,0.23333333333333334
PUB-0744,79c99ce587f75fd4,000155a8-709c-44e5-a75f-cd890f3a7caf,NAPROXEN,Special Populations,moderate,ExpertB,"Because the published safety data on neonatal outcomes involved mostly preterm infants, the generalizability of certain reported risks to the full-term infant exposed to NSAIDs through maternal use is uncertain.",Neuropathy due to type 2 diabetes mellitus (disorder),,0.0,0.0,0.0,0.0,0.02857142857142857,0.0,0.0,0.0,0.0,0.0,0.16666666666666666,0.23333333333333334
PUB-0745,cc63bde725b7e5ac,00309724-5ac7-4e6a-91e2-16087c83402c,unknown,Indications and Usage,moderate,ExpertB,As ZYPREXA IntraMuscular for the: Treatment of acute agitation associated with schizophrenia and bipolar I mania.,Anemia (disorder),,0.0,0.0,0.0,0.0,0.0,0.0,0.0,0.0,0.0,0.0,0.25,0.13333333333333333
PUB-0746,cc63bde725b7e5ac,00309724-5ac7-4e6a-91e2-16087c83402c,unknown,Indications and Usage,moderate,ExpertB,As ZYPREXA IntraMuscular for the: Treatment of acute agitation associated with schizophrenia and bipolar I mania.,Viral sinusitis (disorder),,0.0,0.0,0.0,0.0,0.0,0.0,0.0,0.0,0.0,0.0,0.25,0.13333333333333333
PUB-0747,cc63bde725b7e5ac,00309724-5ac7-4e6a-91e2-16087c83402c,unknown,Indications and Usage,moderate,ExpertB,As ZYPREXA IntraMuscular for the: Treatment of acute agitation associated with schizophrenia and bipolar I mania.,Acute viral pharyngitis (disorder),,0.0,0.0,0.0,0.0,0.05263157894736842,0.0,0.0,0.0,0.0,0.0,0.25,0.13333333333333333
PUB-0748,cc63bde725b7e5ac,00309724-5ac7-4e6a-91e2-16087c83402c,unknown,Indications and Usage,moderate,ExpertB,As ZYPREXA IntraMuscular for the: Treatment of acute agitation associated with schizophrenia and bipolar I mania.,Hypertension,,0.0,0.0,0.0,0.0,0.0,0.0,0.0,0.0,0.0,0.0,0.25,0.13333333333333333
PUB-0749,2d14e9e2e458850a,001dcaf3-5838-4fb0-a4b8-d65ae2eb009e,unknown,Dosage and Administration,moderate,ExpertB,Sterile Diluent (for a negative control) is used in exactly the same way as an active test extract.,Acute viral pharyngitis (disorder),,0.0,0.0,0.0,0.0,0.0,0.0,0.0,0.0,1.0,0.0,0.08333333333333333,0.15
PUB-0750,2d14e9e2e458850a,001dcaf3-5838-4fb0-a4b8-d65ae2eb009e,unknown,Dosage and Administration,moderate,ExpertB,Sterile Diluent (for a negative control) is used in exactly the same way as an active test extract.,Viral sinusitis (disorder),,0.0,0.0,0.0,0.0,0.0,0.0,0.0,0.0,1.0,0.0,0.08333333333333333,0.15
PUB-0751,2d14e9e2e458850a,001dcaf3-5838-4fb0-a4b8-d65ae2eb009e,unknown,Dosage and Administration,moderate,ExpertB,Sterile Diluent (for a negative control) is used in exactly the same way as an active test extract.,Polyp of colon,,0.0,0.0,0.0,0.0,0.0,0.0,0.0,0.0,1.0,0.0,0.08333333333333333,0.15
PUB-0752,2d14e9e2e458850a,001dcaf3-5838-4fb0-a4b8-d65ae2eb009e,unknown,Dosage and Administration,moderate,ExpertB,Sterile Diluent (for a negative control) is used in exactly the same way as an active test extract.,Viral sinusitis (disorder),,0.0,0.0,0.0,0.0,0.0,0.0,0.0,0.0,1.0,0.0,0.08333333333333333,0.15
PUB-0753,c5ba166f6f761922,003307c5-3f73-4a5d-a704-bfdea3c656e8,AZITHROMYCIN,Indications and Usage,moderate,ExpertB,"• Community-acquired pneumonia (>6 months of age) due to Chlamydophila pneumoniae, Haemophilus influenzae, Mycoplasma pneumoniae , or Streptococcus pneumoniae in patients appropriate for oral therapy.",Diabetic renal disease (disorder),,1.0,0.0,0.0,0.0,0.0,0.0,0.0,0.0,0.0,0.0,0.4166666666666667,0.18333333333333332
PUB-0754,c5ba166f6f761922,003307c5-3f73-4a5d-a704-bfdea3c656e8,AZITHROMYCIN,Indications and Usage,moderate,ExpertB,"• Community-acquired pneumonia (>6 months of age) due to Chlamydophila pneumoniae, Haemophilus influenzae, Mycoplasma pneumoniae , or Streptococcus pneumoniae in patients appropriate for oral therapy.",Atrial Fibrillation,,1.0,0.0,0.0,0.0,0.0,0.0,0.0,0.0,0.0,0.0,0.4166666666666667,0.18333333333333332
PUB-0755,c5ba166f6f761922,003307c5-3f73-4a5d-a704-bfdea3c656e8,AZITHROMYCIN,Indications and Usage,moderate,ExpertB,"• Community-acquired pneumonia (>6 months of age) due to Chlamydophila pneumoniae, Haemophilus influenzae, Mycoplasma pneumoniae , or Streptococcus pneumoniae in patients appropriate for oral therapy.",Sprain of ankle,,1.0,0.0,0.0,0.0,0.041666666666666664,0.0,0.0,0.0,0.0,0.0,0.4166666666666667,0.18333333333333332
PUB-0756,c5ba166f6f761922,003307c5-3f73-4a5d-a704-bfdea3c656e8,AZITHROMYCIN,Indications and Usage,moderate,ExpertB,"• Community-acquired pneumonia (>6 months of age) due to Chlamydophila pneumoniae, Haemophilus influenzae, Mycoplasma pneumoniae , or Streptococcus pneumoniae in patients appropriate for oral therapy.",Viral sinusitis (disorder),,1.0,0.0,0.0,0.0,0.0,0.0,0.0,0.0,0.0,0.0,0.4166666666666667,0.18333333333333332
PUB-0757,dd345a19a6f60c3d,0013824B-6AEE-4DA4-AFFD-35BC6BF19D91,unknown,Dosage and Administration,moderate,ExpertB,Impaired Renal Function Modification of Cefizox dosage is necessary in patients with impaired renal function.,Acute bronchitis (disorder),,0.0,0.0,0.0,0.0,0.0,0.0,0.0,0.0,1.0,0.0,0.08333333333333333,0.1
PUB-0758,dd345a19a6f60c3d,0013824B-6AEE-4DA4-AFFD-35BC6BF19D91,unknown,Dosage and Administration,moderate,ExpertB,Impaired Renal Function Modification of Cefizox dosage is necessary in patients with impaired renal function.,Normal pregnancy,,0.0,0.0,0.0,0.0,0.0,0.0,0.0,0.0,1.0,0.0,0.08333333333333333,0.1
PUB-0759,dd345a19a6f60c3d,0013824B-6AEE-4DA4-AFFD-35BC6BF19D91,unknown,Dosage and Administration,moderate,ExpertB,Impaired Renal Function Modification of Cefizox dosage is necessary in patients with impaired renal function.,Normal pregnancy,,0.0,0.0,0.0,0.0,0.0,0.0,0.0,0.0,1.0,0.0,0.08333333333333333,0.1
PUB-0760,dd345a19a6f60c3d,0013824B-6AEE-4DA4-AFFD-35BC6BF19D91,unknown,Dosage and Administration,moderate,ExpertB,Impaired Renal Function Modification of Cefizox dosage is necessary in patients with impaired renal function.,Viral sinusitis (disorder),,0.0,0.0,0.0,0.0,0.0,0.0,0.0,0.0,1.0,0.0,0.08333333333333333,0.1
PUB-0761,5c620cfbfc32558c,001f22f8-a83d-495f-9196-d0264ef4d76e,unknown,Special Populations,moderate,ExpertB,There are clinical considerations with the use of FLOVENT DISKUS in pregnant women.,Osteoarthritis of hip,,0.0,0.0,0.0,0.0,0.06666666666666667,0.0,0.0,0.0,0.0,0.0,0.08333333333333333,0.10833333333333334
PUB-0762,5c620cfbfc32558c,001f22f8-a83d-495f-9196-d0264ef4d76e,unknown,Special Populations,moderate,ExpertB,There are clinical considerations with the use of FLOVENT DISKUS in pregnant women.,Normal pregnancy,,0.0,0.0,0.0,0.0,0.0,0.0,0.0,0.0,0.0,0.0,0.08333333333333333,0.10833333333333334
PUB-0763,5c620cfbfc32558c,001f22f8-a83d-495f-9196-d0264ef4d76e,unknown,Special Populations,moderate,ExpertB,There are clinical considerations with the use of FLOVENT DISKUS in pregnant women.,Normal pregnancy,,0.0,0.0,0.0,0.0,0.0,0.0,0.0,0.0,0.0,0.0,0.08333333333333333,0.10833333333333334
PUB-0764,5c620cfbfc32558c,001f22f8-a83d-495f-9196-d0264ef4d76e,unknown,Special Populations,moderate,ExpertB,There are clinical considerations with the use of FLOVENT DISKUS in pregnant women.,Acute bronchitis (disorder),,0.0,0.0,0.0,0.0,0.0,0.0,0.0,0.0,0.0,0.0,0.08333333333333333,0.10833333333333334
PUB-0765,cc276c8bf6639159,001d050d-f488-4d67-8457-36fef148f546,unknown,Dosage and Administration,moderate,ExpertB,There are currently no dosing recommendations for pediatric patients with impaired renal function.,Body mass index 30+ - obesity (finding),,0.0,0.0,0.0,0.0,0.0,1.0,0.0,0.0,1.0,0.0,0.08333333333333333,0.10833333333333334
PUB-0766,cc276c8bf6639159,001d050d-f488-4d67-8457-36fef148f546,unknown,Dosage and Administration,moderate,ExpertB,There are currently no dosing recommendations for pediatric patients with impaired renal function.,Viral sinusitis (disorder),,0.0,0.0,0.0,0.0,0.0,1.0,0.0,0.0,1.0,0.0,0.08333333333333333,0.10833333333333334
PUB-0767,cc276c8bf6639159,001d050d-f488-4d67-8457-36fef148f546,unknown,Dosage and Administration,moderate,ExpertB,There are currently no dosing recommendations for pediatric patients with impaired renal function.,Viral sinusitis (disorder),,0.0,0.0,0.0,0.0,0.0,1.0,0.0,0.0,1.0,0.0,0.08333333333333333,0.10833333333333334
PUB-0768,cc276c8bf6639159,001d050d-f488-4d67-8457-36fef148f546,unknown,Dosage and Administration,moderate,ExpertB,There are currently no dosing recommendations for pediatric patients with impaired renal function.,Streptococcal sore throat (disorder),,0.0,0.0,0.0,0.0,0.0,1.0,0.0,0.0,1.0,0.0,0.08333333333333333,0.10833333333333334
PUB-0769,446b485d38593712,000155a8-709c-44e5-a75f-cd890f3a7caf,NAPROXEN,Special Populations,moderate,ExpertB,"Studies indicate that although total plasma concentration of naproxen is unchanged, the unbound plasma fraction of naproxen is increased in the elderly.",Laceration of foot,,0.0,0.0,0.0,0.0,0.05263157894736842,0.0,0.0,0.0,0.0,0.0,0.16666666666666666,0.14166666666666666
PUB-0770,446b485d38593712,000155a8-709c-44e5-a75f-cd890f3a7caf,NAPROXEN,Special Populations,moderate,ExpertB,"Studies indicate that although total plasma concentration of naproxen is unchanged, the unbound plasma fraction of naproxen is increased in the elderly.",Acute bronchitis (disorder),,0.0,0.0,0.0,0.0,0.0,0.0,0.0,0.0,0.0,0.0,0.16666666666666666,0.14166666666666666
PUB-0771,446b485d38593712,000155a8-709c-44e5-a75f-cd890f3a7caf,NAPROXEN,Special Populations,moderate,ExpertB,"Studies indicate that although total plasma concentration of naproxen is unchanged, the unbound plasma fraction of naproxen is increased in the elderly.",Acute bronchitis (disorder),,0.0,0.0,0.0,0.0,0.0,0.0,0.0,0.0,0.0,0.0,0.16666666666666666,0.14166666666666666
PUB-0772,446b485d38593712,000155a8-709c-44e5-a75f-cd890f3a7caf,NAPROXEN,Special Populations,moderate,ExpertB,"Studies indicate that although total plasma concentration of naproxen is unchanged, the unbound plasma fraction of naproxen is increased in the elderly.",Body mass index 30+ - obesity (finding),,0.0,0.0,0.0,0.0,0.0,0.0,0.0,0.0,0.0,0.0,0.16666666666666666,0.14166666666666666
PUB-0773,4d34ab77aeefe61f,000155a8-709c-44e5-a75f-cd890f3a7caf,NAPROXEN,Special Populations,moderate,ExpertB,"Transient abnormalities of laboratory tests assessing hepatic and renal function were noted in some patients, although there were no differences noted in the occurrence of abnormal values among different age groups.",Fracture of clavicle,,0.0,0.0,0.0,0.0,0.034482758620689655,1.0,0.0,0.0,0.0,0.0,0.25,0.225
PUB-0774,4d34ab77aeefe61f,000155a8-709c-44e5-a75f-cd890f3a7caf,NAPROXEN,Special Populations,moderate,ExpertB,"Transient abnormalities of laboratory tests assessing hepatic and renal function were noted in some patients, although there were no differences noted in the occurrence of abnormal values among different age groups.",Laceration of forearm,,0.0,0.0,0.0,0.0,0.034482758620689655,1.0,0.0,0.0,0.0,0.0,0.25,0.225
PUB-0775,4d34ab77aeefe61f,000155a8-709c-44e5-a75f-cd890f3a7caf,NAPROXEN,Special Populations,moderate,ExpertB,"Transient abnormalities of laboratory tests assessing hepatic and renal function were noted in some patients, although there were no differences noted in the occurrence of abnormal values among different age groups.",Body mass index 30+ - obesity (finding),,0.0,0.0,0.0,0.0,0.0,1.0,0.0,0.0,0.0,0.0,0.25,0.225
PUB-0776,4d34ab77aeefe61f,000155a8-709c-44e5-a75f-cd890f3a7caf,NAPROXEN,Special Populations,moderate,ExpertB,"Transient abnormalities of laboratory tests assessing hepatic and renal function were noted in some patients, although there were no differences noted in the occurrence of abnormal values among different age groups.",Hyperlipidemia,,0.0,0.0,0.0,0.0,0.0,1.0,0.0,0.0,0.0,0.0,0.25,0.225
PUB-0777,0424a3be472583d4,00280745-908b-468f-e063-6294a90aa12f,"AVOBENZONE, HOMOSALATE, OCTISALATE, AND OCTOCRYLENE",Warnings and Precautions,high,ExpertB,Stop use and ask a doctor if rash occurs Keep out of reach of children.,Acute viral pharyngitis (disorder),,0.0,0.0,0.0,0.0,0.0,0.0,0.0,0.0,0.0,1.0,0.25,0.11666666666666667
PUB-0778,0424a3be472583d4,00280745-908b-468f-e063-6294a90aa12f,"AVOBENZONE, HOMOSALATE, OCTISALATE, AND OCTOCRYLENE",Warnings and Precautions,high,ExpertB,Stop use and ask a doctor if rash occurs Keep out of reach of children.,Perennial allergic rhinitis with seasonal variation,,0.0,0.0,0.0,0.0,0.0,0.0,0.0,0.0,0.0,1.0,0.25,0.11666666666666667
PUB-0779,0424a3be472583d4,00280745-908b-468f-e063-6294a90aa12f,"AVOBENZONE, HOMOSALATE, OCTISALATE, AND OCTOCRYLENE",Warnings and Precautions,high,ExpertB,Stop use and ask a doctor if rash occurs Keep out of reach of children.,Hypertension,,0.0,0.0,0.0,0.0,0.0,0.0,0.0,0.0,0.0,1.0,0.25,0.11666666666666667
PUB-0780,0424a3be472583d4,00280745-908b-468f-e063-6294a90aa12f,"AVOBENZONE, HOMOSALATE, OCTISALATE, AND OCTOCRYLENE",Warnings and Precautions,high,ExpertB,Stop use and ask a doctor if rash occurs Keep out of reach of children.,Second degree burn,,0.0,0.0,0.0,0.0,0.0,0.0,0.0,0.0,0.0,1.0,0.25,0.11666666666666667
PUB-0781,f4446aac1fe5fd7c,0034a97a-fb05-418a-a234-de278907cd2a,METOCLOPRAMIDE,Special Populations,moderate,ExpertB,Geriatric patients should receive the lowest dose of metoclopramide that is effective.,Viral sinusitis (disorder),,0.0,0.0,0.0,0.0,0.0,0.0,0.0,0.0,0.0,0.0,0.08333333333333333,0.1
PUB-0782,f4446aac1fe5fd7c,0034a97a-fb05-418a-a234-de278907cd2a,METOCLOPRAMIDE,Special Populations,moderate,ExpertB,Geriatric patients should receive the lowest dose of metoclopramide that is effective.,Viral sinusitis (disorder),,0.0,0.0,0.0,0.0,0.0,0.0,0.0,0.0,0.0,0.0,0.08333333333333333,0.1
PUB-0783,f4446aac1fe5fd7c,0034a97a-fb05-418a-a234-de278907cd2a,METOCLOPRAMIDE,Special Populations,moderate,ExpertB,Geriatric patients should receive the lowest dose of metoclopramide that is effective.,Acute bronchitis (disorder),,0.0,0.0,0.0,0.0,0.0,0.0,0.0,0.0,0.0,0.0,0.08333333333333333,0.1
PUB-0784,f4446aac1fe5fd7c,0034a97a-fb05-418a-a234-de278907cd2a,METOCLOPRAMIDE,Special Populations,moderate,ExpertB,Geriatric patients should receive the lowest dose of metoclopramide that is effective.,Hypertension,,0.0,0.0,0.0,0.0,0.0,0.0,0.0,0.0,0.0,0.0,0.08333333333333333,0.1
PUB-0785,0914252d82659d35,001d2245-2076-405b-90ab-780d6d38552f,unknown,Warnings and Precautions,high,ExpertB,All corticosteroids increase calcium excretion.,Sinusitis (disorder),,0.0,0.0,0.0,0.0,0.0,0.0,0.0,0.0,0.0,1.0,0.08333333333333333,0.041666666666666664
PUB-0786,0914252d82659d35,001d2245-2076-405b-90ab-780d6d38552f,unknown,Warnings and Precautions,high,ExpertB,All corticosteroids increase calcium excretion.,Chronic sinusitis (disorder),,0.0,0.0,0.0,0.0,0.0,0.0,0.0,0.0,0.0,1.0,0.08333333333333333,0.041666666666666664
PUB-0787,0914252d82659d35,001d2245-2076-405b-90ab-780d6d38552f,unknown,Warnings and Precautions,high,ExpertB,All corticosteroids increase calcium excretion.,Acute viral pharyngitis (disorder),,0.0,0.0,0.0,0.0,0.0,0.0,0.0,0.0,0.0,1.0,0.08333333333333333,0.041666666666666664
PUB-0788,0914252d82659d35,001d2245-2076-405b-90ab-780d6d38552f,unknown,Warnings and Precautions,high,ExpertB,All corticosteroids increase calcium excretion.,Facial laceration,,0.0,0.0,0.0,0.0,0.0,0.0,0.0,0.0,0.0,1.0,0.08333333333333333,0.041666666666666664
PUB-0789,c31e56388866a60b,000e2ca1-9a11-46f2-860c-4de0ca5be369,unknown,Contraindications,high,ExpertB,"The treatment of thyroid malignancies shown to have no iodide uptake, which include the majority of medullary and anaplastic carcinomas.",Viral sinusitis (disorder),,0.0,0.0,0.0,0.0,0.0,1.0,0.0,1.0,0.0,1.0,0.25,0.15
PUB-0790,c31e56388866a60b,000e2ca1-9a11-46f2-860c-4de0ca5be369,unknown,Contraindications,high,ExpertB,"The treatment of thyroid malignancies shown to have no iodide uptake, which include the majority of medullary and anaplastic carcinomas.",Sprain of wrist,,0.0,0.0,0.0,0.0,0.05,1.0,0.0,1.0,0.0,1.0,0.25,0.15
PUB-0791,c31e56388866a60b,000e2ca1-9a11-46f2-860c-4de0ca5be369,unknown,Contraindications,high,ExpertB,"The treatment of thyroid malignancies shown to have no iodide uptake, which include the majority of medullary and anaplastic carcinomas.",Viral sinusitis (disorder),,0.0,0.0,0.0,0.0,0.0,1.0,0.0,1.0,0.0,1.0,0.25,0.15
PUB-0792,c31e56388866a60b,000e2ca1-9a11-46f2-860c-4de0ca5be369,unknown,Contraindications,high,ExpertB,"The treatment of thyroid malignancies shown to have no iodide uptake, which include the majority of medullary and anaplastic carcinomas.",Viral sinusitis (disorder),,0.0,0.0,0.0,0.0,0.0,1.0,0.0,1.0,0.0,1.0,0.25,0.15
PUB-0793,d5c783979eb196ec,002dd00f-7946-ea4f-e063-6294a90a5916,OLANZAPINE,Special Populations,moderate,ExpertB,"When deciding among the alternative treatments available for adolescents, clinicians should consider the increased potential (in adolescents as compared with adults) for weight gain and dyslipidemia.",Acute bronchitis (disorder),,0.0,0.0,0.0,0.0,0.0,0.0,0.0,0.0,0.0,0.0,0.25,0.19166666666666668
PUB-0794,d5c783979eb196ec,002dd00f-7946-ea4f-e063-6294a90a5916,OLANZAPINE,Special Populations,moderate,ExpertB,"When deciding among the alternative treatments available for adolescents, clinicians should consider the increased potential (in adolescents as compared with adults) for weight gain and dyslipidemia.",Body mass index 30+ - obesity (finding),,0.0,0.0,0.0,0.0,0.0,0.0,0.0,0.0,0.0,0.0,0.25,0.19166666666666668
PUB-0795,d5c783979eb196ec,002dd00f-7946-ea4f-e063-6294a90a5916,OLANZAPINE,Special Populations,moderate,ExpertB,"When deciding among the alternative treatments available for adolescents, clinicians should consider the increased potential (in adolescents as compared with adults) for weight gain and dyslipidemia.",Acute viral pharyngitis (disorder),,0.0,0.0,0.0,0.0,0.0,0.0,0.0,0.0,0.0,0.0,0.25,0.19166666666666668
PUB-0796,d5c783979eb196ec,002dd00f-7946-ea4f-e063-6294a90a5916,OLANZAPINE,Special Populations,moderate,ExpertB,"When deciding among the alternative treatments available for adolescents, clinicians should consider the increased potential (in adolescents as compared with adults) for weight gain and dyslipidemia.",Body mass index 40+ - severely obese (finding),,0.0,0.0,0.0,0.0,0.0,0.0,0.0,0.0,0.0,0.0,0.25,0.19166666666666668
PUB-0797,ef56f37aafdf80fa,000dc81d-ab91-450c-8eae-8eb74e72296f,SACUBITRIL AND VALSARTAN,Special Populations,moderate,ExpertB,"( 2.8 , 8.6 ) 8.1 Pregnancy Risk Summary ENTRESTO can cause fetal harm when administered to a pregnant woman.",Fracture of clavicle,,1.0,0.0,0.0,0.0,0.0,0.0,0.0,0.0,0.0,0.0,0.16666666666666666,0.15
PUB-0798,ef56f37aafdf80fa,000dc81d-ab91-450c-8eae-8eb74e72296f,SACUBITRIL AND VALSARTAN,Special Populations,moderate,ExpertB,"( 2.8 , 8.6 ) 8.1 Pregnancy Risk Summary ENTRESTO can cause fetal harm when administered to a pregnant woman.",Pathological fracture due to osteoporosis (disorder),,1.0,0.0,0.0,0.0,0.043478260869565216,0.0,0.0,0.0,0.0,0.0,0.16666666666666666,0.15
PUB-0799,ef56f37aafdf80fa,000dc81d-ab91-450c-8eae-8eb74e72296f,SACUBITRIL AND VALSARTAN,Special Populations,moderate,ExpertB,"( 2.8 , 8.6 ) 8.1 Pregnancy Risk Summary ENTRESTO can cause fetal harm when administered to a pregnant woman.",Streptococcal sore throat (disorder),,1.0,0.0,0.0,0.0,0.0,0.0,0.0,0.0,0.0,0.0,0.16666666666666666,0.15
PUB-0800,ef56f37aafdf80fa,000dc81d-ab91-450c-8eae-8eb74e72296f,SACUBITRIL AND VALSARTAN,Special Populations,moderate,ExpertB,"( 2.8 , 8.6 ) 8.1 Pregnancy Risk Summary ENTRESTO can cause fetal harm when administered to a pregnant woman.",Viral sinusitis (disorder),,1.0,0.0,0.0,0.0,0.0,0.0,0.0,0.0,0.0,0.0,0.16666666666666666,0.15
PUB-0801,71e05008340f84ce,001f4c8f-adbe-4409-9bf8-702e83a32783,unknown,Dosage and Administration,moderate,ExpertC,"Concomitant administration of enalapril maleate tablets, USP with potassium supplements, potassium salt substitutes, or potassium-sparing diuretics may lead to increases of serum potassium (see PRECAUTIONS ).",concomitant medications: NDA020503 200 ACTUAT Albuterol 0.09 MG/ACTUAT Metered Dose Inhaler; Simvastatin 10 MG Oral Tablet,,0.0,0.0,0.0,0.0,0.02702702702702703,0.0,0.0,0.0,1.0,0.0,0.4166666666666667,0.18333333333333332
PUB-0802,71e05008340f84ce,001f4c8f-adbe-4409-9bf8-702e83a32783,unknown,Dosage and Administration,moderate,ExpertC,"Concomitant administration of enalapril maleate tablets, USP with potassium supplements, potassium salt substitutes, or potassium-sparing diuretics may lead to increases of serum potassium (see PRECAUTIONS ).",concomitant medications: 120 ACTUAT Fluticasone propionate 0.044 MG/ACTUAT Metered Dose Inhaler; NDA020503 200 ACTUAT Albuterol 0.09 MG/ACTUAT Metered Dose Inhaler,,0.0,0.0,0.0,0.0,0.02702702702702703,0.0,0.0,0.0,1.0,0.0,0.4166666666666667,0.18333333333333332
PUB-0803,71e05008340f84ce,001f4c8f-adbe-4409-9bf8-702e83a32783,unknown,Dosage and Administration,moderate,ExpertC,"Concomitant administration of enalapril maleate tablets, USP with potassium supplements, potassium salt substitutes, or potassium-sparing diuretics may lead to increases of serum potassium (see PRECAUTIONS ).",concomitant medications: Simvastatin 10 MG Oral Tablet; 120 ACTUAT Fluticasone propionate 0.044 MG/ACTUAT Metered Dose Inhaler,,0.0,0.0,0.0,0.0,0.02702702702702703,0.0,0.0,0.0,1.0,0.0,0.4166666666666667,0.18333333333333332
PUB-0804,71e05008340f84ce,001f4c8f-adbe-4409-9bf8-702e83a32783,unknown,Dosage and Administration,moderate,ExpertC,"Concomitant administration of enalapril maleate tablets, USP with potassium supplements, potassium salt substitutes, or potassium-sparing diuretics may lead to increases of serum potassium (see PRECAUTIONS ).",concomitant medications: NDA020503 200 ACTUAT Albuterol 0.09 MG/ACTUAT Metered Dose Inhaler; 120 ACTUAT Fluticasone propionate 0.044 MG/ACTUAT Metered Dose Inhaler,,0.0,0.0,0.0,0.0,0.02702702702702703,0.0,0.0,0.0,1.0,0.0,0.4166666666666667,0.18333333333333332
PUB-0805,f1a1a725479d8ee1,00097e78-9c04-4e62-8260-ddb50e9a6a93,TAMSULOSIN HYDROCHLORIDE,Drug Interactions,high,ExpertC,"Since CYP2D6 PMs cannot be readily identified and the potential for significant increase in tamsulosin exposure exists when tamsulosin hydrochloride capsules 0.4 mg is coadministered with strong CYP3A4 inhibitors in CYP2D6 PMs, tamsulosin hydrochloride capsules 0.4 mg should not be used in combination with strong inhibitors of CYP3A4 (e.g., ketoconazole) [see Warnings and Precautions (5.2) and Clinical Pharmacology (12.3)].",concomitant medications: insulin human  isophane 70 UNT/ML / Regular Insulin  Human 30 UNT/ML Injectable Suspension [Humulin]; insulin human  isophane 70 UNT/ML / Regular Insulin  Human 30 UNT/ML Injectable Suspension [Humulin],,1.0,0.0,1.0,0.0,0.0,1.0,1.0,0.0,0.0,1.0,0.5,0.38333333333333336
PUB-0806,f1a1a725479d8ee1,00097e78-9c04-4e62-8260-ddb50e9a6a93,TAMSULOSIN HYDROCHLORIDE,Drug Interactions,high,ExpertC,"Since CYP2D6 PMs cannot be readily identified and the potential for significant increase in tamsulosin exposure exists when tamsulosin hydrochloride capsules 0.4 mg is coadministered with strong CYP3A4 inhibitors in CYP2D6 PMs, tamsulosin hydrochloride capsules 0.4 mg should not be used in combination with strong inhibitors of CYP3A4 (e.g., ketoconazole) [see Warnings and Precautions (5.2) and Clinical Pharmacology (12.3)].",concomitant medications: insulin human  isophane 70 UNT/ML / Regular Insulin  Human 30 UNT/ML Injectable Suspension [Humulin]; insulin human  isophane 70 UNT/ML / Regular Insulin  Human 30 UNT/ML Injectable Suspension [Humulin],,1.0,0.0,1.0,0.0,0.0,1.0,1.0,0.0,0.0,1.0,0.5,0.38333333333333336
PUB-0807,f1a1a725479d8ee1,00097e78-9c04-4e62-8260-ddb50e9a6a93,TAMSULOSIN HYDROCHLORIDE,Drug Interactions,high,ExpertC,"Since CYP2D6 PMs cannot be readily identified and the potential for significant increase in tamsulosin exposure exists when tamsulosin hydrochloride capsules 0.4 mg is coadministered with strong CYP3A4 inhibitors in CYP2D6 PMs, tamsulosin hydrochloride capsules 0.4 mg should not be used in combination with strong inhibitors of CYP3A4 (e.g., ketoconazole) [see Warnings and Precautions (5.2) and Clinical Pharmacology (12.3)].",concomitant medications: insulin human  isophane 70 UNT/ML / Regular Insulin  Human 30 UNT/ML Injectable Suspension [Humulin]; insulin human  isophane 70 UNT/ML / Regular Insulin  Human 30 UNT/ML Injectable Suspension [Humulin],,1.0,0.0,1.0,0.0,0.0,1.0,1.0,0.0,0.0,1.0,0.5,0.38333333333333336
PUB-0808,f1a1a725479d8ee1,00097e78-9c04-4e62-8260-ddb50e9a6a93,TAMSULOSIN HYDROCHLORIDE,Drug Interactions,high,ExpertC,"Since CYP2D6 PMs cannot be readily identified and the potential for significant increase in tamsulosin exposure exists when tamsulosin hydrochloride capsules 0.4 mg is coadministered with strong CYP3A4 inhibitors in CYP2D6 PMs, tamsulosin hydrochloride capsules 0.4 mg should not be used in combination with strong inhibitors of CYP3A4 (e.g., ketoconazole) [see Warnings and Precautions (5.2) and Clinical Pharmacology (12.3)].",concomitant medications: insulin human  isophane 70 UNT/ML / Regular Insulin  Human 30 UNT/ML Injectable Suspension [Humulin]; insulin human  isophane 70 UNT/ML / Regular Insulin  Human 30 UNT/ML Injectable Suspension [Humulin],,1.0,0.0,1.0,0.0,0.0,1.0,1.0,0.0,0.0,1.0,0.5,0.38333333333333336
PUB-0809,82307f28786b987c,0013824B-6AEE-4DA4-AFFD-35BC6BF19D91,unknown,Indications and Usage,moderate,ExpertC,Skin and Skin Structure Infections caused by Staphylococcus aureus (penicillinase‐ and nonpenicillinase‐producing); Staphylococcus epidermidis ; Escherichia coli; Klebsiella spp.; Streptococcus spp.,concomitant medications: 1 ML Epoetin Alfa 4000 UNT/ML Injection [Epogen]; 1 ML Epoetin Alfa 4000 UNT/ML Injection [Epogen],,0.0,0.0,0.0,0.0,0.0,0.0,0.0,0.0,0.0,0.0,0.5833333333333334,0.14166666666666666
PUB-0810,82307f28786b987c,0013824B-6AEE-4DA4-AFFD-35BC6BF19D91,unknown,Indications and Usage,moderate,ExpertC,Skin and Skin Structure Infections caused by Staphylococcus aureus (penicillinase‐ and nonpenicillinase‐producing); Staphylococcus epidermidis ; Escherichia coli; Klebsiella spp.; Streptococcus spp.,concomitant medications: 1 ML Epoetin Alfa 4000 UNT/ML Injection [Epogen]; 1 ML Epoetin Alfa 4000 UNT/ML Injection [Epogen],,0.0,0.0,0.0,0.0,0.0,0.0,0.0,0.0,0.0,0.0,0.5833333333333334,0.14166666666666666
PUB-0811,82307f28786b987c,0013824B-6AEE-4DA4-AFFD-35BC6BF19D91,unknown,Indications and Usage,moderate,ExpertC,Skin and Skin Structure Infections caused by Staphylococcus aureus (penicillinase‐ and nonpenicillinase‐producing); Staphylococcus epidermidis ; Escherichia coli; Klebsiella spp.; Streptococcus spp.,concomitant medications: 1 ML Epoetin Alfa 4000 UNT/ML Injection [Epogen]; 1 ML Epoetin Alfa 4000 UNT/ML Injection [Epogen],,0.0,0.0,0.0,0.0,0.0,0.0,0.0,0.0,0.0,0.0,0.5833333333333334,0.14166666666666666
PUB-0812,82307f28786b987c,0013824B-6AEE-4DA4-AFFD-35BC6BF19D91,unknown,Indications and Usage,moderate,ExpertC,Skin and Skin Structure Infections caused by Staphylococcus aureus (penicillinase‐ and nonpenicillinase‐producing); Staphylococcus epidermidis ; Escherichia coli; Klebsiella spp.; Streptococcus spp.,concomitant medications: 1 ML Epoetin Alfa 4000 UNT/ML Injection [Epogen]; 1 ML Epoetin Alfa 4000 UNT/ML Injection [Epogen],,0.0,0.0,0.0,0.0,0.0,0.0,0.0,0.0,0.0,0.0,0.5833333333333334,0.14166666666666666
PUB-0813,5596cc38ea1afa68,0030ffac-183a-472c-95b8-f93b4195de04,ROPINIROLE,Drug Interactions,high,ExpertC,There is thus the potential for inducers or inhibitors of this enzyme to alter the clearance of ropinirole.,concomitant medications: Penicillin V Potassium 500 MG Oral Tablet; Acetaminophen 325 MG Oral Tablet,,0.0,0.0,0.0,0.0,0.0,0.0,1.0,0.0,0.0,1.0,0.16666666666666666,0.13333333333333333
PUB-0814,5596cc38ea1afa68,0030ffac-183a-472c-95b8-f93b4195de04,ROPINIROLE,Drug Interactions,high,ExpertC,There is thus the potential for inducers or inhibitors of this enzyme to alter the clearance of ropinirole.,concomitant medications: Penicillin V Potassium 500 MG Oral Tablet; Acetaminophen 160 MG Chewable Tablet,,0.0,0.0,0.0,0.0,0.0,0.0,1.0,0.0,0.0,1.0,0.16666666666666666,0.13333333333333333
PUB-0815,5596cc38ea1afa68,0030ffac-183a-472c-95b8-f93b4195de04,ROPINIROLE,Drug Interactions,high,ExpertC,There is thus the potential for inducers or inhibitors of this enzyme to alter the clearance of ropinirole.,concomitant medications: Ibuprofen 100 MG Oral Tablet; Acetaminophen 325 MG Oral Tablet,,0.0,0.0,0.0,0.0,0.0,0.0,1.0,0.0,0.0,1.0,0.16666666666666666,0.13333333333333333
PUB-0816,5596cc38ea1afa68,0030ffac-183a-472c-95b8-f93b4195de04,ROPINIROLE,Drug Interactions,high,ExpertC,There is thus the potential for inducers or inhibitors of this enzyme to alter the clearance of ropinirole.,concomitant medications: Naproxen sodium 220 MG Oral Tablet; Acetaminophen 325 MG / oxyCODONE Hydrochloride 5 MG Oral Tablet,,0.0,0.0,0.0,0.0,0.0,0.0,1.0,0.0,0.0,1.0,0.16666666666666666,0.13333333333333333
PUB-0817,28e45b5d7d2b8d0f,0018861f-1b9b-431b-84ee-9d34aab615c3,unknown,Warnings and Precautions,high,ExpertC,"Therefore, prior to initiation of Amnesteem therapy, patients and family members should be asked about any history of psychiatric disorder, and at each visit during therapy patients should be assessed for symptoms of depression, mood disturbance, psychosis, or aggression to determine if further evaluation may be necessary.",concomitant medications: Verapamil Hydrochloride 40 MG; Insulin Lispro 100 UNT/ML Injectable Solution [Humalog],,0.0,0.0,0.0,0.0,0.0,0.0,0.0,0.0,0.0,1.0,0.9166666666666666,0.31666666666666665
PUB-0818,28e45b5d7d2b8d0f,0018861f-1b9b-431b-84ee-9d34aab615c3,unknown,Warnings and Precautions,high,ExpertC,"Therefore, prior to initiation of Amnesteem therapy, patients and family members should be asked about any history of psychiatric disorder, and at each visit during therapy patients should be assessed for symptoms of depression, mood disturbance, psychosis, or aggression to determine if further evaluation may be necessary.",concomitant medications: 24 HR Metformin hydrochloride 500 MG Extended Release Oral Tablet; Digoxin 0.125 MG Oral Tablet,,0.0,0.0,0.0,0.0,0.0,0.0,0.0,0.0,0.0,1.0,0.9166666666666666,0.31666666666666665
PUB-0819,28e45b5d7d2b8d0f,0018861f-1b9b-431b-84ee-9d34aab615c3,unknown,Warnings and Precautions,high,ExpertC,"Therefore, prior to initiation of Amnesteem therapy, patients and family members should be asked about any history of psychiatric disorder, and at each visit during therapy patients should be assessed for symptoms of depression, mood disturbance, psychosis, or aggression to determine if further evaluation may be necessary.",concomitant medications: Warfarin Sodium 5 MG Oral Tablet; amLODIPine 5 MG / Hydrochlorothiazide 12.5 MG / Olmesartan medoxomil 20 MG Oral Tablet,,0.0,0.0,0.0,0.0,0.0,0.0,0.0,0.0,0.0,1.0,0.9166666666666666,0.31666666666666665
PUB-0820,28e45b5d7d2b8d0f,0018861f-1b9b-431b-84ee-9d34aab615c3,unknown,Warnings and Precautions,high,ExpertC,"Therefore, prior to initiation of Amnesteem therapy, patients and family members should be asked about any history of psychiatric disorder, and at each visit during therapy patients should be assessed for symptoms of depression, mood disturbance, psychosis, or aggression to determine if further evaluation may be necessary.",concomitant medications: Verapamil Hydrochloride 40 MG; Insulin Lispro 100 UNT/ML Injectable Solution [Humalog],,0.0,0.0,0.0,0.0,0.0,0.0,0.0,0.0,0.0,1.0,0.9166666666666666,0.31666666666666665
PUB-0821,9af95b384dff65eb,00179766-980b-44b0-99d3-1fee2bb27e37,SERTRALINE HYDROCHLORIDE,Indications and Usage,moderate,ExpertC,"PTSD, as defined by DSM-III-R/IV, requires exposure to a traumatic event that involved actual or threatened death or serious injury, or threat to the physical integrity of self or others, and a response which involves intense fear, helplessness, or horror.",concomitant medications: 120 ACTUAT Fluticasone propionate 0.044 MG/ACTUAT Metered Dose Inhaler; NDA020503 200 ACTUAT Albuterol 0.09 MG/ACTUAT Metered Dose Inhaler,,0.0,0.0,0.0,0.0,0.0,0.0,0.0,0.0,0.0,0.0,1.0,0.30833333333333335
PUB-0822,9af95b384dff65eb,00179766-980b-44b0-99d3-1fee2bb27e37,SERTRALINE HYDROCHLORIDE,Indications and Usage,moderate,ExpertC,"PTSD, as defined by DSM-III-R/IV, requires exposure to a traumatic event that involved actual or threatened death or serious injury, or threat to the physical integrity of self or others, and a response which involves intense fear, helplessness, or horror.",concomitant medications: 120 ACTUAT Fluticasone propionate 0.044 MG/ACTUAT Metered Dose Inhaler; NDA020503 200 ACTUAT Albuterol 0.09 MG/ACTUAT Metered Dose Inhaler,,0.0,0.0,0.0,0.0,0.0,0.0,0.0,0.0,0.0,0.0,1.0,0.30833333333333335
PUB-0823,9af95b384dff65eb,00179766-980b-44b0-99d3-1fee2bb27e37,SERTRALINE HYDROCHLORIDE,Indications and Usage,moderate,ExpertC,"PTSD, as defined by DSM-III-R/IV, requires exposure to a traumatic event that involved actual or threatened death or serious injury, or threat to the physical integrity of self or others, and a response which involves intense fear, helplessness, or horror.",concomitant medications: 120 ACTUAT Fluticasone propionate 0.044 MG/ACTUAT Metered Dose Inhaler; NDA020503 200 ACTUAT Albuterol 0.09 MG/ACTUAT Metered Dose Inhaler,,0.0,0.0,0.0,0.0,0.0,0.0,0.0,0.0,0.0,0.0,1.0,0.30833333333333335
PUB-0824,9af95b384dff65eb,00179766-980b-44b0-99d3-1fee2bb27e37,SERTRALINE HYDROCHLORIDE,Indications and Usage,moderate,ExpertC,"PTSD, as defined by DSM-III-R/IV, requires exposure to a traumatic event that involved actual or threatened death or serious injury, or threat to the physical integrity of self or others, and a response which involves intense fear, helplessness, or horror.",concomitant medications: Penicillin V Potassium 500 MG Oral Tablet; Yaz 28 Day Pack,,0.0,0.0,0.0,0.0,0.0,0.0,0.0,0.0,0.0,0.0,1.0,0.30833333333333335
PUB-0825,1620d21013561181,00327696-c496-4c83-a63e-9e29fd6246d4,ONDANSETRON HYDROCHLORIDE,Special Populations,moderate,ExpertC,"Reproductive studies in rats and rabbits did not show evidence of harm to the fetus when ondansetron was administered during organogenesis at approximately 6 and 24 times the maximum recommended human oral dose of 24 mg/day, based on body surface area (BSA), respectively ( see Data ).",concomitant medications: Atenolol 50 MG / Chlorthalidone 25 MG Oral Tablet; Atenolol 50 MG / Chlorthalidone 25 MG Oral Tablet,,1.0,1.0,1.0,0.0,0.04081632653061224,1.0,0.0,0.0,0.0,0.0,0.4166666666666667,0.35
PUB-0826,1620d21013561181,00327696-c496-4c83-a63e-9e29fd6246d4,ONDANSETRON HYDROCHLORIDE,Special Populations,moderate,ExpertC,"Reproductive studies in rats and rabbits did not show evidence of harm to the fetus when ondansetron was administered during organogenesis at approximately 6 and 24 times the maximum recommended human oral dose of 24 mg/day, based on body surface area (BSA), respectively ( see Data ).",concomitant medications: Atenolol 50 MG / Chlorthalidone 25 MG Oral Tablet; Atenolol 50 MG / Chlorthalidone 25 MG Oral Tablet,,1.0,1.0,1.0,0.0,0.04081632653061224,1.0,0.0,0.0,0.0,0.0,0.4166666666666667,0.35
PUB-0827,1620d21013561181,00327696-c496-4c83-a63e-9e29fd6246d4,ONDANSETRON HYDROCHLORIDE,Special Populations,moderate,ExpertC,"Reproductive studies in rats and rabbits did not show evidence of harm to the fetus when ondansetron was administered during organogenesis at approximately 6 and 24 times the maximum recommended human oral dose of 24 mg/day, based on body surface area (BSA), respectively ( see Data ).",concomitant medications: Atenolol 50 MG / Chlorthalidone 25 MG Oral Tablet; Atenolol 50 MG / Chlorthalidone 25 MG Oral Tablet,,1.0,1.0,1.0,0.0,0.04081632653061224,1.0,0.0,0.0,0.0,0.0,0.4166666666666667,0.35
PUB-0828,1620d21013561181,00327696-c496-4c83-a63e-9e29fd6246d4,ONDANSETRON HYDROCHLORIDE,Special Populations,moderate,ExpertC,"Reproductive studies in rats and rabbits did not show evidence of harm to the fetus when ondansetron was administered during organogenesis at approximately 6 and 24 times the maximum recommended human oral dose of 24 mg/day, based on body surface area (BSA), respectively ( see Data ).",concomitant medications: Atenolol 50 MG / Chlorthalidone 25 MG Oral Tablet; Atenolol 50 MG / Chlorthalidone 25 MG Oral Tablet,,1.0,1.0,1.0,0.0,0.04081632653061224,1.0,0.0,0.0,0.0,0.0,0.4166666666666667,0.35
PUB-0829,1130f21740427fa7,0031881b-5118-4514-846f-e57cf7cb8b67,unknown,Drug Interactions,high,ExpertC,"Drug Interactions Many drugs affect thyroid hormone pharmacokinetics and metabolism (e.g., absorption, synthesis, secretion, catabolism, protein binding, and target tissue response) and may alter the therapeutic response to Levothyroxine Sodium Tablets, USP.",concomitant medications: 60 ACTUAT Fluticasone propionate 0.25 MG/ACTUAT / salmeterol 0.05 MG/ACTUAT Dry Powder Inhaler; Simvastatin 10 MG Oral Tablet,,0.0,0.0,1.0,0.0,0.0,0.0,1.0,0.0,0.0,1.0,0.9166666666666666,0.25
PUB-0830,1130f21740427fa7,0031881b-5118-4514-846f-e57cf7cb8b67,unknown,Drug Interactions,high,ExpertC,"Drug Interactions Many drugs affect thyroid hormone pharmacokinetics and metabolism (e.g., absorption, synthesis, secretion, catabolism, protein binding, and target tissue response) and may alter the therapeutic response to Levothyroxine Sodium Tablets, USP.",concomitant medications: 60 ACTUAT Fluticasone propionate 0.25 MG/ACTUAT / salmeterol 0.05 MG/ACTUAT Dry Powder Inhaler; amLODIPine 5 MG / Hydrochlorothiazide 12.5 MG / Olmesartan medoxomil 20 MG Oral Tablet,,0.0,0.0,1.0,0.0,0.0,0.0,1.0,0.0,0.0,1.0,0.9166666666666666,0.25
PUB-0831,1130f21740427fa7,0031881b-5118-4514-846f-e57cf7cb8b67,unknown,Drug Interactions,high,ExpertC,"Drug Interactions Many drugs affect thyroid hormone pharmacokinetics and metabolism (e.g., absorption, synthesis, secretion, catabolism, protein binding, and target tissue response) and may alter the therapeutic response to Levothyroxine Sodium Tablets, USP.",concomitant medications: amLODIPine 5 MG / Hydrochlorothiazide 12.5 MG / Olmesartan medoxomil 20 MG Oral Tablet; amLODIPine 5 MG / Hydrochlorothiazide 12.5 MG / Olmesartan medoxomil 20 MG Oral Tablet,,0.0,0.0,1.0,0.0,0.0,0.0,1.0,0.0,0.0,1.0,0.9166666666666666,0.25
PUB-0832,1130f21740427fa7,0031881b-5118-4514-846f-e57cf7cb8b67,unknown,Drug Interactions,high,ExpertC,"Drug Interactions Many drugs affect thyroid hormone pharmacokinetics and metabolism (e.g., absorption, synthesis, secretion, catabolism, protein binding, and target tissue response) and may alter the therapeutic response to Levothyroxine Sodium Tablets, USP.",concomitant medications: amLODIPine 5 MG / Hydrochlorothiazide 12.5 MG / Olmesartan medoxomil 20 MG Oral Tablet; amLODIPine 5 MG / Hydrochlorothiazide 12.5 MG / Olmesartan medoxomil 20 MG Oral Tablet,,0.0,0.0,1.0,0.0,0.0,0.0,1.0,0.0,0.0,1.0,0.9166666666666666,0.25
PUB-0833,8bd7b5d765b81d80,00038c95-b2c8-4245-b671-6af177b3a00e,unknown,Drug Interactions,high,ExpertC,Spontaneous reports in the post-marketing period suggest that concomitant administration of clarithromycin and oral anticoagulants may potentiate the effects of the oral anticoagulants.,concomitant medications: PACLitaxel 100 MG Injection; insulin human  isophane 70 UNT/ML / Regular Insulin  Human 30 UNT/ML Injectable Suspension [Humulin],,0.0,0.0,0.0,0.0,0.02857142857142857,0.0,1.0,0.0,0.0,1.0,0.16666666666666666,0.15833333333333333
PUB-0834,8bd7b5d765b81d80,00038c95-b2c8-4245-b671-6af177b3a00e,unknown,Drug Interactions,high,ExpertC,Spontaneous reports in the post-marketing period suggest that concomitant administration of clarithromycin and oral anticoagulants may potentiate the effects of the oral anticoagulants.,concomitant medications: amLODIPine 5 MG / Hydrochlorothiazide 12.5 MG / Olmesartan medoxomil 20 MG Oral Tablet; insulin human  isophane 70 UNT/ML / Regular Insulin  Human 30 UNT/ML Injectable Suspension [Humulin],,0.0,0.0,0.0,0.0,0.05,0.0,1.0,0.0,0.0,1.0,0.16666666666666666,0.15833333333333333
PUB-0835,8bd7b5d765b81d80,00038c95-b2c8-4245-b671-6af177b3a00e,unknown,Drug Interactions,high,ExpertC,Spontaneous reports in the post-marketing period suggest that concomitant administration of clarithromycin and oral anticoagulants may potentiate the effects of the oral anticoagulants.,concomitant medications: amLODIPine 5 MG / Hydrochlorothiazide 12.5 MG / Olmesartan medoxomil 20 MG Oral Tablet; Cisplatin 50 MG Injection,,0.0,0.0,0.0,0.0,0.0625,0.0,1.0,0.0,0.0,1.0,0.16666666666666666,0.15833333333333333
PUB-0836,8bd7b5d765b81d80,00038c95-b2c8-4245-b671-6af177b3a00e,unknown,Drug Interactions,high,ExpertC,Spontaneous reports in the post-marketing period suggest that concomitant administration of clarithromycin and oral anticoagulants may potentiate the effects of the oral anticoagulants.,concomitant medications: PACLitaxel 100 MG Injection; Cisplatin 50 MG Injection,,0.0,0.0,0.0,0.0,0.038461538461538464,0.0,1.0,0.0,0.0,1.0,0.16666666666666666,0.15833333333333333
PUB-0837,d9c65a4cf66435c3,000155a8-709c-44e5-a75f-cd890f3a7caf,NAPROXEN,Special Populations,moderate,ExpertC,"In animal studies, NSAIDS, including naproxen, inhibit prostaglandin synthesis, cause delayed parturition, and increase the incidence of stillbirth.",concomitant medications: Simvastatin 10 MG Oral Tablet; Hydrochlorothiazide 12.5 MG,,0.0,0.0,0.0,0.0,0.0,0.0,0.0,0.0,0.0,0.0,0.5833333333333334,0.15
PUB-0838,d9c65a4cf66435c3,000155a8-709c-44e5-a75f-cd890f3a7caf,NAPROXEN,Special Populations,moderate,ExpertC,"In animal studies, NSAIDS, including naproxen, inhibit prostaglandin synthesis, cause delayed parturition, and increase the incidence of stillbirth.",concomitant medications: Simvastatin 10 MG Oral Tablet; Hydrochlorothiazide 12.5 MG,,0.0,0.0,0.0,0.0,0.0,0.0,0.0,0.0,0.0,0.0,0.5833333333333334,0.15
PUB-0839,d9c65a4cf66435c3,000155a8-709c-44e5-a75f-cd890f3a7caf,NAPROXEN,Special Populations,moderate,ExpertC,"In animal studies, NSAIDS, including naproxen, inhibit prostaglandin synthesis, cause delayed parturition, and increase the incidence of stillbirth.",concomitant medications: Simvastatin 10 MG Oral Tablet; Hydrochlorothiazide 12.5 MG,,0.0,0.0,0.0,0.0,0.0,0.0,0.0,0.0,0.0,0.0,0.5833333333333334,0.15
PUB-0840,d9c65a4cf66435c3,000155a8-709c-44e5-a75f-cd890f3a7caf,NAPROXEN,Special Populations,moderate,ExpertC,"In animal studies, NSAIDS, including naproxen, inhibit prostaglandin synthesis, cause delayed parturition, and increase the incidence of stillbirth.",concomitant medications: Simvastatin 10 MG Oral Tablet; Hydrochlorothiazide 12.5 MG,,0.0,0.0,0.0,0.0,0.0,0.0,0.0,0.0,0.0,0.0,0.5833333333333334,0.15
PUB-0841,e50b730b3dd85e55,00309724-5ac7-4e6a-91e2-16087c83402c,unknown,Drug Interactions,high,ExpertC,"The co-administration of alcohol (i.e., ethanol) with olanzapine potentiated the orthostatic hypotension observed with olanzapine [see Drug Interactions ( 7.2 )] .",concomitant medications: insulin human  isophane 70 UNT/ML / Regular Insulin  Human 30 UNT/ML Injectable Suspension [Humulin]; insulin human  isophane 70 UNT/ML / Regular Insulin  Human 30 UNT/ML Injectable Suspension [Humulin],,1.0,0.0,0.0,0.0,0.0,0.0,1.0,0.0,0.0,1.0,0.16666666666666666,0.15833333333333333
PUB-0842,e50b730b3dd85e55,00309724-5ac7-4e6a-91e2-16087c83402c,unknown,Drug Interactions,high,ExpertC,"The co-administration of alcohol (i.e., ethanol) with olanzapine potentiated the orthostatic hypotension observed with olanzapine [see Drug Interactions ( 7.2 )] .",concomitant medications: insulin human  isophane 70 UNT/ML / Regular Insulin  Human 30 UNT/ML Injectable Suspension [Humulin]; insulin human  isophane 70 UNT/ML / Regular Insulin  Human 30 UNT/ML Injectable Suspension [Humulin],,1.0,0.0,0.0,0.0,0.0,0.0,1.0,0.0,0.0,1.0,0.16666666666666666,0.15833333333333333
PUB-0843,e50b730b3dd85e55,00309724-5ac7-4e6a-91e2-16087c83402c,unknown,Drug Interactions,high,ExpertC,"The co-administration of alcohol (i.e., ethanol) with olanzapine potentiated the orthostatic hypotension observed with olanzapine [see Drug Interactions ( 7.2 )] .",concomitant medications: Simvastatin 10 MG Oral Tablet; insulin human  isophane 70 UNT/ML / Regular Insulin  Human 30 UNT/ML Injectable Suspension [Humulin],,1.0,0.0,0.0,0.0,0.0,0.0,1.0,0.0,0.0,1.0,0.16666666666666666,0.15833333333333333
PUB-0844,e50b730b3dd85e55,00309724-5ac7-4e6a-91e2-16087c83402c,unknown,Drug Interactions,high,ExpertC,"The co-administration of alcohol (i.e., ethanol) with olanzapine potentiated the orthostatic hypotension observed with olanzapine [see Drug Interactions ( 7.2 )] .",concomitant medications: insulin human  isophane 70 UNT/ML / Regular Insulin  Human 30 UNT/ML Injectable Suspension [Humulin]; insulin human  isophane 70 UNT/ML / Regular Insulin  Human 30 UNT/ML Injectable Suspension [Humulin],,1.0,0.0,0.0,0.0,0.0,0.0,1.0,0.0,0.0,1.0,0.16666666666666666,0.15833333333333333
PUB-0845,1e1c8eec22259ae4,0033cd30-0d55-4aed-afc7-ad57f46e3e17,unknown,Drug Interactions,high,ExpertC,"For patients taking warfarin, carefully monitor the international normalized ratio [see Warnings and Precautions ( 5.5 )].",concomitant medications: Hydrochlorothiazide 12.5 MG; Hydrochlorothiazide 12.5 MG,,1.0,0.0,0.0,0.0,0.05,0.0,1.0,0.0,0.0,1.0,0.25,0.125
PUB-0846,1e1c8eec22259ae4,0033cd30-0d55-4aed-afc7-ad57f46e3e17,unknown,Drug Interactions,high,ExpertC,"For patients taking warfarin, carefully monitor the international normalized ratio [see Warnings and Precautions ( 5.5 )].",concomitant medications: Hydrochlorothiazide 12.5 MG; Hydrochlorothiazide 12.5 MG,,1.0,0.0,0.0,0.0,0.05,0.0,1.0,0.0,0.0,1.0,0.25,0.125
PUB-0847,1e1c8eec22259ae4,0033cd30-0d55-4aed-afc7-ad57f46e3e17,unknown,Drug Interactions,high,ExpertC,"For patients taking warfarin, carefully monitor the international normalized ratio [see Warnings and Precautions ( 5.5 )].",concomitant medications: Hydrochlorothiazide 12.5 MG; Hydrochlorothiazide 12.5 MG,,1.0,0.0,0.0,0.0,0.05,0.0,1.0,0.0,0.0,1.0,0.25,0.125
PUB-0848,1e1c8eec22259ae4,0033cd30-0d55-4aed-afc7-ad57f46e3e17,unknown,Drug Interactions,high,ExpertC,"For patients taking warfarin, carefully monitor the international normalized ratio [see Warnings and Precautions ( 5.5 )].",concomitant medications: Hydrochlorothiazide 12.5 MG; Hydrochlorothiazide 12.5 MG,,1.0,0.0,0.0,0.0,0.05,0.0,1.0,0.0,0.0,1.0,0.25,0.125
PUB-0849,23d02998b0951101,00125d63-d8d0-46c5-bdf1-80d2c85eda5a,ETODOLAC,Drug Interactions,high,ExpertC,"Diagnostic dip-stick methodology, used to detect ketone bodies in urine, has resulted in false-positive findings in some patients treated with etodolac.",concomitant medications: insulin human  isophane 70 UNT/ML / Regular Insulin  Human 30 UNT/ML Injectable Suspension [Humulin]; 1 ML Epoetin Alfa 4000 UNT/ML Injection [Epogen],,0.0,0.0,0.0,0.0,0.0,0.0,1.0,0.0,0.0,1.0,0.25,0.175
PUB-0850,23d02998b0951101,00125d63-d8d0-46c5-bdf1-80d2c85eda5a,ETODOLAC,Drug Interactions,high,ExpertC,"Diagnostic dip-stick methodology, used to detect ketone bodies in urine, has resulted in false-positive findings in some patients treated with etodolac.",concomitant medications: 1 ML Epoetin Alfa 4000 UNT/ML Injection [Epogen]; 1 ML Epoetin Alfa 4000 UNT/ML Injection [Epogen],,0.0,0.0,0.0,0.0,0.0,0.0,1.0,0.0,0.0,1.0,0.25,0.175
PUB-0851,23d02998b0951101,00125d63-d8d0-46c5-bdf1-80d2c85eda5a,ETODOLAC,Drug Interactions,high,ExpertC,"Diagnostic dip-stick methodology, used to detect ketone bodies in urine, has resulted in false-positive findings in some patients treated with etodolac.",concomitant medications: 1 ML Epoetin Alfa 4000 UNT/ML Injection [Epogen]; 1 ML Epoetin Alfa 4000 UNT/ML Injection [Epogen],,0.0,0.0,0.0,0.0,0.0,0.0,1.0,0.0,0.0,1.0,0.25,0.175
PUB-0852,23d02998b0951101,00125d63-d8d0-46c5-bdf1-80d2c85eda5a,ETODOLAC,Drug Interactions,high,ExpertC,"Diagnostic dip-stick methodology, used to detect ketone bodies in urine, has resulted in false-positive findings in some patients treated with etodolac.",concomitant medications: 1 ML Epoetin Alfa 4000 UNT/ML Injection [Epogen]; 1 ML Epoetin Alfa 4000 UNT/ML Injection [Epogen],,0.0,0.0,0.0,0.0,0.0,0.0,1.0,0.0,0.0,1.0,0.25,0.175
PUB-0853,95b4c0a9fda92392,0033cd30-0d55-4aed-afc7-ad57f46e3e17,unknown,Drug Interactions,high,ExpertC,"Table 9: Clinically Significant Drug Interactions with Paroxetine Monoamine Oxidase Inhibitors (MAOIs) Clinical Impact The concomitant use of SSRIs, including paroxetine, and MAOIs increases the risk of serotonin syndrome.",concomitant medications: Natazia 28 Day Pack; Yaz 28 Day Pack,,1.0,0.0,0.0,0.0,0.03225806451612903,0.0,1.0,0.0,0.0,1.0,0.4166666666666667,0.20833333333333334
PUB-0854,95b4c0a9fda92392,0033cd30-0d55-4aed-afc7-ad57f46e3e17,unknown,Drug Interactions,high,ExpertC,"Table 9: Clinically Significant Drug Interactions with Paroxetine Monoamine Oxidase Inhibitors (MAOIs) Clinical Impact The concomitant use of SSRIs, including paroxetine, and MAOIs increases the risk of serotonin syndrome.",concomitant medications: Etonogestrel 68 MG Drug Implant; Trinessa 28 Day Pack,,1.0,0.0,0.0,0.0,0.058823529411764705,0.0,1.0,0.0,0.0,1.0,0.4166666666666667,0.20833333333333334
PUB-0855,95b4c0a9fda92392,0033cd30-0d55-4aed-afc7-ad57f46e3e17,unknown,Drug Interactions,high,ExpertC,"Table 9: Clinically Significant Drug Interactions with Paroxetine Monoamine Oxidase Inhibitors (MAOIs) Clinical Impact The concomitant use of SSRIs, including paroxetine, and MAOIs increases the risk of serotonin syndrome.",concomitant medications: amLODIPine 5 MG / Hydrochlorothiazide 12.5 MG / Olmesartan medoxomil 20 MG Oral Tablet; amLODIPine 5 MG / Hydrochlorothiazide 12.5 MG / Olmesartan medoxomil 20 MG Oral Tablet,,1.0,0.0,0.0,0.0,0.027777777777777776,0.0,1.0,0.0,0.0,1.0,0.4166666666666667,0.20833333333333334
PUB-0856,95b4c0a9fda92392,0033cd30-0d55-4aed-afc7-ad57f46e3e17,unknown,Drug Interactions,high,ExpertC,"Table 9: Clinically Significant Drug Interactions with Paroxetine Monoamine Oxidase Inhibitors (MAOIs) Clinical Impact The concomitant use of SSRIs, including paroxetine, and MAOIs increases the risk of serotonin syndrome.",concomitant medications: amLODIPine 5 MG / Hydrochlorothiazide 12.5 MG / Olmesartan medoxomil 20 MG Oral Tablet; amLODIPine 5 MG / Hydrochlorothiazide 12.5 MG / Olmesartan medoxomil 20 MG Oral Tablet,,1.0,0.0,0.0,0.0,0.027777777777777776,0.0,1.0,0.0,0.0,1.0,0.4166666666666667,0.20833333333333334
PUB-0857,88a1c1c1c955ad37,0031ce9c-cb49-433a-aa74-8d20ca0563c0,unknown,Warnings and Precautions,high,ExpertC,"Diabetes and Hypoglycemia Beta-adrenergic blockade may prevent the appearance of premonitory signs and symptoms (e.g., tachycardia and blood pressure changes) of acute hypoglycemia.",concomitant medications: PACLitaxel 100 MG Injection; Cisplatin 50 MG Injection,,0.0,0.0,1.0,0.0,0.0,0.0,0.0,0.0,0.0,1.0,0.4166666666666667,0.175
PUB-0858,88a1c1c1c955ad37,0031ce9c-cb49-433a-aa74-8d20ca0563c0,unknown,Warnings and Precautions,high,ExpertC,"Diabetes and Hypoglycemia Beta-adrenergic blockade may prevent the appearance of premonitory signs and symptoms (e.g., tachycardia and blood pressure changes) of acute hypoglycemia.",concomitant medications: PACLitaxel 100 MG Injection; Cisplatin 50 MG Injection,,0.0,0.0,1.0,0.0,0.0,0.0,0.0,0.0,0.0,1.0,0.4166666666666667,0.175
PUB-0859,88a1c1c1c955ad37,0031ce9c-cb49-433a-aa74-8d20ca0563c0,unknown,Warnings and Precautions,high,ExpertC,"Diabetes and Hypoglycemia Beta-adrenergic blockade may prevent the appearance of premonitory signs and symptoms (e.g., tachycardia and blood pressure changes) of acute hypoglycemia.",concomitant medications: PACLitaxel 100 MG Injection; Cisplatin 50 MG Injection,,0.0,0.0,1.0,0.0,0.0,0.0,0.0,0.0,0.0,1.0,0.4166666666666667,0.175
PUB-0860,88a1c1c1c955ad37,0031ce9c-cb49-433a-aa74-8d20ca0563c0,unknown,Warnings and Precautions,high,ExpertC,"Diabetes and Hypoglycemia Beta-adrenergic blockade may prevent the appearance of premonitory signs and symptoms (e.g., tachycardia and blood pressure changes) of acute hypoglycemia.",concomitant medications: PACLitaxel 100 MG Injection; Cisplatin 50 MG Injection,,0.0,0.0,1.0,0.0,0.0,0.0,0.0,0.0,0.0,1.0,0.4166666666666667,0.175
PUB-0861,63b84ec508ad82ed,000b5b37-3873-4007-b3be-ad99a9904bed,unknown,Warnings and Precautions,high,ExpertC,"Gastrointestinal (GI) Effects - Risk of GI Ulceration, Bleeding, and Perforation NSAIDs, including etodolac, can cause serious gastrointestinal (GI) adverse events including inflammation, bleeding, ulceration, and perforation of the stomach, small intestine or large intestine, which can be fatal.",concomitant medications: 24 HR Metformin hydrochloride 500 MG Extended Release Oral Tablet; Hydrochlorothiazide 25 MG Oral Tablet,,0.0,0.0,0.0,0.0,0.0,0.0,0.0,0.0,0.0,1.0,1.0,0.225
PUB-0862,63b84ec508ad82ed,000b5b37-3873-4007-b3be-ad99a9904bed,unknown,Warnings and Precautions,high,ExpertC,"Gastrointestinal (GI) Effects - Risk of GI Ulceration, Bleeding, and Perforation NSAIDs, including etodolac, can cause serious gastrointestinal (GI) adverse events including inflammation, bleeding, ulceration, and perforation of the stomach, small intestine or large intestine, which can be fatal.",concomitant medications: Nitroglycerin 0.4 MG/ACTUAT Mucosal Spray; 24 HR Metformin hydrochloride 500 MG Extended Release Oral Tablet,,0.0,0.0,0.0,0.0,0.0,0.0,0.0,0.0,0.0,1.0,1.0,0.225
PUB-0863,63b84ec508ad82ed,000b5b37-3873-4007-b3be-ad99a9904bed,unknown,Warnings and Precautions,high,ExpertC,"Gastrointestinal (GI) Effects - Risk of GI Ulceration, Bleeding, and Perforation NSAIDs, including etodolac, can cause serious gastrointestinal (GI) adverse events including inflammation, bleeding, ulceration, and perforation of the stomach, small intestine or large intestine, which can be fatal.",concomitant medications: Hydrochlorothiazide 25 MG Oral Tablet; Nitroglycerin 0.4 MG/ACTUAT Mucosal Spray,,0.0,0.0,0.0,0.0,0.0,0.0,0.0,0.0,0.0,1.0,1.0,0.225
PUB-0864,63b84ec508ad82ed,000b5b37-3873-4007-b3be-ad99a9904bed,unknown,Warnings and Precautions,high,ExpertC,"Gastrointestinal (GI) Effects - Risk of GI Ulceration, Bleeding, and Perforation NSAIDs, including etodolac, can cause serious gastrointestinal (GI) adverse events including inflammation, bleeding, ulceration, and perforation of the stomach, small intestine or large intestine, which can be fatal.",concomitant medications: 24 HR Metformin hydrochloride 500 MG Extended Release Oral Tablet; Hydrochlorothiazide 25 MG Oral Tablet,,0.0,0.0,0.0,0.0,0.0,0.0,0.0,0.0,0.0,1.0,1.0,0.225
PUB-0865,b96aad697059f359,0003458f-352a-46fa-9d99-230daa76ae29,GLIMEPIRIDE,Special Populations,moderate,ExpertC,Both treatment-naïve patients (those treated with only diet and exercise for at least 2 weeks prior to randomization) and previously treated patients (those previously treated or currently treated with other oral antidiabetic medications for at least 3 months) were eligible to participate.,concomitant medications: Simvastatin 10 MG Oral Tablet; Simvastatin 10 MG Oral Tablet,,1.0,1.0,1.0,0.0,0.05405405405405406,0.0,0.0,0.0,0.0,0.0,0.3333333333333333,0.26666666666666666
PUB-0866,b96aad697059f359,0003458f-352a-46fa-9d99-230daa76ae29,GLIMEPIRIDE,Special Populations,moderate,ExpertC,Both treatment-naïve patients (those treated with only diet and exercise for at least 2 weeks prior to randomization) and previously treated patients (those previously treated or currently treated with other oral antidiabetic medications for at least 3 months) were eligible to participate.,concomitant medications: Simvastatin 10 MG Oral Tablet; Simvastatin 10 MG Oral Tablet,,1.0,1.0,1.0,0.0,0.05405405405405406,0.0,0.0,0.0,0.0,0.0,0.3333333333333333,0.26666666666666666
PUB-0867,b96aad697059f359,0003458f-352a-46fa-9d99-230daa76ae29,GLIMEPIRIDE,Special Populations,moderate,ExpertC,Both treatment-naïve patients (those treated with only diet and exercise for at least 2 weeks prior to randomization) and previously treated patients (those previously treated or currently treated with other oral antidiabetic medications for at least 3 months) were eligible to participate.,concomitant medications: Simvastatin 10 MG Oral Tablet; Simvastatin 10 MG Oral Tablet,,1.0,1.0,1.0,0.0,0.05405405405405406,0.0,0.0,0.0,0.0,0.0,0.3333333333333333,0.26666666666666666
PUB-0868,b96aad697059f359,0003458f-352a-46fa-9d99-230daa76ae29,GLIMEPIRIDE,Special Populations,moderate,ExpertC,Both treatment-naïve patients (those treated with only diet and exercise for at least 2 weeks prior to randomization) and previously treated patients (those previously treated or currently treated with other oral antidiabetic medications for at least 3 months) were eligible to participate.,concomitant medications: Simvastatin 10 MG Oral Tablet; Simvastatin 10 MG Oral Tablet,,1.0,1.0,1.0,0.0,0.05405405405405406,0.0,0.0,0.0,0.0,0.0,0.3333333333333333,0.26666666666666666
PUB-0869,2dda3f01078fb86e,00097e78-9c04-4e62-8260-ddb50e9a6a93,TAMSULOSIN HYDROCHLORIDE,Drug Interactions,high,ExpertC,"7 DRUG INTERACTIONS • Tamsulosin hydrochloride capsules 0.4 mg should not be used with strong inhibitors of CYP3A4 (e.g., ketoconazole).",concomitant medications: Simvastatin 20 MG Oral Tablet; Amlodipine 5 MG Oral Tablet,,1.0,0.0,1.0,0.0,0.034482758620689655,1.0,1.0,0.0,0.0,1.0,0.16666666666666666,0.175
PUB-0870,2dda3f01078fb86e,00097e78-9c04-4e62-8260-ddb50e9a6a93,TAMSULOSIN HYDROCHLORIDE,Drug Interactions,high,ExpertC,"7 DRUG INTERACTIONS • Tamsulosin hydrochloride capsules 0.4 mg should not be used with strong inhibitors of CYP3A4 (e.g., ketoconazole).",concomitant medications: Clopidogrel 75 MG Oral Tablet; Nitroglycerin 0.4 MG/ACTUAT Mucosal Spray,,1.0,0.0,1.0,0.0,0.0967741935483871,1.0,1.0,0.0,0.0,1.0,0.16666666666666666,0.175
PUB-0871,2dda3f01078fb86e,00097e78-9c04-4e62-8260-ddb50e9a6a93,TAMSULOSIN HYDROCHLORIDE,Drug Interactions,high,ExpertC,"7 DRUG INTERACTIONS • Tamsulosin hydrochloride capsules 0.4 mg should not be used with strong inhibitors of CYP3A4 (e.g., ketoconazole).",concomitant medications: Simvastatin 20 MG Oral Tablet; Amlodipine 5 MG Oral Tablet,,1.0,0.0,1.0,0.0,0.034482758620689655,1.0,1.0,0.0,0.0,1.0,0.16666666666666666,0.175
PUB-0872,2dda3f01078fb86e,00097e78-9c04-4e62-8260-ddb50e9a6a93,TAMSULOSIN HYDROCHLORIDE,Drug Interactions,high,ExpertC,"7 DRUG INTERACTIONS • Tamsulosin hydrochloride capsules 0.4 mg should not be used with strong inhibitors of CYP3A4 (e.g., ketoconazole).",concomitant medications: Clopidogrel 75 MG Oral Tablet; Nitroglycerin 0.4 MG/ACTUAT Mucosal Spray,,1.0,0.0,1.0,0.0,0.0967741935483871,1.0,1.0,0.0,0.0,1.0,0.16666666666666666,0.175
PUB-0873,85ebccf84486796d,0027d6f9-4490-4c72-a006-dcbe5bd98990,unknown,Indications and Usage,moderate,ExpertC,"INDICATIONS AND USAGE Phenazopyridine HCl is indicated for the symptomatic relief of pain, burning, urgency, frequency, and other discomforts arising from irritation of the lower urinary tract mucosa caused by infection, trauma, surgery, endoscopic procedures, or the passage of sounds or catheters.",concomitant medications: insulin human  isophane 70 UNT/ML / Regular Insulin  Human 30 UNT/ML Injectable Suspension [Humulin]; Hydrochlorothiazide 12.5 MG,,0.0,0.0,0.0,0.0,0.0,0.0,0.0,0.0,0.0,0.0,1.0,0.3
PUB-0874,85ebccf84486796d,0027d6f9-4490-4c72-a006-dcbe5bd98990,unknown,Indications and Usage,moderate,ExpertC,"INDICATIONS AND USAGE Phenazopyridine HCl is indicated for the symptomatic relief of pain, burning, urgency, frequency, and other discomforts arising from irritation of the lower urinary tract mucosa caused by infection, trauma, surgery, endoscopic procedures, or the passage of sounds or catheters.",concomitant medications: insulin human  isophane 70 UNT/ML / Regular Insulin  Human 30 UNT/ML Injectable Suspension [Humulin]; Hydrochlorothiazide 12.5 MG,,0.0,0.0,0.0,0.0,0.0,0.0,0.0,0.0,0.0,0.0,1.0,0.3
PUB-0875,85ebccf84486796d,0027d6f9-4490-4c72-a006-dcbe5bd98990,unknown,Indications and Usage,moderate,ExpertC,"INDICATIONS AND USAGE Phenazopyridine HCl is indicated for the symptomatic relief of pain, burning, urgency, frequency, and other discomforts arising from irritation of the lower urinary tract mucosa caused by infection, trauma, surgery, endoscopic procedures, or the passage of sounds or catheters.",concomitant medications: insulin human  isophane 70 UNT/ML / Regular Insulin  Human 30 UNT/ML Injectable Suspension [Humulin]; Hydrochlorothiazide 12.5 MG,,0.0,0.0,0.0,0.0,0.0,0.0,0.0,0.0,0.0,0.0,1.0,0.3
PUB-0876,85ebccf84486796d,0027d6f9-4490-4c72-a006-dcbe5bd98990,unknown,Indications and Usage,moderate,ExpertC,"INDICATIONS AND USAGE Phenazopyridine HCl is indicated for the symptomatic relief of pain, burning, urgency, frequency, and other discomforts arising from irritation of the lower urinary tract mucosa caused by infection, trauma, surgery, endoscopic procedures, or the passage of sounds or catheters.",concomitant medications: insulin human  isophane 70 UNT/ML / Regular Insulin  Human 30 UNT/ML Injectable Suspension [Humulin]; Hydrochlorothiazide 12.5 MG,,0.0,0.0,0.0,0.0,0.0,0.0,0.0,0.0,0.0,0.0,1.0,0.3
PUB-0877,e1b9b5dab15ea4a1,002e3d65-894e-4778-8945-01e71e29e288,unknown,Indications and Usage,moderate,ExpertC,"Urinary Tract Infections: For the treatment of urinary tract infections due to susceptible strains of the following organisms: Escherichia coli, Klebsiella species, Enterobacter species, Morganella morganii, Proteus mirabilis and Proteus vulgaris .",concomitant medications: Amoxicillin 250 MG / Clavulanate 125 MG Oral Tablet; Acetaminophen 325 MG Oral Tablet,,0.0,0.0,0.0,0.0,0.0,0.0,0.0,0.0,0.0,0.0,0.6666666666666666,0.2
PUB-0878,e1b9b5dab15ea4a1,002e3d65-894e-4778-8945-01e71e29e288,unknown,Indications and Usage,moderate,ExpertC,"Urinary Tract Infections: For the treatment of urinary tract infections due to susceptible strains of the following organisms: Escherichia coli, Klebsiella species, Enterobacter species, Morganella morganii, Proteus mirabilis and Proteus vulgaris .",concomitant medications: Acetaminophen 325 MG Oral Tablet; Etonogestrel 68 MG Drug Implant,,0.0,0.0,0.0,0.0,0.0,0.0,0.0,0.0,0.0,0.0,0.6666666666666666,0.2
PUB-0879,e1b9b5dab15ea4a1,002e3d65-894e-4778-8945-01e71e29e288,unknown,Indications and Usage,moderate,ExpertC,"Urinary Tract Infections: For the treatment of urinary tract infections due to susceptible strains of the following organisms: Escherichia coli, Klebsiella species, Enterobacter species, Morganella morganii, Proteus mirabilis and Proteus vulgaris .",concomitant medications: Jolivette 28 Day Pack; Jolivette 28 Day Pack,,0.0,0.0,0.0,0.0,0.0,0.0,0.0,0.0,0.0,0.0,0.6666666666666666,0.2
PUB-0880,e1b9b5dab15ea4a1,002e3d65-894e-4778-8945-01e71e29e288,unknown,Indications and Usage,moderate,ExpertC,"Urinary Tract Infections: For the treatment of urinary tract infections due to susceptible strains of the following organisms: Escherichia coli, Klebsiella species, Enterobacter species, Morganella morganii, Proteus mirabilis and Proteus vulgaris .",concomitant medications: Jolivette 28 Day Pack; Jolivette 28 Day Pack,,0.0,0.0,0.0,0.0,0.0,0.0,0.0,0.0,0.0,0.0,0.6666666666666666,0.2
PUB-0881,49063597b18c0d93,0025eb89-590c-4451-8a06-b129686cf75a,unknown,Warnings and Precautions,high,ExpertC,It is especially important not to use aspirin during the last 3 months of pregnancy unless definitely directed to do so by a doctor because it may cause problems in the unborn child or complications during delivery .,concomitant medications: Acetaminophen/Hydrocodone; amLODIPine 5 MG / Hydrochlorothiazide 12.5 MG / Olmesartan medoxomil 20 MG Oral Tablet,,1.0,0.0,0.0,0.0,0.0,1.0,0.0,0.0,0.0,1.0,0.25,0.275
PUB-0882,49063597b18c0d93,0025eb89-590c-4451-8a06-b129686cf75a,unknown,Warnings and Precautions,high,ExpertC,It is especially important not to use aspirin during the last 3 months of pregnancy unless definitely directed to do so by a doctor because it may cause problems in the unborn child or complications during delivery .,concomitant medications: amLODIPine 5 MG / Hydrochlorothiazide 12.5 MG / Olmesartan medoxomil 20 MG Oral Tablet; amLODIPine 5 MG / Hydrochlorothiazide 12.5 MG / Olmesartan medoxomil 20 MG Oral Tablet,,1.0,0.0,0.0,0.0,0.0,1.0,0.0,0.0,0.0,1.0,0.25,0.275
PUB-0883,49063597b18c0d93,0025eb89-590c-4451-8a06-b129686cf75a,unknown,Warnings and Precautions,high,ExpertC,It is especially important not to use aspirin during the last 3 months of pregnancy unless definitely directed to do so by a doctor because it may cause problems in the unborn child or complications during delivery .,concomitant medications: amLODIPine 5 MG / Hydrochlorothiazide 12.5 MG / Olmesartan medoxomil 20 MG Oral Tablet; amLODIPine 5 MG / Hydrochlorothiazide 12.5 MG / Olmesartan medoxomil 20 MG Oral Tablet,,1.0,0.0,0.0,0.0,0.0,1.0,0.0,0.0,0.0,1.0,0.25,0.275
PUB-0884,49063597b18c0d93,0025eb89-590c-4451-8a06-b129686cf75a,unknown,Warnings and Precautions,high,ExpertC,It is especially important not to use aspirin during the last 3 months of pregnancy unless definitely directed to do so by a doctor because it may cause problems in the unborn child or complications during delivery .,concomitant medications: amLODIPine 5 MG / Hydrochlorothiazide 12.5 MG / Olmesartan medoxomil 20 MG Oral Tablet; amLODIPine 5 MG / Hydrochlorothiazide 12.5 MG / Olmesartan medoxomil 20 MG Oral Tablet,,1.0,0.0,0.0,0.0,0.0,1.0,0.0,0.0,0.0,1.0,0.25,0.275
PUB-0885,bf647a59e3919bd0,00307f42-748d-4227-8c6f-ed5f0a89ae0a,NITISINONE,Dosage and Administration,moderate,ExpertC,"For patients who have difficulty swallowing the capsules and who are intolerant to the oral suspension [see Warnings and Precautions ( 5.3 )] , the capsules may be opened and the contents suspended in a small amount of water, formula or apple sauce immediately before use.",concomitant medications: Atenolol 50 MG / Chlorthalidone 25 MG Oral Tablet; Atenolol 50 MG / Chlorthalidone 25 MG Oral Tablet,,1.0,0.0,0.0,0.0,0.022222222222222223,0.0,0.0,0.0,1.0,0.0,0.5833333333333334,0.30833333333333335
PUB-0886,bf647a59e3919bd0,00307f42-748d-4227-8c6f-ed5f0a89ae0a,NITISINONE,Dosage and Administration,moderate,ExpertC,"For patients who have difficulty swallowing the capsules and who are intolerant to the oral suspension [see Warnings and Precautions ( 5.3 )] , the capsules may be opened and the contents suspended in a small amount of water, formula or apple sauce immediately before use.",concomitant medications: Atenolol 50 MG / Chlorthalidone 25 MG Oral Tablet; Atenolol 50 MG / Chlorthalidone 25 MG Oral Tablet,,1.0,0.0,0.0,0.0,0.022222222222222223,0.0,0.0,0.0,1.0,0.0,0.5833333333333334,0.30833333333333335
PUB-0887,bf647a59e3919bd0,00307f42-748d-4227-8c6f-ed5f0a89ae0a,NITISINONE,Dosage and Administration,moderate,ExpertC,"For patients who have difficulty swallowing the capsules and who are intolerant to the oral suspension [see Warnings and Precautions ( 5.3 )] , the capsules may be opened and the contents suspended in a small amount of water, formula or apple sauce immediately before use.",concomitant medications: Atenolol 50 MG / Chlorthalidone 25 MG Oral Tablet; Atenolol 50 MG / Chlorthalidone 25 MG Oral Tablet,,1.0,0.0,0.0,0.0,0.022222222222222223,0.0,0.0,0.0,1.0,0.0,0.5833333333333334,0.30833333333333335
PUB-0888,bf647a59e3919bd0,00307f42-748d-4227-8c6f-ed5f0a89ae0a,NITISINONE,Dosage and Administration,moderate,ExpertC,"For patients who have difficulty swallowing the capsules and who are intolerant to the oral suspension [see Warnings and Precautions ( 5.3 )] , the capsules may be opened and the contents suspended in a small amount of water, formula or apple sauce immediately before use.",concomitant medications: Atenolol 50 MG / Chlorthalidone 25 MG Oral Tablet; Atenolol 50 MG / Chlorthalidone 25 MG Oral Tablet,,1.0,0.0,0.0,0.0,0.022222222222222223,0.0,0.0,0.0,1.0,0.0,0.5833333333333334,0.30833333333333335
PUB-0889,df9dc5b64247fe3c,0002ad27-779d-42ab-83b5-bc65453412a1,TRAMETINIB,Special Populations,moderate,ExpertC,8.4 Pediatric Use BRAF V600E Mutation-Positive Unresectable or Metastatic Solid Tumors and LGG The safety and effectiveness of MEKINIST in combination with dabrafenib have been established in pediatric patients 1 year of age and older with unresectable or metastatic solid tumors with BRAF V600E mutation who have progressed following prior treatment and have no satisfactory alternative treatment options; or with LGG with BRAF V600E mutation who require systemic therapy.,concomitant medications: 120 ACTUAT Fluticasone propionate 0.044 MG/ACTUAT Metered Dose Inhaler; NDA020503 200 ACTUAT Albuterol 0.09 MG/ACTUAT Metered Dose Inhaler,,1.0,0.0,1.0,0.0,0.0,1.0,0.0,0.0,0.0,0.0,0.75,0.36666666666666664
PUB-0890,df9dc5b64247fe3c,0002ad27-779d-42ab-83b5-bc65453412a1,TRAMETINIB,Special Populations,moderate,ExpertC,8.4 Pediatric Use BRAF V600E Mutation-Positive Unresectable or Metastatic Solid Tumors and LGG The safety and effectiveness of MEKINIST in combination with dabrafenib have been established in pediatric patients 1 year of age and older with unresectable or metastatic solid tumors with BRAF V600E mutation who have progressed following prior treatment and have no satisfactory alternative treatment options; or with LGG with BRAF V600E mutation who require systemic therapy.,concomitant medications: Amoxicillin 250 MG Oral Capsule; Acetaminophen 160 MG Chewable Tablet,,1.0,0.0,1.0,0.0,0.0,1.0,0.0,0.0,0.0,0.0,0.75,0.36666666666666664
PUB-0891,df9dc5b64247fe3c,0002ad27-779d-42ab-83b5-bc65453412a1,TRAMETINIB,Special Populations,moderate,ExpertC,8.4 Pediatric Use BRAF V600E Mutation-Positive Unresectable or Metastatic Solid Tumors and LGG The safety and effectiveness of MEKINIST in combination with dabrafenib have been established in pediatric patients 1 year of age and older with unresectable or metastatic solid tumors with BRAF V600E mutation who have progressed following prior treatment and have no satisfactory alternative treatment options; or with LGG with BRAF V600E mutation who require systemic therapy.,concomitant medications: 120 ACTUAT Fluticasone propionate 0.044 MG/ACTUAT Metered Dose Inhaler; NDA020503 200 ACTUAT Albuterol 0.09 MG/ACTUAT Metered Dose Inhaler,,1.0,0.0,1.0,0.0,0.0,1.0,0.0,0.0,0.0,0.0,0.75,0.36666666666666664
PUB-0892,df9dc5b64247fe3c,0002ad27-779d-42ab-83b5-bc65453412a1,TRAMETINIB,Special Populations,moderate,ExpertC,8.4 Pediatric Use BRAF V600E Mutation-Positive Unresectable or Metastatic Solid Tumors and LGG The safety and effectiveness of MEKINIST in combination with dabrafenib have been established in pediatric patients 1 year of age and older with unresectable or metastatic solid tumors with BRAF V600E mutation who have progressed following prior treatment and have no satisfactory alternative treatment options; or with LGG with BRAF V600E mutation who require systemic therapy.,concomitant medications: 120 ACTUAT Fluticasone propionate 0.044 MG/ACTUAT Metered Dose Inhaler; NDA020503 200 ACTUAT Albuterol 0.09 MG/ACTUAT Metered Dose Inhaler,,1.0,0.0,1.0,0.0,0.0,1.0,0.0,0.0,0.0,0.0,0.75,0.36666666666666664
PUB-0893,63c01831b56e3ec3,000835f5-7126-4b88-aa49-728d286fbf6b,unknown,Warnings and Precautions,high,ExpertC,"WARNINGS Immediate hypersensitivity reactions may occur after administration of ipratropium bromide, as demonstrated by urticaria, angioedema, rash, bronchospasm, anaphylaxis, and oropharyngeal edema.",concomitant medications: Warfarin Sodium 5 MG Oral Tablet; amLODIPine 5 MG / Hydrochlorothiazide 12.5 MG / Olmesartan medoxomil 20 MG Oral Tablet,,0.0,0.0,0.0,0.0,0.0,0.0,0.0,0.0,0.0,1.0,0.6666666666666666,0.18333333333333332
PUB-0894,63c01831b56e3ec3,000835f5-7126-4b88-aa49-728d286fbf6b,unknown,Warnings and Precautions,high,ExpertC,"WARNINGS Immediate hypersensitivity reactions may occur after administration of ipratropium bromide, as demonstrated by urticaria, angioedema, rash, bronchospasm, anaphylaxis, and oropharyngeal edema.",concomitant medications: Verapamil Hydrochloride 40 MG; Digoxin 0.125 MG Oral Tablet,,0.0,0.0,0.0,0.0,0.0,0.0,0.0,0.0,0.0,1.0,0.6666666666666666,0.18333333333333332
PUB-0895,63c01831b56e3ec3,000835f5-7126-4b88-aa49-728d286fbf6b,unknown,Warnings and Precautions,high,ExpertC,"WARNINGS Immediate hypersensitivity reactions may occur after administration of ipratropium bromide, as demonstrated by urticaria, angioedema, rash, bronchospasm, anaphylaxis, and oropharyngeal edema.",concomitant medications: Warfarin Sodium 5 MG Oral Tablet; amLODIPine 5 MG / Hydrochlorothiazide 12.5 MG / Olmesartan medoxomil 20 MG Oral Tablet,,0.0,0.0,0.0,0.0,0.0,0.0,0.0,0.0,0.0,1.0,0.6666666666666666,0.18333333333333332
PUB-0896,63c01831b56e3ec3,000835f5-7126-4b88-aa49-728d286fbf6b,unknown,Warnings and Precautions,high,ExpertC,"WARNINGS Immediate hypersensitivity reactions may occur after administration of ipratropium bromide, as demonstrated by urticaria, angioedema, rash, bronchospasm, anaphylaxis, and oropharyngeal edema.",concomitant medications: Verapamil Hydrochloride 40 MG; Digoxin 0.125 MG Oral Tablet,,0.0,0.0,0.0,0.0,0.0,0.0,0.0,0.0,0.0,1.0,0.6666666666666666,0.18333333333333332
PUB-0897,cda6ead695de7174,000155a8-709c-44e5-a75f-cd890f3a7caf,NAPROXEN,Special Populations,moderate,ExpertC,"In animal reproduction studies in rats, rabbits, and mice no evidence of teratogenicity or fetal harm when naproxen was administered during the period of organogenesis at doses 0.13, 0.26, and 0.6 times the maximum recommended human daily dose of 1500 mg/day, respectively [ see Data ].",concomitant medications: insulin human  isophane 70 UNT/ML / Regular Insulin  Human 30 UNT/ML Injectable Suspension [Humulin]; Atenolol 50 MG / Chlorthalidone 25 MG Oral Tablet,,1.0,1.0,1.0,0.0,0.03389830508474576,1.0,0.0,0.0,0.0,0.0,0.75,0.3416666666666667
PUB-0898,cda6ead695de7174,000155a8-709c-44e5-a75f-cd890f3a7caf,NAPROXEN,Special Populations,moderate,ExpertC,"In animal reproduction studies in rats, rabbits, and mice no evidence of teratogenicity or fetal harm when naproxen was administered during the period of organogenesis at doses 0.13, 0.26, and 0.6 times the maximum recommended human daily dose of 1500 mg/day, respectively [ see Data ].",concomitant medications: 24 HR Metformin hydrochloride 500 MG Extended Release Oral Tablet; insulin human  isophane 70 UNT/ML / Regular Insulin  Human 30 UNT/ML Injectable Suspension [Humulin],,1.0,1.0,1.0,0.0,0.03225806451612903,1.0,0.0,0.0,0.0,0.0,0.75,0.3416666666666667
PUB-0899,cda6ead695de7174,000155a8-709c-44e5-a75f-cd890f3a7caf,NAPROXEN,Special Populations,moderate,ExpertC,"In animal reproduction studies in rats, rabbits, and mice no evidence of teratogenicity or fetal harm when naproxen was administered during the period of organogenesis at doses 0.13, 0.26, and 0.6 times the maximum recommended human daily dose of 1500 mg/day, respectively [ see Data ].",concomitant medications: Atenolol 50 MG / Chlorthalidone 25 MG Oral Tablet; 24 HR Metformin hydrochloride 500 MG Extended Release Oral Tablet,,1.0,1.0,1.0,0.0,0.017857142857142856,1.0,0.0,0.0,0.0,0.0,0.75,0.3416666666666667
PUB-0900,cda6ead695de7174,000155a8-709c-44e5-a75f-cd890f3a7caf,NAPROXEN,Special Populations,moderate,ExpertC,"In animal reproduction studies in rats, rabbits, and mice no evidence of teratogenicity or fetal harm when naproxen was administered during the period of organogenesis at doses 0.13, 0.26, and 0.6 times the maximum recommended human daily dose of 1500 mg/day, respectively [ see Data ].",concomitant medications: insulin human  isophane 70 UNT/ML / Regular Insulin  Human 30 UNT/ML Injectable Suspension [Humulin]; Atenolol 50 MG / Chlorthalidone 25 MG Oral Tablet,,1.0,1.0,1.0,0.0,0.03389830508474576,1.0,0.0,0.0,0.0,0.0,0.75,0.3416666666666667
PUB-0901,b30ee13c61547005,0018861f-1b9b-431b-84ee-9d34aab615c3,unknown,Warnings and Precautions,high,ExpertC,The effect of multiple courses of Amnesteem on epiphyseal closure is unknown.,concomitant medications: amLODIPine 5 MG / Hydrochlorothiazide 12.5 MG / Olmesartan medoxomil 20 MG Oral Tablet; Nitroglycerin 0.4 MG/ACTUAT Mucosal Spray,,0.0,0.0,0.0,0.0,0.0,0.0,0.0,0.0,0.0,1.0,0.08333333333333333,0.09166666666666666
PUB-0902,b30ee13c61547005,0018861f-1b9b-431b-84ee-9d34aab615c3,unknown,Warnings and Precautions,high,ExpertC,The effect of multiple courses of Amnesteem on epiphyseal closure is unknown.,concomitant medications: Verapamil Hydrochloride 40 MG; Simvastatin 20 MG Oral Tablet,,0.0,0.0,0.0,0.0,0.0,0.0,0.0,0.0,0.0,1.0,0.08333333333333333,0.09166666666666666
PUB-0903,b30ee13c61547005,0018861f-1b9b-431b-84ee-9d34aab615c3,unknown,Warnings and Precautions,high,ExpertC,The effect of multiple courses of Amnesteem on epiphyseal closure is unknown.,concomitant medications: Insulin Lispro 100 UNT/ML Injectable Solution [Humalog]; 24 HR Metformin hydrochloride 500 MG Extended Release Oral Tablet,,0.0,0.0,0.0,0.0,0.0,0.0,0.0,0.0,0.0,1.0,0.08333333333333333,0.09166666666666666
PUB-0904,b30ee13c61547005,0018861f-1b9b-431b-84ee-9d34aab615c3,unknown,Warnings and Precautions,high,ExpertC,The effect of multiple courses of Amnesteem on epiphyseal closure is unknown.,concomitant medications: Digoxin 0.125 MG Oral Tablet; Amlodipine 5 MG Oral Tablet,,0.0,0.0,0.0,0.0,0.0,0.0,0.0,0.0,0.0,1.0,0.08333333333333333,0.09166666666666666
PUB-0905,6ccb0bdea14a5dbd,00307f42-748d-4227-8c6f-ed5f0a89ae0a,NITISINONE,Drug Interactions,high,ExpertC,Additional dosage adjustments may be needed to maintain therapeutic drug concentrations for narrow therapeutic index drugs.,concomitant medications: PACLitaxel 100 MG Injection; Cisplatin 50 MG Injection,,0.0,0.0,0.0,0.0,0.0,0.0,1.0,0.0,0.0,1.0,0.08333333333333333,0.125
PUB-0906,6ccb0bdea14a5dbd,00307f42-748d-4227-8c6f-ed5f0a89ae0a,NITISINONE,Drug Interactions,high,ExpertC,Additional dosage adjustments may be needed to maintain therapeutic drug concentrations for narrow therapeutic index drugs.,concomitant medications: PACLitaxel 100 MG Injection; Cisplatin 50 MG Injection,,0.0,0.0,0.0,0.0,0.0,0.0,1.0,0.0,0.0,1.0,0.08333333333333333,0.125
PUB-0907,6ccb0bdea14a5dbd,00307f42-748d-4227-8c6f-ed5f0a89ae0a,NITISINONE,Drug Interactions,high,ExpertC,Additional dosage adjustments may be needed to maintain therapeutic drug concentrations for narrow therapeutic index drugs.,concomitant medications: PACLitaxel 100 MG Injection; Cisplatin 50 MG Injection,,0.0,0.0,0.0,0.0,0.0,0.0,1.0,0.0,0.0,1.0,0.08333333333333333,0.125
PUB-0908,6ccb0bdea14a5dbd,00307f42-748d-4227-8c6f-ed5f0a89ae0a,NITISINONE,Drug Interactions,high,ExpertC,Additional dosage adjustments may be needed to maintain therapeutic drug concentrations for narrow therapeutic index drugs.,concomitant medications: PACLitaxel 100 MG Injection; Cisplatin 50 MG Injection,,0.0,0.0,0.0,0.0,0.0,0.0,1.0,0.0,0.0,1.0,0.08333333333333333,0.125
PUB-0909,fbe455cb83dfe862,001714c1-a292-40be-bfbd-0ff67193ace6,unknown,Dosage and Administration,moderate,ExpertC,Patients should be monitored for these symptoms when discontinuing treatment.,concomitant medications: 24 HR Metformin hydrochloride 500 MG Extended Release Oral Tablet; Digoxin 0.125 MG Oral Tablet,,0.0,0.0,0.0,0.0,0.0,0.0,0.0,0.0,1.0,0.0,0.08333333333333333,0.08333333333333333
PUB-0910,fbe455cb83dfe862,001714c1-a292-40be-bfbd-0ff67193ace6,unknown,Dosage and Administration,moderate,ExpertC,Patients should be monitored for these symptoms when discontinuing treatment.,concomitant medications: Amlodipine 5 MG Oral Tablet; Warfarin Sodium 5 MG Oral Tablet,,0.0,0.0,0.0,0.0,0.0,0.0,0.0,0.0,1.0,0.0,0.08333333333333333,0.08333333333333333
PUB-0911,fbe455cb83dfe862,001714c1-a292-40be-bfbd-0ff67193ace6,unknown,Dosage and Administration,moderate,ExpertC,Patients should be monitored for these symptoms when discontinuing treatment.,concomitant medications: 1 ML Epoetin Alfa 4000 UNT/ML Injection [Epogen]; 1 ML Epoetin Alfa 4000 UNT/ML Injection [Epogen],,0.0,0.0,0.0,0.0,0.0,0.0,0.0,0.0,1.0,0.0,0.08333333333333333,0.08333333333333333
PUB-0912,fbe455cb83dfe862,001714c1-a292-40be-bfbd-0ff67193ace6,unknown,Dosage and Administration,moderate,ExpertC,Patients should be monitored for these symptoms when discontinuing treatment.,concomitant medications: 1 ML Epoetin Alfa 4000 UNT/ML Injection [Epogen]; 1 ML Epoetin Alfa 4000 UNT/ML Injection [Epogen],,0.0,0.0,0.0,0.0,0.0,0.0,0.0,0.0,1.0,0.0,0.08333333333333333,0.08333333333333333
PUB-0913,57bbbfebb18c14b4,00309724-5ac7-4e6a-91e2-16087c83402c,unknown,Drug Interactions,high,ExpertC,Charcoal — The administration of activated charcoal (1 g) reduced the Cmax and AUC of oral olanzapine by about 60%.,concomitant medications: amLODIPine 5 MG / Hydrochlorothiazide 12.5 MG / Olmesartan medoxomil 20 MG Oral Tablet; 24 HR Metformin hydrochloride 500 MG Extended Release Oral Tablet,,1.0,0.0,1.0,0.0,0.029411764705882353,0.0,1.0,0.0,0.0,1.0,0.16666666666666666,0.13333333333333333
PUB-0914,57bbbfebb18c14b4,00309724-5ac7-4e6a-91e2-16087c83402c,unknown,Drug Interactions,high,ExpertC,Charcoal — The administration of activated charcoal (1 g) reduced the Cmax and AUC of oral olanzapine by about 60%.,concomitant medications: amLODIPine 5 MG / Hydrochlorothiazide 12.5 MG / Olmesartan medoxomil 20 MG Oral Tablet; 168 HR Ethinyl Estradiol 0.00146 MG/HR / norelgestromin 0.00625 MG/HR Transdermal System,,1.0,0.0,1.0,0.0,0.02702702702702703,0.0,1.0,0.0,0.0,1.0,0.16666666666666666,0.13333333333333333
PUB-0915,57bbbfebb18c14b4,00309724-5ac7-4e6a-91e2-16087c83402c,unknown,Drug Interactions,high,ExpertC,Charcoal — The administration of activated charcoal (1 g) reduced the Cmax and AUC of oral olanzapine by about 60%.,concomitant medications: Ibuprofen 200 MG Oral Tablet; insulin human  isophane 70 UNT/ML / Regular Insulin  Human 30 UNT/ML Injectable Suspension [Humulin],,1.0,0.0,1.0,0.0,0.030303030303030304,0.0,1.0,0.0,0.0,1.0,0.16666666666666666,0.13333333333333333
PUB-0916,57bbbfebb18c14b4,00309724-5ac7-4e6a-91e2-16087c83402c,unknown,Drug Interactions,high,ExpertC,Charcoal — The administration of activated charcoal (1 g) reduced the Cmax and AUC of oral olanzapine by about 60%.,concomitant medications: amLODIPine 5 MG / Hydrochlorothiazide 12.5 MG / Olmesartan medoxomil 20 MG Oral Tablet; 24 HR Metformin hydrochloride 500 MG Extended Release Oral Tablet,,1.0,0.0,1.0,0.0,0.029411764705882353,0.0,1.0,0.0,0.0,1.0,0.16666666666666666,0.13333333333333333
PUB-0917,833d70f8cafb1a87,001dd372-2692-4d6f-a71c-95e7056349a9,unknown,Special Populations,moderate,ExpertC,"No overall differences in safety or effectiveness were observed between these subjects and younger subjects, and other reported clinical experience has not identified differences in responses between the elderly and younger patients, but greater sensitivity of some older individuals cannot be ruled out.",concomitant medications: insulin human  isophane 70 UNT/ML / Regular Insulin  Human 30 UNT/ML Injectable Suspension [Humulin]; Hydrochlorothiazide 25 MG Oral Tablet,,0.0,0.0,0.0,0.0,0.0,1.0,0.0,0.0,0.0,0.0,0.5833333333333334,0.3
PUB-0918,833d70f8cafb1a87,001dd372-2692-4d6f-a71c-95e7056349a9,unknown,Special Populations,moderate,ExpertC,"No overall differences in safety or effectiveness were observed between these subjects and younger subjects, and other reported clinical experience has not identified differences in responses between the elderly and younger patients, but greater sensitivity of some older individuals cannot be ruled out.",concomitant medications: insulin human  isophane 70 UNT/ML / Regular Insulin  Human 30 UNT/ML Injectable Suspension [Humulin]; Hydrochlorothiazide 25 MG Oral Tablet,,0.0,0.0,0.0,0.0,0.0,1.0,0.0,0.0,0.0,0.0,0.5833333333333334,0.3
PUB-0919,833d70f8cafb1a87,001dd372-2692-4d6f-a71c-95e7056349a9,unknown,Special Populations,moderate,ExpertC,"No overall differences in safety or effectiveness were observed between these subjects and younger subjects, and other reported clinical experience has not identified differences in responses between the elderly and younger patients, but greater sensitivity of some older individuals cannot be ruled out.",concomitant medications: insulin human  isophane 70 UNT/ML / Regular Insulin  Human 30 UNT/ML Injectable Suspension [Humulin]; Hydrochlorothiazide 25 MG Oral Tablet,,0.0,0.0,0.0,0.0,0.0,1.0,0.0,0.0,0.0,0.0,0.5833333333333334,0.3
PUB-0920,833d70f8cafb1a87,001dd372-2692-4d6f-a71c-95e7056349a9,unknown,Special Populations,moderate,ExpertC,"No overall differences in safety or effectiveness were observed between these subjects and younger subjects, and other reported clinical experience has not identified differences in responses between the elderly and younger patients, but greater sensitivity of some older individuals cannot be ruled out.",concomitant medications: insulin human  isophane 70 UNT/ML / Regular Insulin  Human 30 UNT/ML Injectable Suspension [Humulin]; Hydrochlorothiazide 25 MG Oral Tablet,,0.0,0.0,0.0,0.0,0.0,1.0,0.0,0.0,0.0,0.0,0.5833333333333334,0.3
PUB-0921,001a61af0d915b7a,001f4c8f-adbe-4409-9bf8-702e83a32783,unknown,Indications and Usage,moderate,ExpertC,"In using enalapril maleate, consideration should be given to the fact that another angiotensin-converting enzyme inhibitor, captopril, has caused agranulocytosis, particularly in patients with renal impairment or collagen vascular disease, and that available data are insufficient to show that enalapril maleate does not have a similar risk (see WARNINGS , Neutropenia/Agranulocytosis ).",concomitant medications: 1 ML Epoetin Alfa 4000 UNT/ML Injection [Epogen]; 1 ML Epoetin Alfa 4000 UNT/ML Injection [Epogen],,0.0,0.0,0.0,0.0,0.0,1.0,0.0,0.0,0.0,0.0,0.75,0.375
PUB-0922,001a61af0d915b7a,001f4c8f-adbe-4409-9bf8-702e83a32783,unknown,Indications and Usage,moderate,ExpertC,"In using enalapril maleate, consideration should be given to the fact that another angiotensin-converting enzyme inhibitor, captopril, has caused agranulocytosis, particularly in patients with renal impairment or collagen vascular disease, and that available data are insufficient to show that enalapril maleate does not have a similar risk (see WARNINGS , Neutropenia/Agranulocytosis ).",concomitant medications: 1 ML Epoetin Alfa 4000 UNT/ML Injection [Epogen]; 1 ML Epoetin Alfa 4000 UNT/ML Injection [Epogen],,0.0,0.0,0.0,0.0,0.0,1.0,0.0,0.0,0.0,0.0,0.75,0.375
PUB-0923,001a61af0d915b7a,001f4c8f-adbe-4409-9bf8-702e83a32783,unknown,Indications and Usage,moderate,ExpertC,"In using enalapril maleate, consideration should be given to the fact that another angiotensin-converting enzyme inhibitor, captopril, has caused agranulocytosis, particularly in patients with renal impairment or collagen vascular disease, and that available data are insufficient to show that enalapril maleate does not have a similar risk (see WARNINGS , Neutropenia/Agranulocytosis ).",concomitant medications: insulin human  isophane 70 UNT/ML / Regular Insulin  Human 30 UNT/ML Injectable Suspension [Humulin]; 1 ML Epoetin Alfa 4000 UNT/ML Injection [Epogen],,0.0,0.0,0.0,0.0,0.0,1.0,0.0,0.0,0.0,0.0,0.75,0.375
PUB-0924,001a61af0d915b7a,001f4c8f-adbe-4409-9bf8-702e83a32783,unknown,Indications and Usage,moderate,ExpertC,"In using enalapril maleate, consideration should be given to the fact that another angiotensin-converting enzyme inhibitor, captopril, has caused agranulocytosis, particularly in patients with renal impairment or collagen vascular disease, and that available data are insufficient to show that enalapril maleate does not have a similar risk (see WARNINGS , Neutropenia/Agranulocytosis ).",concomitant medications: 1 ML Epoetin Alfa 4000 UNT/ML Injection [Epogen]; 1 ML Epoetin Alfa 4000 UNT/ML Injection [Epogen],,0.0,0.0,0.0,0.0,0.0,1.0,0.0,0.0,0.0,0.0,0.75,0.375
PUB-0925,50f07ca5a9f1e1a0,0003458f-352a-46fa-9d99-230daa76ae29,GLIMEPIRIDE,Drug Interactions,high,ExpertC,"7.3 Cytochrome P450 2C9 Interactions There may be an interaction between glimepiride and inhibitors (e.g., fluconazole) and inducers (e.g., rifampin) of cytochrome P450 2C9.",concomitant medications: Atenolol 50 MG / Chlorthalidone 25 MG Oral Tablet; Atenolol 50 MG / Chlorthalidone 25 MG Oral Tablet,,1.0,0.0,1.0,0.0,0.0,0.0,1.0,0.0,0.0,1.0,0.4166666666666667,0.175
PUB-0926,50f07ca5a9f1e1a0,0003458f-352a-46fa-9d99-230daa76ae29,GLIMEPIRIDE,Drug Interactions,high,ExpertC,"7.3 Cytochrome P450 2C9 Interactions There may be an interaction between glimepiride and inhibitors (e.g., fluconazole) and inducers (e.g., rifampin) of cytochrome P450 2C9.",concomitant medications: Acetaminophen 21.7 MG/ML / Dextromethorphan Hydrobromide 1 MG/ML / doxylamine succinate 0.417 MG/ML Oral Solution; Atenolol 50 MG / Chlorthalidone 25 MG Oral Tablet,,1.0,0.0,1.0,0.0,0.024390243902439025,0.0,1.0,0.0,0.0,1.0,0.4166666666666667,0.175
PUB-0927,50f07ca5a9f1e1a0,0003458f-352a-46fa-9d99-230daa76ae29,GLIMEPIRIDE,Drug Interactions,high,ExpertC,"7.3 Cytochrome P450 2C9 Interactions There may be an interaction between glimepiride and inhibitors (e.g., fluconazole) and inducers (e.g., rifampin) of cytochrome P450 2C9.",concomitant medications: Atenolol 50 MG / Chlorthalidone 25 MG Oral Tablet; Atenolol 50 MG / Chlorthalidone 25 MG Oral Tablet,,1.0,0.0,1.0,0.0,0.0,0.0,1.0,0.0,0.0,1.0,0.4166666666666667,0.175
PUB-0928,50f07ca5a9f1e1a0,0003458f-352a-46fa-9d99-230daa76ae29,GLIMEPIRIDE,Drug Interactions,high,ExpertC,"7.3 Cytochrome P450 2C9 Interactions There may be an interaction between glimepiride and inhibitors (e.g., fluconazole) and inducers (e.g., rifampin) of cytochrome P450 2C9.",concomitant medications: Atenolol 50 MG / Chlorthalidone 25 MG Oral Tablet; Atenolol 50 MG / Chlorthalidone 25 MG Oral Tablet,,1.0,0.0,1.0,0.0,0.0,0.0,1.0,0.0,0.0,1.0,0.4166666666666667,0.175
PUB-0929,56c4ff642135c52f,000155a8-709c-44e5-a75f-cd890f3a7caf,NAPROXEN,Drug Interactions,high,ExpertC,Intervention: This effect should be kept in mind when bleeding times are determined.,concomitant medications: Simvastatin 10 MG Oral Tablet; Hydrochlorothiazide 12.5 MG,,0.0,0.0,0.0,0.0,0.0,0.0,1.0,0.0,0.0,1.0,0.16666666666666666,0.10833333333333334
PUB-0930,56c4ff642135c52f,000155a8-709c-44e5-a75f-cd890f3a7caf,NAPROXEN,Drug Interactions,high,ExpertC,Intervention: This effect should be kept in mind when bleeding times are determined.,concomitant medications: Simvastatin 10 MG Oral Tablet; Hydrochlorothiazide 12.5 MG,,0.0,0.0,0.0,0.0,0.0,0.0,1.0,0.0,0.0,1.0,0.16666666666666666,0.10833333333333334
PUB-0931,56c4ff642135c52f,000155a8-709c-44e5-a75f-cd890f3a7caf,NAPROXEN,Drug Interactions,high,ExpertC,Intervention: This effect should be kept in mind when bleeding times are determined.,concomitant medications: Simvastatin 10 MG Oral Tablet; Hydrochlorothiazide 12.5 MG,,0.0,0.0,0.0,0.0,0.0,0.0,1.0,0.0,0.0,1.0,0.16666666666666666,0.10833333333333334
PUB-0932,56c4ff642135c52f,000155a8-709c-44e5-a75f-cd890f3a7caf,NAPROXEN,Drug Interactions,high,ExpertC,Intervention: This effect should be kept in mind when bleeding times are determined.,concomitant medications: Simvastatin 10 MG Oral Tablet; Hydrochlorothiazide 12.5 MG,,0.0,0.0,0.0,0.0,0.0,0.0,1.0,0.0,0.0,1.0,0.16666666666666666,0.10833333333333334
PUB-0933,faa1ba612c1cb7ae,00332c65-edad-a153-9c78-628931daa732,DIVALPROEX SODIUM,Special Populations,moderate,ExpertC,"The major congenital malformations included cases of neural tube defects, cardiovascular malformations, craniofacial defects (e.g., oral clefts, craniosynostosis), hypospadias, limb malformations (e.g., clubfoot, polydactyly), and other malformations of varying severity involving other body systems [see Warnings and Precautions (5.2) ] .",concomitant medications: amLODIPine 5 MG / Hydrochlorothiazide 12.5 MG / Olmesartan medoxomil 20 MG Oral Tablet; Atenolol 50 MG / Chlorthalidone 25 MG Oral Tablet,,1.0,0.0,1.0,0.0,0.0425531914893617,0.0,0.0,0.0,0.0,0.0,1.0,0.275
PUB-0934,faa1ba612c1cb7ae,00332c65-edad-a153-9c78-628931daa732,DIVALPROEX SODIUM,Special Populations,moderate,ExpertC,"The major congenital malformations included cases of neural tube defects, cardiovascular malformations, craniofacial defects (e.g., oral clefts, craniosynostosis), hypospadias, limb malformations (e.g., clubfoot, polydactyly), and other malformations of varying severity involving other body systems [see Warnings and Precautions (5.2) ] .",concomitant medications: Atenolol 50 MG / Chlorthalidone 25 MG Oral Tablet; Atenolol 50 MG / Chlorthalidone 25 MG Oral Tablet,,1.0,0.0,1.0,0.0,0.024390243902439025,0.0,0.0,0.0,0.0,0.0,1.0,0.275
PUB-0935,faa1ba612c1cb7ae,00332c65-edad-a153-9c78-628931daa732,DIVALPROEX SODIUM,Special Populations,moderate,ExpertC,"The major congenital malformations included cases of neural tube defects, cardiovascular malformations, craniofacial defects (e.g., oral clefts, craniosynostosis), hypospadias, limb malformations (e.g., clubfoot, polydactyly), and other malformations of varying severity involving other body systems [see Warnings and Precautions (5.2) ] .",concomitant medications: Atenolol 50 MG / Chlorthalidone 25 MG Oral Tablet; Atenolol 50 MG / Chlorthalidone 25 MG Oral Tablet,,1.0,0.0,1.0,0.0,0.024390243902439025,0.0,0.0,0.0,0.0,0.0,1.0,0.275
PUB-0936,faa1ba612c1cb7ae,00332c65-edad-a153-9c78-628931daa732,DIVALPROEX SODIUM,Special Populations,moderate,ExpertC,"The major congenital malformations included cases of neural tube defects, cardiovascular malformations, craniofacial defects (e.g., oral clefts, craniosynostosis), hypospadias, limb malformations (e.g., clubfoot, polydactyly), and other malformations of varying severity involving other body systems [see Warnings and Precautions (5.2) ] .",concomitant medications: Atenolol 50 MG / Chlorthalidone 25 MG Oral Tablet; Atenolol 50 MG / Chlorthalidone 25 MG Oral Tablet,,1.0,0.0,1.0,0.0,0.024390243902439025,0.0,0.0,0.0,0.0,0.0,1.0,0.275
PUB-0937,41999dae7fcbd64e,00046231-8fab-44a0-b986-9a9dd450881d,unknown,Drug Interactions,high,ExpertC,"In a patient with a nonfunctioning thyroid gland who is receiving thyroid replacement therapy, free levothyroxine may be decreased when estrogens are started thus increasing thyroid requirements.",concomitant medications: amLODIPine 5 MG / Hydrochlorothiazide 12.5 MG / Olmesartan medoxomil 20 MG Oral Tablet; ferrous sulfate 325 MG Oral Tablet,,0.0,0.0,0.0,0.0,0.0,0.0,1.0,0.0,0.0,1.0,0.16666666666666666,0.2
PUB-0938,41999dae7fcbd64e,00046231-8fab-44a0-b986-9a9dd450881d,unknown,Drug Interactions,high,ExpertC,"In a patient with a nonfunctioning thyroid gland who is receiving thyroid replacement therapy, free levothyroxine may be decreased when estrogens are started thus increasing thyroid requirements.",concomitant medications: Vitamin B 12 5 MG/ML Injectable Solution; Naproxen sodium 220 MG Oral Tablet,,0.0,0.0,0.0,0.0,0.0,0.0,1.0,0.0,0.0,1.0,0.16666666666666666,0.2
PUB-0939,41999dae7fcbd64e,00046231-8fab-44a0-b986-9a9dd450881d,unknown,Drug Interactions,high,ExpertC,"In a patient with a nonfunctioning thyroid gland who is receiving thyroid replacement therapy, free levothyroxine may be decreased when estrogens are started thus increasing thyroid requirements.",concomitant medications: Vitamin B 12 5 MG/ML Injectable Solution; Acetaminophen 325 MG Oral Tablet,,0.0,0.0,0.0,0.0,0.0,0.0,1.0,0.0,0.0,1.0,0.16666666666666666,0.2
PUB-0940,41999dae7fcbd64e,00046231-8fab-44a0-b986-9a9dd450881d,unknown,Drug Interactions,high,ExpertC,"In a patient with a nonfunctioning thyroid gland who is receiving thyroid replacement therapy, free levothyroxine may be decreased when estrogens are started thus increasing thyroid requirements.",concomitant medications: Simvastatin 10 MG Oral Tablet; Simvastatin 10 MG Oral Tablet,,0.0,0.0,0.0,0.0,0.0,0.0,1.0,0.0,0.0,1.0,0.16666666666666666,0.2
PUB-0941,2576086e0e2b486e,0018ade9-5856-db6c-e063-6394a90a2ccf,POLYETHYLENE GLYCOL 400,Warnings and Precautions,high,ExpertC,"remove contact lenses before using Stop use and ask a doctor if you experience eye pain changes in vision continued redness or irritation of the eye, or if the condition worsens or persists for more than 72 hours If pregnant or breast-feeding, ask a health professional before use.",concomitant medications: Simvastatin 20 MG Oral Tablet; 24 HR Metformin hydrochloride 500 MG Extended Release Oral Tablet,,1.0,0.0,1.0,0.0,0.0,0.0,0.0,0.0,0.0,1.0,0.9166666666666666,0.31666666666666665
PUB-0942,2576086e0e2b486e,0018ade9-5856-db6c-e063-6394a90a2ccf,POLYETHYLENE GLYCOL 400,Warnings and Precautions,high,ExpertC,"remove contact lenses before using Stop use and ask a doctor if you experience eye pain changes in vision continued redness or irritation of the eye, or if the condition worsens or persists for more than 72 hours If pregnant or breast-feeding, ask a health professional before use.",concomitant medications: Digoxin 0.125 MG Oral Tablet; Amlodipine 5 MG Oral Tablet,,1.0,0.0,1.0,0.0,0.0,0.0,0.0,0.0,0.0,1.0,0.9166666666666666,0.31666666666666665
PUB-0943,2576086e0e2b486e,0018ade9-5856-db6c-e063-6394a90a2ccf,POLYETHYLENE GLYCOL 400,Warnings and Precautions,high,ExpertC,"remove contact lenses before using Stop use and ask a doctor if you experience eye pain changes in vision continued redness or irritation of the eye, or if the condition worsens or persists for more than 72 hours If pregnant or breast-feeding, ask a health professional before use.",concomitant medications: Warfarin Sodium 5 MG Oral Tablet; Clopidogrel 75 MG Oral Tablet,,1.0,0.0,1.0,0.0,0.0,0.0,0.0,0.0,0.0,1.0,0.9166666666666666,0.31666666666666665
PUB-0944,2576086e0e2b486e,0018ade9-5856-db6c-e063-6394a90a2ccf,POLYETHYLENE GLYCOL 400,Warnings and Precautions,high,ExpertC,"remove contact lenses before using Stop use and ask a doctor if you experience eye pain changes in vision continued redness or irritation of the eye, or if the condition worsens or persists for more than 72 hours If pregnant or breast-feeding, ask a health professional before use.",concomitant medications: insulin human  isophane 70 UNT/ML / Regular Insulin  Human 30 UNT/ML Injectable Suspension [Humulin]; Nitroglycerin 0.4 MG/ACTUAT Mucosal Spray,,1.0,0.0,1.0,0.0,0.0,0.0,0.0,0.0,0.0,1.0,0.9166666666666666,0.31666666666666665
PUB-0945,e734c789b7f7a681,001f4c8f-adbe-4409-9bf8-702e83a32783,unknown,Drug Interactions,high,ExpertC,"Other Cardiovascular Agents Enalapril maleate has been used concomitantly with beta adrenergic-blocking agents, methyldopa, nitrates, calcium-blocking agents, hydralazine, prazosin and digoxin without evidence of clinically significant adverse interactions.",concomitant medications: 120 ACTUAT Fluticasone propionate 0.044 MG/ACTUAT Metered Dose Inhaler; NDA020503 200 ACTUAT Albuterol 0.09 MG/ACTUAT Metered Dose Inhaler,,0.0,0.0,0.0,0.0,0.0,1.0,1.0,0.0,0.0,1.0,0.5833333333333334,0.225
PUB-0946,e734c789b7f7a681,001f4c8f-adbe-4409-9bf8-702e83a32783,unknown,Drug Interactions,high,ExpertC,"Other Cardiovascular Agents Enalapril maleate has been used concomitantly with beta adrenergic-blocking agents, methyldopa, nitrates, calcium-blocking agents, hydralazine, prazosin and digoxin without evidence of clinically significant adverse interactions.",concomitant medications: 1 ML medroxyprogesterone acetate 150 MG/ML Injection; Hydrochlorothiazide 12.5 MG,,0.0,0.0,0.0,0.0,0.0,1.0,1.0,0.0,0.0,1.0,0.5833333333333334,0.225
PUB-0947,e734c789b7f7a681,001f4c8f-adbe-4409-9bf8-702e83a32783,unknown,Drug Interactions,high,ExpertC,"Other Cardiovascular Agents Enalapril maleate has been used concomitantly with beta adrenergic-blocking agents, methyldopa, nitrates, calcium-blocking agents, hydralazine, prazosin and digoxin without evidence of clinically significant adverse interactions.",concomitant medications: Atenolol 50 MG / Chlorthalidone 25 MG Oral Tablet; amLODIPine 5 MG / Hydrochlorothiazide 12.5 MG / Olmesartan medoxomil 20 MG Oral Tablet,,0.0,0.0,0.0,0.0,0.0,1.0,1.0,0.0,0.0,1.0,0.5833333333333334,0.225
PUB-0948,e734c789b7f7a681,001f4c8f-adbe-4409-9bf8-702e83a32783,unknown,Drug Interactions,high,ExpertC,"Other Cardiovascular Agents Enalapril maleate has been used concomitantly with beta adrenergic-blocking agents, methyldopa, nitrates, calcium-blocking agents, hydralazine, prazosin and digoxin without evidence of clinically significant adverse interactions.",concomitant medications: 168 HR Ethinyl Estradiol 0.00146 MG/HR / norelgestromin 0.00625 MG/HR Transdermal System; Acetaminophen 21.7 MG/ML / Dextromethorphan Hydrobromide 1 MG/ML / doxylamine succinate 0.417 MG/ML Oral Solution,,0.0,0.0,0.0,0.0,0.0,1.0,1.0,0.0,0.0,1.0,0.5833333333333334,0.225
PUB-0949,cfe7cea0921a7142,001dd372-2692-4d6f-a71c-95e7056349a9,unknown,Drug Interactions,high,ExpertC,Saquinavir: See the prescribing information for saquinavir and monitor for potential saquinavir toxicities.,concomitant medications: Verapamil Hydrochloride 40 MG; Digoxin 0.125 MG Oral Tablet,,0.0,0.0,0.0,0.0,0.0,0.0,1.0,0.0,0.0,1.0,0.25,0.08333333333333333
PUB-0950,cfe7cea0921a7142,001dd372-2692-4d6f-a71c-95e7056349a9,unknown,Drug Interactions,high,ExpertC,Saquinavir: See the prescribing information for saquinavir and monitor for potential saquinavir toxicities.,concomitant medications: Warfarin Sodium 5 MG Oral Tablet; insulin human  isophane 70 UNT/ML / Regular Insulin  Human 30 UNT/ML Injectable Suspension [Humulin],,0.0,0.0,0.0,0.0,0.0,0.0,1.0,0.0,0.0,1.0,0.25,0.08333333333333333
PUB-0951,cfe7cea0921a7142,001dd372-2692-4d6f-a71c-95e7056349a9,unknown,Drug Interactions,high,ExpertC,Saquinavir: See the prescribing information for saquinavir and monitor for potential saquinavir toxicities.,concomitant medications: Hydrochlorothiazide 25 MG Oral Tablet; Verapamil Hydrochloride 40 MG,,0.0,0.0,0.0,0.0,0.0,0.0,1.0,0.0,0.0,1.0,0.25,0.08333333333333333
PUB-0952,cfe7cea0921a7142,001dd372-2692-4d6f-a71c-95e7056349a9,unknown,Drug Interactions,high,ExpertC,Saquinavir: See the prescribing information for saquinavir and monitor for potential saquinavir toxicities.,concomitant medications: Digoxin 0.125 MG Oral Tablet; Warfarin Sodium 5 MG Oral Tablet,,0.0,0.0,0.0,0.0,0.0,0.0,1.0,0.0,0.0,1.0,0.25,0.08333333333333333
PUB-0953,ddc5e56b4f7762ba,00179766-980b-44b0-99d3-1fee2bb27e37,SERTRALINE HYDROCHLORIDE,Drug Interactions,high,ExpertC,"No increase was seen in female mice or in rats of either sex receiving the same treatments, nor was there an increase in hepatocellular carcinomas.",concomitant medications: Hydrochlorothiazide 25 MG Oral Tablet; Hydrochlorothiazide 25 MG Oral Tablet,,0.0,0.0,0.0,0.0,0.0,1.0,1.0,0.0,0.0,1.0,0.25,0.175
PUB-0954,ddc5e56b4f7762ba,00179766-980b-44b0-99d3-1fee2bb27e37,SERTRALINE HYDROCHLORIDE,Drug Interactions,high,ExpertC,"No increase was seen in female mice or in rats of either sex receiving the same treatments, nor was there an increase in hepatocellular carcinomas.",concomitant medications: Hydrochlorothiazide 25 MG Oral Tablet; Hydrochlorothiazide 25 MG Oral Tablet,,0.0,0.0,0.0,0.0,0.0,1.0,1.0,0.0,0.0,1.0,0.25,0.175
PUB-0955,ddc5e56b4f7762ba,00179766-980b-44b0-99d3-1fee2bb27e37,SERTRALINE HYDROCHLORIDE,Drug Interactions,high,ExpertC,"No increase was seen in female mice or in rats of either sex receiving the same treatments, nor was there an increase in hepatocellular carcinomas.",concomitant medications: Hydrochlorothiazide 25 MG Oral Tablet; Hydrochlorothiazide 25 MG Oral Tablet,,0.0,0.0,0.0,0.0,0.0,1.0,1.0,0.0,0.0,1.0,0.25,0.175
PUB-0956,ddc5e56b4f7762ba,00179766-980b-44b0-99d3-1fee2bb27e37,SERTRALINE HYDROCHLORIDE,Drug Interactions,high,ExpertC,"No increase was seen in female mice or in rats of either sex receiving the same treatments, nor was there an increase in hepatocellular carcinomas.",concomitant medications: Hydrochlorothiazide 25 MG Oral Tablet; Hydrochlorothiazide 25 MG Oral Tablet,,0.0,0.0,0.0,0.0,0.0,1.0,1.0,0.0,0.0,1.0,0.25,0.175
PUB-0957,0da922ca5ec9a7f7,0033cd30-0d55-4aed-afc7-ad57f46e3e17,unknown,Contraindications,high,ExpertC,Concomitant use of monoamine oxidase inhibitors (MAOIs) or use within 14 days of discontinuing a MAOI.,concomitant medications: NuvaRing 0.12/0.015 MG per 24HR 21 Day Vaginal Ring; Hydrochlorothiazide 25 MG Oral Tablet,,1.0,0.0,1.0,0.0,0.03333333333333333,0.0,0.0,1.0,0.0,1.0,0.16666666666666666,0.11666666666666667
PUB-0958,0da922ca5ec9a7f7,0033cd30-0d55-4aed-afc7-ad57f46e3e17,unknown,Contraindications,high,ExpertC,Concomitant use of monoamine oxidase inhibitors (MAOIs) or use within 14 days of discontinuing a MAOI.,concomitant medications: Trinessa 28 Day Pack; Hydrochlorothiazide 25 MG Oral Tablet,,1.0,0.0,1.0,0.0,0.041666666666666664,0.0,0.0,1.0,0.0,1.0,0.16666666666666666,0.11666666666666667
PUB-0959,0da922ca5ec9a7f7,0033cd30-0d55-4aed-afc7-ad57f46e3e17,unknown,Contraindications,high,ExpertC,Concomitant use of monoamine oxidase inhibitors (MAOIs) or use within 14 days of discontinuing a MAOI.,concomitant medications: Hydrochlorothiazide 25 MG Oral Tablet; Errin 28 Day Pack,,1.0,0.0,1.0,0.0,0.041666666666666664,0.0,0.0,1.0,0.0,1.0,0.16666666666666666,0.11666666666666667
PUB-0960,0da922ca5ec9a7f7,0033cd30-0d55-4aed-afc7-ad57f46e3e17,unknown,Contraindications,high,ExpertC,Concomitant use of monoamine oxidase inhibitors (MAOIs) or use within 14 days of discontinuing a MAOI.,concomitant medications: Hydrochlorothiazide 25 MG Oral Tablet; Yaz 28 Day Pack,,1.0,0.0,1.0,0.0,0.041666666666666664,0.0,0.0,1.0,0.0,1.0,0.16666666666666666,0.11666666666666667
PUB-0961,e7e509e6b234e61f,00332c65-edad-a153-9c78-628931daa732,DIVALPROEX SODIUM,Drug Interactions,high,ExpertC,Both the clearance and apparent volume of distribution of free phenytoin were reduced by 25%.,concomitant medications: 120 ACTUAT Fluticasone propionate 0.044 MG/ACTUAT Metered Dose Inhaler; NDA020503 200 ACTUAT Albuterol 0.09 MG/ACTUAT Metered Dose Inhaler,,1.0,0.0,0.0,0.0,0.0,0.0,1.0,0.0,0.0,1.0,0.16666666666666666,0.11666666666666667
PUB-0962,e7e509e6b234e61f,00332c65-edad-a153-9c78-628931daa732,DIVALPROEX SODIUM,Drug Interactions,high,ExpertC,Both the clearance and apparent volume of distribution of free phenytoin were reduced by 25%.,concomitant medications: 120 ACTUAT Fluticasone propionate 0.044 MG/ACTUAT Metered Dose Inhaler; NDA020503 200 ACTUAT Albuterol 0.09 MG/ACTUAT Metered Dose Inhaler,,1.0,0.0,0.0,0.0,0.0,0.0,1.0,0.0,0.0,1.0,0.16666666666666666,0.11666666666666667
PUB-0963,e7e509e6b234e61f,00332c65-edad-a153-9c78-628931daa732,DIVALPROEX SODIUM,Drug Interactions,high,ExpertC,Both the clearance and apparent volume of distribution of free phenytoin were reduced by 25%.,concomitant medications: 120 ACTUAT Fluticasone propionate 0.044 MG/ACTUAT Metered Dose Inhaler; NDA020503 200 ACTUAT Albuterol 0.09 MG/ACTUAT Metered Dose Inhaler,,1.0,0.0,0.0,0.0,0.0,0.0,1.0,0.0,0.0,1.0,0.16666666666666666,0.11666666666666667
PUB-0964,e7e509e6b234e61f,00332c65-edad-a153-9c78-628931daa732,DIVALPROEX SODIUM,Drug Interactions,high,ExpertC,Both the clearance and apparent volume of distribution of free phenytoin were reduced by 25%.,concomitant medications: 120 ACTUAT Fluticasone propionate 0.044 MG/ACTUAT Metered Dose Inhaler; NDA020503 200 ACTUAT Albuterol 0.09 MG/ACTUAT Metered Dose Inhaler,,1.0,0.0,0.0,0.0,0.0,0.0,1.0,0.0,0.0,1.0,0.16666666666666666,0.11666666666666667
PUB-0965,b9e37fdd19f306ea,0033cd30-0d55-4aed-afc7-ad57f46e3e17,unknown,Special Populations,moderate,ExpertC,"Unless the benefits of paroxetine to the mother justify continuing treatment, consideration should be given to either discontinuing paroxetine therapy or switching to another antidepressant [see Warnings and Precautions ( 5.7 )].",concomitant medications: Fexofenadine hydrochloride 30 MG Oral Tablet; NDA020800 0.3 ML Epinephrine 1 MG/ML Auto-Injector,,1.0,0.0,0.0,0.0,0.0,0.0,0.0,0.0,0.0,0.0,0.4166666666666667,0.225
PUB-0966,b9e37fdd19f306ea,0033cd30-0d55-4aed-afc7-ad57f46e3e17,unknown,Special Populations,moderate,ExpertC,"Unless the benefits of paroxetine to the mother justify continuing treatment, consideration should be given to either discontinuing paroxetine therapy or switching to another antidepressant [see Warnings and Precautions ( 5.7 )].",concomitant medications: 120 ACTUAT Fluticasone propionate 0.044 MG/ACTUAT Metered Dose Inhaler; NDA020503 200 ACTUAT Albuterol 0.09 MG/ACTUAT Metered Dose Inhaler,,1.0,0.0,0.0,0.0,0.0,0.0,0.0,0.0,0.0,0.0,0.4166666666666667,0.225
PUB-0967,b9e37fdd19f306ea,0033cd30-0d55-4aed-afc7-ad57f46e3e17,unknown,Special Populations,moderate,ExpertC,"Unless the benefits of paroxetine to the mother justify continuing treatment, consideration should be given to either discontinuing paroxetine therapy or switching to another antidepressant [see Warnings and Precautions ( 5.7 )].",concomitant medications: predniSONE 5 MG Oral Tablet; 120 ACTUAT Fluticasone propionate 0.044 MG/ACTUAT Metered Dose Inhaler,,1.0,0.0,0.0,0.0,0.023809523809523808,0.0,0.0,0.0,0.0,0.0,0.4166666666666667,0.225
PUB-0968,b9e37fdd19f306ea,0033cd30-0d55-4aed-afc7-ad57f46e3e17,unknown,Special Populations,moderate,ExpertC,"Unless the benefits of paroxetine to the mother justify continuing treatment, consideration should be given to either discontinuing paroxetine therapy or switching to another antidepressant [see Warnings and Precautions ( 5.7 )].",concomitant medications: NDA020503 200 ACTUAT Albuterol 0.09 MG/ACTUAT Metered Dose Inhaler; Acetaminophen 21.7 MG/ML / Dextromethorphan Hydrobromide 1 MG/ML / doxylamine succinate 0.417 MG/ML Oral Solution,,1.0,0.0,0.0,0.0,0.02,0.0,0.0,0.0,0.0,0.0,0.4166666666666667,0.225
PUB-0969,07172c0de1ee1a95,001714c1-a292-40be-bfbd-0ff67193ace6,unknown,Drug Interactions,high,ExpertC,"Alcohol Although citalopram did not potentiate the cognitive and motor effects of alcohol in a clinical trial, as with other psychotropic medications, the use of alcohol by depressed patients taking citalopram HBr is not recommended.",concomitant medications: Hydrochlorothiazide 25 MG Oral Tablet; insulin human  isophane 70 UNT/ML / Regular Insulin  Human 30 UNT/ML Injectable Suspension [Humulin],,0.0,0.0,0.0,0.0,0.021739130434782608,1.0,1.0,0.0,0.0,1.0,0.3333333333333333,0.24166666666666667
PUB-0970,07172c0de1ee1a95,001714c1-a292-40be-bfbd-0ff67193ace6,unknown,Drug Interactions,high,ExpertC,"Alcohol Although citalopram did not potentiate the cognitive and motor effects of alcohol in a clinical trial, as with other psychotropic medications, the use of alcohol by depressed patients taking citalopram HBr is not recommended.",concomitant medications: Hydrochlorothiazide 25 MG Oral Tablet; insulin human  isophane 70 UNT/ML / Regular Insulin  Human 30 UNT/ML Injectable Suspension [Humulin],,0.0,0.0,0.0,0.0,0.021739130434782608,1.0,1.0,0.0,0.0,1.0,0.3333333333333333,0.24166666666666667
PUB-0971,07172c0de1ee1a95,001714c1-a292-40be-bfbd-0ff67193ace6,unknown,Drug Interactions,high,ExpertC,"Alcohol Although citalopram did not potentiate the cognitive and motor effects of alcohol in a clinical trial, as with other psychotropic medications, the use of alcohol by depressed patients taking citalopram HBr is not recommended.",concomitant medications: Hydrochlorothiazide 25 MG Oral Tablet; insulin human  isophane 70 UNT/ML / Regular Insulin  Human 30 UNT/ML Injectable Suspension [Humulin],,0.0,0.0,0.0,0.0,0.021739130434782608,1.0,1.0,0.0,0.0,1.0,0.3333333333333333,0.24166666666666667
PUB-0972,07172c0de1ee1a95,001714c1-a292-40be-bfbd-0ff67193ace6,unknown,Drug Interactions,high,ExpertC,"Alcohol Although citalopram did not potentiate the cognitive and motor effects of alcohol in a clinical trial, as with other psychotropic medications, the use of alcohol by depressed patients taking citalopram HBr is not recommended.",concomitant medications: Hydrochlorothiazide 25 MG Oral Tablet; insulin human  isophane 70 UNT/ML / Regular Insulin  Human 30 UNT/ML Injectable Suspension [Humulin],,0.0,0.0,0.0,0.0,0.021739130434782608,1.0,1.0,0.0,0.0,1.0,0.3333333333333333,0.24166666666666667
PUB-0973,87904be881446b3d,00038c95-b2c8-4245-b671-6af177b3a00e,unknown,Drug Interactions,high,ExpertC,Tolterodine 1 mg twice daily is recommended in patients deficient in CYP2D6 activity (poor metabolizers) when co-administered with clarithromycin.,concomitant medications: amLODIPine 5 MG / Hydrochlorothiazide 12.5 MG / Olmesartan medoxomil 20 MG Oral Tablet; amLODIPine 5 MG / Hydrochlorothiazide 12.5 MG / Olmesartan medoxomil 20 MG Oral Tablet,,1.0,0.0,1.0,0.0,0.03333333333333333,0.0,1.0,0.0,0.0,1.0,0.08333333333333333,0.15833333333333333
PUB-0974,87904be881446b3d,00038c95-b2c8-4245-b671-6af177b3a00e,unknown,Drug Interactions,high,ExpertC,Tolterodine 1 mg twice daily is recommended in patients deficient in CYP2D6 activity (poor metabolizers) when co-administered with clarithromycin.,concomitant medications: amLODIPine 5 MG / Hydrochlorothiazide 12.5 MG / Olmesartan medoxomil 20 MG Oral Tablet; amLODIPine 5 MG / Hydrochlorothiazide 12.5 MG / Olmesartan medoxomil 20 MG Oral Tablet,,1.0,0.0,1.0,0.0,0.03333333333333333,0.0,1.0,0.0,0.0,1.0,0.08333333333333333,0.15833333333333333
PUB-0975,87904be881446b3d,00038c95-b2c8-4245-b671-6af177b3a00e,unknown,Drug Interactions,high,ExpertC,Tolterodine 1 mg twice daily is recommended in patients deficient in CYP2D6 activity (poor metabolizers) when co-administered with clarithromycin.,concomitant medications: amLODIPine 5 MG / Hydrochlorothiazide 12.5 MG / Olmesartan medoxomil 20 MG Oral Tablet; amLODIPine 5 MG / Hydrochlorothiazide 12.5 MG / Olmesartan medoxomil 20 MG Oral Tablet,,1.0,0.0,1.0,0.0,0.03333333333333333,0.0,1.0,0.0,0.0,1.0,0.08333333333333333,0.15833333333333333
PUB-0976,87904be881446b3d,00038c95-b2c8-4245-b671-6af177b3a00e,unknown,Drug Interactions,high,ExpertC,Tolterodine 1 mg twice daily is recommended in patients deficient in CYP2D6 activity (poor metabolizers) when co-administered with clarithromycin.,concomitant medications: amLODIPine 5 MG / Hydrochlorothiazide 12.5 MG / Olmesartan medoxomil 20 MG Oral Tablet; amLODIPine 5 MG / Hydrochlorothiazide 12.5 MG / Olmesartan medoxomil 20 MG Oral Tablet,,1.0,0.0,1.0,0.0,0.03333333333333333,0.0,1.0,0.0,0.0,1.0,0.08333333333333333,0.15833333333333333
PUB-0977,84c07060096eb65d,00332c65-edad-a153-9c78-628931daa732,DIVALPROEX SODIUM,Indications and Usage,moderate,ExpertC,"1.4 Important Limitations Because of the risk to the fetus of decreased IQ, neurodevelopmental disorders, neural tube defects, and other major congenital malformations, which may occur very early in pregnancy, valproate should not be used to treat women with epilepsy or bipolar disorder who are pregnant or who plan to become pregnant unless other medications have failed to provide adequate symptom control or are otherwise unacceptable.",concomitant medications: 1 ML Epoetin Alfa 4000 UNT/ML Injection [Epogen]; 1 ML Epoetin Alfa 4000 UNT/ML Injection [Epogen],,1.0,0.0,0.0,0.0,0.03125,1.0,0.0,0.0,0.0,0.0,0.9166666666666666,0.4666666666666667
PUB-0978,84c07060096eb65d,00332c65-edad-a153-9c78-628931daa732,DIVALPROEX SODIUM,Indications and Usage,moderate,ExpertC,"1.4 Important Limitations Because of the risk to the fetus of decreased IQ, neurodevelopmental disorders, neural tube defects, and other major congenital malformations, which may occur very early in pregnancy, valproate should not be used to treat women with epilepsy or bipolar disorder who are pregnant or who plan to become pregnant unless other medications have failed to provide adequate symptom control or are otherwise unacceptable.",concomitant medications: 1 ML Epoetin Alfa 4000 UNT/ML Injection [Epogen]; 1 ML Epoetin Alfa 4000 UNT/ML Injection [Epogen],,1.0,0.0,0.0,0.0,0.03125,1.0,0.0,0.0,0.0,0.0,0.9166666666666666,0.4666666666666667
PUB-0979,84c07060096eb65d,00332c65-edad-a153-9c78-628931daa732,DIVALPROEX SODIUM,Indications and Usage,moderate,ExpertC,"1.4 Important Limitations Because of the risk to the fetus of decreased IQ, neurodevelopmental disorders, neural tube defects, and other major congenital malformations, which may occur very early in pregnancy, valproate should not be used to treat women with epilepsy or bipolar disorder who are pregnant or who plan to become pregnant unless other medications have failed to provide adequate symptom control or are otherwise unacceptable.",concomitant medications: 1 ML Epoetin Alfa 4000 UNT/ML Injection [Epogen]; 1 ML Epoetin Alfa 4000 UNT/ML Injection [Epogen],,1.0,0.0,0.0,0.0,0.03125,1.0,0.0,0.0,0.0,0.0,0.9166666666666666,0.4666666666666667
PUB-0980,84c07060096eb65d,00332c65-edad-a153-9c78-628931daa732,DIVALPROEX SODIUM,Indications and Usage,moderate,ExpertC,"1.4 Important Limitations Because of the risk to the fetus of decreased IQ, neurodevelopmental disorders, neural tube defects, and other major congenital malformations, which may occur very early in pregnancy, valproate should not be used to treat women with epilepsy or bipolar disorder who are pregnant or who plan to become pregnant unless other medications have failed to provide adequate symptom control or are otherwise unacceptable.",concomitant medications: 1 ML Epoetin Alfa 4000 UNT/ML Injection [Epogen]; 1 ML Epoetin Alfa 4000 UNT/ML Injection [Epogen],,1.0,0.0,0.0,0.0,0.03125,1.0,0.0,0.0,0.0,0.0,0.9166666666666666,0.4666666666666667
PUB-0981,da385e1fedff8f09,00332c65-edad-a153-9c78-628931daa732,DIVALPROEX SODIUM,Drug Interactions,high,ExpertC,"Liver function, including serum transaminase and total bilirubin levels, should be monitored during concomitant treatment [see Warnings and Precautions (5.1) ] .",concomitant medications: NDA020503 200 ACTUAT Albuterol 0.09 MG/ACTUAT Metered Dose Inhaler; 120 ACTUAT Fluticasone propionate 0.044 MG/ACTUAT Metered Dose Inhaler,,1.0,0.0,0.0,0.0,0.02857142857142857,0.0,1.0,0.0,0.0,1.0,0.4166666666666667,0.16666666666666666
PUB-0982,da385e1fedff8f09,00332c65-edad-a153-9c78-628931daa732,DIVALPROEX SODIUM,Drug Interactions,high,ExpertC,"Liver function, including serum transaminase and total bilirubin levels, should be monitored during concomitant treatment [see Warnings and Precautions (5.1) ] .",concomitant medications: NDA020503 200 ACTUAT Albuterol 0.09 MG/ACTUAT Metered Dose Inhaler; 120 ACTUAT Fluticasone propionate 0.044 MG/ACTUAT Metered Dose Inhaler,,1.0,0.0,0.0,0.0,0.02857142857142857,0.0,1.0,0.0,0.0,1.0,0.4166666666666667,0.16666666666666666
PUB-0983,da385e1fedff8f09,00332c65-edad-a153-9c78-628931daa732,DIVALPROEX SODIUM,Drug Interactions,high,ExpertC,"Liver function, including serum transaminase and total bilirubin levels, should be monitored during concomitant treatment [see Warnings and Precautions (5.1) ] .",concomitant medications: NDA020503 200 ACTUAT Albuterol 0.09 MG/ACTUAT Metered Dose Inhaler; 120 ACTUAT Fluticasone propionate 0.044 MG/ACTUAT Metered Dose Inhaler,,1.0,0.0,0.0,0.0,0.02857142857142857,0.0,1.0,0.0,0.0,1.0,0.4166666666666667,0.16666666666666666
PUB-0984,da385e1fedff8f09,00332c65-edad-a153-9c78-628931daa732,DIVALPROEX SODIUM,Drug Interactions,high,ExpertC,"Liver function, including serum transaminase and total bilirubin levels, should be monitored during concomitant treatment [see Warnings and Precautions (5.1) ] .",concomitant medications: NDA020503 200 ACTUAT Albuterol 0.09 MG/ACTUAT Metered Dose Inhaler; 120 ACTUAT Fluticasone propionate 0.044 MG/ACTUAT Metered Dose Inhaler,,1.0,0.0,0.0,0.0,0.02857142857142857,0.0,1.0,0.0,0.0,1.0,0.4166666666666667,0.16666666666666666
PUB-0985,8cebdf1d91a1f27d,0031881b-5118-4514-846f-e57cf7cb8b67,unknown,Drug Interactions,high,ExpertC,Interleukin-2 has been associated with transient painless thyroiditis in 20% of patients.,concomitant medications: 120 ACTUAT Fluticasone propionate 0.044 MG/ACTUAT Metered Dose Inhaler; NDA020503 200 ACTUAT Albuterol 0.09 MG/ACTUAT Metered Dose Inhaler,,1.0,0.0,0.0,0.0,0.0,0.0,1.0,0.0,0.0,1.0,0.08333333333333333,0.10833333333333334
PUB-0986,8cebdf1d91a1f27d,0031881b-5118-4514-846f-e57cf7cb8b67,unknown,Drug Interactions,high,ExpertC,Interleukin-2 has been associated with transient painless thyroiditis in 20% of patients.,concomitant medications: 120 ACTUAT Fluticasone propionate 0.044 MG/ACTUAT Metered Dose Inhaler; NDA020503 200 ACTUAT Albuterol 0.09 MG/ACTUAT Metered Dose Inhaler,,1.0,0.0,0.0,0.0,0.0,0.0,1.0,0.0,0.0,1.0,0.08333333333333333,0.10833333333333334
PUB-0987,8cebdf1d91a1f27d,0031881b-5118-4514-846f-e57cf7cb8b67,unknown,Drug Interactions,high,ExpertC,Interleukin-2 has been associated with transient painless thyroiditis in 20% of patients.,concomitant medications: 120 ACTUAT Fluticasone propionate 0.044 MG/ACTUAT Metered Dose Inhaler; NDA020503 200 ACTUAT Albuterol 0.09 MG/ACTUAT Metered Dose Inhaler,,1.0,0.0,0.0,0.0,0.0,0.0,1.0,0.0,0.0,1.0,0.08333333333333333,0.10833333333333334
PUB-0988,8cebdf1d91a1f27d,0031881b-5118-4514-846f-e57cf7cb8b67,unknown,Drug Interactions,high,ExpertC,Interleukin-2 has been associated with transient painless thyroiditis in 20% of patients.,concomitant medications: 120 ACTUAT Fluticasone propionate 0.044 MG/ACTUAT Metered Dose Inhaler; NDA020503 200 ACTUAT Albuterol 0.09 MG/ACTUAT Metered Dose Inhaler,,1.0,0.0,0.0,0.0,0.0,0.0,1.0,0.0,0.0,1.0,0.08333333333333333,0.10833333333333334
PUB-0989,43c8552edc24382e,00139e9f-3fd0-4dcf-a437-fb68a9988cea,unknown,Special Populations,moderate,ExpertC,"In two EFD studies, pregnant rats were orally administered with cyclosporine either at doses of 10, 17, 30, 100 and 300 mg/kg/day or 4, 10 and 25 mg/kg/day from gestation day (GD) 6 to 15 or from GD 7 to 17, respectively.",concomitant medications: NDA020503 200 ACTUAT Albuterol 0.09 MG/ACTUAT Metered Dose Inhaler; Atenolol 50 MG / Chlorthalidone 25 MG Oral Tablet,,1.0,0.0,1.0,0.0,0.0392156862745098,0.0,0.0,0.0,0.0,0.0,0.9166666666666666,0.2916666666666667
PUB-0990,43c8552edc24382e,00139e9f-3fd0-4dcf-a437-fb68a9988cea,unknown,Special Populations,moderate,ExpertC,"In two EFD studies, pregnant rats were orally administered with cyclosporine either at doses of 10, 17, 30, 100 and 300 mg/kg/day or 4, 10 and 25 mg/kg/day from gestation day (GD) 6 to 15 or from GD 7 to 17, respectively.",concomitant medications: 120 ACTUAT Fluticasone propionate 0.044 MG/ACTUAT Metered Dose Inhaler; NDA020503 200 ACTUAT Albuterol 0.09 MG/ACTUAT Metered Dose Inhaler,,1.0,0.0,1.0,0.0,0.02,0.0,0.0,0.0,0.0,0.0,0.9166666666666666,0.2916666666666667
PUB-0991,43c8552edc24382e,00139e9f-3fd0-4dcf-a437-fb68a9988cea,unknown,Special Populations,moderate,ExpertC,"In two EFD studies, pregnant rats were orally administered with cyclosporine either at doses of 10, 17, 30, 100 and 300 mg/kg/day or 4, 10 and 25 mg/kg/day from gestation day (GD) 6 to 15 or from GD 7 to 17, respectively.",concomitant medications: Atenolol 50 MG / Chlorthalidone 25 MG Oral Tablet; 120 ACTUAT Fluticasone propionate 0.044 MG/ACTUAT Metered Dose Inhaler,,1.0,0.0,1.0,0.0,0.0392156862745098,0.0,0.0,0.0,0.0,0.0,0.9166666666666666,0.2916666666666667
PUB-0992,43c8552edc24382e,00139e9f-3fd0-4dcf-a437-fb68a9988cea,unknown,Special Populations,moderate,ExpertC,"In two EFD studies, pregnant rats were orally administered with cyclosporine either at doses of 10, 17, 30, 100 and 300 mg/kg/day or 4, 10 and 25 mg/kg/day from gestation day (GD) 6 to 15 or from GD 7 to 17, respectively.",concomitant medications: NDA020503 200 ACTUAT Albuterol 0.09 MG/ACTUAT Metered Dose Inhaler; Acetaminophen 325 MG Oral Tablet,,1.0,0.0,1.0,0.0,0.02,0.0,0.0,0.0,0.0,0.0,0.9166666666666666,0.2916666666666667
PUB-0993,77219bc04787e22a,00097e78-9c04-4e62-8260-ddb50e9a6a93,TAMSULOSIN HYDROCHLORIDE,Drug Interactions,high,ExpertC,7.3 PDE5 Inhibitors Caution is advised when alpha adrenergic blocking agents including tamsulosin hydrochloride are coadministered with PDE5 inhibitors.,concomitant medications: insulin human  isophane 70 UNT/ML / Regular Insulin  Human 30 UNT/ML Injectable Suspension [Humulin]; Hydrochlorothiazide 25 MG Oral Tablet,,1.0,0.0,0.0,0.0,0.0,0.0,1.0,0.0,0.0,1.0,0.08333333333333333,0.15
PUB-0994,77219bc04787e22a,00097e78-9c04-4e62-8260-ddb50e9a6a93,TAMSULOSIN HYDROCHLORIDE,Drug Interactions,high,ExpertC,7.3 PDE5 Inhibitors Caution is advised when alpha adrenergic blocking agents including tamsulosin hydrochloride are coadministered with PDE5 inhibitors.,concomitant medications: insulin human  isophane 70 UNT/ML / Regular Insulin  Human 30 UNT/ML Injectable Suspension [Humulin]; Hydrochlorothiazide 25 MG Oral Tablet,,1.0,0.0,0.0,0.0,0.0,0.0,1.0,0.0,0.0,1.0,0.08333333333333333,0.15
PUB-0995,77219bc04787e22a,00097e78-9c04-4e62-8260-ddb50e9a6a93,TAMSULOSIN HYDROCHLORIDE,Drug Interactions,high,ExpertC,7.3 PDE5 Inhibitors Caution is advised when alpha adrenergic blocking agents including tamsulosin hydrochloride are coadministered with PDE5 inhibitors.,concomitant medications: insulin human  isophane 70 UNT/ML / Regular Insulin  Human 30 UNT/ML Injectable Suspension [Humulin]; Hydrochlorothiazide 25 MG Oral Tablet,,1.0,0.0,0.0,0.0,0.0,0.0,1.0,0.0,0.0,1.0,0.08333333333333333,0.15
PUB-0996,77219bc04787e22a,00097e78-9c04-4e62-8260-ddb50e9a6a93,TAMSULOSIN HYDROCHLORIDE,Drug Interactions,high,ExpertC,7.3 PDE5 Inhibitors Caution is advised when alpha adrenergic blocking agents including tamsulosin hydrochloride are coadministered with PDE5 inhibitors.,concomitant medications: insulin human  isophane 70 UNT/ML / Regular Insulin  Human 30 UNT/ML Injectable Suspension [Humulin]; Hydrochlorothiazide 25 MG Oral Tablet,,1.0,0.0,0.0,0.0,0.0,0.0,1.0,0.0,0.0,1.0,0.08333333333333333,0.15
PUB-0997,7fbd9834b02dbfb4,00332c65-edad-a153-9c78-628931daa732,DIVALPROEX SODIUM,Special Populations,moderate,ExpertC,"Maternal adverse reactions Pregnant women taking valproate may develop clotting abnormalities including thrombocytopenia, hypofibrinogenemia, and/or decrease in other coagulation factors, which may result in hemorrhagic complications in the neonate including death [see Warnings and Precautions (5.8) ] .",concomitant medications: Hydrochlorothiazide 25 MG Oral Tablet; Hydrochlorothiazide 25 MG Oral Tablet,,1.0,0.0,0.0,0.0,0.0,0.0,0.0,0.0,0.0,0.0,0.5833333333333334,0.275
PUB-0998,7fbd9834b02dbfb4,00332c65-edad-a153-9c78-628931daa732,DIVALPROEX SODIUM,Special Populations,moderate,ExpertC,"Maternal adverse reactions Pregnant women taking valproate may develop clotting abnormalities including thrombocytopenia, hypofibrinogenemia, and/or decrease in other coagulation factors, which may result in hemorrhagic complications in the neonate including death [see Warnings and Precautions (5.8) ] .",concomitant medications: Hydrochlorothiazide 25 MG Oral Tablet; Hydrochlorothiazide 25 MG Oral Tablet,,1.0,0.0,0.0,0.0,0.0,0.0,0.0,0.0,0.0,0.0,0.5833333333333334,0.275
PUB-0999,7fbd9834b02dbfb4,00332c65-edad-a153-9c78-628931daa732,DIVALPROEX SODIUM,Special Populations,moderate,ExpertC,"Maternal adverse reactions Pregnant women taking valproate may develop clotting abnormalities including thrombocytopenia, hypofibrinogenemia, and/or decrease in other coagulation factors, which may result in hemorrhagic complications in the neonate including death [see Warnings and Precautions (5.8) ] .",concomitant medications: Hydrochlorothiazide 25 MG Oral Tablet; Hydrochlorothiazide 25 MG Oral Tablet,,1.0,0.0,0.0,0.0,0.0,0.0,0.0,0.0,0.0,0.0,0.5833333333333334,0.275
PUB-1000,7fbd9834b02dbfb4,00332c65-edad-a153-9c78-628931daa732,DIVALPROEX SODIUM,Special Populations,moderate,ExpertC,"Maternal adverse reactions Pregnant women taking valproate may develop clotting abnormalities including thrombocytopenia, hypofibrinogenemia, and/or decrease in other coagulation factors, which may result in hemorrhagic complications in the neonate including death [see Warnings and Precautions (5.8) ] .",concomitant medications: Hydrochlorothiazide 25 MG Oral Tablet; Hydrochlorothiazide 25 MG Oral Tablet,,1.0,0.0,0.0,0.0,0.0,0.0,0.0,0.0,0.0,0.0,0.5833333333333334,0.275
PUB-1001,2595a33e3772edff,000155a8-709c-44e5-a75f-cd890f3a7caf,NAPROXEN,Special Populations,moderate,ExpertC,"Oligohydramnios/Neonatal Renal Impairment: If an NSAID is necessary at about 20 weeks gestation or later in pregnancy, limit the use to the lowest effective dose and shortest duration possible.",concomitant medications: Atenolol 50 MG / Chlorthalidone 25 MG Oral Tablet; Atenolol 50 MG / Chlorthalidone 25 MG Oral Tablet,,1.0,0.0,1.0,0.0,0.0,0.0,0.0,0.0,0.0,0.0,0.5,0.24166666666666667
PUB-1002,2595a33e3772edff,000155a8-709c-44e5-a75f-cd890f3a7caf,NAPROXEN,Special Populations,moderate,ExpertC,"Oligohydramnios/Neonatal Renal Impairment: If an NSAID is necessary at about 20 weeks gestation or later in pregnancy, limit the use to the lowest effective dose and shortest duration possible.",concomitant medications: Atenolol 50 MG / Chlorthalidone 25 MG Oral Tablet; Atenolol 50 MG / Chlorthalidone 25 MG Oral Tablet,,1.0,0.0,1.0,0.0,0.0,0.0,0.0,0.0,0.0,0.0,0.5,0.24166666666666667
PUB-1003,2595a33e3772edff,000155a8-709c-44e5-a75f-cd890f3a7caf,NAPROXEN,Special Populations,moderate,ExpertC,"Oligohydramnios/Neonatal Renal Impairment: If an NSAID is necessary at about 20 weeks gestation or later in pregnancy, limit the use to the lowest effective dose and shortest duration possible.",concomitant medications: Atenolol 50 MG / Chlorthalidone 25 MG Oral Tablet; Atenolol 50 MG / Chlorthalidone 25 MG Oral Tablet,,1.0,0.0,1.0,0.0,0.0,0.0,0.0,0.0,0.0,0.0,0.5,0.24166666666666667
PUB-1004,2595a33e3772edff,000155a8-709c-44e5-a75f-cd890f3a7caf,NAPROXEN,Special Populations,moderate,ExpertC,"Oligohydramnios/Neonatal Renal Impairment: If an NSAID is necessary at about 20 weeks gestation or later in pregnancy, limit the use to the lowest effective dose and shortest duration possible.",concomitant medications: insulin human  isophane 70 UNT/ML / Regular Insulin  Human 30 UNT/ML Injectable Suspension [Humulin]; Atenolol 50 MG / Chlorthalidone 25 MG Oral Tablet,,1.0,0.0,1.0,0.0,0.0,0.0,0.0,0.0,0.0,0.0,0.5,0.24166666666666667
PUB-1005,e853dac56de4a6fa,0033f2fb-31e8-4226-a26d-e56a9dce7d9d,unknown,Dosage and Administration,moderate,ExpertC,"To decrease this risk, regularly use a sunscreen with a Broad Spectrum SPFvalue of 15 or higher and other sun protectionmeasures including: limit time in the sun, especially from 10 a.m.",concomitant medications: Verapamil Hydrochloride 40 MG; Simvastatin 20 MG Oral Tablet,,1.0,0.0,0.0,0.0,0.0,0.0,0.0,0.0,1.0,0.0,0.5,0.24166666666666667
PUB-1006,e853dac56de4a6fa,0033f2fb-31e8-4226-a26d-e56a9dce7d9d,unknown,Dosage and Administration,moderate,ExpertC,"To decrease this risk, regularly use a sunscreen with a Broad Spectrum SPFvalue of 15 or higher and other sun protectionmeasures including: limit time in the sun, especially from 10 a.m.",concomitant medications: Digoxin 0.125 MG Oral Tablet; Amlodipine 5 MG Oral Tablet,,1.0,0.0,0.0,0.0,0.0,0.0,0.0,0.0,1.0,0.0,0.5,0.24166666666666667
PUB-1007,e853dac56de4a6fa,0033f2fb-31e8-4226-a26d-e56a9dce7d9d,unknown,Dosage and Administration,moderate,ExpertC,"To decrease this risk, regularly use a sunscreen with a Broad Spectrum SPFvalue of 15 or higher and other sun protectionmeasures including: limit time in the sun, especially from 10 a.m.",concomitant medications: Warfarin Sodium 5 MG Oral Tablet; Simvastatin 10 MG Oral Tablet,,1.0,0.0,0.0,0.0,0.02631578947368421,0.0,0.0,0.0,1.0,0.0,0.5,0.24166666666666667
PUB-1008,e853dac56de4a6fa,0033f2fb-31e8-4226-a26d-e56a9dce7d9d,unknown,Dosage and Administration,moderate,ExpertC,"To decrease this risk, regularly use a sunscreen with a Broad Spectrum SPFvalue of 15 or higher and other sun protectionmeasures including: limit time in the sun, especially from 10 a.m.",concomitant medications: Clopidogrel 75 MG Oral Tablet; amLODIPine 5 MG / Hydrochlorothiazide 12.5 MG / Olmesartan medoxomil 20 MG Oral Tablet,,1.0,0.0,0.0,0.0,0.0,0.0,0.0,0.0,1.0,0.0,0.5,0.24166666666666667
PUB-1009,dc0ce326a6efe0f6,001b2d3a-d81c-45da-8b63-5e9904835ea2,unknown,Special Populations,moderate,ExpertC,"When zolpidem was administered at oral doses of 4, 20, and 100 mg base/kg (approximately 5, 24 and 120 times the MRHD on a mg/m 2 basis) to pregnant rats during the period of organogenesis, dose-related decreases in fetal skull ossification occurred at all but the lowest dose, which is approximately 5 times the MRHD on a mg/m 2 basis.",concomitant medications: 1 ML Epoetin Alfa 4000 UNT/ML Injection [Epogen]; 1 ML Epoetin Alfa 4000 UNT/ML Injection [Epogen],,1.0,0.0,1.0,0.0,0.0,0.0,0.0,0.0,0.0,0.0,0.6666666666666666,0.38333333333333336
PUB-1010,dc0ce326a6efe0f6,001b2d3a-d81c-45da-8b63-5e9904835ea2,unknown,Special Populations,moderate,ExpertC,"When zolpidem was administered at oral doses of 4, 20, and 100 mg base/kg (approximately 5, 24 and 120 times the MRHD on a mg/m 2 basis) to pregnant rats during the period of organogenesis, dose-related decreases in fetal skull ossification occurred at all but the lowest dose, which is approximately 5 times the MRHD on a mg/m 2 basis.",concomitant medications: 1 ML Epoetin Alfa 4000 UNT/ML Injection [Epogen]; 1 ML Epoetin Alfa 4000 UNT/ML Injection [Epogen],,1.0,0.0,1.0,0.0,0.0,0.0,0.0,0.0,0.0,0.0,0.6666666666666666,0.38333333333333336
PUB-1011,dc0ce326a6efe0f6,001b2d3a-d81c-45da-8b63-5e9904835ea2,unknown,Special Populations,moderate,ExpertC,"When zolpidem was administered at oral doses of 4, 20, and 100 mg base/kg (approximately 5, 24 and 120 times the MRHD on a mg/m 2 basis) to pregnant rats during the period of organogenesis, dose-related decreases in fetal skull ossification occurred at all but the lowest dose, which is approximately 5 times the MRHD on a mg/m 2 basis.",concomitant medications: 1 ML Epoetin Alfa 4000 UNT/ML Injection [Epogen]; 1 ML Epoetin Alfa 4000 UNT/ML Injection [Epogen],,1.0,0.0,1.0,0.0,0.0,0.0,0.0,0.0,0.0,0.0,0.6666666666666666,0.38333333333333336
PUB-1012,dc0ce326a6efe0f6,001b2d3a-d81c-45da-8b63-5e9904835ea2,unknown,Special Populations,moderate,ExpertC,"When zolpidem was administered at oral doses of 4, 20, and 100 mg base/kg (approximately 5, 24 and 120 times the MRHD on a mg/m 2 basis) to pregnant rats during the period of organogenesis, dose-related decreases in fetal skull ossification occurred at all but the lowest dose, which is approximately 5 times the MRHD on a mg/m 2 basis.",concomitant medications: Clopidogrel 75 MG Oral Tablet; insulin human  isophane 70 UNT/ML / Regular Insulin  Human 30 UNT/ML Injectable Suspension [Humulin],,1.0,0.0,1.0,0.0,0.03225806451612903,0.0,0.0,0.0,0.0,0.0,0.6666666666666666,0.38333333333333336
PUB-1013,884b3c632f729804,0031881b-5118-4514-846f-e57cf7cb8b67,unknown,Drug Interactions,high,ExpertC,Antidiabetic Agents - Biguanides - Meglitinides - Sulfonylureas - Thiazolidediones - Insulin Addition of levothyroxine to antidiabetic or insulin therapy may result in increased antidiabetic agent or insulin requirements.,concomitant medications: Nitroglycerin 0.4 MG/ACTUAT Mucosal Spray; Simvastatin 20 MG Oral Tablet,,0.0,0.0,0.0,0.0,0.0,0.0,1.0,0.0,0.0,1.0,0.25,0.15833333333333333
PUB-1014,884b3c632f729804,0031881b-5118-4514-846f-e57cf7cb8b67,unknown,Drug Interactions,high,ExpertC,Antidiabetic Agents - Biguanides - Meglitinides - Sulfonylureas - Thiazolidediones - Insulin Addition of levothyroxine to antidiabetic or insulin therapy may result in increased antidiabetic agent or insulin requirements.,concomitant medications: Amlodipine 5 MG Oral Tablet; Nitroglycerin 0.4 MG/ACTUAT Mucosal Spray,,0.0,0.0,0.0,0.0,0.0,0.0,1.0,0.0,0.0,1.0,0.25,0.15833333333333333
PUB-1015,884b3c632f729804,0031881b-5118-4514-846f-e57cf7cb8b67,unknown,Drug Interactions,high,ExpertC,Antidiabetic Agents - Biguanides - Meglitinides - Sulfonylureas - Thiazolidediones - Insulin Addition of levothyroxine to antidiabetic or insulin therapy may result in increased antidiabetic agent or insulin requirements.,concomitant medications: Simvastatin 20 MG Oral Tablet; Amlodipine 5 MG Oral Tablet,,0.0,0.0,0.0,0.0,0.0,0.0,1.0,0.0,0.0,1.0,0.25,0.15833333333333333
PUB-1016,884b3c632f729804,0031881b-5118-4514-846f-e57cf7cb8b67,unknown,Drug Interactions,high,ExpertC,Antidiabetic Agents - Biguanides - Meglitinides - Sulfonylureas - Thiazolidediones - Insulin Addition of levothyroxine to antidiabetic or insulin therapy may result in increased antidiabetic agent or insulin requirements.,concomitant medications: Nitroglycerin 0.4 MG/ACTUAT Mucosal Spray; Simvastatin 20 MG Oral Tablet,,0.0,0.0,0.0,0.0,0.0,0.0,1.0,0.0,0.0,1.0,0.25,0.15833333333333333
PUB-1017,4d5c7769f4ee7875,001714c1-a292-40be-bfbd-0ff67193ace6,unknown,Drug Interactions,high,ExpertC,"However, coadministration of citalopram (40 mg) and ketoconazole (200 mg), a potent inhibitor of CYP3A4, did not significantly affect the pharmacokinetics of citalopram.",concomitant medications: NDA020800 0.3 ML Epinephrine 1 MG/ML Auto-Injector; Trinessa 28 Day Pack,,1.0,0.0,1.0,0.0,0.030303030303030304,1.0,1.0,0.0,0.0,1.0,0.4166666666666667,0.15833333333333333
PUB-1018,4d5c7769f4ee7875,001714c1-a292-40be-bfbd-0ff67193ace6,unknown,Drug Interactions,high,ExpertC,"However, coadministration of citalopram (40 mg) and ketoconazole (200 mg), a potent inhibitor of CYP3A4, did not significantly affect the pharmacokinetics of citalopram.",concomitant medications: Amoxicillin 250 MG / Clavulanate 125 MG Oral Tablet; Levora 0.15/30 28 Day Pack,,1.0,0.0,1.0,0.0,0.029411764705882353,1.0,1.0,0.0,0.0,1.0,0.4166666666666667,0.15833333333333333
PUB-1019,4d5c7769f4ee7875,001714c1-a292-40be-bfbd-0ff67193ace6,unknown,Drug Interactions,high,ExpertC,"However, coadministration of citalopram (40 mg) and ketoconazole (200 mg), a potent inhibitor of CYP3A4, did not significantly affect the pharmacokinetics of citalopram.",concomitant medications: Acetaminophen 325 MG Oral Tablet; Mirena 52 MG Intrauterine System,,1.0,0.0,1.0,0.0,0.034482758620689655,1.0,1.0,0.0,0.0,1.0,0.4166666666666667,0.15833333333333333
PUB-1020,4d5c7769f4ee7875,001714c1-a292-40be-bfbd-0ff67193ace6,unknown,Drug Interactions,high,ExpertC,"However, coadministration of citalopram (40 mg) and ketoconazole (200 mg), a potent inhibitor of CYP3A4, did not significantly affect the pharmacokinetics of citalopram.",concomitant medications: Natazia 28 Day Pack; Ibuprofen 100 MG Oral Tablet,,1.0,0.0,1.0,0.0,0.034482758620689655,1.0,1.0,0.0,0.0,1.0,0.4166666666666667,0.15833333333333333
PUB-1021,6bbe0c304773b669,00125d63-d8d0-46c5-bdf1-80d2c85eda5a,ETODOLAC,Warnings and Precautions,high,ExpertC,Blood pressure (BP) should be monitored closely during the initiation of NSAID treatment and throughout the course of therapy.,concomitant medications: 1 ML Epoetin Alfa 4000 UNT/ML Injection [Epogen]; 1 ML Epoetin Alfa 4000 UNT/ML Injection [Epogen],,0.0,0.0,0.0,0.0,0.0,0.0,0.0,0.0,0.0,1.0,0.16666666666666666,0.14166666666666666
PUB-1022,6bbe0c304773b669,00125d63-d8d0-46c5-bdf1-80d2c85eda5a,ETODOLAC,Warnings and Precautions,high,ExpertC,Blood pressure (BP) should be monitored closely during the initiation of NSAID treatment and throughout the course of therapy.,concomitant medications: 1 ML Epoetin Alfa 4000 UNT/ML Injection [Epogen]; 1 ML Epoetin Alfa 4000 UNT/ML Injection [Epogen],,0.0,0.0,0.0,0.0,0.0,0.0,0.0,0.0,0.0,1.0,0.16666666666666666,0.14166666666666666
PUB-1023,6bbe0c304773b669,00125d63-d8d0-46c5-bdf1-80d2c85eda5a,ETODOLAC,Warnings and Precautions,high,ExpertC,Blood pressure (BP) should be monitored closely during the initiation of NSAID treatment and throughout the course of therapy.,concomitant medications: 1 ML Epoetin Alfa 4000 UNT/ML Injection [Epogen]; 1 ML Epoetin Alfa 4000 UNT/ML Injection [Epogen],,0.0,0.0,0.0,0.0,0.0,0.0,0.0,0.0,0.0,1.0,0.16666666666666666,0.14166666666666666
PUB-1024,6bbe0c304773b669,00125d63-d8d0-46c5-bdf1-80d2c85eda5a,ETODOLAC,Warnings and Precautions,high,ExpertC,Blood pressure (BP) should be monitored closely during the initiation of NSAID treatment and throughout the course of therapy.,concomitant medications: 1 ML Epoetin Alfa 4000 UNT/ML Injection [Epogen]; Clopidogrel 75 MG Oral Tablet,,0.0,0.0,0.0,0.0,0.0,0.0,0.0,0.0,0.0,1.0,0.16666666666666666,0.14166666666666666
PUB-1025,a15380c0defc02df,00327696-c496-4c83-a63e-9e29fd6246d4,ONDANSETRON HYDROCHLORIDE,Special Populations,moderate,ExpertC,"One large retrospective cohort study examined 1970 women who received a prescription for ondansetron during pregnancy and reported no association between ondansetron exposure and major congenital malformations, miscarriage, stillbirth, preterm delivery, infants of low birth weight, or infants small for gestational age.",concomitant medications: Clopidogrel 75 MG Oral Tablet; amLODIPine 5 MG / Hydrochlorothiazide 12.5 MG / Olmesartan medoxomil 20 MG Oral Tablet,,1.0,0.0,0.0,0.0,0.0,1.0,0.0,0.0,0.0,0.0,0.75,0.31666666666666665
PUB-1026,a15380c0defc02df,00327696-c496-4c83-a63e-9e29fd6246d4,ONDANSETRON HYDROCHLORIDE,Special Populations,moderate,ExpertC,"One large retrospective cohort study examined 1970 women who received a prescription for ondansetron during pregnancy and reported no association between ondansetron exposure and major congenital malformations, miscarriage, stillbirth, preterm delivery, infants of low birth weight, or infants small for gestational age.",concomitant medications: Nitroglycerin 0.4 MG/ACTUAT Mucosal Spray; Verapamil Hydrochloride 40 MG,,1.0,0.0,0.0,0.0,0.0,1.0,0.0,0.0,0.0,0.0,0.75,0.31666666666666665
PUB-1027,a15380c0defc02df,00327696-c496-4c83-a63e-9e29fd6246d4,ONDANSETRON HYDROCHLORIDE,Special Populations,moderate,ExpertC,"One large retrospective cohort study examined 1970 women who received a prescription for ondansetron during pregnancy and reported no association between ondansetron exposure and major congenital malformations, miscarriage, stillbirth, preterm delivery, infants of low birth weight, or infants small for gestational age.",concomitant medications: Simvastatin 20 MG Oral Tablet; Insulin Lispro 100 UNT/ML Injectable Solution [Humalog],,1.0,0.0,0.0,0.0,0.0,1.0,0.0,0.0,0.0,0.0,0.75,0.31666666666666665
PUB-1028,a15380c0defc02df,00327696-c496-4c83-a63e-9e29fd6246d4,ONDANSETRON HYDROCHLORIDE,Special Populations,moderate,ExpertC,"One large retrospective cohort study examined 1970 women who received a prescription for ondansetron during pregnancy and reported no association between ondansetron exposure and major congenital malformations, miscarriage, stillbirth, preterm delivery, infants of low birth weight, or infants small for gestational age.",concomitant medications: 24 HR Metformin hydrochloride 500 MG Extended Release Oral Tablet; Digoxin 0.125 MG Oral Tablet,,1.0,0.0,0.0,0.0,0.0,1.0,0.0,0.0,0.0,0.0,0.75,0.31666666666666665
PUB-1029,455d0a2d9e640d1d,0030ffac-183a-472c-95b8-f93b4195de04,ROPINIROLE,Special Populations,moderate,ExpertC,"Among patients with advanced Parkinson’s disease receiving extended-release ropinirole, vomiting and nausea were more common in patients greater than 65 years (5% and 9%, respectively) compared with patients less than 65 (1% and 7%, respectively).",concomitant medications: 1 ML Epoetin Alfa 4000 UNT/ML Injection [Epogen]; 1 ML Epoetin Alfa 4000 UNT/ML Injection [Epogen],,1.0,1.0,1.0,0.0,0.02631578947368421,0.0,0.0,0.0,0.0,0.0,0.5833333333333334,0.24166666666666667
PUB-1030,455d0a2d9e640d1d,0030ffac-183a-472c-95b8-f93b4195de04,ROPINIROLE,Special Populations,moderate,ExpertC,"Among patients with advanced Parkinson’s disease receiving extended-release ropinirole, vomiting and nausea were more common in patients greater than 65 years (5% and 9%, respectively) compared with patients less than 65 (1% and 7%, respectively).",concomitant medications: 1 ML Epoetin Alfa 4000 UNT/ML Injection [Epogen]; 1 ML Epoetin Alfa 4000 UNT/ML Injection [Epogen],,1.0,1.0,1.0,0.0,0.02631578947368421,0.0,0.0,0.0,0.0,0.0,0.5833333333333334,0.24166666666666667
PUB-1031,455d0a2d9e640d1d,0030ffac-183a-472c-95b8-f93b4195de04,ROPINIROLE,Special Populations,moderate,ExpertC,"Among patients with advanced Parkinson’s disease receiving extended-release ropinirole, vomiting and nausea were more common in patients greater than 65 years (5% and 9%, respectively) compared with patients less than 65 (1% and 7%, respectively).",concomitant medications: 1 ML Epoetin Alfa 4000 UNT/ML Injection [Epogen]; insulin human  isophane 70 UNT/ML / Regular Insulin  Human 30 UNT/ML Injectable Suspension [Humulin],,1.0,1.0,1.0,0.0,0.02127659574468085,0.0,0.0,0.0,0.0,0.0,0.5833333333333334,0.24166666666666667
PUB-1032,455d0a2d9e640d1d,0030ffac-183a-472c-95b8-f93b4195de04,ROPINIROLE,Special Populations,moderate,ExpertC,"Among patients with advanced Parkinson’s disease receiving extended-release ropinirole, vomiting and nausea were more common in patients greater than 65 years (5% and 9%, respectively) compared with patients less than 65 (1% and 7%, respectively).",concomitant medications: Atenolol 50 MG / Chlorthalidone 25 MG Oral Tablet; 1 ML Epoetin Alfa 4000 UNT/ML Injection [Epogen],,1.0,1.0,1.0,0.0,0.022222222222222223,0.0,0.0,0.0,0.0,0.0,0.5833333333333334,0.24166666666666667
PUB-1033,a011f1acf95b50c8,00332c65-edad-a153-9c78-628931daa732,DIVALPROEX SODIUM,Drug Interactions,high,ExpertC,"Tolbutamide From in vitro experiments, the unbound fraction of tolbutamide was increased from 20% to 50% when added to plasma samples taken from patients treated with valproate.",concomitant medications: NDA020503 200 ACTUAT Albuterol 0.09 MG/ACTUAT Metered Dose Inhaler; 120 ACTUAT Fluticasone propionate 0.044 MG/ACTUAT Metered Dose Inhaler,,1.0,0.0,0.0,0.0,0.0,0.0,1.0,0.0,0.0,1.0,0.16666666666666666,0.19166666666666668
PUB-1034,a011f1acf95b50c8,00332c65-edad-a153-9c78-628931daa732,DIVALPROEX SODIUM,Drug Interactions,high,ExpertC,"Tolbutamide From in vitro experiments, the unbound fraction of tolbutamide was increased from 20% to 50% when added to plasma samples taken from patients treated with valproate.",concomitant medications: NDA020503 200 ACTUAT Albuterol 0.09 MG/ACTUAT Metered Dose Inhaler; 120 ACTUAT Fluticasone propionate 0.044 MG/ACTUAT Metered Dose Inhaler,,1.0,0.0,0.0,0.0,0.0,0.0,1.0,0.0,0.0,1.0,0.16666666666666666,0.19166666666666668
PUB-1035,a011f1acf95b50c8,00332c65-edad-a153-9c78-628931daa732,DIVALPROEX SODIUM,Drug Interactions,high,ExpertC,"Tolbutamide From in vitro experiments, the unbound fraction of tolbutamide was increased from 20% to 50% when added to plasma samples taken from patients treated with valproate.",concomitant medications: NDA020503 200 ACTUAT Albuterol 0.09 MG/ACTUAT Metered Dose Inhaler; 120 ACTUAT Fluticasone propionate 0.044 MG/ACTUAT Metered Dose Inhaler,,1.0,0.0,0.0,0.0,0.0,0.0,1.0,0.0,0.0,1.0,0.16666666666666666,0.19166666666666668
PUB-1036,a011f1acf95b50c8,00332c65-edad-a153-9c78-628931daa732,DIVALPROEX SODIUM,Drug Interactions,high,ExpertC,"Tolbutamide From in vitro experiments, the unbound fraction of tolbutamide was increased from 20% to 50% when added to plasma samples taken from patients treated with valproate.",concomitant medications: NDA020503 200 ACTUAT Albuterol 0.09 MG/ACTUAT Metered Dose Inhaler; 120 ACTUAT Fluticasone propionate 0.044 MG/ACTUAT Metered Dose Inhaler,,1.0,0.0,0.0,0.0,0.0,0.0,1.0,0.0,0.0,1.0,0.16666666666666666,0.19166666666666668
PUB-1037,5ef68d9099cd0529,0034fc51-706c-4b03-b8f4-6255a329dd9b,unknown,Drug Interactions,high,ExpertC,John’s wort topiramate Significant changes (increase or decrease) in the plasma levels of the progestin have been noted in some cases of coadministration with HIV protease inhibitors or with non-nucleoside reverse transcriptase inhibitors.,concomitant medications: Insulin Lispro 100 UNT/ML Injectable Solution [Humalog]; 24 HR Metformin hydrochloride 500 MG Extended Release Oral Tablet,,0.0,0.0,0.0,0.0,0.0,0.0,1.0,0.0,0.0,1.0,0.25,0.24166666666666667
PUB-1038,5ef68d9099cd0529,0034fc51-706c-4b03-b8f4-6255a329dd9b,unknown,Drug Interactions,high,ExpertC,John’s wort topiramate Significant changes (increase or decrease) in the plasma levels of the progestin have been noted in some cases of coadministration with HIV protease inhibitors or with non-nucleoside reverse transcriptase inhibitors.,concomitant medications: Digoxin 0.125 MG Oral Tablet; Amlodipine 5 MG Oral Tablet,,0.0,0.0,0.0,0.0,0.0,0.0,1.0,0.0,0.0,1.0,0.25,0.24166666666666667
PUB-1039,5ef68d9099cd0529,0034fc51-706c-4b03-b8f4-6255a329dd9b,unknown,Drug Interactions,high,ExpertC,John’s wort topiramate Significant changes (increase or decrease) in the plasma levels of the progestin have been noted in some cases of coadministration with HIV protease inhibitors or with non-nucleoside reverse transcriptase inhibitors.,concomitant medications: Warfarin Sodium 5 MG Oral Tablet; Clopidogrel 75 MG Oral Tablet,,0.0,0.0,0.0,0.0,0.0,0.0,1.0,0.0,0.0,1.0,0.25,0.24166666666666667
PUB-1040,5ef68d9099cd0529,0034fc51-706c-4b03-b8f4-6255a329dd9b,unknown,Drug Interactions,high,ExpertC,John’s wort topiramate Significant changes (increase or decrease) in the plasma levels of the progestin have been noted in some cases of coadministration with HIV protease inhibitors or with non-nucleoside reverse transcriptase inhibitors.,concomitant medications: amLODIPine 5 MG / Hydrochlorothiazide 12.5 MG / Olmesartan medoxomil 20 MG Oral Tablet; Nitroglycerin 0.4 MG/ACTUAT Mucosal Spray,,0.0,0.0,0.0,0.0,0.0,0.0,1.0,0.0,0.0,1.0,0.25,0.24166666666666667
PUB-1041,0e286a2a4121cbe5,0013c0c8-513a-48f3-a918-5bc1750c96a7,unknown,Drug Interactions,high,ExpertC,"Plasma valproate concentration should be monitored when isonia- zid and valproate are co-administered, and appropriate dosage adjustments of valproate should be made 5 .",concomitant medications: Clopidogrel 75 MG Oral Tablet; insulin human  isophane 70 UNT/ML / Regular Insulin  Human 30 UNT/ML Injectable Suspension [Humulin],,1.0,0.0,0.0,0.0,0.0,0.0,1.0,0.0,0.0,1.0,0.3333333333333333,0.15833333333333333
PUB-1042,0e286a2a4121cbe5,0013c0c8-513a-48f3-a918-5bc1750c96a7,unknown,Drug Interactions,high,ExpertC,"Plasma valproate concentration should be monitored when isonia- zid and valproate are co-administered, and appropriate dosage adjustments of valproate should be made 5 .",concomitant medications: Atenolol 50 MG / Chlorthalidone 25 MG Oral Tablet; Nitroglycerin 0.4 MG/ACTUAT Mucosal Spray,,1.0,0.0,0.0,0.0,0.0,0.0,1.0,0.0,0.0,1.0,0.3333333333333333,0.15833333333333333
PUB-1043,0e286a2a4121cbe5,0013c0c8-513a-48f3-a918-5bc1750c96a7,unknown,Drug Interactions,high,ExpertC,"Plasma valproate concentration should be monitored when isonia- zid and valproate are co-administered, and appropriate dosage adjustments of valproate should be made 5 .",concomitant medications: Simvastatin 20 MG Oral Tablet; 24 HR Metformin hydrochloride 500 MG Extended Release Oral Tablet,,1.0,0.0,0.0,0.0,0.0,0.0,1.0,0.0,0.0,1.0,0.3333333333333333,0.15833333333333333
PUB-1044,0e286a2a4121cbe5,0013c0c8-513a-48f3-a918-5bc1750c96a7,unknown,Drug Interactions,high,ExpertC,"Plasma valproate concentration should be monitored when isonia- zid and valproate are co-administered, and appropriate dosage adjustments of valproate should be made 5 .",concomitant medications: 60 ACTUAT Fluticasone propionate 0.25 MG/ACTUAT / salmeterol 0.05 MG/ACTUAT Dry Powder Inhaler; Amlodipine 5 MG Oral Tablet,,1.0,0.0,0.0,0.0,0.027777777777777776,0.0,1.0,0.0,0.0,1.0,0.3333333333333333,0.15833333333333333
PUB-1045,2a7bac58ae3c8529,0034fc51-706c-4b03-b8f4-6255a329dd9b,unknown,Drug Interactions,high,ExpertC,"Drugs or herbal products that induce certain enzymes, such as CYP3A4, may decrease the effectiveness of progestin-only pills.",concomitant medications: Hydrochlorothiazide 25 MG Oral Tablet; Hydrochlorothiazide 25 MG Oral Tablet,,0.0,0.0,0.0,0.0,0.0,0.0,1.0,0.0,0.0,1.0,0.3333333333333333,0.15833333333333333
PUB-1046,2a7bac58ae3c8529,0034fc51-706c-4b03-b8f4-6255a329dd9b,unknown,Drug Interactions,high,ExpertC,"Drugs or herbal products that induce certain enzymes, such as CYP3A4, may decrease the effectiveness of progestin-only pills.",concomitant medications: Hydrochlorothiazide 25 MG Oral Tablet; Hydrochlorothiazide 25 MG Oral Tablet,,0.0,0.0,0.0,0.0,0.0,0.0,1.0,0.0,0.0,1.0,0.3333333333333333,0.15833333333333333
PUB-1047,2a7bac58ae3c8529,0034fc51-706c-4b03-b8f4-6255a329dd9b,unknown,Drug Interactions,high,ExpertC,"Drugs or herbal products that induce certain enzymes, such as CYP3A4, may decrease the effectiveness of progestin-only pills.",concomitant medications: Hydrochlorothiazide 25 MG Oral Tablet; Hydrochlorothiazide 25 MG Oral Tablet,,0.0,0.0,0.0,0.0,0.0,0.0,1.0,0.0,0.0,1.0,0.3333333333333333,0.15833333333333333
PUB-1048,2a7bac58ae3c8529,0034fc51-706c-4b03-b8f4-6255a329dd9b,unknown,Drug Interactions,high,ExpertC,"Drugs or herbal products that induce certain enzymes, such as CYP3A4, may decrease the effectiveness of progestin-only pills.",concomitant medications: Hydrochlorothiazide 25 MG Oral Tablet; Hydrochlorothiazide 25 MG Oral Tablet,,0.0,0.0,0.0,0.0,0.0,0.0,1.0,0.0,0.0,1.0,0.3333333333333333,0.15833333333333333
PUB-1049,52ee3e0919b1b84d,00309724-5ac7-4e6a-91e2-16087c83402c,unknown,Indications and Usage,moderate,ExpertC,"1.6 ZYPREXA and Fluoxetine in Combination: Treatment Resistant Depression Oral ZYPREXA and fluoxetine in combination is indicated for the treatment of treatment resistant depression (major depressive disorder in patients who do not respond to 2 separate trials of different antidepressants of adequate dose and duration in the current episode), based on clinical studies in adult patients.",concomitant medications: Hydrochlorothiazide 25 MG Oral Tablet; Hydrochlorothiazide 25 MG Oral Tablet,,1.0,0.0,0.0,0.0,0.021739130434782608,1.0,0.0,0.0,0.0,0.0,0.5,0.3333333333333333
PUB-1050,52ee3e0919b1b84d,00309724-5ac7-4e6a-91e2-16087c83402c,unknown,Indications and Usage,moderate,ExpertC,"1.6 ZYPREXA and Fluoxetine in Combination: Treatment Resistant Depression Oral ZYPREXA and fluoxetine in combination is indicated for the treatment of treatment resistant depression (major depressive disorder in patients who do not respond to 2 separate trials of different antidepressants of adequate dose and duration in the current episode), based on clinical studies in adult patients.",concomitant medications: Hydrochlorothiazide 25 MG Oral Tablet; Hydrochlorothiazide 25 MG Oral Tablet,,1.0,0.0,0.0,0.0,0.021739130434782608,1.0,0.0,0.0,0.0,0.0,0.5,0.3333333333333333
PUB-1051,52ee3e0919b1b84d,00309724-5ac7-4e6a-91e2-16087c83402c,unknown,Indications and Usage,moderate,ExpertC,"1.6 ZYPREXA and Fluoxetine in Combination: Treatment Resistant Depression Oral ZYPREXA and fluoxetine in combination is indicated for the treatment of treatment resistant depression (major depressive disorder in patients who do not respond to 2 separate trials of different antidepressants of adequate dose and duration in the current episode), based on clinical studies in adult patients.",concomitant medications: Hydrochlorothiazide 25 MG Oral Tablet; Hydrochlorothiazide 25 MG Oral Tablet,,1.0,0.0,0.0,0.0,0.021739130434782608,1.0,0.0,0.0,0.0,0.0,0.5,0.3333333333333333
PUB-1052,52ee3e0919b1b84d,00309724-5ac7-4e6a-91e2-16087c83402c,unknown,Indications and Usage,moderate,ExpertC,"1.6 ZYPREXA and Fluoxetine in Combination: Treatment Resistant Depression Oral ZYPREXA and fluoxetine in combination is indicated for the treatment of treatment resistant depression (major depressive disorder in patients who do not respond to 2 separate trials of different antidepressants of adequate dose and duration in the current episode), based on clinical studies in adult patients.",concomitant medications: Hydrochlorothiazide 25 MG Oral Tablet; Hydrochlorothiazide 25 MG Oral Tablet,,1.0,0.0,0.0,0.0,0.021739130434782608,1.0,0.0,0.0,0.0,0.0,0.5,0.3333333333333333
PUB-1053,a6db108b2fe66f66,001f4c8f-adbe-4409-9bf8-702e83a32783,unknown,Warnings and Precautions,high,ExpertC,Periodic monitoring of white blood cell counts in patients with collagen vascular disease and renal disease should be considered.,concomitant medications: Verapamil Hydrochloride 40 MG; Simvastatin 20 MG Oral Tablet,,0.0,0.0,0.0,0.0,0.0,0.0,0.0,0.0,0.0,1.0,0.16666666666666666,0.15
PUB-1054,a6db108b2fe66f66,001f4c8f-adbe-4409-9bf8-702e83a32783,unknown,Warnings and Precautions,high,ExpertC,Periodic monitoring of white blood cell counts in patients with collagen vascular disease and renal disease should be considered.,concomitant medications: Digoxin 0.125 MG Oral Tablet; Amlodipine 5 MG Oral Tablet,,0.0,0.0,0.0,0.0,0.0,0.0,0.0,0.0,0.0,1.0,0.16666666666666666,0.15
PUB-1055,a6db108b2fe66f66,001f4c8f-adbe-4409-9bf8-702e83a32783,unknown,Warnings and Precautions,high,ExpertC,Periodic monitoring of white blood cell counts in patients with collagen vascular disease and renal disease should be considered.,concomitant medications: Warfarin Sodium 5 MG Oral Tablet; Simvastatin 10 MG Oral Tablet,,0.0,0.0,0.0,0.0,0.0,0.0,0.0,0.0,0.0,1.0,0.16666666666666666,0.15
PUB-1056,a6db108b2fe66f66,001f4c8f-adbe-4409-9bf8-702e83a32783,unknown,Warnings and Precautions,high,ExpertC,Periodic monitoring of white blood cell counts in patients with collagen vascular disease and renal disease should be considered.,concomitant medications: Acetaminophen 21.7 MG/ML / Dextromethorphan Hydrobromide 1 MG/ML / doxylamine succinate 0.417 MG/ML Oral Solution; Acetaminophen 160 MG Chewable Tablet,,0.0,0.0,0.0,0.0,0.0,0.0,0.0,0.0,0.0,1.0,0.16666666666666666,0.15
PUB-1057,b984854c5462e662,00139e9f-3fd0-4dcf-a437-fb68a9988cea,unknown,Drug Interactions,high,ExpertC,"When concurrently administered with cyclosporine, the dosage of these statins should be reduced according to label recommendations.",concomitant medications: 24 HR Metformin hydrochloride 500 MG Extended Release Oral Tablet; Digoxin 0.125 MG Oral Tablet,,0.0,0.0,0.0,0.0,0.0,0.0,1.0,0.0,0.0,1.0,0.16666666666666666,0.14166666666666666
PUB-1058,b984854c5462e662,00139e9f-3fd0-4dcf-a437-fb68a9988cea,unknown,Drug Interactions,high,ExpertC,"When concurrently administered with cyclosporine, the dosage of these statins should be reduced according to label recommendations.",concomitant medications: Warfarin Sodium 5 MG Oral Tablet; amLODIPine 5 MG / Hydrochlorothiazide 12.5 MG / Olmesartan medoxomil 20 MG Oral Tablet,,0.0,0.0,0.0,0.0,0.0,0.0,1.0,0.0,0.0,1.0,0.16666666666666666,0.14166666666666666
PUB-1059,b984854c5462e662,00139e9f-3fd0-4dcf-a437-fb68a9988cea,unknown,Drug Interactions,high,ExpertC,"When concurrently administered with cyclosporine, the dosage of these statins should be reduced according to label recommendations.",concomitant medications: Verapamil Hydrochloride 40 MG; Insulin Lispro 100 UNT/ML Injectable Solution [Humalog],,0.0,0.0,0.0,0.0,0.0,0.0,1.0,0.0,0.0,1.0,0.16666666666666666,0.14166666666666666
PUB-1060,b984854c5462e662,00139e9f-3fd0-4dcf-a437-fb68a9988cea,unknown,Drug Interactions,high,ExpertC,"When concurrently administered with cyclosporine, the dosage of these statins should be reduced according to label recommendations.",concomitant medications: 24 HR Metformin hydrochloride 500 MG Extended Release Oral Tablet; Digoxin 0.125 MG Oral Tablet,,0.0,0.0,0.0,0.0,0.0,0.0,1.0,0.0,0.0,1.0,0.16666666666666666,0.14166666666666666
PUB-1061,9a43f621ff99afc7,00011703-bc55-4c0c-858c-149dc674bc3c,unknown,Special Populations,moderate,ExpertC,"Nonteratogenic Effects: Additional studies in rats with doses up to 360 mg/kg/day during late gestation showed no adverse effect on late fetal development, labor, delivery, lactation, neonatal viability, or growth of the newborn.",concomitant medications: Atenolol 50 MG / Chlorthalidone 25 MG Oral Tablet; Atenolol 50 MG / Chlorthalidone 25 MG Oral Tablet,,1.0,0.0,1.0,0.0,0.023809523809523808,1.0,0.0,0.0,0.0,0.0,0.6666666666666666,0.2833333333333333
PUB-1062,9a43f621ff99afc7,00011703-bc55-4c0c-858c-149dc674bc3c,unknown,Special Populations,moderate,ExpertC,"Nonteratogenic Effects: Additional studies in rats with doses up to 360 mg/kg/day during late gestation showed no adverse effect on late fetal development, labor, delivery, lactation, neonatal viability, or growth of the newborn.",concomitant medications: Atenolol 50 MG / Chlorthalidone 25 MG Oral Tablet; Atenolol 50 MG / Chlorthalidone 25 MG Oral Tablet,,1.0,0.0,1.0,0.0,0.023809523809523808,1.0,0.0,0.0,0.0,0.0,0.6666666666666666,0.2833333333333333
PUB-1063,9a43f621ff99afc7,00011703-bc55-4c0c-858c-149dc674bc3c,unknown,Special Populations,moderate,ExpertC,"Nonteratogenic Effects: Additional studies in rats with doses up to 360 mg/kg/day during late gestation showed no adverse effect on late fetal development, labor, delivery, lactation, neonatal viability, or growth of the newborn.",concomitant medications: Atenolol 50 MG / Chlorthalidone 25 MG Oral Tablet; Atenolol 50 MG / Chlorthalidone 25 MG Oral Tablet,,1.0,0.0,1.0,0.0,0.023809523809523808,1.0,0.0,0.0,0.0,0.0,0.6666666666666666,0.2833333333333333
PUB-1064,9a43f621ff99afc7,00011703-bc55-4c0c-858c-149dc674bc3c,unknown,Special Populations,moderate,ExpertC,"Nonteratogenic Effects: Additional studies in rats with doses up to 360 mg/kg/day during late gestation showed no adverse effect on late fetal development, labor, delivery, lactation, neonatal viability, or growth of the newborn.",concomitant medications: Atenolol 50 MG / Chlorthalidone 25 MG Oral Tablet; Atenolol 50 MG / Chlorthalidone 25 MG Oral Tablet,,1.0,0.0,1.0,0.0,0.023809523809523808,1.0,0.0,0.0,0.0,0.0,0.6666666666666666,0.2833333333333333
PUB-1065,d6aa1f403debd895,00327696-c496-4c83-a63e-9e29fd6246d4,ONDANSETRON HYDROCHLORIDE,Special Populations,moderate,ExpertC,8.1 Pregnancy Risk Summary Published epidemiological studies on the association between ondansetron use and major birth defects have reported inconsistent findings and have important methodological limitations that preclude conclusions about the safety of ondansetron use in pregnancy ( see Data ).,concomitant medications: insulin human  isophane 70 UNT/ML / Regular Insulin  Human 30 UNT/ML Injectable Suspension [Humulin]; Naproxen sodium 220 MG Oral Tablet,,1.0,0.0,0.0,0.0,0.0,0.0,0.0,0.0,0.0,0.0,0.25,0.2833333333333333
PUB-1066,d6aa1f403debd895,00327696-c496-4c83-a63e-9e29fd6246d4,ONDANSETRON HYDROCHLORIDE,Special Populations,moderate,ExpertC,8.1 Pregnancy Risk Summary Published epidemiological studies on the association between ondansetron use and major birth defects have reported inconsistent findings and have important methodological limitations that preclude conclusions about the safety of ondansetron use in pregnancy ( see Data ).,concomitant medications: insulin human  isophane 70 UNT/ML / Regular Insulin  Human 30 UNT/ML Injectable Suspension [Humulin]; Warfarin Sodium 5 MG Oral Tablet,,1.0,0.0,0.0,0.0,0.0,0.0,0.0,0.0,0.0,0.0,0.25,0.2833333333333333
PUB-1067,d6aa1f403debd895,00327696-c496-4c83-a63e-9e29fd6246d4,ONDANSETRON HYDROCHLORIDE,Special Populations,moderate,ExpertC,8.1 Pregnancy Risk Summary Published epidemiological studies on the association between ondansetron use and major birth defects have reported inconsistent findings and have important methodological limitations that preclude conclusions about the safety of ondansetron use in pregnancy ( see Data ).,concomitant medications: Verapamil Hydrochloride 40 MG; Digoxin 0.125 MG Oral Tablet,,1.0,0.0,0.0,0.0,0.0,0.0,0.0,0.0,0.0,0.0,0.25,0.2833333333333333
PUB-1068,d6aa1f403debd895,00327696-c496-4c83-a63e-9e29fd6246d4,ONDANSETRON HYDROCHLORIDE,Special Populations,moderate,ExpertC,8.1 Pregnancy Risk Summary Published epidemiological studies on the association between ondansetron use and major birth defects have reported inconsistent findings and have important methodological limitations that preclude conclusions about the safety of ondansetron use in pregnancy ( see Data ).,concomitant medications: insulin human  isophane 70 UNT/ML / Regular Insulin  Human 30 UNT/ML Injectable Suspension [Humulin]; Verapamil Hydrochloride 40 MG,,1.0,0.0,0.0,0.0,0.0,0.0,0.0,0.0,0.0,0.0,0.25,0.2833333333333333
PUB-1069,d0572cf688a44b48,00327696-c496-4c83-a63e-9e29fd6246d4,ONDANSETRON HYDROCHLORIDE,Special Populations,moderate,ExpertC,"Animal Data In embryo-fetal development studies in rats and rabbits, pregnant animals received oral doses of ondansetron up to 15 mg/kg/day and 30 mg/kg/day, respectively, during the period of organogenesis.",concomitant medications: Digoxin 0.125 MG Oral Tablet; Warfarin Sodium 5 MG Oral Tablet,,1.0,0.0,1.0,0.0,0.05263157894736842,0.0,0.0,0.0,0.0,0.0,0.5,0.24166666666666667
PUB-1070,d0572cf688a44b48,00327696-c496-4c83-a63e-9e29fd6246d4,ONDANSETRON HYDROCHLORIDE,Special Populations,moderate,ExpertC,"Animal Data In embryo-fetal development studies in rats and rabbits, pregnant animals received oral doses of ondansetron up to 15 mg/kg/day and 30 mg/kg/day, respectively, during the period of organogenesis.",concomitant medications: insulin human  isophane 70 UNT/ML / Regular Insulin  Human 30 UNT/ML Injectable Suspension [Humulin]; Verapamil Hydrochloride 40 MG,,1.0,0.0,1.0,0.0,0.045454545454545456,0.0,0.0,0.0,0.0,0.0,0.5,0.24166666666666667
PUB-1071,d0572cf688a44b48,00327696-c496-4c83-a63e-9e29fd6246d4,ONDANSETRON HYDROCHLORIDE,Special Populations,moderate,ExpertC,"Animal Data In embryo-fetal development studies in rats and rabbits, pregnant animals received oral doses of ondansetron up to 15 mg/kg/day and 30 mg/kg/day, respectively, during the period of organogenesis.",concomitant medications: Digoxin 0.125 MG Oral Tablet; Warfarin Sodium 5 MG Oral Tablet,,1.0,0.0,1.0,0.0,0.05263157894736842,0.0,0.0,0.0,0.0,0.0,0.5,0.24166666666666667
PUB-1072,d0572cf688a44b48,00327696-c496-4c83-a63e-9e29fd6246d4,ONDANSETRON HYDROCHLORIDE,Special Populations,moderate,ExpertC,"Animal Data In embryo-fetal development studies in rats and rabbits, pregnant animals received oral doses of ondansetron up to 15 mg/kg/day and 30 mg/kg/day, respectively, during the period of organogenesis.",concomitant medications: insulin human  isophane 70 UNT/ML / Regular Insulin  Human 30 UNT/ML Injectable Suspension [Humulin]; Verapamil Hydrochloride 40 MG,,1.0,0.0,1.0,0.0,0.045454545454545456,0.0,0.0,0.0,0.0,0.0,0.5,0.24166666666666667
PUB-1073,94d0d7ac4116c1e3,00327696-c496-4c83-a63e-9e29fd6246d4,ONDANSETRON HYDROCHLORIDE,Drug Interactions,high,ExpertC,Monitor for the emergence of serotonin syndrome.,concomitant medications: Hydrochlorothiazide 25 MG Oral Tablet; Hydrochlorothiazide 25 MG Oral Tablet,,0.0,0.0,0.0,0.0,0.0,0.0,1.0,0.0,0.0,1.0,0.08333333333333333,0.058333333333333334
PUB-1074,94d0d7ac4116c1e3,00327696-c496-4c83-a63e-9e29fd6246d4,ONDANSETRON HYDROCHLORIDE,Drug Interactions,high,ExpertC,Monitor for the emergence of serotonin syndrome.,concomitant medications: Hydrochlorothiazide 25 MG Oral Tablet; Acetaminophen 325 MG Oral Tablet,,0.0,0.0,0.0,0.0,0.0,0.0,1.0,0.0,0.0,1.0,0.08333333333333333,0.058333333333333334
PUB-1075,94d0d7ac4116c1e3,00327696-c496-4c83-a63e-9e29fd6246d4,ONDANSETRON HYDROCHLORIDE,Drug Interactions,high,ExpertC,Monitor for the emergence of serotonin syndrome.,concomitant medications: Hydrochlorothiazide 25 MG Oral Tablet; Hydrochlorothiazide 25 MG Oral Tablet,,0.0,0.0,0.0,0.0,0.0,0.0,1.0,0.0,0.0,1.0,0.08333333333333333,0.058333333333333334
PUB-1076,94d0d7ac4116c1e3,00327696-c496-4c83-a63e-9e29fd6246d4,ONDANSETRON HYDROCHLORIDE,Drug Interactions,high,ExpertC,Monitor for the emergence of serotonin syndrome.,concomitant medications: Hydrochlorothiazide 25 MG Oral Tablet; Ibuprofen 200 MG Oral Tablet,,0.0,0.0,0.0,0.0,0.0,0.0,1.0,0.0,0.0,1.0,0.08333333333333333,0.058333333333333334
PUB-1077,bd42a1f52bdddb35,001b2d3a-d81c-45da-8b63-5e9904835ea2,unknown,Drug Interactions,high,ExpertC,Pharmacokinetics of sertraline and N-desmethylsertraline were unaffected by zolpidem.,concomitant medications: NDA020503 200 ACTUAT Albuterol 0.09 MG/ACTUAT Metered Dose Inhaler; 120 ACTUAT Fluticasone propionate 0.044 MG/ACTUAT Metered Dose Inhaler,,0.0,0.0,0.0,0.0,0.0,0.0,1.0,0.0,0.0,1.0,0.16666666666666666,0.08333333333333333
PUB-1078,bd42a1f52bdddb35,001b2d3a-d81c-45da-8b63-5e9904835ea2,unknown,Drug Interactions,high,ExpertC,Pharmacokinetics of sertraline and N-desmethylsertraline were unaffected by zolpidem.,concomitant medications: NDA020503 200 ACTUAT Albuterol 0.09 MG/ACTUAT Metered Dose Inhaler; 120 ACTUAT Fluticasone propionate 0.044 MG/ACTUAT Metered Dose Inhaler,,0.0,0.0,0.0,0.0,0.0,0.0,1.0,0.0,0.0,1.0,0.16666666666666666,0.08333333333333333
PUB-1079,bd42a1f52bdddb35,001b2d3a-d81c-45da-8b63-5e9904835ea2,unknown,Drug Interactions,high,ExpertC,Pharmacokinetics of sertraline and N-desmethylsertraline were unaffected by zolpidem.,concomitant medications: NDA020503 200 ACTUAT Albuterol 0.09 MG/ACTUAT Metered Dose Inhaler; 120 ACTUAT Fluticasone propionate 0.044 MG/ACTUAT Metered Dose Inhaler,,0.0,0.0,0.0,0.0,0.0,0.0,1.0,0.0,0.0,1.0,0.16666666666666666,0.08333333333333333
PUB-1080,bd42a1f52bdddb35,001b2d3a-d81c-45da-8b63-5e9904835ea2,unknown,Drug Interactions,high,ExpertC,Pharmacokinetics of sertraline and N-desmethylsertraline were unaffected by zolpidem.,concomitant medications: NDA020503 200 ACTUAT Albuterol 0.09 MG/ACTUAT Metered Dose Inhaler; 120 ACTUAT Fluticasone propionate 0.044 MG/ACTUAT Metered Dose Inhaler,,0.0,0.0,0.0,0.0,0.0,0.0,1.0,0.0,0.0,1.0,0.16666666666666666,0.08333333333333333
PUB-1081,2c03835c21c477b4,001dd372-2692-4d6f-a71c-95e7056349a9,unknown,Drug Interactions,high,ExpertC,Increases in INR and prothrombin time may lead to abnormal bleeding and even death [see Warnings and Precautions (5.2) ] .,concomitant medications: insulin human  isophane 70 UNT/ML / Regular Insulin  Human 30 UNT/ML Injectable Suspension [Humulin]; Hydrochlorothiazide 25 MG Oral Tablet,,1.0,0.0,1.0,0.0,0.0,0.0,1.0,0.0,0.0,1.0,0.3333333333333333,0.15
PUB-1082,2c03835c21c477b4,001dd372-2692-4d6f-a71c-95e7056349a9,unknown,Drug Interactions,high,ExpertC,Increases in INR and prothrombin time may lead to abnormal bleeding and even death [see Warnings and Precautions (5.2) ] .,concomitant medications: insulin human  isophane 70 UNT/ML / Regular Insulin  Human 30 UNT/ML Injectable Suspension [Humulin]; Hydrochlorothiazide 25 MG Oral Tablet,,1.0,0.0,1.0,0.0,0.0,0.0,1.0,0.0,0.0,1.0,0.3333333333333333,0.15
PUB-1083,2c03835c21c477b4,001dd372-2692-4d6f-a71c-95e7056349a9,unknown,Drug Interactions,high,ExpertC,Increases in INR and prothrombin time may lead to abnormal bleeding and even death [see Warnings and Precautions (5.2) ] .,concomitant medications: insulin human  isophane 70 UNT/ML / Regular Insulin  Human 30 UNT/ML Injectable Suspension [Humulin]; Hydrochlorothiazide 25 MG Oral Tablet,,1.0,0.0,1.0,0.0,0.0,0.0,1.0,0.0,0.0,1.0,0.3333333333333333,0.15
PUB-1084,2c03835c21c477b4,001dd372-2692-4d6f-a71c-95e7056349a9,unknown,Drug Interactions,high,ExpertC,Increases in INR and prothrombin time may lead to abnormal bleeding and even death [see Warnings and Precautions (5.2) ] .,concomitant medications: insulin human  isophane 70 UNT/ML / Regular Insulin  Human 30 UNT/ML Injectable Suspension [Humulin]; Hydrochlorothiazide 25 MG Oral Tablet,,1.0,0.0,1.0,0.0,0.0,0.0,1.0,0.0,0.0,1.0,0.3333333333333333,0.15
PUB-1085,71f77c8e4455c381,00139e9f-3fd0-4dcf-a437-fb68a9988cea,unknown,Warnings and Precautions,high,ExpertC,"Hepatotoxicity, usually manifested by elevations in hepatic enzymes and bilirubin, was reported in patients treated with cyclosporine in clinical trials: 4% in renal transplantation, 7% in cardiac transplantation, and 4% in liver transplantation.",concomitant medications: Hydrochlorothiazide 25 MG Oral Tablet; Hydrochlorothiazide 25 MG Oral Tablet,,1.0,0.0,0.0,0.0,0.0,0.0,0.0,0.0,0.0,1.0,0.6666666666666666,0.2
PUB-1086,71f77c8e4455c381,00139e9f-3fd0-4dcf-a437-fb68a9988cea,unknown,Warnings and Precautions,high,ExpertC,"Hepatotoxicity, usually manifested by elevations in hepatic enzymes and bilirubin, was reported in patients treated with cyclosporine in clinical trials: 4% in renal transplantation, 7% in cardiac transplantation, and 4% in liver transplantation.",concomitant medications: Hydrochlorothiazide 25 MG Oral Tablet; Hydrochlorothiazide 25 MG Oral Tablet,,1.0,0.0,0.0,0.0,0.0,0.0,0.0,0.0,0.0,1.0,0.6666666666666666,0.2
PUB-1087,71f77c8e4455c381,00139e9f-3fd0-4dcf-a437-fb68a9988cea,unknown,Warnings and Precautions,high,ExpertC,"Hepatotoxicity, usually manifested by elevations in hepatic enzymes and bilirubin, was reported in patients treated with cyclosporine in clinical trials: 4% in renal transplantation, 7% in cardiac transplantation, and 4% in liver transplantation.",concomitant medications: Hydrochlorothiazide 25 MG Oral Tablet; Hydrochlorothiazide 25 MG Oral Tablet,,1.0,0.0,0.0,0.0,0.0,0.0,0.0,0.0,0.0,1.0,0.6666666666666666,0.2
PUB-1088,71f77c8e4455c381,00139e9f-3fd0-4dcf-a437-fb68a9988cea,unknown,Warnings and Precautions,high,ExpertC,"Hepatotoxicity, usually manifested by elevations in hepatic enzymes and bilirubin, was reported in patients treated with cyclosporine in clinical trials: 4% in renal transplantation, 7% in cardiac transplantation, and 4% in liver transplantation.",concomitant medications: Hydrochlorothiazide 25 MG Oral Tablet; Hydrochlorothiazide 25 MG Oral Tablet,,1.0,0.0,0.0,0.0,0.0,0.0,0.0,0.0,0.0,1.0,0.6666666666666666,0.2
PUB-1089,e3d573afe8063d69,00011703-bc55-4c0c-858c-149dc674bc3c,unknown,Drug Interactions,high,ExpertC,"However, the systemic administration of some quinolones has been shown to elevate plasma concentrations of theophylline, interfere with the metabolism of caffeine, and enhance the effects of the oral anticoagulant warfarin and its derivatives, and has been associated with transient elevations in serum creatinine in patients receiving cyclosporine concomitantly.",concomitant medications: Hydrochlorothiazide 12.5 MG; Hydrochlorothiazide 12.5 MG,,0.0,0.0,0.0,0.0,0.0,0.0,1.0,0.0,0.0,1.0,0.6666666666666666,0.30833333333333335
PUB-1090,e3d573afe8063d69,00011703-bc55-4c0c-858c-149dc674bc3c,unknown,Drug Interactions,high,ExpertC,"However, the systemic administration of some quinolones has been shown to elevate plasma concentrations of theophylline, interfere with the metabolism of caffeine, and enhance the effects of the oral anticoagulant warfarin and its derivatives, and has been associated with transient elevations in serum creatinine in patients receiving cyclosporine concomitantly.",concomitant medications: Hydrochlorothiazide 12.5 MG; Hydrochlorothiazide 12.5 MG,,0.0,0.0,0.0,0.0,0.0,0.0,1.0,0.0,0.0,1.0,0.6666666666666666,0.30833333333333335
PUB-1091,e3d573afe8063d69,00011703-bc55-4c0c-858c-149dc674bc3c,unknown,Drug Interactions,high,ExpertC,"However, the systemic administration of some quinolones has been shown to elevate plasma concentrations of theophylline, interfere with the metabolism of caffeine, and enhance the effects of the oral anticoagulant warfarin and its derivatives, and has been associated with transient elevations in serum creatinine in patients receiving cyclosporine concomitantly.",concomitant medications: Hydrochlorothiazide 12.5 MG; Hydrochlorothiazide 12.5 MG,,0.0,0.0,0.0,0.0,0.0,0.0,1.0,0.0,0.0,1.0,0.6666666666666666,0.30833333333333335
PUB-1092,e3d573afe8063d69,00011703-bc55-4c0c-858c-149dc674bc3c,unknown,Drug Interactions,high,ExpertC,"However, the systemic administration of some quinolones has been shown to elevate plasma concentrations of theophylline, interfere with the metabolism of caffeine, and enhance the effects of the oral anticoagulant warfarin and its derivatives, and has been associated with transient elevations in serum creatinine in patients receiving cyclosporine concomitantly.",concomitant medications: Hydrochlorothiazide 12.5 MG; Hydrochlorothiazide 12.5 MG,,0.0,0.0,0.0,0.0,0.0,0.0,1.0,0.0,0.0,1.0,0.6666666666666666,0.30833333333333335
PUB-1093,8bc354df258c3324,001d2245-2076-405b-90ab-780d6d38552f,unknown,Drug Interactions,high,ExpertC,"Mutual inhibition of metabolism occurs with concurrent use of cyclosporin and methylprednisolone; therefore, it is possible that adverse events associated with the individual use of either drug may be more apt to occur.",concomitant medications: Atenolol 50 MG / Chlorthalidone 25 MG Oral Tablet; Atenolol 50 MG / Chlorthalidone 25 MG Oral Tablet,,0.0,0.0,0.0,0.0,0.0,0.0,1.0,0.0,0.0,1.0,0.3333333333333333,0.24166666666666667
PUB-1094,8bc354df258c3324,001d2245-2076-405b-90ab-780d6d38552f,unknown,Drug Interactions,high,ExpertC,"Mutual inhibition of metabolism occurs with concurrent use of cyclosporin and methylprednisolone; therefore, it is possible that adverse events associated with the individual use of either drug may be more apt to occur.",concomitant medications: Atenolol 50 MG / Chlorthalidone 25 MG Oral Tablet; Atenolol 50 MG / Chlorthalidone 25 MG Oral Tablet,,0.0,0.0,0.0,0.0,0.0,0.0,1.0,0.0,0.0,1.0,0.3333333333333333,0.24166666666666667
PUB-1095,8bc354df258c3324,001d2245-2076-405b-90ab-780d6d38552f,unknown,Drug Interactions,high,ExpertC,"Mutual inhibition of metabolism occurs with concurrent use of cyclosporin and methylprednisolone; therefore, it is possible that adverse events associated with the individual use of either drug may be more apt to occur.",concomitant medications: Atenolol 50 MG / Chlorthalidone 25 MG Oral Tablet; Atenolol 50 MG / Chlorthalidone 25 MG Oral Tablet,,0.0,0.0,0.0,0.0,0.0,0.0,1.0,0.0,0.0,1.0,0.3333333333333333,0.24166666666666667
PUB-1096,8bc354df258c3324,001d2245-2076-405b-90ab-780d6d38552f,unknown,Drug Interactions,high,ExpertC,"Mutual inhibition of metabolism occurs with concurrent use of cyclosporin and methylprednisolone; therefore, it is possible that adverse events associated with the individual use of either drug may be more apt to occur.",concomitant medications: Hydrochlorothiazide 25 MG Oral Tablet; Hydrochlorothiazide 25 MG Oral Tablet,,0.0,0.0,0.0,0.0,0.0,0.0,1.0,0.0,0.0,1.0,0.3333333333333333,0.24166666666666667
PUB-1097,dc8b17c326d036ec,00038c95-b2c8-4245-b671-6af177b3a00e,unknown,Drug Interactions,high,ExpertC,Monitoring of serum theophylline concentrations should be considered for patients receiving high doses of theophylline or with baseline concentrations in the upper therapeutic range.,concomitant medications: NDA020503 200 ACTUAT Albuterol 0.09 MG/ACTUAT Metered Dose Inhaler; Hydrochlorothiazide 25 MG Oral Tablet,,0.0,0.0,0.0,0.0,0.0,0.0,1.0,0.0,0.0,1.0,0.16666666666666666,0.175
PUB-1098,dc8b17c326d036ec,00038c95-b2c8-4245-b671-6af177b3a00e,unknown,Drug Interactions,high,ExpertC,Monitoring of serum theophylline concentrations should be considered for patients receiving high doses of theophylline or with baseline concentrations in the upper therapeutic range.,concomitant medications: 120 ACTUAT Fluticasone propionate 0.044 MG/ACTUAT Metered Dose Inhaler; NDA020503 200 ACTUAT Albuterol 0.09 MG/ACTUAT Metered Dose Inhaler,,0.0,0.0,0.0,0.0,0.0,0.0,1.0,0.0,0.0,1.0,0.16666666666666666,0.175
PUB-1099,dc8b17c326d036ec,00038c95-b2c8-4245-b671-6af177b3a00e,unknown,Drug Interactions,high,ExpertC,Monitoring of serum theophylline concentrations should be considered for patients receiving high doses of theophylline or with baseline concentrations in the upper therapeutic range.,concomitant medications: Acetaminophen 160 MG Chewable Tablet; Acetaminophen 325 MG Oral Tablet,,0.0,0.0,0.0,0.0,0.0,0.0,1.0,0.0,0.0,1.0,0.16666666666666666,0.175
PUB-1100,dc8b17c326d036ec,00038c95-b2c8-4245-b671-6af177b3a00e,unknown,Drug Interactions,high,ExpertC,Monitoring of serum theophylline concentrations should be considered for patients receiving high doses of theophylline or with baseline concentrations in the upper therapeutic range.,concomitant medications: Acetaminophen 325 MG Oral Tablet; Natazia 28 Day Pack,,0.0,0.0,0.0,0.0,0.0,0.0,1.0,0.0,0.0,1.0,0.16666666666666666,0.175
PUB-1101,818c68219cbb67ad,0033cd30-0d55-4aed-afc7-ad57f46e3e17,unknown,Contraindications,high,ExpertC,"( 4 , 5.3 , 7 ) Concomitant use of pimozide or thioridazine.",concomitant medications: Natazia 28 Day Pack; Hydrochlorothiazide 25 MG Oral Tablet,,1.0,0.0,0.0,0.0,0.05,0.0,0.0,1.0,0.0,1.0,0.3333333333333333,0.08333333333333333
PUB-1102,818c68219cbb67ad,0033cd30-0d55-4aed-afc7-ad57f46e3e17,unknown,Contraindications,high,ExpertC,"( 4 , 5.3 , 7 ) Concomitant use of pimozide or thioridazine.",concomitant medications: Acetaminophen 325 MG Oral Tablet; Naproxen sodium 220 MG Oral Tablet,,1.0,0.0,0.0,0.0,0.05263157894736842,0.0,0.0,1.0,0.0,1.0,0.3333333333333333,0.08333333333333333
PUB-1103,818c68219cbb67ad,0033cd30-0d55-4aed-afc7-ad57f46e3e17,unknown,Contraindications,high,ExpertC,"( 4 , 5.3 , 7 ) Concomitant use of pimozide or thioridazine.",concomitant medications: Atenolol 50 MG / Chlorthalidone 25 MG Oral Tablet; Atenolol 50 MG / Chlorthalidone 25 MG Oral Tablet,,1.0,0.0,0.0,0.0,0.05555555555555555,0.0,0.0,1.0,0.0,1.0,0.3333333333333333,0.08333333333333333
PUB-1104,818c68219cbb67ad,0033cd30-0d55-4aed-afc7-ad57f46e3e17,unknown,Contraindications,high,ExpertC,"( 4 , 5.3 , 7 ) Concomitant use of pimozide or thioridazine.",concomitant medications: Atenolol 50 MG / Chlorthalidone 25 MG Oral Tablet; Atenolol 50 MG / Chlorthalidone 25 MG Oral Tablet,,1.0,0.0,0.0,0.0,0.05555555555555555,0.0,0.0,1.0,0.0,1.0,0.3333333333333333,0.08333333333333333
PUB-1105,8069076854cc8279,001826f4-f531-454e-a37a-e4e0b147f61b,unknown,Drug Interactions,high,ExpertC,Ivabradine: Concurrent use of diltiazem increases exposure to ivabradine and may exacerbate bradycardia and conduction disturbances.,concomitant medications: 1 ML Epoetin Alfa 4000 UNT/ML Injection [Epogen]; 1 ML Epoetin Alfa 4000 UNT/ML Injection [Epogen],,0.0,0.0,0.0,0.0,0.0,0.0,1.0,0.0,0.0,1.0,0.3333333333333333,0.11666666666666667
PUB-1106,8069076854cc8279,001826f4-f531-454e-a37a-e4e0b147f61b,unknown,Drug Interactions,high,ExpertC,Ivabradine: Concurrent use of diltiazem increases exposure to ivabradine and may exacerbate bradycardia and conduction disturbances.,concomitant medications: 1 ML Epoetin Alfa 4000 UNT/ML Injection [Epogen]; 1 ML Epoetin Alfa 4000 UNT/ML Injection [Epogen],,0.0,0.0,0.0,0.0,0.0,0.0,1.0,0.0,0.0,1.0,0.3333333333333333,0.11666666666666667
PUB-1107,8069076854cc8279,001826f4-f531-454e-a37a-e4e0b147f61b,unknown,Drug Interactions,high,ExpertC,Ivabradine: Concurrent use of diltiazem increases exposure to ivabradine and may exacerbate bradycardia and conduction disturbances.,concomitant medications: 1 ML Epoetin Alfa 4000 UNT/ML Injection [Epogen]; 1 ML Epoetin Alfa 4000 UNT/ML Injection [Epogen],,0.0,0.0,0.0,0.0,0.0,0.0,1.0,0.0,0.0,1.0,0.3333333333333333,0.11666666666666667
PUB-1108,8069076854cc8279,001826f4-f531-454e-a37a-e4e0b147f61b,unknown,Drug Interactions,high,ExpertC,Ivabradine: Concurrent use of diltiazem increases exposure to ivabradine and may exacerbate bradycardia and conduction disturbances.,concomitant medications: 1 ML Epoetin Alfa 4000 UNT/ML Injection [Epogen]; 1 ML Epoetin Alfa 4000 UNT/ML Injection [Epogen],,0.0,0.0,0.0,0.0,0.0,0.0,1.0,0.0,0.0,1.0,0.3333333333333333,0.11666666666666667
PUB-1109,ba6b0da2d9021b2b,00327696-c496-4c83-a63e-9e29fd6246d4,ONDANSETRON HYDROCHLORIDE,Drug Interactions,high,ExpertC,7.5 Alfentanil and Atracurium Ondansetron does not alter the respiratory depressant effects produced by alfentanil or the degree of neuromuscular blockade produced by atracurium.,concomitant medications: 1 ML Epoetin Alfa 4000 UNT/ML Injection [Epogen]; 1 ML Epoetin Alfa 4000 UNT/ML Injection [Epogen],,1.0,0.0,0.0,0.0,0.0,1.0,1.0,0.0,0.0,1.0,0.25,0.16666666666666666
PUB-1110,ba6b0da2d9021b2b,00327696-c496-4c83-a63e-9e29fd6246d4,ONDANSETRON HYDROCHLORIDE,Drug Interactions,high,ExpertC,7.5 Alfentanil and Atracurium Ondansetron does not alter the respiratory depressant effects produced by alfentanil or the degree of neuromuscular blockade produced by atracurium.,concomitant medications: 1 ML Epoetin Alfa 4000 UNT/ML Injection [Epogen]; 1 ML Epoetin Alfa 4000 UNT/ML Injection [Epogen],,1.0,0.0,0.0,0.0,0.0,1.0,1.0,0.0,0.0,1.0,0.25,0.16666666666666666
PUB-1111,ba6b0da2d9021b2b,00327696-c496-4c83-a63e-9e29fd6246d4,ONDANSETRON HYDROCHLORIDE,Drug Interactions,high,ExpertC,7.5 Alfentanil and Atracurium Ondansetron does not alter the respiratory depressant effects produced by alfentanil or the degree of neuromuscular blockade produced by atracurium.,concomitant medications: 1 ML Epoetin Alfa 4000 UNT/ML Injection [Epogen]; 1 ML Epoetin Alfa 4000 UNT/ML Injection [Epogen],,1.0,0.0,0.0,0.0,0.0,1.0,1.0,0.0,0.0,1.0,0.25,0.16666666666666666
PUB-1112,ba6b0da2d9021b2b,00327696-c496-4c83-a63e-9e29fd6246d4,ONDANSETRON HYDROCHLORIDE,Drug Interactions,high,ExpertC,7.5 Alfentanil and Atracurium Ondansetron does not alter the respiratory depressant effects produced by alfentanil or the degree of neuromuscular blockade produced by atracurium.,concomitant medications: 1 ML Epoetin Alfa 4000 UNT/ML Injection [Epogen]; 1 ML Epoetin Alfa 4000 UNT/ML Injection [Epogen],,1.0,0.0,0.0,0.0,0.0,1.0,1.0,0.0,0.0,1.0,0.25,0.16666666666666666
PUB-1113,9991e39874846b9b,00307f42-748d-4227-8c6f-ed5f0a89ae0a,NITISINONE,Special Populations,moderate,ExpertC,"In mice, nitisinone has been shown to cause incomplete skeletal ossification of fetal bones at 0.4, 4 and 20 times the recommended initial dose, increased gestational length at 4 and 20 times the recommended initial dose, and decreased pup survival at 0.4 times the recommended initial dose based on the body surface area.",concomitant medications: 1 ML Epoetin Alfa 4000 UNT/ML Injection [Epogen]; 1 ML Epoetin Alfa 4000 UNT/ML Injection [Epogen],,1.0,0.0,0.0,0.0,0.0,0.0,0.0,0.0,0.0,0.0,0.6666666666666666,0.2916666666666667
PUB-1114,9991e39874846b9b,00307f42-748d-4227-8c6f-ed5f0a89ae0a,NITISINONE,Special Populations,moderate,ExpertC,"In mice, nitisinone has been shown to cause incomplete skeletal ossification of fetal bones at 0.4, 4 and 20 times the recommended initial dose, increased gestational length at 4 and 20 times the recommended initial dose, and decreased pup survival at 0.4 times the recommended initial dose based on the body surface area.",concomitant medications: 1 ML Epoetin Alfa 4000 UNT/ML Injection [Epogen]; 1 ML Epoetin Alfa 4000 UNT/ML Injection [Epogen],,1.0,0.0,0.0,0.0,0.0,0.0,0.0,0.0,0.0,0.0,0.6666666666666666,0.2916666666666667
PUB-1115,9991e39874846b9b,00307f42-748d-4227-8c6f-ed5f0a89ae0a,NITISINONE,Special Populations,moderate,ExpertC,"In mice, nitisinone has been shown to cause incomplete skeletal ossification of fetal bones at 0.4, 4 and 20 times the recommended initial dose, increased gestational length at 4 and 20 times the recommended initial dose, and decreased pup survival at 0.4 times the recommended initial dose based on the body surface area.",concomitant medications: 1 ML Epoetin Alfa 4000 UNT/ML Injection [Epogen]; 1 ML Epoetin Alfa 4000 UNT/ML Injection [Epogen],,1.0,0.0,0.0,0.0,0.0,0.0,0.0,0.0,0.0,0.0,0.6666666666666666,0.2916666666666667
PUB-1116,9991e39874846b9b,00307f42-748d-4227-8c6f-ed5f0a89ae0a,NITISINONE,Special Populations,moderate,ExpertC,"In mice, nitisinone has been shown to cause incomplete skeletal ossification of fetal bones at 0.4, 4 and 20 times the recommended initial dose, increased gestational length at 4 and 20 times the recommended initial dose, and decreased pup survival at 0.4 times the recommended initial dose based on the body surface area.",concomitant medications: 1 ML Epoetin Alfa 4000 UNT/ML Injection [Epogen]; 1 ML Epoetin Alfa 4000 UNT/ML Injection [Epogen],,1.0,0.0,0.0,0.0,0.0,0.0,0.0,0.0,0.0,0.0,0.6666666666666666,0.2916666666666667
PUB-1117,aa9d50f5de7dc75d,001dd372-2692-4d6f-a71c-95e7056349a9,unknown,Drug Interactions,high,ExpertC,7 DRUG INTERACTIONS Table 2 includes drugs with clinically important drug interactions when administered concomitantly with ACIPHEX delayed-release tablets and instructions for preventing or managing them.,concomitant medications: Amoxicillin 250 MG / Clavulanate 125 MG Oral Tablet; 10 ML Furosemide 10 MG/ML Injection,,1.0,0.0,0.0,0.0,0.0,0.0,1.0,0.0,0.0,1.0,0.25,0.2
PUB-1118,aa9d50f5de7dc75d,001dd372-2692-4d6f-a71c-95e7056349a9,unknown,Drug Interactions,high,ExpertC,7 DRUG INTERACTIONS Table 2 includes drugs with clinically important drug interactions when administered concomitantly with ACIPHEX delayed-release tablets and instructions for preventing or managing them.,concomitant medications: Hydrochlorothiazide 25 MG Oral Tablet; Hydrochlorothiazide 25 MG Oral Tablet,,1.0,0.0,0.0,0.0,0.0,0.0,1.0,0.0,0.0,1.0,0.25,0.2
PUB-1119,aa9d50f5de7dc75d,001dd372-2692-4d6f-a71c-95e7056349a9,unknown,Drug Interactions,high,ExpertC,7 DRUG INTERACTIONS Table 2 includes drugs with clinically important drug interactions when administered concomitantly with ACIPHEX delayed-release tablets and instructions for preventing or managing them.,concomitant medications: Hydrochlorothiazide 25 MG Oral Tablet; Hydrochlorothiazide 25 MG Oral Tablet,,1.0,0.0,0.0,0.0,0.0,0.0,1.0,0.0,0.0,1.0,0.25,0.2
PUB-1120,aa9d50f5de7dc75d,001dd372-2692-4d6f-a71c-95e7056349a9,unknown,Drug Interactions,high,ExpertC,7 DRUG INTERACTIONS Table 2 includes drugs with clinically important drug interactions when administered concomitantly with ACIPHEX delayed-release tablets and instructions for preventing or managing them.,concomitant medications: Hydrochlorothiazide 25 MG Oral Tablet; Hydrochlorothiazide 25 MG Oral Tablet,,1.0,0.0,0.0,0.0,0.0,0.0,1.0,0.0,0.0,1.0,0.25,0.2
PUB-1121,67c4ecf4f69d5ed0,0013c0c8-513a-48f3-a918-5bc1750c96a7,unknown,Dosage and Administration,moderate,ExpertC,"Option 3: Three times weekly with isoniazid, rifampin, pyrazinamide, and ethambutol or streptomycin for 6 months.",concomitant medications: NDA020800 0.3 ML Epinephrine 1 MG/ML Auto-Injector; Amoxicillin 250 MG Oral Capsule,,1.0,0.0,0.0,0.0,0.03333333333333333,0.0,0.0,0.0,1.0,0.0,0.5833333333333334,0.13333333333333333
PUB-1122,67c4ecf4f69d5ed0,0013c0c8-513a-48f3-a918-5bc1750c96a7,unknown,Dosage and Administration,moderate,ExpertC,"Option 3: Three times weekly with isoniazid, rifampin, pyrazinamide, and ethambutol or streptomycin for 6 months.",concomitant medications: Acetaminophen 160 MG Chewable Tablet; 120 ACTUAT Fluticasone propionate 0.044 MG/ACTUAT Metered Dose Inhaler,,1.0,0.0,0.0,0.0,0.0,0.0,0.0,0.0,1.0,0.0,0.5833333333333334,0.13333333333333333
PUB-1123,67c4ecf4f69d5ed0,0013c0c8-513a-48f3-a918-5bc1750c96a7,unknown,Dosage and Administration,moderate,ExpertC,"Option 3: Three times weekly with isoniazid, rifampin, pyrazinamide, and ethambutol or streptomycin for 6 months.",concomitant medications: NDA020503 200 ACTUAT Albuterol 0.09 MG/ACTUAT Metered Dose Inhaler; Errin 28 Day Pack,,1.0,0.0,0.0,0.0,0.0,0.0,0.0,0.0,1.0,0.0,0.5833333333333334,0.13333333333333333
PUB-1124,67c4ecf4f69d5ed0,0013c0c8-513a-48f3-a918-5bc1750c96a7,unknown,Dosage and Administration,moderate,ExpertC,"Option 3: Three times weekly with isoniazid, rifampin, pyrazinamide, and ethambutol or streptomycin for 6 months.",concomitant medications: Seasonique 91 Day Pack; Acetaminophen 325 MG Oral Tablet,,1.0,0.0,0.0,0.0,0.0,0.0,0.0,0.0,1.0,0.0,0.5833333333333334,0.13333333333333333
PUB-1125,37cc8a7c658a73cd,0030514f-879d-416d-b422-24b67e334b36,unknown,Drug Interactions,high,ExpertC,This possible drug interaction should be considered when metronidazole vaginal gel is prescribed for patients on this type of anticoagulant therapy.,concomitant medications: Atenolol 50 MG / Chlorthalidone 25 MG Oral Tablet; Atenolol 50 MG / Chlorthalidone 25 MG Oral Tablet,,0.0,0.0,0.0,0.0,0.0,0.0,1.0,0.0,0.0,1.0,0.08333333333333333,0.16666666666666666
PUB-1126,37cc8a7c658a73cd,0030514f-879d-416d-b422-24b67e334b36,unknown,Drug Interactions,high,ExpertC,This possible drug interaction should be considered when metronidazole vaginal gel is prescribed for patients on this type of anticoagulant therapy.,concomitant medications: Atenolol 50 MG / Chlorthalidone 25 MG Oral Tablet; Atenolol 50 MG / Chlorthalidone 25 MG Oral Tablet,,0.0,0.0,0.0,0.0,0.0,0.0,1.0,0.0,0.0,1.0,0.08333333333333333,0.16666666666666666
PUB-1127,37cc8a7c658a73cd,0030514f-879d-416d-b422-24b67e334b36,unknown,Drug Interactions,high,ExpertC,This possible drug interaction should be considered when metronidazole vaginal gel is prescribed for patients on this type of anticoagulant therapy.,concomitant medications: Atenolol 50 MG / Chlorthalidone 25 MG Oral Tablet; Atenolol 50 MG / Chlorthalidone 25 MG Oral Tablet,,0.0,0.0,0.0,0.0,0.0,0.0,1.0,0.0,0.0,1.0,0.08333333333333333,0.16666666666666666
PUB-1128,37cc8a7c658a73cd,0030514f-879d-416d-b422-24b67e334b36,unknown,Drug Interactions,high,ExpertC,This possible drug interaction should be considered when metronidazole vaginal gel is prescribed for patients on this type of anticoagulant therapy.,concomitant medications: Atenolol 50 MG / Chlorthalidone 25 MG Oral Tablet; Atenolol 50 MG / Chlorthalidone 25 MG Oral Tablet,,0.0,0.0,0.0,0.0,0.0,0.0,1.0,0.0,0.0,1.0,0.08333333333333333,0.16666666666666666
PUB-1129,af755bcff2897578,002d4c7e-b94e-49b6-8554-0aa0c60d5bde,unknown,Special Populations,moderate,ExpertC,It is not clear whether these events indicate additional risk or whether they result from preexisting medical illness and concomitant medication use among these patients.,concomitant medications: Hydrochlorothiazide 25 MG Oral Tablet; Hydrochlorothiazide 25 MG Oral Tablet,,0.0,0.0,0.0,0.0,0.034482758620689655,1.0,0.0,0.0,0.0,0.0,0.25,0.19166666666666668
PUB-1130,af755bcff2897578,002d4c7e-b94e-49b6-8554-0aa0c60d5bde,unknown,Special Populations,moderate,ExpertC,It is not clear whether these events indicate additional risk or whether they result from preexisting medical illness and concomitant medication use among these patients.,concomitant medications: Hydrochlorothiazide 25 MG Oral Tablet; Hydrochlorothiazide 25 MG Oral Tablet,,0.0,0.0,0.0,0.0,0.034482758620689655,1.0,0.0,0.0,0.0,0.0,0.25,0.19166666666666668
PUB-1131,af755bcff2897578,002d4c7e-b94e-49b6-8554-0aa0c60d5bde,unknown,Special Populations,moderate,ExpertC,It is not clear whether these events indicate additional risk or whether they result from preexisting medical illness and concomitant medication use among these patients.,concomitant medications: Hydrochlorothiazide 25 MG Oral Tablet; Hydrochlorothiazide 25 MG Oral Tablet,,0.0,0.0,0.0,0.0,0.034482758620689655,1.0,0.0,0.0,0.0,0.0,0.25,0.19166666666666668
PUB-1132,af755bcff2897578,002d4c7e-b94e-49b6-8554-0aa0c60d5bde,unknown,Special Populations,moderate,ExpertC,It is not clear whether these events indicate additional risk or whether they result from preexisting medical illness and concomitant medication use among these patients.,concomitant medications: Hydrochlorothiazide 25 MG Oral Tablet; Hydrochlorothiazide 25 MG Oral Tablet,,0.0,0.0,0.0,0.0,0.034482758620689655,1.0,0.0,0.0,0.0,0.0,0.25,0.19166666666666668
PUB-1133,8a8c11375d2c2abd,001714c1-a292-40be-bfbd-0ff67193ace6,unknown,Special Populations,moderate,ExpertC,"Reported clinical findings have included respiratory distress, cyanosis, apnea, seizures, temperature instability, feeding difficulty, vomiting, hypoglycemia, hypotonia, hypertonia, hyperreflexia, tremor, jitteriness, irritability, and constant crying.",concomitant medications: Hydrochlorothiazide 25 MG Oral Tablet; Hydrochlorothiazide 25 MG Oral Tablet,,0.0,0.0,0.0,0.0,0.0,0.0,0.0,0.0,0.0,0.0,1.0,0.20833333333333334
PUB-1134,8a8c11375d2c2abd,001714c1-a292-40be-bfbd-0ff67193ace6,unknown,Special Populations,moderate,ExpertC,"Reported clinical findings have included respiratory distress, cyanosis, apnea, seizures, temperature instability, feeding difficulty, vomiting, hypoglycemia, hypotonia, hypertonia, hyperreflexia, tremor, jitteriness, irritability, and constant crying.",concomitant medications: Hydrochlorothiazide 25 MG Oral Tablet; Etonogestrel 68 MG Drug Implant,,0.0,0.0,0.0,0.0,0.0,0.0,0.0,0.0,0.0,0.0,1.0,0.20833333333333334
PUB-1135,8a8c11375d2c2abd,001714c1-a292-40be-bfbd-0ff67193ace6,unknown,Special Populations,moderate,ExpertC,"Reported clinical findings have included respiratory distress, cyanosis, apnea, seizures, temperature instability, feeding difficulty, vomiting, hypoglycemia, hypotonia, hypertonia, hyperreflexia, tremor, jitteriness, irritability, and constant crying.",concomitant medications: Hydrochlorothiazide 25 MG Oral Tablet; 1 ML medroxyprogesterone acetate 150 MG/ML Injection,,0.0,0.0,0.0,0.0,0.0,0.0,0.0,0.0,0.0,0.0,1.0,0.20833333333333334
PUB-1136,8a8c11375d2c2abd,001714c1-a292-40be-bfbd-0ff67193ace6,unknown,Special Populations,moderate,ExpertC,"Reported clinical findings have included respiratory distress, cyanosis, apnea, seizures, temperature instability, feeding difficulty, vomiting, hypoglycemia, hypotonia, hypertonia, hyperreflexia, tremor, jitteriness, irritability, and constant crying.",concomitant medications: Hydrochlorothiazide 25 MG Oral Tablet; Hydrochlorothiazide 25 MG Oral Tablet,,0.0,0.0,0.0,0.0,0.0,0.0,0.0,0.0,0.0,0.0,1.0,0.20833333333333334
PUB-1137,7b3b889c8ea88b16,00125d63-d8d0-46c5-bdf1-80d2c85eda5a,ETODOLAC,Warnings and Precautions,high,ExpertC,Patients and physicians should remain alert for signs and symptoms of GI ulceration and bleeding during NSAID therapy and promptly initiate additional evaluation and treatment if a serious GI adverse event is suspected.,concomitant medications: 1 ML Epoetin Alfa 4000 UNT/ML Injection [Epogen]; 1 ML Epoetin Alfa 4000 UNT/ML Injection [Epogen],,0.0,0.0,0.0,0.0,0.0,0.0,0.0,0.0,0.0,1.0,0.5833333333333334,0.23333333333333334
PUB-1138,7b3b889c8ea88b16,00125d63-d8d0-46c5-bdf1-80d2c85eda5a,ETODOLAC,Warnings and Precautions,high,ExpertC,Patients and physicians should remain alert for signs and symptoms of GI ulceration and bleeding during NSAID therapy and promptly initiate additional evaluation and treatment if a serious GI adverse event is suspected.,concomitant medications: 1 ML Epoetin Alfa 4000 UNT/ML Injection [Epogen]; 1 ML Epoetin Alfa 4000 UNT/ML Injection [Epogen],,0.0,0.0,0.0,0.0,0.0,0.0,0.0,0.0,0.0,1.0,0.5833333333333334,0.23333333333333334
PUB-1139,7b3b889c8ea88b16,00125d63-d8d0-46c5-bdf1-80d2c85eda5a,ETODOLAC,Warnings and Precautions,high,ExpertC,Patients and physicians should remain alert for signs and symptoms of GI ulceration and bleeding during NSAID therapy and promptly initiate additional evaluation and treatment if a serious GI adverse event is suspected.,concomitant medications: 1 ML Epoetin Alfa 4000 UNT/ML Injection [Epogen]; 1 ML Epoetin Alfa 4000 UNT/ML Injection [Epogen],,0.0,0.0,0.0,0.0,0.0,0.0,0.0,0.0,0.0,1.0,0.5833333333333334,0.23333333333333334
PUB-1140,7b3b889c8ea88b16,00125d63-d8d0-46c5-bdf1-80d2c85eda5a,ETODOLAC,Warnings and Precautions,high,ExpertC,Patients and physicians should remain alert for signs and symptoms of GI ulceration and bleeding during NSAID therapy and promptly initiate additional evaluation and treatment if a serious GI adverse event is suspected.,concomitant medications: Clopidogrel 75 MG Oral Tablet; insulin human  isophane 70 UNT/ML / Regular Insulin  Human 30 UNT/ML Injectable Suspension [Humulin],,0.0,0.0,0.0,0.0,0.0,0.0,0.0,0.0,0.0,1.0,0.5833333333333334,0.23333333333333334
PUB-1141,89be1552ba41097d,00309724-5ac7-4e6a-91e2-16087c83402c,unknown,Drug Interactions,high,ExpertC,Anticholinergic Drugs — Concomitant treatment with olanzapine and other drugs with anticholinergic activity can increase the risk for severe gastrointestinal adverse reactions related to hypomotility.,concomitant medications: Acetaminophen 21.7 MG/ML / Dextromethorphan Hydrobromide 1 MG/ML / doxylamine succinate 0.417 MG/ML Oral Solution; amLODIPine 5 MG / Hydrochlorothiazide 12.5 MG / Olmesartan medoxomil 20 MG Oral Tablet,,0.0,0.0,0.0,0.0,0.022727272727272728,0.0,1.0,0.0,0.0,1.0,0.16666666666666666,0.175
PUB-1142,89be1552ba41097d,00309724-5ac7-4e6a-91e2-16087c83402c,unknown,Drug Interactions,high,ExpertC,Anticholinergic Drugs — Concomitant treatment with olanzapine and other drugs with anticholinergic activity can increase the risk for severe gastrointestinal adverse reactions related to hypomotility.,concomitant medications: amLODIPine 5 MG / Hydrochlorothiazide 12.5 MG / Olmesartan medoxomil 20 MG Oral Tablet; amLODIPine 5 MG / Hydrochlorothiazide 12.5 MG / Olmesartan medoxomil 20 MG Oral Tablet,,0.0,0.0,0.0,0.0,0.03125,0.0,1.0,0.0,0.0,1.0,0.16666666666666666,0.175
PUB-1143,89be1552ba41097d,00309724-5ac7-4e6a-91e2-16087c83402c,unknown,Drug Interactions,high,ExpertC,Anticholinergic Drugs — Concomitant treatment with olanzapine and other drugs with anticholinergic activity can increase the risk for severe gastrointestinal adverse reactions related to hypomotility.,concomitant medications: amLODIPine 5 MG / Hydrochlorothiazide 12.5 MG / Olmesartan medoxomil 20 MG Oral Tablet; amLODIPine 5 MG / Hydrochlorothiazide 12.5 MG / Olmesartan medoxomil 20 MG Oral Tablet,,0.0,0.0,0.0,0.0,0.03125,0.0,1.0,0.0,0.0,1.0,0.16666666666666666,0.175
PUB-1144,89be1552ba41097d,00309724-5ac7-4e6a-91e2-16087c83402c,unknown,Drug Interactions,high,ExpertC,Anticholinergic Drugs — Concomitant treatment with olanzapine and other drugs with anticholinergic activity can increase the risk for severe gastrointestinal adverse reactions related to hypomotility.,concomitant medications: amLODIPine 5 MG / Hydrochlorothiazide 12.5 MG / Olmesartan medoxomil 20 MG Oral Tablet; amLODIPine 5 MG / Hydrochlorothiazide 12.5 MG / Olmesartan medoxomil 20 MG Oral Tablet,,0.0,0.0,0.0,0.0,0.03125,0.0,1.0,0.0,0.0,1.0,0.16666666666666666,0.175
PUB-1145,b4b5174279725d38,0005e2a8-3ab9-4173-a46f-9c53881379e2,unknown,Drug Interactions,high,ExpertC,"In another study, 72 healthy subjects were given the same doses of Plavix and omeprazole but the drugs were administered 12 hours apart; the results were similar, indicating that administering Plavix and omeprazole at different times does not prevent their interaction [see Warnings and Precautions (5.1) ] .",concomitant medications: Warfarin Sodium 5 MG Oral Tablet; insulin human  isophane 70 UNT/ML / Regular Insulin  Human 30 UNT/ML Injectable Suspension [Humulin],,1.0,0.0,1.0,0.0,0.017543859649122806,1.0,1.0,0.0,0.0,1.0,0.5833333333333334,0.325
PUB-1146,b4b5174279725d38,0005e2a8-3ab9-4173-a46f-9c53881379e2,unknown,Drug Interactions,high,ExpertC,"In another study, 72 healthy subjects were given the same doses of Plavix and omeprazole but the drugs were administered 12 hours apart; the results were similar, indicating that administering Plavix and omeprazole at different times does not prevent their interaction [see Warnings and Precautions (5.1) ] .",concomitant medications: Atenolol 50 MG / Chlorthalidone 25 MG Oral Tablet; Verapamil Hydrochloride 40 MG,,1.0,0.0,1.0,0.0,0.0,1.0,1.0,0.0,0.0,1.0,0.5833333333333334,0.325
PUB-1147,b4b5174279725d38,0005e2a8-3ab9-4173-a46f-9c53881379e2,unknown,Drug Interactions,high,ExpertC,"In another study, 72 healthy subjects were given the same doses of Plavix and omeprazole but the drugs were administered 12 hours apart; the results were similar, indicating that administering Plavix and omeprazole at different times does not prevent their interaction [see Warnings and Precautions (5.1) ] .",concomitant medications: 24 HR Metformin hydrochloride 500 MG Extended Release Oral Tablet; Digoxin 0.125 MG Oral Tablet,,1.0,0.0,1.0,0.0,0.0,1.0,1.0,0.0,0.0,1.0,0.5833333333333334,0.325
PUB-1148,b4b5174279725d38,0005e2a8-3ab9-4173-a46f-9c53881379e2,unknown,Drug Interactions,high,ExpertC,"In another study, 72 healthy subjects were given the same doses of Plavix and omeprazole but the drugs were administered 12 hours apart; the results were similar, indicating that administering Plavix and omeprazole at different times does not prevent their interaction [see Warnings and Precautions (5.1) ] .",concomitant medications: Warfarin Sodium 5 MG Oral Tablet; insulin human  isophane 70 UNT/ML / Regular Insulin  Human 30 UNT/ML Injectable Suspension [Humulin],,1.0,0.0,1.0,0.0,0.017543859649122806,1.0,1.0,0.0,0.0,1.0,0.5833333333333334,0.325
PUB-1149,f0a50b8b50c39024,00309724-5ac7-4e6a-91e2-16087c83402c,unknown,Drug Interactions,high,ExpertC,"However, this co-administration of intramuscular lorazepam and intramuscular olanzapine for injection added to the somnolence observed with either drug alone [see Warnings and Precautions ( 5.7 )] .",concomitant medications: 24 HR Metformin hydrochloride 500 MG Extended Release Oral Tablet; insulin human  isophane 70 UNT/ML / Regular Insulin  Human 30 UNT/ML Injectable Suspension [Humulin],,1.0,0.0,0.0,0.0,0.0,0.0,1.0,0.0,0.0,1.0,0.3333333333333333,0.20833333333333334
PUB-1150,f0a50b8b50c39024,00309724-5ac7-4e6a-91e2-16087c83402c,unknown,Drug Interactions,high,ExpertC,"However, this co-administration of intramuscular lorazepam and intramuscular olanzapine for injection added to the somnolence observed with either drug alone [see Warnings and Precautions ( 5.7 )] .",concomitant medications: amLODIPine 5 MG / Hydrochlorothiazide 12.5 MG / Olmesartan medoxomil 20 MG Oral Tablet; 24 HR Metformin hydrochloride 500 MG Extended Release Oral Tablet,,1.0,0.0,0.0,0.0,0.023255813953488372,0.0,1.0,0.0,0.0,1.0,0.3333333333333333,0.20833333333333334
PUB-1151,f0a50b8b50c39024,00309724-5ac7-4e6a-91e2-16087c83402c,unknown,Drug Interactions,high,ExpertC,"However, this co-administration of intramuscular lorazepam and intramuscular olanzapine for injection added to the somnolence observed with either drug alone [see Warnings and Precautions ( 5.7 )] .",concomitant medications: insulin human  isophane 70 UNT/ML / Regular Insulin  Human 30 UNT/ML Injectable Suspension [Humulin]; amLODIPine 5 MG / Hydrochlorothiazide 12.5 MG / Olmesartan medoxomil 20 MG Oral Tablet,,1.0,0.0,0.0,0.0,0.02127659574468085,0.0,1.0,0.0,0.0,1.0,0.3333333333333333,0.20833333333333334
PUB-1152,f0a50b8b50c39024,00309724-5ac7-4e6a-91e2-16087c83402c,unknown,Drug Interactions,high,ExpertC,"However, this co-administration of intramuscular lorazepam and intramuscular olanzapine for injection added to the somnolence observed with either drug alone [see Warnings and Precautions ( 5.7 )] .",concomitant medications: 24 HR Metformin hydrochloride 500 MG Extended Release Oral Tablet; insulin human  isophane 70 UNT/ML / Regular Insulin  Human 30 UNT/ML Injectable Suspension [Humulin],,1.0,0.0,0.0,0.0,0.0,0.0,1.0,0.0,0.0,1.0,0.3333333333333333,0.20833333333333334
PUB-1153,a737843b149f1940,00179766-980b-44b0-99d3-1fee2bb27e37,SERTRALINE HYDROCHLORIDE,Drug Interactions,high,ExpertC,"The risks, if any, that may be associated with Sertraline hydrochloride's use beyond 1 year in children and adolescents with OCD or major depressive disorder have not been systematically assessed.",concomitant medications: Hydrochlorothiazide 25 MG Oral Tablet; 120 ACTUAT Fluticasone propionate 0.044 MG/ACTUAT Metered Dose Inhaler,,1.0,0.0,1.0,0.0,0.0,1.0,1.0,0.0,0.0,1.0,0.5,0.25
PUB-1154,a737843b149f1940,00179766-980b-44b0-99d3-1fee2bb27e37,SERTRALINE HYDROCHLORIDE,Drug Interactions,high,ExpertC,"The risks, if any, that may be associated with Sertraline hydrochloride's use beyond 1 year in children and adolescents with OCD or major depressive disorder have not been systematically assessed.",concomitant medications: NDA020503 200 ACTUAT Albuterol 0.09 MG/ACTUAT Metered Dose Inhaler; Hydrochlorothiazide 25 MG Oral Tablet,,1.0,0.0,1.0,0.0,0.0,1.0,1.0,0.0,0.0,1.0,0.5,0.25
PUB-1155,a737843b149f1940,00179766-980b-44b0-99d3-1fee2bb27e37,SERTRALINE HYDROCHLORIDE,Drug Interactions,high,ExpertC,"The risks, if any, that may be associated with Sertraline hydrochloride's use beyond 1 year in children and adolescents with OCD or major depressive disorder have not been systematically assessed.",concomitant medications: 120 ACTUAT Fluticasone propionate 0.044 MG/ACTUAT Metered Dose Inhaler; NDA020503 200 ACTUAT Albuterol 0.09 MG/ACTUAT Metered Dose Inhaler,,1.0,0.0,1.0,0.0,0.0,1.0,1.0,0.0,0.0,1.0,0.5,0.25
PUB-1156,a737843b149f1940,00179766-980b-44b0-99d3-1fee2bb27e37,SERTRALINE HYDROCHLORIDE,Drug Interactions,high,ExpertC,"The risks, if any, that may be associated with Sertraline hydrochloride's use beyond 1 year in children and adolescents with OCD or major depressive disorder have not been systematically assessed.",concomitant medications: Hydrochlorothiazide 25 MG Oral Tablet; Hydrochlorothiazide 25 MG Oral Tablet,,1.0,0.0,1.0,0.0,0.0,1.0,1.0,0.0,0.0,1.0,0.5,0.25
PUB-1157,992c98547806cd0f,0013c0c8-513a-48f3-a918-5bc1750c96a7,unknown,Indications and Usage,moderate,ExpertC,"Finally, persons under the age of 35 who a) have none of the above risk factors (1-6); b) belong to none of the high-incidence groups; and c) have a tuberculin skin test reaction of 15 mm or more, are appropriate candidates for preventive therapy.",concomitant medications: Hydrochlorothiazide 12.5 MG; Hydrochlorothiazide 12.5 MG,,1.0,1.0,0.0,0.0,0.0,0.0,0.0,0.0,0.0,0.0,0.5833333333333334,0.31666666666666665
PUB-1158,992c98547806cd0f,0013c0c8-513a-48f3-a918-5bc1750c96a7,unknown,Indications and Usage,moderate,ExpertC,"Finally, persons under the age of 35 who a) have none of the above risk factors (1-6); b) belong to none of the high-incidence groups; and c) have a tuberculin skin test reaction of 15 mm or more, are appropriate candidates for preventive therapy.",concomitant medications: Hydrochlorothiazide 12.5 MG; Hydrochlorothiazide 12.5 MG,,1.0,1.0,0.0,0.0,0.0,0.0,0.0,0.0,0.0,0.0,0.5833333333333334,0.31666666666666665
PUB-1159,992c98547806cd0f,0013c0c8-513a-48f3-a918-5bc1750c96a7,unknown,Indications and Usage,moderate,ExpertC,"Finally, persons under the age of 35 who a) have none of the above risk factors (1-6); b) belong to none of the high-incidence groups; and c) have a tuberculin skin test reaction of 15 mm or more, are appropriate candidates for preventive therapy.",concomitant medications: Hydrochlorothiazide 12.5 MG; Hydrochlorothiazide 12.5 MG,,1.0,1.0,0.0,0.0,0.0,0.0,0.0,0.0,0.0,0.0,0.5833333333333334,0.31666666666666665
PUB-1160,992c98547806cd0f,0013c0c8-513a-48f3-a918-5bc1750c96a7,unknown,Indications and Usage,moderate,ExpertC,"Finally, persons under the age of 35 who a) have none of the above risk factors (1-6); b) belong to none of the high-incidence groups; and c) have a tuberculin skin test reaction of 15 mm or more, are appropriate candidates for preventive therapy.",concomitant medications: Hydrochlorothiazide 12.5 MG; Hydrochlorothiazide 12.5 MG,,1.0,1.0,0.0,0.0,0.0,0.0,0.0,0.0,0.0,0.0,0.5833333333333334,0.31666666666666665
PUB-1161,fc29944edfe7d1ff,0031881b-5118-4514-846f-e57cf7cb8b67,unknown,Drug Interactions,high,ExpertC,The list of drug-thyroidal axis interactions in Table 2 may not be comprehensive due to the introduction of new drugs that interact with the thyroidal axis or the discovery of previously unknown interactions.,concomitant medications: 24 HR Metformin hydrochloride 500 MG Extended Release Oral Tablet; Digoxin 0.125 MG Oral Tablet,,1.0,0.0,0.0,0.0,0.0,1.0,1.0,0.0,0.0,1.0,0.16666666666666666,0.21666666666666667
PUB-1162,fc29944edfe7d1ff,0031881b-5118-4514-846f-e57cf7cb8b67,unknown,Drug Interactions,high,ExpertC,The list of drug-thyroidal axis interactions in Table 2 may not be comprehensive due to the introduction of new drugs that interact with the thyroidal axis or the discovery of previously unknown interactions.,concomitant medications: Warfarin Sodium 5 MG Oral Tablet; insulin human  isophane 70 UNT/ML / Regular Insulin  Human 30 UNT/ML Injectable Suspension [Humulin],,1.0,0.0,0.0,0.0,0.0,1.0,1.0,0.0,0.0,1.0,0.16666666666666666,0.21666666666666667
PUB-1163,fc29944edfe7d1ff,0031881b-5118-4514-846f-e57cf7cb8b67,unknown,Drug Interactions,high,ExpertC,The list of drug-thyroidal axis interactions in Table 2 may not be comprehensive due to the introduction of new drugs that interact with the thyroidal axis or the discovery of previously unknown interactions.,concomitant medications: Atenolol 50 MG / Chlorthalidone 25 MG Oral Tablet; Verapamil Hydrochloride 40 MG,,1.0,0.0,0.0,0.0,0.0,1.0,1.0,0.0,0.0,1.0,0.16666666666666666,0.21666666666666667
PUB-1164,fc29944edfe7d1ff,0031881b-5118-4514-846f-e57cf7cb8b67,unknown,Drug Interactions,high,ExpertC,The list of drug-thyroidal axis interactions in Table 2 may not be comprehensive due to the introduction of new drugs that interact with the thyroidal axis or the discovery of previously unknown interactions.,concomitant medications: 24 HR Metformin hydrochloride 500 MG Extended Release Oral Tablet; Digoxin 0.125 MG Oral Tablet,,1.0,0.0,0.0,0.0,0.0,1.0,1.0,0.0,0.0,1.0,0.16666666666666666,0.21666666666666667
PUB-1165,875b99cd5f58d2c3,00139e9f-3fd0-4dcf-a437-fb68a9988cea,unknown,Drug Interactions,high,ExpertC,Potassium sparing diuretics Cyclosporine should not be used with potassium-sparing diuretics because hyperkalemia can occur.,concomitant medications: Digoxin 0.125 MG Oral Tablet; Warfarin Sodium 5 MG Oral Tablet,,0.0,0.0,0.0,0.0,0.0,1.0,1.0,0.0,0.0,1.0,0.08333333333333333,0.10833333333333334
PUB-1166,875b99cd5f58d2c3,00139e9f-3fd0-4dcf-a437-fb68a9988cea,unknown,Drug Interactions,high,ExpertC,Potassium sparing diuretics Cyclosporine should not be used with potassium-sparing diuretics because hyperkalemia can occur.,concomitant medications: Simvastatin 10 MG Oral Tablet; Verapamil Hydrochloride 40 MG,,0.0,0.0,0.0,0.0,0.0,1.0,1.0,0.0,0.0,1.0,0.08333333333333333,0.10833333333333334
PUB-1167,875b99cd5f58d2c3,00139e9f-3fd0-4dcf-a437-fb68a9988cea,unknown,Drug Interactions,high,ExpertC,Potassium sparing diuretics Cyclosporine should not be used with potassium-sparing diuretics because hyperkalemia can occur.,concomitant medications: Digoxin 0.125 MG Oral Tablet; Warfarin Sodium 5 MG Oral Tablet,,0.0,0.0,0.0,0.0,0.0,1.0,1.0,0.0,0.0,1.0,0.08333333333333333,0.10833333333333334
PUB-1168,875b99cd5f58d2c3,00139e9f-3fd0-4dcf-a437-fb68a9988cea,unknown,Drug Interactions,high,ExpertC,Potassium sparing diuretics Cyclosporine should not be used with potassium-sparing diuretics because hyperkalemia can occur.,concomitant medications: Simvastatin 10 MG Oral Tablet; Verapamil Hydrochloride 40 MG,,0.0,0.0,0.0,0.0,0.0,1.0,1.0,0.0,0.0,1.0,0.08333333333333333,0.10833333333333334
PUB-1169,ca2292c57e461abd,001826f4-f531-454e-a37a-e4e0b147f61b,unknown,Drug Interactions,high,ExpertC,Pharmacologic studies indicate that there may be additive effects in prolonging AV conduction when using beta-blockers or digitalis concomitantly with diltiazem (see WARNINGS ).,concomitant medications: Simvastatin 10 MG Oral Tablet; Diazepam 5 MG Oral Tablet,,0.0,0.0,0.0,0.0,0.0,0.0,1.0,0.0,0.0,1.0,0.16666666666666666,0.2
PUB-1170,ca2292c57e461abd,001826f4-f531-454e-a37a-e4e0b147f61b,unknown,Drug Interactions,high,ExpertC,Pharmacologic studies indicate that there may be additive effects in prolonging AV conduction when using beta-blockers or digitalis concomitantly with diltiazem (see WARNINGS ).,concomitant medications: Carbamazepine[Tegretol]; Simvastatin 10 MG Oral Tablet,,0.0,0.0,0.0,0.0,0.0,0.0,1.0,0.0,0.0,1.0,0.16666666666666666,0.2
PUB-1171,ca2292c57e461abd,001826f4-f531-454e-a37a-e4e0b147f61b,unknown,Drug Interactions,high,ExpertC,Pharmacologic studies indicate that there may be additive effects in prolonging AV conduction when using beta-blockers or digitalis concomitantly with diltiazem (see WARNINGS ).,concomitant medications: Loratadine 5 MG Chewable Tablet; NDA020800 0.3 ML Epinephrine 1 MG/ML Auto-Injector,,0.0,0.0,0.0,0.0,0.0,0.0,1.0,0.0,0.0,1.0,0.16666666666666666,0.2
PUB-1172,ca2292c57e461abd,001826f4-f531-454e-a37a-e4e0b147f61b,unknown,Drug Interactions,high,ExpertC,Pharmacologic studies indicate that there may be additive effects in prolonging AV conduction when using beta-blockers or digitalis concomitantly with diltiazem (see WARNINGS ).,concomitant medications: Penicillin V Potassium 500 MG Oral Tablet; Cefuroxime 250 MG Oral Tablet,,0.0,0.0,0.0,0.0,0.0,0.0,1.0,0.0,0.0,1.0,0.16666666666666666,0.2
PUB-1173,a58979a152ebeb7b,001f4c8f-adbe-4409-9bf8-702e83a32783,unknown,Contraindications,high,ExpertC,"Do not administer enalapril maleate tablets USP within 36 hours of switching to or from sacubitril/valsartan, a neprilysin inhibitor (see WARNINGS , Head and Neck Angioedema ).",concomitant medications: amLODIPine 5 MG / Hydrochlorothiazide 12.5 MG / Olmesartan medoxomil 20 MG Oral Tablet; amLODIPine 5 MG / Hydrochlorothiazide 12.5 MG / Olmesartan medoxomil 20 MG Oral Tablet,,1.0,0.0,1.0,0.0,0.0,1.0,0.0,1.0,0.0,1.0,0.4166666666666667,0.21666666666666667
PUB-1174,a58979a152ebeb7b,001f4c8f-adbe-4409-9bf8-702e83a32783,unknown,Contraindications,high,ExpertC,"Do not administer enalapril maleate tablets USP within 36 hours of switching to or from sacubitril/valsartan, a neprilysin inhibitor (see WARNINGS , Head and Neck Angioedema ).",concomitant medications: amLODIPine 5 MG / Hydrochlorothiazide 12.5 MG / Olmesartan medoxomil 20 MG Oral Tablet; amLODIPine 5 MG / Hydrochlorothiazide 12.5 MG / Olmesartan medoxomil 20 MG Oral Tablet,,1.0,0.0,1.0,0.0,0.0,1.0,0.0,1.0,0.0,1.0,0.4166666666666667,0.21666666666666667
PUB-1175,a58979a152ebeb7b,001f4c8f-adbe-4409-9bf8-702e83a32783,unknown,Contraindications,high,ExpertC,"Do not administer enalapril maleate tablets USP within 36 hours of switching to or from sacubitril/valsartan, a neprilysin inhibitor (see WARNINGS , Head and Neck Angioedema ).",concomitant medications: amLODIPine 5 MG / Hydrochlorothiazide 12.5 MG / Olmesartan medoxomil 20 MG Oral Tablet; amLODIPine 5 MG / Hydrochlorothiazide 12.5 MG / Olmesartan medoxomil 20 MG Oral Tablet,,1.0,0.0,1.0,0.0,0.0,1.0,0.0,1.0,0.0,1.0,0.4166666666666667,0.21666666666666667
PUB-1176,a58979a152ebeb7b,001f4c8f-adbe-4409-9bf8-702e83a32783,unknown,Contraindications,high,ExpertC,"Do not administer enalapril maleate tablets USP within 36 hours of switching to or from sacubitril/valsartan, a neprilysin inhibitor (see WARNINGS , Head and Neck Angioedema ).",concomitant medications: amLODIPine 5 MG / Hydrochlorothiazide 12.5 MG / Olmesartan medoxomil 20 MG Oral Tablet; Nitrofurantoin 5 MG/ML Oral Suspension,,1.0,0.0,1.0,0.0,0.0,1.0,0.0,1.0,0.0,1.0,0.4166666666666667,0.21666666666666667
PUB-1177,36446c502a9670b8,00206aae-7db1-4ae9-8500-b03fd6788d74,unknown,Special Populations,moderate,ExpertC,"No overall differences in safety or effectiveness were observed between these subjects and younger subjects, and other reported clinical experience has not identified differences in responses between the elderly and younger patients, but greater sensitivity of some older individuals cannot be ruled out.",concomitant medications: Hydrochlorothiazide 12.5 MG; Hydrochlorothiazide 12.5 MG,,0.0,0.0,0.0,0.0,0.0,1.0,0.0,0.0,0.0,0.0,0.5833333333333334,0.3
PUB-1178,36446c502a9670b8,00206aae-7db1-4ae9-8500-b03fd6788d74,unknown,Special Populations,moderate,ExpertC,"No overall differences in safety or effectiveness were observed between these subjects and younger subjects, and other reported clinical experience has not identified differences in responses between the elderly and younger patients, but greater sensitivity of some older individuals cannot be ruled out.",concomitant medications: Acetaminophen 325 MG Oral Tablet; Hydrochlorothiazide 12.5 MG,,0.0,0.0,0.0,0.0,0.0,1.0,0.0,0.0,0.0,0.0,0.5833333333333334,0.3
PUB-1179,36446c502a9670b8,00206aae-7db1-4ae9-8500-b03fd6788d74,unknown,Special Populations,moderate,ExpertC,"No overall differences in safety or effectiveness were observed between these subjects and younger subjects, and other reported clinical experience has not identified differences in responses between the elderly and younger patients, but greater sensitivity of some older individuals cannot be ruled out.",concomitant medications: Hydrochlorothiazide 12.5 MG; Levora 0.15/30 28 Day Pack,,0.0,0.0,0.0,0.0,0.0,1.0,0.0,0.0,0.0,0.0,0.5833333333333334,0.3
PUB-1180,36446c502a9670b8,00206aae-7db1-4ae9-8500-b03fd6788d74,unknown,Special Populations,moderate,ExpertC,"No overall differences in safety or effectiveness were observed between these subjects and younger subjects, and other reported clinical experience has not identified differences in responses between the elderly and younger patients, but greater sensitivity of some older individuals cannot be ruled out.",concomitant medications: Hydrochlorothiazide 12.5 MG; 1 ML medroxyprogesterone acetate 150 MG/ML Injection,,0.0,0.0,0.0,0.0,0.0,1.0,0.0,0.0,0.0,0.0,0.5833333333333334,0.3
PUB-1181,b1bae26a14f5d4ea,001dd372-2692-4d6f-a71c-95e7056349a9,unknown,Special Populations,moderate,ExpertC,"No evidence of adverse developmental effects were seen in animal reproduction studies with rabeprazole administered during organogenesis at 13 and 8 times the human area under the plasma concentration-time curve (AUC) at the recommended dose for GERD,in rats and rabbits, respectively [ see Data ] .",concomitant medications: Clopidogrel 75 MG Oral Tablet; Clopidogrel 75 MG Oral Tablet,,1.0,0.0,0.0,0.0,0.0,1.0,0.0,0.0,0.0,0.0,0.4166666666666667,0.3333333333333333
PUB-1182,b1bae26a14f5d4ea,001dd372-2692-4d6f-a71c-95e7056349a9,unknown,Special Populations,moderate,ExpertC,"No evidence of adverse developmental effects were seen in animal reproduction studies with rabeprazole administered during organogenesis at 13 and 8 times the human area under the plasma concentration-time curve (AUC) at the recommended dose for GERD,in rats and rabbits, respectively [ see Data ] .",concomitant medications: amLODIPine 5 MG / Hydrochlorothiazide 12.5 MG / Olmesartan medoxomil 20 MG Oral Tablet; Nitroglycerin 0.4 MG/ACTUAT Mucosal Spray,,1.0,0.0,0.0,0.0,0.0,1.0,0.0,0.0,0.0,0.0,0.4166666666666667,0.3333333333333333
PUB-1183,b1bae26a14f5d4ea,001dd372-2692-4d6f-a71c-95e7056349a9,unknown,Special Populations,moderate,ExpertC,"No evidence of adverse developmental effects were seen in animal reproduction studies with rabeprazole administered during organogenesis at 13 and 8 times the human area under the plasma concentration-time curve (AUC) at the recommended dose for GERD,in rats and rabbits, respectively [ see Data ] .",concomitant medications: Verapamil Hydrochloride 40 MG; Simvastatin 20 MG Oral Tablet,,1.0,0.0,0.0,0.0,0.0,1.0,0.0,0.0,0.0,0.0,0.4166666666666667,0.3333333333333333
PUB-1184,b1bae26a14f5d4ea,001dd372-2692-4d6f-a71c-95e7056349a9,unknown,Special Populations,moderate,ExpertC,"No evidence of adverse developmental effects were seen in animal reproduction studies with rabeprazole administered during organogenesis at 13 and 8 times the human area under the plasma concentration-time curve (AUC) at the recommended dose for GERD,in rats and rabbits, respectively [ see Data ] .",concomitant medications: Digoxin 0.125 MG Oral Tablet; Amlodipine 5 MG Oral Tablet,,1.0,0.0,0.0,0.0,0.0,1.0,0.0,0.0,0.0,0.0,0.4166666666666667,0.3333333333333333
PUB-1185,51ea65421e304f7c,0013824B-6AEE-4DA4-AFFD-35BC6BF19D91,unknown,Special Populations,moderate,ExpertC,"In general, dose selection for an elderly patient should be cautious, usually starting at the low end of the dosing range, reflecting the greater frequency of decreased hepatic, renal, or cardiac function, and of concomitant disease or other drug therapy.",concomitant medications: Hydrochlorothiazide 12.5 MG; Hydrochlorothiazide 12.5 MG,,0.0,0.0,0.0,0.0,0.025,0.0,0.0,0.0,0.0,0.0,0.8333333333333334,0.2916666666666667
PUB-1186,51ea65421e304f7c,0013824B-6AEE-4DA4-AFFD-35BC6BF19D91,unknown,Special Populations,moderate,ExpertC,"In general, dose selection for an elderly patient should be cautious, usually starting at the low end of the dosing range, reflecting the greater frequency of decreased hepatic, renal, or cardiac function, and of concomitant disease or other drug therapy.",concomitant medications: Hydrochlorothiazide 12.5 MG; Hydrochlorothiazide 12.5 MG,,0.0,0.0,0.0,0.0,0.025,0.0,0.0,0.0,0.0,0.0,0.8333333333333334,0.2916666666666667
PUB-1187,51ea65421e304f7c,0013824B-6AEE-4DA4-AFFD-35BC6BF19D91,unknown,Special Populations,moderate,ExpertC,"In general, dose selection for an elderly patient should be cautious, usually starting at the low end of the dosing range, reflecting the greater frequency of decreased hepatic, renal, or cardiac function, and of concomitant disease or other drug therapy.",concomitant medications: Hydrochlorothiazide 12.5 MG; Hydrochlorothiazide 12.5 MG,,0.0,0.0,0.0,0.0,0.025,0.0,0.0,0.0,0.0,0.0,0.8333333333333334,0.2916666666666667
PUB-1188,51ea65421e304f7c,0013824B-6AEE-4DA4-AFFD-35BC6BF19D91,unknown,Special Populations,moderate,ExpertC,"In general, dose selection for an elderly patient should be cautious, usually starting at the low end of the dosing range, reflecting the greater frequency of decreased hepatic, renal, or cardiac function, and of concomitant disease or other drug therapy.",concomitant medications: Hydrochlorothiazide 12.5 MG; Hydrochlorothiazide 12.5 MG,,0.0,0.0,0.0,0.0,0.025,0.0,0.0,0.0,0.0,0.0,0.8333333333333334,0.2916666666666667
PUB-1189,e2c620fb3c8a6008,0002eded-a283-4590-a78c-b6ff2027e684,unknown,Dosage and Administration,moderate,ExpertC,"Gabapentin may be administered as the oral solution, capsule, or tablet, or using combinations of these formulations.",concomitant medications: Simvastatin 20 MG Oral Tablet; Amlodipine 5 MG Oral Tablet,,0.0,0.0,0.0,0.0,0.08695652173913043,0.0,0.0,0.0,1.0,0.0,0.5,0.13333333333333333
PUB-1190,e2c620fb3c8a6008,0002eded-a283-4590-a78c-b6ff2027e684,unknown,Dosage and Administration,moderate,ExpertC,"Gabapentin may be administered as the oral solution, capsule, or tablet, or using combinations of these formulations.",concomitant medications: Clopidogrel 75 MG Oral Tablet; Nitroglycerin 0.4 MG/ACTUAT Mucosal Spray,,0.0,0.0,0.0,0.0,0.07407407407407407,0.0,0.0,0.0,1.0,0.0,0.5,0.13333333333333333
PUB-1191,e2c620fb3c8a6008,0002eded-a283-4590-a78c-b6ff2027e684,unknown,Dosage and Administration,moderate,ExpertC,"Gabapentin may be administered as the oral solution, capsule, or tablet, or using combinations of these formulations.",concomitant medications: Simvastatin 20 MG Oral Tablet; Amlodipine 5 MG Oral Tablet,,0.0,0.0,0.0,0.0,0.08695652173913043,0.0,0.0,0.0,1.0,0.0,0.5,0.13333333333333333
PUB-1192,e2c620fb3c8a6008,0002eded-a283-4590-a78c-b6ff2027e684,unknown,Dosage and Administration,moderate,ExpertC,"Gabapentin may be administered as the oral solution, capsule, or tablet, or using combinations of these formulations.",concomitant medications: Clopidogrel 75 MG Oral Tablet; Nitroglycerin 0.4 MG/ACTUAT Mucosal Spray,,0.0,0.0,0.0,0.0,0.07407407407407407,0.0,0.0,0.0,1.0,0.0,0.5,0.13333333333333333
PUB-1193,9316041abc6991ae,00139e9f-3fd0-4dcf-a437-fb68a9988cea,unknown,Drug Interactions,high,ExpertC,Cyclosporine concentrations do not appear to have been altered (N = 6).,concomitant medications: Simvastatin 20 MG Oral Tablet; Amlodipine 5 MG Oral Tablet,,1.0,0.0,0.0,0.0,0.0,1.0,1.0,0.0,0.0,1.0,0.08333333333333333,0.09166666666666666
PUB-1194,9316041abc6991ae,00139e9f-3fd0-4dcf-a437-fb68a9988cea,unknown,Drug Interactions,high,ExpertC,Cyclosporine concentrations do not appear to have been altered (N = 6).,concomitant medications: 1 ML Epinephrine 1 MG/ML Injection; 3 ML Amiodarone hydrocholoride 50 MG/ML Prefilled Syringe,,1.0,0.0,0.0,0.0,0.0,1.0,1.0,0.0,0.0,1.0,0.08333333333333333,0.09166666666666666
PUB-1195,9316041abc6991ae,00139e9f-3fd0-4dcf-a437-fb68a9988cea,unknown,Drug Interactions,high,ExpertC,Cyclosporine concentrations do not appear to have been altered (N = 6).,concomitant medications: Atropine Sulfate 1 MG/ML Injectable Solution; Clopidogrel 75 MG Oral Tablet,,1.0,0.0,0.0,0.0,0.0,1.0,1.0,0.0,0.0,1.0,0.08333333333333333,0.09166666666666666
PUB-1196,9316041abc6991ae,00139e9f-3fd0-4dcf-a437-fb68a9988cea,unknown,Drug Interactions,high,ExpertC,Cyclosporine concentrations do not appear to have been altered (N = 6).,concomitant medications: Atenolol 50 MG / Chlorthalidone 25 MG Oral Tablet; Nitroglycerin 0.4 MG/ACTUAT Mucosal Spray,,1.0,0.0,0.0,0.0,0.0,1.0,1.0,0.0,0.0,1.0,0.08333333333333333,0.09166666666666666
PUB-1197,b4cfdd9736e450c8,000dde4b-1d94-442f-94c0-26e283e04d88,unknown,Drug Interactions,high,ExpertC,"( 7.4 ) 7.1 CNS Depressants The concomitant use of OXYCONTIN and other CNS depressants including sedatives, hypnotics, tranquilizers, general anesthetics, phenothiazines, other opioids, and alcohol can increase the risk of respiratory depression, profound sedation, coma, or death.",concomitant medications: NDA020503 200 ACTUAT Albuterol 0.09 MG/ACTUAT Metered Dose Inhaler; 120 ACTUAT Fluticasone propionate 0.044 MG/ACTUAT Metered Dose Inhaler,,1.0,0.0,0.0,0.0,0.021739130434782608,0.0,1.0,0.0,0.0,1.0,1.0,0.25833333333333336
PUB-1198,b4cfdd9736e450c8,000dde4b-1d94-442f-94c0-26e283e04d88,unknown,Drug Interactions,high,ExpertC,"( 7.4 ) 7.1 CNS Depressants The concomitant use of OXYCONTIN and other CNS depressants including sedatives, hypnotics, tranquilizers, general anesthetics, phenothiazines, other opioids, and alcohol can increase the risk of respiratory depression, profound sedation, coma, or death.",concomitant medications: NDA020503 200 ACTUAT Albuterol 0.09 MG/ACTUAT Metered Dose Inhaler; 120 ACTUAT Fluticasone propionate 0.044 MG/ACTUAT Metered Dose Inhaler,,1.0,0.0,0.0,0.0,0.021739130434782608,0.0,1.0,0.0,0.0,1.0,1.0,0.25833333333333336
PUB-1199,b4cfdd9736e450c8,000dde4b-1d94-442f-94c0-26e283e04d88,unknown,Drug Interactions,high,ExpertC,"( 7.4 ) 7.1 CNS Depressants The concomitant use of OXYCONTIN and other CNS depressants including sedatives, hypnotics, tranquilizers, general anesthetics, phenothiazines, other opioids, and alcohol can increase the risk of respiratory depression, profound sedation, coma, or death.",concomitant medications: NDA020503 200 ACTUAT Albuterol 0.09 MG/ACTUAT Metered Dose Inhaler; 120 ACTUAT Fluticasone propionate 0.044 MG/ACTUAT Metered Dose Inhaler,,1.0,0.0,0.0,0.0,0.021739130434782608,0.0,1.0,0.0,0.0,1.0,1.0,0.25833333333333336
PUB-1200,b4cfdd9736e450c8,000dde4b-1d94-442f-94c0-26e283e04d88,unknown,Drug Interactions,high,ExpertC,"( 7.4 ) 7.1 CNS Depressants The concomitant use of OXYCONTIN and other CNS depressants including sedatives, hypnotics, tranquilizers, general anesthetics, phenothiazines, other opioids, and alcohol can increase the risk of respiratory depression, profound sedation, coma, or death.",concomitant medications: NDA020503 200 ACTUAT Albuterol 0.09 MG/ACTUAT Metered Dose Inhaler; diphenhydrAMINE Hydrochloride 25 MG Oral Tablet,,1.0,0.0,0.0,0.0,0.02127659574468085,0.0,1.0,0.0,0.0,1.0,1.0,0.25833333333333336
