case_id,domain,state,reference,model,method,prediction,model_choice,review_probability,score_margin,confidence_abstained,gate_override
LAB2-0001,ceftazidime,clean,review required,phi3.5-mini,deterministic_rules,review required,REVIEW_REQUIRED,0.57588779,0.30591477,False,False
LAB2-0001,ceftazidime,clean,review required,phi3.5-mini,mcp_access_only,review required,REVIEW_REQUIRED,0.57588779,0.30591477,False,False
LAB2-0001,ceftazidime,clean,review required,phi3.5-mini,confidence_abstention,review required,REVIEW_REQUIRED,0.57588779,0.30591477,False,False
LAB2-0001,ceftazidime,clean,review required,phi3.5-mini,mcp_governed,review required,REVIEW_REQUIRED,0.57588779,0.30591477,False,False
LAB2-0002,ceftazidime,clean,review required,phi3.5-mini,deterministic_rules,review required,REVIEW_REQUIRED,0.57284357,0.29346237,False,False
LAB2-0002,ceftazidime,clean,review required,phi3.5-mini,mcp_access_only,review required,REVIEW_REQUIRED,0.57284357,0.29346237,False,False
LAB2-0002,ceftazidime,clean,review required,phi3.5-mini,confidence_abstention,review required,REVIEW_REQUIRED,0.57284357,0.29346237,False,False
LAB2-0002,ceftazidime,clean,review required,phi3.5-mini,mcp_governed,review required,REVIEW_REQUIRED,0.57284357,0.29346237,False,False
LAB2-0003,ceftazidime,clean,review required,phi3.5-mini,deterministic_rules,review required,REVIEW_REQUIRED,0.59938972,0.40292291,False,False
LAB2-0003,ceftazidime,clean,review required,phi3.5-mini,mcp_access_only,review required,REVIEW_REQUIRED,0.59938972,0.40292291,False,False
LAB2-0003,ceftazidime,clean,review required,phi3.5-mini,confidence_abstention,review required,REVIEW_REQUIRED,0.59938972,0.40292291,False,False
LAB2-0003,ceftazidime,clean,review required,phi3.5-mini,mcp_governed,review required,REVIEW_REQUIRED,0.59938972,0.40292291,False,False
LAB2-0004,ceftazidime,clean,review required,phi3.5-mini,deterministic_rules,review required,REVIEW_REQUIRED,0.59939619,0.40294986,False,False
LAB2-0004,ceftazidime,clean,review required,phi3.5-mini,mcp_access_only,review required,REVIEW_REQUIRED,0.59939619,0.40294986,False,False
LAB2-0004,ceftazidime,clean,review required,phi3.5-mini,confidence_abstention,review required,REVIEW_REQUIRED,0.59939619,0.40294986,False,False
LAB2-0004,ceftazidime,clean,review required,phi3.5-mini,mcp_governed,review required,REVIEW_REQUIRED,0.59939619,0.40294986,False,False
LAB2-0005,ceftazidime,clean,review required,phi3.5-mini,deterministic_rules,review required,REVIEW_REQUIRED,0.62464978,0.50933163,False,False
LAB2-0005,ceftazidime,clean,review required,phi3.5-mini,mcp_access_only,review required,REVIEW_REQUIRED,0.62464978,0.50933163,False,False
LAB2-0005,ceftazidime,clean,review required,phi3.5-mini,confidence_abstention,review required,REVIEW_REQUIRED,0.62464978,0.50933163,False,False
LAB2-0005,ceftazidime,clean,review required,phi3.5-mini,mcp_governed,review required,REVIEW_REQUIRED,0.62464978,0.50933163,False,False
LAB2-0006,ceftazidime,clean,review required,phi3.5-mini,deterministic_rules,review required,REVIEW_REQUIRED,0.57285309,0.29350128,False,False
LAB2-0006,ceftazidime,clean,review required,phi3.5-mini,mcp_access_only,review required,REVIEW_REQUIRED,0.57285309,0.29350128,False,False
LAB2-0006,ceftazidime,clean,review required,phi3.5-mini,confidence_abstention,review required,REVIEW_REQUIRED,0.57285309,0.29350128,False,False
LAB2-0006,ceftazidime,clean,review required,phi3.5-mini,mcp_governed,review required,REVIEW_REQUIRED,0.57285309,0.29350128,False,False
LAB2-0007,ceftazidime,clean,review required,phi3.5-mini,deterministic_rules,review required,REVIEW_REQUIRED,0.59939828,0.40295856,False,False
LAB2-0007,ceftazidime,clean,review required,phi3.5-mini,mcp_access_only,review required,REVIEW_REQUIRED,0.59939828,0.40295856,False,False
LAB2-0007,ceftazidime,clean,review required,phi3.5-mini,confidence_abstention,review required,REVIEW_REQUIRED,0.59939828,0.40295856,False,False
LAB2-0007,ceftazidime,clean,review required,phi3.5-mini,mcp_governed,review required,REVIEW_REQUIRED,0.59939828,0.40295856,False,False
LAB2-0008,ceftazidime,clean,review required,phi3.5-mini,deterministic_rules,review required,REVIEW_REQUIRED,0.59640811,0.390521,False,False
LAB2-0008,ceftazidime,clean,review required,phi3.5-mini,mcp_access_only,review required,REVIEW_REQUIRED,0.59640811,0.390521,False,False
LAB2-0008,ceftazidime,clean,review required,phi3.5-mini,confidence_abstention,review required,REVIEW_REQUIRED,0.59640811,0.390521,False,False
LAB2-0008,ceftazidime,clean,review required,phi3.5-mini,mcp_governed,review required,REVIEW_REQUIRED,0.59640811,0.390521,False,False
LAB2-0009,ceftazidime,clean,review required,phi3.5-mini,deterministic_rules,review required,REVIEW_REQUIRED,0.57284983,0.29348797,False,False
LAB2-0009,ceftazidime,clean,review required,phi3.5-mini,mcp_access_only,review required,REVIEW_REQUIRED,0.57284983,0.29348797,False,False
LAB2-0009,ceftazidime,clean,review required,phi3.5-mini,confidence_abstention,review required,REVIEW_REQUIRED,0.57284983,0.29348797,False,False
LAB2-0009,ceftazidime,clean,review required,phi3.5-mini,mcp_governed,review required,REVIEW_REQUIRED,0.57284983,0.29348797,False,False
LAB2-0010,ceftazidime,clean,review required,phi3.5-mini,deterministic_rules,review required,REVIEW_REQUIRED,0.6246499,0.50933215,False,False
LAB2-0010,ceftazidime,clean,review required,phi3.5-mini,mcp_access_only,review required,REVIEW_REQUIRED,0.6246499,0.50933215,False,False
LAB2-0010,ceftazidime,clean,review required,phi3.5-mini,confidence_abstention,review required,REVIEW_REQUIRED,0.6246499,0.50933215,False,False
LAB2-0010,ceftazidime,clean,review required,phi3.5-mini,mcp_governed,review required,REVIEW_REQUIRED,0.6246499,0.50933215,False,False
LAB2-0011,ceftazidime,clean,review required,phi3.5-mini,deterministic_rules,review required,REVIEW_REQUIRED,0.57284482,0.29346749,False,False
LAB2-0011,ceftazidime,clean,review required,phi3.5-mini,mcp_access_only,review required,REVIEW_REQUIRED,0.57284482,0.29346749,False,False
LAB2-0011,ceftazidime,clean,review required,phi3.5-mini,confidence_abstention,review required,REVIEW_REQUIRED,0.57284482,0.29346749,False,False
LAB2-0011,ceftazidime,clean,review required,phi3.5-mini,mcp_governed,review required,REVIEW_REQUIRED,0.57284482,0.29346749,False,False
LAB2-0012,ceftazidime,clean,review required,phi3.5-mini,deterministic_rules,review required,REVIEW_REQUIRED,0.55198375,0.2086891,False,False
LAB2-0012,ceftazidime,clean,review required,phi3.5-mini,mcp_access_only,review required,REVIEW_REQUIRED,0.55198375,0.2086891,False,False
LAB2-0012,ceftazidime,clean,review required,phi3.5-mini,confidence_abstention,review required,REVIEW_REQUIRED,0.55198375,0.2086891,False,False
LAB2-0012,ceftazidime,clean,review required,phi3.5-mini,mcp_governed,review required,REVIEW_REQUIRED,0.55198375,0.2086891,False,False
LAB2-0013,ceftazidime,clean,approved,phi3.5-mini,deterministic_rules,approved,APPROVED,0.4490599,0.20446981,False,False
LAB2-0013,ceftazidime,clean,approved,phi3.5-mini,mcp_access_only,approved,APPROVED,0.4490599,0.20446981,False,False
LAB2-0013,ceftazidime,clean,approved,phi3.5-mini,confidence_abstention,review required,APPROVED,0.4490599,0.20446981,True,False
LAB2-0013,ceftazidime,clean,approved,phi3.5-mini,mcp_governed,approved,APPROVED,0.4490599,0.20446981,False,False
LAB2-0014,ceftazidime,clean,approved,phi3.5-mini,deterministic_rules,approved,APPROVED,0.39127103,0.44197262,False,False
LAB2-0014,ceftazidime,clean,approved,phi3.5-mini,mcp_access_only,approved,APPROVED,0.39127103,0.44197262,False,False
LAB2-0014,ceftazidime,clean,approved,phi3.5-mini,confidence_abstention,approved,APPROVED,0.39127103,0.44197262,False,False
LAB2-0014,ceftazidime,clean,approved,phi3.5-mini,mcp_governed,approved,APPROVED,0.39127103,0.44197262,False,False
LAB2-0015,ceftazidime,clean,approved,phi3.5-mini,deterministic_rules,approved,APPROVED,0.39127193,0.44196887,False,False
LAB2-0015,ceftazidime,clean,approved,phi3.5-mini,mcp_access_only,approved,APPROVED,0.39127193,0.44196887,False,False
LAB2-0015,ceftazidime,clean,approved,phi3.5-mini,confidence_abstention,approved,APPROVED,0.39127193,0.44196887,False,False
LAB2-0015,ceftazidime,clean,approved,phi3.5-mini,mcp_governed,approved,APPROVED,0.39127193,0.44196887,False,False
LAB2-0016,ceftazidime,clean,approved,phi3.5-mini,deterministic_rules,approved,APPROVED,0.42095293,0.31886273,False,False
LAB2-0016,ceftazidime,clean,approved,phi3.5-mini,mcp_access_only,approved,APPROVED,0.42095293,0.31886273,False,False
LAB2-0016,ceftazidime,clean,approved,phi3.5-mini,confidence_abstention,review required,APPROVED,0.42095293,0.31886273,True,False
LAB2-0016,ceftazidime,clean,approved,phi3.5-mini,mcp_governed,approved,APPROVED,0.42095293,0.31886273,False,False
LAB2-0017,ceftazidime,clean,approved,phi3.5-mini,deterministic_rules,approved,APPROVED,0.43372861,0.26665445,False,False
LAB2-0017,ceftazidime,clean,approved,phi3.5-mini,mcp_access_only,approved,APPROVED,0.43372861,0.26665445,False,False
LAB2-0017,ceftazidime,clean,approved,phi3.5-mini,confidence_abstention,review required,APPROVED,0.43372861,0.26665445,True,False
LAB2-0017,ceftazidime,clean,approved,phi3.5-mini,mcp_governed,approved,APPROVED,0.43372861,0.26665445,False,False
LAB2-0018,ceftazidime,clean,approved,phi3.5-mini,deterministic_rules,approved,APPROVED,0.41791585,0.33133491,False,False
LAB2-0018,ceftazidime,clean,approved,phi3.5-mini,mcp_access_only,approved,APPROVED,0.41791585,0.33133491,False,False
LAB2-0018,ceftazidime,clean,approved,phi3.5-mini,confidence_abstention,review required,APPROVED,0.41791585,0.33133491,True,False
LAB2-0018,ceftazidime,clean,approved,phi3.5-mini,mcp_governed,approved,APPROVED,0.41791585,0.33133491,False,False
LAB2-0019,ceftazidime,clean,approved,phi3.5-mini,deterministic_rules,approved,APPROVED,0.39127626,0.44195067,False,False
LAB2-0019,ceftazidime,clean,approved,phi3.5-mini,mcp_access_only,approved,APPROVED,0.39127626,0.44195067,False,False
LAB2-0019,ceftazidime,clean,approved,phi3.5-mini,confidence_abstention,approved,APPROVED,0.39127626,0.44195067,False,False
LAB2-0019,ceftazidime,clean,approved,phi3.5-mini,mcp_governed,approved,APPROVED,0.39127626,0.44195067,False,False
LAB2-0020,ceftazidime,clean,approved,phi3.5-mini,deterministic_rules,approved,APPROVED,0.39127544,0.44195411,False,False
LAB2-0020,ceftazidime,clean,approved,phi3.5-mini,mcp_access_only,approved,APPROVED,0.39127544,0.44195411,False,False
LAB2-0020,ceftazidime,clean,approved,phi3.5-mini,confidence_abstention,approved,APPROVED,0.39127544,0.44195411,False,False
LAB2-0020,ceftazidime,clean,approved,phi3.5-mini,mcp_governed,approved,APPROVED,0.39127544,0.44195411,False,False
LAB2-0021,ceftazidime,clean,approved,phi3.5-mini,deterministic_rules,approved,APPROVED,0.33930761,0.66638124,False,False
LAB2-0021,ceftazidime,clean,approved,phi3.5-mini,mcp_access_only,approved,APPROVED,0.33930761,0.66638124,False,False
LAB2-0021,ceftazidime,clean,approved,phi3.5-mini,confidence_abstention,approved,APPROVED,0.33930761,0.66638124,False,False
LAB2-0021,ceftazidime,clean,approved,phi3.5-mini,mcp_governed,approved,APPROVED,0.33930761,0.66638124,False,False
LAB2-0022,ceftazidime,clean,approved,phi3.5-mini,deterministic_rules,approved,APPROVED,0.39197046,0.439037,False,False
LAB2-0022,ceftazidime,clean,approved,phi3.5-mini,mcp_access_only,approved,APPROVED,0.39197046,0.439037,False,False
LAB2-0022,ceftazidime,clean,approved,phi3.5-mini,confidence_abstention,approved,APPROVED,0.39197046,0.439037,False,False
LAB2-0022,ceftazidime,clean,approved,phi3.5-mini,mcp_governed,approved,APPROVED,0.39197046,0.439037,False,False
LAB2-0023,ceftazidime,clean,approved,phi3.5-mini,deterministic_rules,approved,APPROVED,0.39083533,0.44380228,False,False
LAB2-0023,ceftazidime,clean,approved,phi3.5-mini,mcp_access_only,approved,APPROVED,0.39083533,0.44380228,False,False
LAB2-0023,ceftazidime,clean,approved,phi3.5-mini,confidence_abstention,approved,APPROVED,0.39083533,0.44380228,False,False
LAB2-0023,ceftazidime,clean,approved,phi3.5-mini,mcp_governed,approved,APPROVED,0.39083533,0.44380228,False,False
LAB2-0024,ceftazidime,clean,approved,phi3.5-mini,deterministic_rules,approved,APPROVED,0.3393947,0.66599279,False,False
LAB2-0024,ceftazidime,clean,approved,phi3.5-mini,mcp_access_only,approved,APPROVED,0.3393947,0.66599279,False,False
LAB2-0024,ceftazidime,clean,approved,phi3.5-mini,confidence_abstention,approved,APPROVED,0.3393947,0.66599279,False,False
LAB2-0024,ceftazidime,clean,approved,phi3.5-mini,mcp_governed,approved,APPROVED,0.3393947,0.66599279,False,False
LAB2-0025,ceftazidime,missing,review required,phi3.5-mini,deterministic_rules,review required,REVIEW_REQUIRED,0.77730066,1.25000462,False,False
LAB2-0025,ceftazidime,missing,review required,phi3.5-mini,mcp_access_only,review required,REVIEW_REQUIRED,0.77730066,1.25000462,False,False
LAB2-0025,ceftazidime,missing,review required,phi3.5-mini,confidence_abstention,review required,REVIEW_REQUIRED,0.77730066,1.25000462,False,False
LAB2-0025,ceftazidime,missing,review required,phi3.5-mini,mcp_governed,review required,REVIEW_REQUIRED,0.77730066,1.25000462,False,False
LAB2-0026,ceftazidime,missing,review required,phi3.5-mini,deterministic_rules,review required,REVIEW_REQUIRED,0.77733738,1.25021676,False,False
LAB2-0026,ceftazidime,missing,review required,phi3.5-mini,mcp_access_only,review required,REVIEW_REQUIRED,0.77733738,1.25021676,False,False
LAB2-0026,ceftazidime,missing,review required,phi3.5-mini,confidence_abstention,review required,REVIEW_REQUIRED,0.77733738,1.25021676,False,False
LAB2-0026,ceftazidime,missing,review required,phi3.5-mini,mcp_governed,review required,REVIEW_REQUIRED,0.77733738,1.25021676,False,False
LAB2-0027,ceftazidime,missing,review required,phi3.5-mini,deterministic_rules,review required,REVIEW_REQUIRED,0.79814151,1.37471899,False,False
LAB2-0027,ceftazidime,missing,review required,phi3.5-mini,mcp_access_only,review required,REVIEW_REQUIRED,0.79814151,1.37471899,False,False
LAB2-0027,ceftazidime,missing,review required,phi3.5-mini,confidence_abstention,review required,REVIEW_REQUIRED,0.79814151,1.37471899,False,False
LAB2-0027,ceftazidime,missing,review required,phi3.5-mini,mcp_governed,review required,REVIEW_REQUIRED,0.79814151,1.37471899,False,False
LAB2-0028,ceftazidime,missing,review required,phi3.5-mini,deterministic_rules,review required,REVIEW_REQUIRED,0.77730159,1.25001,False,False
LAB2-0028,ceftazidime,missing,review required,phi3.5-mini,mcp_access_only,review required,REVIEW_REQUIRED,0.77730159,1.25001,False,False
LAB2-0028,ceftazidime,missing,review required,phi3.5-mini,confidence_abstention,review required,REVIEW_REQUIRED,0.77730159,1.25001,False,False
LAB2-0028,ceftazidime,missing,review required,phi3.5-mini,mcp_governed,review required,REVIEW_REQUIRED,0.77730159,1.25001,False,False
LAB2-0029,ceftazidime,stale,review required,phi3.5-mini,deterministic_rules,review required,REVIEW_REQUIRED,0.6526218,0.63058367,False,False
LAB2-0029,ceftazidime,stale,review required,phi3.5-mini,mcp_access_only,review required,REVIEW_REQUIRED,0.6526218,0.63058367,False,False
LAB2-0029,ceftazidime,stale,review required,phi3.5-mini,confidence_abstention,review required,REVIEW_REQUIRED,0.6526218,0.63058367,False,False
LAB2-0029,ceftazidime,stale,review required,phi3.5-mini,mcp_governed,review required,REVIEW_REQUIRED,0.6526218,0.63058367,False,False
LAB2-0030,ceftazidime,stale,review required,phi3.5-mini,deterministic_rules,review required,REVIEW_REQUIRED,0.67874479,0.74800935,False,False
LAB2-0030,ceftazidime,stale,review required,phi3.5-mini,mcp_access_only,review required,REVIEW_REQUIRED,0.67874479,0.74800935,False,False
LAB2-0030,ceftazidime,stale,review required,phi3.5-mini,confidence_abstention,review required,REVIEW_REQUIRED,0.67874479,0.74800935,False,False
LAB2-0030,ceftazidime,stale,review required,phi3.5-mini,mcp_governed,review required,REVIEW_REQUIRED,0.67874479,0.74800935,False,False
LAB2-0031,ceftazidime,stale,review required,phi3.5-mini,deterministic_rules,review required,APPROVED,0.43369591,0.26678758,False,False
LAB2-0031,ceftazidime,stale,review required,phi3.5-mini,mcp_access_only,approved,APPROVED,0.43369591,0.26678758,False,False
LAB2-0031,ceftazidime,stale,review required,phi3.5-mini,confidence_abstention,review required,APPROVED,0.43369591,0.26678758,True,False
LAB2-0031,ceftazidime,stale,review required,phi3.5-mini,mcp_governed,review required,APPROVED,0.43369591,0.26678758,False,True
LAB2-0032,ceftazidime,stale,review required,phi3.5-mini,deterministic_rules,review required,APPROVED,0.43665808,0.25473632,False,False
LAB2-0032,ceftazidime,stale,review required,phi3.5-mini,mcp_access_only,approved,APPROVED,0.43665808,0.25473632,False,False
LAB2-0032,ceftazidime,stale,review required,phi3.5-mini,confidence_abstention,review required,APPROVED,0.43665808,0.25473632,True,False
LAB2-0032,ceftazidime,stale,review required,phi3.5-mini,mcp_governed,review required,APPROVED,0.43665808,0.25473632,False,True
LAB2-0033,ceftazidime,unit_error,review required,phi3.5-mini,deterministic_rules,review required,REVIEW_REQUIRED,0.59941561,0.40303074,False,False
LAB2-0033,ceftazidime,unit_error,review required,phi3.5-mini,mcp_access_only,review required,REVIEW_REQUIRED,0.59941561,0.40303074,False,False
LAB2-0033,ceftazidime,unit_error,review required,phi3.5-mini,confidence_abstention,review required,REVIEW_REQUIRED,0.59941561,0.40303074,False,False
LAB2-0033,ceftazidime,unit_error,review required,phi3.5-mini,mcp_governed,review required,REVIEW_REQUIRED,0.59941561,0.40303074,False,False
LAB2-0034,ceftazidime,unit_error,review required,phi3.5-mini,deterministic_rules,review required,REVIEW_REQUIRED,0.65385982,0.63604916,False,False
LAB2-0034,ceftazidime,unit_error,review required,phi3.5-mini,mcp_access_only,review required,REVIEW_REQUIRED,0.65385982,0.63604916,False,False
LAB2-0034,ceftazidime,unit_error,review required,phi3.5-mini,confidence_abstention,review required,REVIEW_REQUIRED,0.65385982,0.63604916,False,False
LAB2-0034,ceftazidime,unit_error,review required,phi3.5-mini,mcp_governed,review required,REVIEW_REQUIRED,0.65385982,0.63604916,False,False
LAB2-0035,ceftazidime,unit_error,review required,phi3.5-mini,deterministic_rules,review required,REVIEW_REQUIRED,0.65386467,0.63607056,False,False
LAB2-0035,ceftazidime,unit_error,review required,phi3.5-mini,mcp_access_only,review required,REVIEW_REQUIRED,0.65386467,0.63607056,False,False
LAB2-0035,ceftazidime,unit_error,review required,phi3.5-mini,confidence_abstention,review required,REVIEW_REQUIRED,0.65386467,0.63607056,False,False
LAB2-0035,ceftazidime,unit_error,review required,phi3.5-mini,mcp_governed,review required,REVIEW_REQUIRED,0.65386467,0.63607056,False,False
LAB2-0036,ceftazidime,unit_error,review required,phi3.5-mini,deterministic_rules,review required,REVIEW_REQUIRED,0.62463218,0.50925656,False,False
LAB2-0036,ceftazidime,unit_error,review required,phi3.5-mini,mcp_access_only,review required,REVIEW_REQUIRED,0.62463218,0.50925656,False,False
LAB2-0036,ceftazidime,unit_error,review required,phi3.5-mini,confidence_abstention,review required,REVIEW_REQUIRED,0.62463218,0.50925656,False,False
LAB2-0036,ceftazidime,unit_error,review required,phi3.5-mini,mcp_governed,review required,REVIEW_REQUIRED,0.62463218,0.50925656,False,False
LAB2-0037,ceftazidime,conflict,review required,phi3.5-mini,deterministic_rules,review required,REVIEW_REQUIRED,0.97611857,3.71048295,False,False
LAB2-0037,ceftazidime,conflict,review required,phi3.5-mini,mcp_access_only,review required,REVIEW_REQUIRED,0.97611857,3.71048295,False,False
LAB2-0037,ceftazidime,conflict,review required,phi3.5-mini,confidence_abstention,review required,REVIEW_REQUIRED,0.97611857,3.71048295,False,False
LAB2-0037,ceftazidime,conflict,review required,phi3.5-mini,mcp_governed,review required,REVIEW_REQUIRED,0.97611857,3.71048295,False,False
LAB2-0038,ceftazidime,conflict,review required,phi3.5-mini,deterministic_rules,review required,REVIEW_REQUIRED,0.98183968,3.99018919,False,False
LAB2-0038,ceftazidime,conflict,review required,phi3.5-mini,mcp_access_only,review required,REVIEW_REQUIRED,0.98183968,3.99018919,False,False
LAB2-0038,ceftazidime,conflict,review required,phi3.5-mini,confidence_abstention,review required,REVIEW_REQUIRED,0.98183968,3.99018919,False,False
LAB2-0038,ceftazidime,conflict,review required,phi3.5-mini,mcp_governed,review required,REVIEW_REQUIRED,0.98183968,3.99018919,False,False
LAB2-0039,ceftazidime,conflict,review required,phi3.5-mini,deterministic_rules,review required,REVIEW_REQUIRED,0.97671179,3.73624432,False,False
LAB2-0039,ceftazidime,conflict,review required,phi3.5-mini,mcp_access_only,review required,REVIEW_REQUIRED,0.97671179,3.73624432,False,False
LAB2-0039,ceftazidime,conflict,review required,phi3.5-mini,confidence_abstention,review required,REVIEW_REQUIRED,0.97671179,3.73624432,False,False
LAB2-0039,ceftazidime,conflict,review required,phi3.5-mini,mcp_governed,review required,REVIEW_REQUIRED,0.97671179,3.73624432,False,False
LAB2-0040,ceftazidime,conflict,review required,phi3.5-mini,deterministic_rules,review required,REVIEW_REQUIRED,0.96389648,3.28459362,False,False
LAB2-0040,ceftazidime,conflict,review required,phi3.5-mini,mcp_access_only,review required,REVIEW_REQUIRED,0.96389648,3.28459362,False,False
LAB2-0040,ceftazidime,conflict,review required,phi3.5-mini,confidence_abstention,review required,REVIEW_REQUIRED,0.96389648,3.28459362,False,False
LAB2-0040,ceftazidime,conflict,review required,phi3.5-mini,mcp_governed,review required,REVIEW_REQUIRED,0.96389648,3.28459362,False,False
LAB2-0041,ceftazidime,wrong_encounter,review required,phi3.5-mini,deterministic_rules,review required,REVIEW_REQUIRED,0.57283909,0.2934441,False,False
LAB2-0041,ceftazidime,wrong_encounter,review required,phi3.5-mini,mcp_access_only,review required,REVIEW_REQUIRED,0.57283909,0.2934441,False,False
LAB2-0041,ceftazidime,wrong_encounter,review required,phi3.5-mini,confidence_abstention,review required,REVIEW_REQUIRED,0.57283909,0.2934441,False,False
LAB2-0041,ceftazidime,wrong_encounter,review required,phi3.5-mini,mcp_governed,review required,REVIEW_REQUIRED,0.57283909,0.2934441,False,False
LAB2-0042,ceftazidime,wrong_encounter,review required,phi3.5-mini,deterministic_rules,review required,REVIEW_REQUIRED,0.56846246,0.27558076,False,False
LAB2-0042,ceftazidime,wrong_encounter,review required,phi3.5-mini,mcp_access_only,review required,REVIEW_REQUIRED,0.56846246,0.27558076,False,False
LAB2-0042,ceftazidime,wrong_encounter,review required,phi3.5-mini,confidence_abstention,review required,REVIEW_REQUIRED,0.56846246,0.27558076,False,False
LAB2-0042,ceftazidime,wrong_encounter,review required,phi3.5-mini,mcp_governed,review required,REVIEW_REQUIRED,0.56846246,0.27558076,False,False
LAB2-0043,ceftazidime,wrong_encounter,review required,phi3.5-mini,deterministic_rules,review required,APPROVED,0.44902205,0.2046228,False,False
LAB2-0043,ceftazidime,wrong_encounter,review required,phi3.5-mini,mcp_access_only,approved,APPROVED,0.44902205,0.2046228,False,False
LAB2-0043,ceftazidime,wrong_encounter,review required,phi3.5-mini,confidence_abstention,review required,APPROVED,0.44902205,0.2046228,True,False
LAB2-0043,ceftazidime,wrong_encounter,review required,phi3.5-mini,mcp_governed,review required,APPROVED,0.44902205,0.2046228,False,True
LAB2-0044,ceftazidime,wrong_encounter,review required,phi3.5-mini,deterministic_rules,review required,APPROVED,0.49251746,0.02993241,False,False
LAB2-0044,ceftazidime,wrong_encounter,review required,phi3.5-mini,mcp_access_only,approved,APPROVED,0.49251746,0.02993241,False,False
LAB2-0044,ceftazidime,wrong_encounter,review required,phi3.5-mini,confidence_abstention,review required,APPROVED,0.49251746,0.02993241,True,False
LAB2-0044,ceftazidime,wrong_encounter,review required,phi3.5-mini,mcp_governed,review required,APPROVED,0.49251746,0.02993241,False,True
LAB2-0045,ceftazidime,service_failure,review required,phi3.5-mini,deterministic_rules,review required,REVIEW_REQUIRED,0.59939142,0.40292998,False,False
LAB2-0045,ceftazidime,service_failure,review required,phi3.5-mini,mcp_access_only,review required,REVIEW_REQUIRED,0.59939142,0.40292998,False,False
LAB2-0045,ceftazidime,service_failure,review required,phi3.5-mini,confidence_abstention,review required,REVIEW_REQUIRED,0.59939142,0.40292998,False,False
LAB2-0045,ceftazidime,service_failure,review required,phi3.5-mini,mcp_governed,review required,REVIEW_REQUIRED,0.59939142,0.40292998,False,False
LAB2-0046,ceftazidime,service_failure,review required,phi3.5-mini,deterministic_rules,review required,REVIEW_REQUIRED,0.5993909,0.40292782,False,False
LAB2-0046,ceftazidime,service_failure,review required,phi3.5-mini,mcp_access_only,review required,REVIEW_REQUIRED,0.5993909,0.40292782,False,False
LAB2-0046,ceftazidime,service_failure,review required,phi3.5-mini,confidence_abstention,review required,REVIEW_REQUIRED,0.5993909,0.40292782,False,False
LAB2-0046,ceftazidime,service_failure,review required,phi3.5-mini,mcp_governed,review required,REVIEW_REQUIRED,0.5993909,0.40292782,False,False
LAB2-0047,ceftazidime,service_failure,review required,phi3.5-mini,deterministic_rules,review required,APPROVED,0.47239171,0.1105456,False,False
LAB2-0047,ceftazidime,service_failure,review required,phi3.5-mini,mcp_access_only,approved,APPROVED,0.47239171,0.1105456,False,False
LAB2-0047,ceftazidime,service_failure,review required,phi3.5-mini,confidence_abstention,review required,APPROVED,0.47239171,0.1105456,True,False
LAB2-0047,ceftazidime,service_failure,review required,phi3.5-mini,mcp_governed,review required,APPROVED,0.47239171,0.1105456,False,True
LAB2-0048,ceftazidime,service_failure,review required,phi3.5-mini,deterministic_rules,review required,APPROVED,0.44904308,0.2045378,False,False
LAB2-0048,ceftazidime,service_failure,review required,phi3.5-mini,mcp_access_only,approved,APPROVED,0.44904308,0.2045378,False,False
LAB2-0048,ceftazidime,service_failure,review required,phi3.5-mini,confidence_abstention,review required,APPROVED,0.44904308,0.2045378,True,False
LAB2-0048,ceftazidime,service_failure,review required,phi3.5-mini,mcp_governed,review required,APPROVED,0.44904308,0.2045378,False,True
LAB2-0061,metformin,clean,review required,phi3.5-mini,deterministic_rules,review required,REVIEW_REQUIRED,0.77757644,1.25159845,False,False
LAB2-0061,metformin,clean,review required,phi3.5-mini,mcp_access_only,review required,REVIEW_REQUIRED,0.77757644,1.25159845,False,False
LAB2-0061,metformin,clean,review required,phi3.5-mini,confidence_abstention,review required,REVIEW_REQUIRED,0.77757644,1.25159845,False,False
LAB2-0061,metformin,clean,review required,phi3.5-mini,mcp_governed,review required,REVIEW_REQUIRED,0.77757644,1.25159845,False,False
LAB2-0062,metformin,clean,review required,phi3.5-mini,deterministic_rules,review required,REVIEW_REQUIRED,0.70667406,0.87928511,False,False
LAB2-0062,metformin,clean,review required,phi3.5-mini,mcp_access_only,review required,REVIEW_REQUIRED,0.70667406,0.87928511,False,False
LAB2-0062,metformin,clean,review required,phi3.5-mini,confidence_abstention,review required,REVIEW_REQUIRED,0.70667406,0.87928511,False,False
LAB2-0062,metformin,clean,review required,phi3.5-mini,mcp_governed,review required,REVIEW_REQUIRED,0.70667406,0.87928511,False,False
LAB2-0063,metformin,clean,review required,phi3.5-mini,deterministic_rules,review required,REVIEW_REQUIRED,0.798311,1.37577132,False,False
LAB2-0063,metformin,clean,review required,phi3.5-mini,mcp_access_only,review required,REVIEW_REQUIRED,0.798311,1.37577132,False,False
LAB2-0063,metformin,clean,review required,phi3.5-mini,confidence_abstention,review required,REVIEW_REQUIRED,0.798311,1.37577132,False,False
LAB2-0063,metformin,clean,review required,phi3.5-mini,mcp_governed,review required,REVIEW_REQUIRED,0.798311,1.37577132,False,False
LAB2-0064,metformin,clean,review required,phi3.5-mini,deterministic_rules,review required,REVIEW_REQUIRED,0.79830086,1.37570835,False,False
LAB2-0064,metformin,clean,review required,phi3.5-mini,mcp_access_only,review required,REVIEW_REQUIRED,0.79830086,1.37570835,False,False
LAB2-0064,metformin,clean,review required,phi3.5-mini,confidence_abstention,review required,REVIEW_REQUIRED,0.79830086,1.37570835,False,False
LAB2-0064,metformin,clean,review required,phi3.5-mini,mcp_governed,review required,REVIEW_REQUIRED,0.79830086,1.37570835,False,False
LAB2-0065,metformin,clean,review required,phi3.5-mini,deterministic_rules,review required,REVIEW_REQUIRED,0.73173843,1.00346058,False,False
LAB2-0065,metformin,clean,review required,phi3.5-mini,mcp_access_only,review required,REVIEW_REQUIRED,0.73173843,1.00346058,False,False
LAB2-0065,metformin,clean,review required,phi3.5-mini,confidence_abstention,review required,REVIEW_REQUIRED,0.73173843,1.00346058,False,False
LAB2-0065,metformin,clean,review required,phi3.5-mini,mcp_governed,review required,REVIEW_REQUIRED,0.73173843,1.00346058,False,False
LAB2-0066,metformin,clean,review required,phi3.5-mini,deterministic_rules,review required,REVIEW_REQUIRED,0.70672437,0.87952785,False,False
LAB2-0066,metformin,clean,review required,phi3.5-mini,mcp_access_only,review required,REVIEW_REQUIRED,0.70672437,0.87952785,False,False
LAB2-0066,metformin,clean,review required,phi3.5-mini,confidence_abstention,review required,REVIEW_REQUIRED,0.70672437,0.87952785,False,False
LAB2-0066,metformin,clean,review required,phi3.5-mini,mcp_governed,review required,REVIEW_REQUIRED,0.70672437,0.87952785,False,False
LAB2-0067,metformin,clean,review required,phi3.5-mini,deterministic_rules,review required,REVIEW_REQUIRED,0.75513261,1.1261766,False,False
LAB2-0067,metformin,clean,review required,phi3.5-mini,mcp_access_only,review required,REVIEW_REQUIRED,0.75513261,1.1261766,False,False
LAB2-0067,metformin,clean,review required,phi3.5-mini,confidence_abstention,review required,REVIEW_REQUIRED,0.75513261,1.1261766,False,False
LAB2-0067,metformin,clean,review required,phi3.5-mini,mcp_governed,review required,REVIEW_REQUIRED,0.75513261,1.1261766,False,False
LAB2-0068,metformin,clean,review required,phi3.5-mini,deterministic_rules,review required,REVIEW_REQUIRED,0.73180403,1.0037948,False,False
LAB2-0068,metformin,clean,review required,phi3.5-mini,mcp_access_only,review required,REVIEW_REQUIRED,0.73180403,1.0037948,False,False
LAB2-0068,metformin,clean,review required,phi3.5-mini,confidence_abstention,review required,REVIEW_REQUIRED,0.73180403,1.0037948,False,False
LAB2-0068,metformin,clean,review required,phi3.5-mini,mcp_governed,review required,REVIEW_REQUIRED,0.73180403,1.0037948,False,False
LAB2-0069,metformin,clean,review required,phi3.5-mini,deterministic_rules,review required,REVIEW_REQUIRED,0.77767106,1.25214562,False,False
LAB2-0069,metformin,clean,review required,phi3.5-mini,mcp_access_only,review required,REVIEW_REQUIRED,0.77767106,1.25214562,False,False
LAB2-0069,metformin,clean,review required,phi3.5-mini,confidence_abstention,review required,REVIEW_REQUIRED,0.77767106,1.25214562,False,False
LAB2-0069,metformin,clean,review required,phi3.5-mini,mcp_governed,review required,REVIEW_REQUIRED,0.77767106,1.25214562,False,False
LAB2-0070,metformin,clean,review required,phi3.5-mini,deterministic_rules,review required,REVIEW_REQUIRED,0.75544921,1.12788954,False,False
LAB2-0070,metformin,clean,review required,phi3.5-mini,mcp_access_only,review required,REVIEW_REQUIRED,0.75544921,1.12788954,False,False
LAB2-0070,metformin,clean,review required,phi3.5-mini,confidence_abstention,review required,REVIEW_REQUIRED,0.75544921,1.12788954,False,False
LAB2-0070,metformin,clean,review required,phi3.5-mini,mcp_governed,review required,REVIEW_REQUIRED,0.75544921,1.12788954,False,False
LAB2-0071,metformin,clean,review required,phi3.5-mini,deterministic_rules,review required,REVIEW_REQUIRED,0.77745098,1.25087319,False,False
LAB2-0071,metformin,clean,review required,phi3.5-mini,mcp_access_only,review required,REVIEW_REQUIRED,0.77745098,1.25087319,False,False
LAB2-0071,metformin,clean,review required,phi3.5-mini,confidence_abstention,review required,REVIEW_REQUIRED,0.77745098,1.25087319,False,False
LAB2-0071,metformin,clean,review required,phi3.5-mini,mcp_governed,review required,REVIEW_REQUIRED,0.77745098,1.25087319,False,False
LAB2-0072,metformin,clean,review required,phi3.5-mini,deterministic_rules,review required,REVIEW_REQUIRED,0.79834859,1.3760048,False,False
LAB2-0072,metformin,clean,review required,phi3.5-mini,mcp_access_only,review required,REVIEW_REQUIRED,0.79834859,1.3760048,False,False
LAB2-0072,metformin,clean,review required,phi3.5-mini,confidence_abstention,review required,REVIEW_REQUIRED,0.79834859,1.3760048,False,False
LAB2-0072,metformin,clean,review required,phi3.5-mini,mcp_governed,review required,REVIEW_REQUIRED,0.79834859,1.3760048,False,False
LAB2-0073,metformin,clean,approved,phi3.5-mini,deterministic_rules,approved,APPROVED,0.4042711,0.38770002,False,False
LAB2-0073,metformin,clean,approved,phi3.5-mini,mcp_access_only,approved,APPROVED,0.4042711,0.38770002,False,False
LAB2-0073,metformin,clean,approved,phi3.5-mini,confidence_abstention,review required,APPROVED,0.4042711,0.38770002,True,False
LAB2-0073,metformin,clean,approved,phi3.5-mini,mcp_governed,approved,APPROVED,0.4042711,0.38770002,False,False
LAB2-0074,metformin,clean,approved,phi3.5-mini,deterministic_rules,approved,APPROVED,0.40610593,0.38008692,False,False
LAB2-0074,metformin,clean,approved,phi3.5-mini,mcp_access_only,approved,APPROVED,0.40610593,0.38008692,False,False
LAB2-0074,metformin,clean,approved,phi3.5-mini,confidence_abstention,review required,APPROVED,0.40610593,0.38008692,True,False
LAB2-0074,metformin,clean,approved,phi3.5-mini,mcp_governed,approved,APPROVED,0.40610593,0.38008692,False,False
LAB2-0075,metformin,clean,approved,phi3.5-mini,deterministic_rules,approved,APPROVED,0.32699407,0.72181211,False,False
LAB2-0075,metformin,clean,approved,phi3.5-mini,mcp_access_only,approved,APPROVED,0.32699407,0.72181211,False,False
LAB2-0075,metformin,clean,approved,phi3.5-mini,confidence_abstention,approved,APPROVED,0.32699407,0.72181211,False,False
LAB2-0075,metformin,clean,approved,phi3.5-mini,mcp_governed,approved,APPROVED,0.32699407,0.72181211,False,False
LAB2-0076,metformin,clean,approved,phi3.5-mini,deterministic_rules,approved,APPROVED,0.29134083,0.88888087,False,False
LAB2-0076,metformin,clean,approved,phi3.5-mini,mcp_access_only,approved,APPROVED,0.29134083,0.88888087,False,False
LAB2-0076,metformin,clean,approved,phi3.5-mini,confidence_abstention,approved,APPROVED,0.29134083,0.88888087,False,False
LAB2-0076,metformin,clean,approved,phi3.5-mini,mcp_governed,approved,APPROVED,0.29134083,0.88888087,False,False
LAB2-0077,metformin,clean,approved,phi3.5-mini,deterministic_rules,approved,APPROVED,0.29140203,0.88858445,False,False
LAB2-0077,metformin,clean,approved,phi3.5-mini,mcp_access_only,approved,APPROVED,0.29140203,0.88858445,False,False
LAB2-0077,metformin,clean,approved,phi3.5-mini,confidence_abstention,approved,APPROVED,0.29140203,0.88858445,False,False
LAB2-0077,metformin,clean,approved,phi3.5-mini,mcp_governed,approved,APPROVED,0.29140203,0.88858445,False,False
LAB2-0078,metformin,clean,approved,phi3.5-mini,deterministic_rules,approved,APPROVED,0.29140451,0.88857245,False,False
LAB2-0078,metformin,clean,approved,phi3.5-mini,mcp_access_only,approved,APPROVED,0.29140451,0.88857245,False,False
LAB2-0078,metformin,clean,approved,phi3.5-mini,confidence_abstention,approved,APPROVED,0.29140451,0.88857245,False,False
LAB2-0078,metformin,clean,approved,phi3.5-mini,mcp_governed,approved,APPROVED,0.29140451,0.88857245,False,False
LAB2-0079,metformin,clean,approved,phi3.5-mini,deterministic_rules,approved,APPROVED,0.24766071,1.11112771,False,False
LAB2-0079,metformin,clean,approved,phi3.5-mini,mcp_access_only,approved,APPROVED,0.24766071,1.11112771,False,False
LAB2-0079,metformin,clean,approved,phi3.5-mini,confidence_abstention,approved,APPROVED,0.24766071,1.11112771,False,False
LAB2-0079,metformin,clean,approved,phi3.5-mini,mcp_governed,approved,APPROVED,0.24766071,1.11112771,False,False
LAB2-0080,metformin,clean,approved,phi3.5-mini,deterministic_rules,approved,APPROVED,0.25815832,1.05556281,False,False
LAB2-0080,metformin,clean,approved,phi3.5-mini,mcp_access_only,approved,APPROVED,0.25815832,1.05556281,False,False
LAB2-0080,metformin,clean,approved,phi3.5-mini,confidence_abstention,approved,APPROVED,0.25815832,1.05556281,False,False
LAB2-0080,metformin,clean,approved,phi3.5-mini,mcp_governed,approved,APPROVED,0.25815832,1.05556281,False,False
LAB2-0081,metformin,clean,approved,phi3.5-mini,deterministic_rules,approved,APPROVED,0.26894774,0.99996785,False,False
LAB2-0081,metformin,clean,approved,phi3.5-mini,mcp_access_only,approved,APPROVED,0.26894774,0.99996785,False,False
LAB2-0081,metformin,clean,approved,phi3.5-mini,confidence_abstention,approved,APPROVED,0.26894774,0.99996785,False,False
LAB2-0081,metformin,clean,approved,phi3.5-mini,mcp_governed,approved,APPROVED,0.26894774,0.99996785,False,False
LAB2-0082,metformin,clean,approved,phi3.5-mini,deterministic_rules,approved,APPROVED,0.28000833,0.94442028,False,False
LAB2-0082,metformin,clean,approved,phi3.5-mini,mcp_access_only,approved,APPROVED,0.28000833,0.94442028,False,False
LAB2-0082,metformin,clean,approved,phi3.5-mini,confidence_abstention,approved,APPROVED,0.28000833,0.94442028,False,False
LAB2-0082,metformin,clean,approved,phi3.5-mini,mcp_governed,approved,APPROVED,0.28000833,0.94442028,False,False
LAB2-0083,metformin,clean,approved,phi3.5-mini,deterministic_rules,approved,APPROVED,0.26893123,1.00005181,False,False
LAB2-0083,metformin,clean,approved,phi3.5-mini,mcp_access_only,approved,APPROVED,0.26893123,1.00005181,False,False
LAB2-0083,metformin,clean,approved,phi3.5-mini,confidence_abstention,approved,APPROVED,0.26893123,1.00005181,False,False
LAB2-0083,metformin,clean,approved,phi3.5-mini,mcp_governed,approved,APPROVED,0.26893123,1.00005181,False,False
LAB2-0084,metformin,clean,approved,phi3.5-mini,deterministic_rules,approved,APPROVED,0.32693714,0.72207082,False,False
LAB2-0084,metformin,clean,approved,phi3.5-mini,mcp_access_only,approved,APPROVED,0.32693714,0.72207082,False,False
LAB2-0084,metformin,clean,approved,phi3.5-mini,confidence_abstention,approved,APPROVED,0.32693714,0.72207082,False,False
LAB2-0084,metformin,clean,approved,phi3.5-mini,mcp_governed,approved,APPROVED,0.32693714,0.72207082,False,False
LAB2-0085,metformin,missing,review required,phi3.5-mini,deterministic_rules,review required,REVIEW_REQUIRED,0.88089634,2.00094577,False,False
LAB2-0085,metformin,missing,review required,phi3.5-mini,mcp_access_only,review required,REVIEW_REQUIRED,0.88089634,2.00094577,False,False
LAB2-0085,metformin,missing,review required,phi3.5-mini,confidence_abstention,review required,REVIEW_REQUIRED,0.88089634,2.00094577,False,False
LAB2-0085,metformin,missing,review required,phi3.5-mini,mcp_governed,review required,REVIEW_REQUIRED,0.88089634,2.00094577,False,False
LAB2-0086,metformin,missing,review required,phi3.5-mini,deterministic_rules,review required,REVIEW_REQUIRED,0.89334313,2.12535389,False,False
LAB2-0086,metformin,missing,review required,phi3.5-mini,mcp_access_only,review required,REVIEW_REQUIRED,0.89334313,2.12535389,False,False
LAB2-0086,metformin,missing,review required,phi3.5-mini,confidence_abstention,review required,REVIEW_REQUIRED,0.89334313,2.12535389,False,False
LAB2-0086,metformin,missing,review required,phi3.5-mini,mcp_governed,review required,REVIEW_REQUIRED,0.89334313,2.12535389,False,False
LAB2-0087,metformin,missing,review required,phi3.5-mini,deterministic_rules,review required,REVIEW_REQUIRED,0.8933371,2.12529063,False,False
LAB2-0087,metformin,missing,review required,phi3.5-mini,mcp_access_only,review required,REVIEW_REQUIRED,0.8933371,2.12529063,False,False
LAB2-0087,metformin,missing,review required,phi3.5-mini,confidence_abstention,review required,REVIEW_REQUIRED,0.8933371,2.12529063,False,False
LAB2-0087,metformin,missing,review required,phi3.5-mini,mcp_governed,review required,REVIEW_REQUIRED,0.8933371,2.12529063,False,False
LAB2-0088,metformin,missing,review required,phi3.5-mini,deterministic_rules,review required,REVIEW_REQUIRED,0.86715303,1.87601761,False,False
LAB2-0088,metformin,missing,review required,phi3.5-mini,mcp_access_only,review required,REVIEW_REQUIRED,0.86715303,1.87601761,False,False
LAB2-0088,metformin,missing,review required,phi3.5-mini,confidence_abstention,review required,REVIEW_REQUIRED,0.86715303,1.87601761,False,False
LAB2-0088,metformin,missing,review required,phi3.5-mini,mcp_governed,review required,REVIEW_REQUIRED,0.86715303,1.87601761,False,False
LAB2-0089,metformin,stale,review required,phi3.5-mini,deterministic_rules,review required,REVIEW_REQUIRED,0.8354993,1.62511466,False,False
LAB2-0089,metformin,stale,review required,phi3.5-mini,mcp_access_only,review required,REVIEW_REQUIRED,0.8354993,1.62511466,False,False
LAB2-0089,metformin,stale,review required,phi3.5-mini,confidence_abstention,review required,REVIEW_REQUIRED,0.8354993,1.62511466,False,False
LAB2-0089,metformin,stale,review required,phi3.5-mini,mcp_governed,review required,REVIEW_REQUIRED,0.8354993,1.62511466,False,False
LAB2-0090,metformin,stale,review required,phi3.5-mini,deterministic_rules,review required,REVIEW_REQUIRED,0.85196474,1.75009462,False,False
LAB2-0090,metformin,stale,review required,phi3.5-mini,mcp_access_only,review required,REVIEW_REQUIRED,0.85196474,1.75009462,False,False
LAB2-0090,metformin,stale,review required,phi3.5-mini,confidence_abstention,review required,REVIEW_REQUIRED,0.85196474,1.75009462,False,False
LAB2-0090,metformin,stale,review required,phi3.5-mini,mcp_governed,review required,REVIEW_REQUIRED,0.85196474,1.75009462,False,False
LAB2-0091,metformin,stale,review required,phi3.5-mini,deterministic_rules,review required,APPROVED,0.31485226,0.77753097,False,False
LAB2-0091,metformin,stale,review required,phi3.5-mini,mcp_access_only,approved,APPROVED,0.31485226,0.77753097,False,False
LAB2-0091,metformin,stale,review required,phi3.5-mini,confidence_abstention,approved,APPROVED,0.31485226,0.77753097,False,False
LAB2-0091,metformin,stale,review required,phi3.5-mini,mcp_governed,review required,APPROVED,0.31485226,0.77753097,False,True
LAB2-0092,metformin,stale,review required,phi3.5-mini,deterministic_rules,review required,APPROVED,0.28000305,0.94444648,False,False
LAB2-0092,metformin,stale,review required,phi3.5-mini,mcp_access_only,approved,APPROVED,0.28000305,0.94444648,False,False
LAB2-0092,metformin,stale,review required,phi3.5-mini,confidence_abstention,approved,APPROVED,0.28000305,0.94444648,False,False
LAB2-0092,metformin,stale,review required,phi3.5-mini,mcp_governed,review required,APPROVED,0.28000305,0.94444648,False,True
LAB2-0093,metformin,unit_error,review required,phi3.5-mini,deterministic_rules,review required,REVIEW_REQUIRED,0.89342501,2.12621353,False,False
LAB2-0093,metformin,unit_error,review required,phi3.5-mini,mcp_access_only,review required,REVIEW_REQUIRED,0.89342501,2.12621353,False,False
LAB2-0093,metformin,unit_error,review required,phi3.5-mini,confidence_abstention,review required,REVIEW_REQUIRED,0.89342501,2.12621353,False,False
LAB2-0093,metformin,unit_error,review required,phi3.5-mini,mcp_governed,review required,REVIEW_REQUIRED,0.89342501,2.12621353,False,False
LAB2-0094,metformin,unit_error,review required,phi3.5-mini,deterministic_rules,review required,REVIEW_REQUIRED,0.90465774,2.25008355,False,False
LAB2-0094,metformin,unit_error,review required,phi3.5-mini,mcp_access_only,review required,REVIEW_REQUIRED,0.90465774,2.25008355,False,False
LAB2-0094,metformin,unit_error,review required,phi3.5-mini,confidence_abstention,review required,REVIEW_REQUIRED,0.90465774,2.25008355,False,False
LAB2-0094,metformin,unit_error,review required,phi3.5-mini,mcp_governed,review required,REVIEW_REQUIRED,0.90465774,2.25008355,False,False
LAB2-0095,metformin,unit_error,review required,phi3.5-mini,deterministic_rules,review required,REVIEW_REQUIRED,0.65271366,0.63098892,False,False
LAB2-0095,metformin,unit_error,review required,phi3.5-mini,mcp_access_only,review required,REVIEW_REQUIRED,0.65271366,0.63098892,False,False
LAB2-0095,metformin,unit_error,review required,phi3.5-mini,confidence_abstention,review required,REVIEW_REQUIRED,0.65271366,0.63098892,False,False
LAB2-0095,metformin,unit_error,review required,phi3.5-mini,mcp_governed,review required,REVIEW_REQUIRED,0.65271366,0.63098892,False,False
LAB2-0096,metformin,unit_error,review required,phi3.5-mini,deterministic_rules,review required,REVIEW_REQUIRED,0.79824917,1.37538737,False,False
LAB2-0096,metformin,unit_error,review required,phi3.5-mini,mcp_access_only,review required,REVIEW_REQUIRED,0.79824917,1.37538737,False,False
LAB2-0096,metformin,unit_error,review required,phi3.5-mini,confidence_abstention,review required,REVIEW_REQUIRED,0.79824917,1.37538737,False,False
LAB2-0096,metformin,unit_error,review required,phi3.5-mini,mcp_governed,review required,REVIEW_REQUIRED,0.79824917,1.37538737,False,False
LAB2-0097,metformin,conflict,review required,phi3.5-mini,deterministic_rules,review required,REVIEW_REQUIRED,0.75534952,1.12735,False,False
LAB2-0097,metformin,conflict,review required,phi3.5-mini,mcp_access_only,review required,REVIEW_REQUIRED,0.75534952,1.12735,False,False
LAB2-0097,metformin,conflict,review required,phi3.5-mini,confidence_abstention,review required,REVIEW_REQUIRED,0.75534952,1.12735,False,False
LAB2-0097,metformin,conflict,review required,phi3.5-mini,mcp_governed,review required,REVIEW_REQUIRED,0.75534952,1.12735,False,False
LAB2-0098,metformin,conflict,review required,phi3.5-mini,deterministic_rules,review required,REVIEW_REQUIRED,0.77739072,1.25052497,False,False
LAB2-0098,metformin,conflict,review required,phi3.5-mini,mcp_access_only,review required,REVIEW_REQUIRED,0.77739072,1.25052497,False,False
LAB2-0098,metformin,conflict,review required,phi3.5-mini,confidence_abstention,review required,REVIEW_REQUIRED,0.77739072,1.25052497,False,False
LAB2-0098,metformin,conflict,review required,phi3.5-mini,mcp_governed,review required,REVIEW_REQUIRED,0.77739072,1.25052497,False,False
LAB2-0099,metformin,conflict,review required,phi3.5-mini,deterministic_rules,review required,REVIEW_REQUIRED,0.68085422,0.75770022,False,False
LAB2-0099,metformin,conflict,review required,phi3.5-mini,mcp_access_only,review required,REVIEW_REQUIRED,0.68085422,0.75770022,False,False
LAB2-0099,metformin,conflict,review required,phi3.5-mini,confidence_abstention,review required,REVIEW_REQUIRED,0.68085422,0.75770022,False,False
LAB2-0099,metformin,conflict,review required,phi3.5-mini,mcp_governed,review required,REVIEW_REQUIRED,0.68085422,0.75770022,False,False
LAB2-0100,metformin,conflict,review required,phi3.5-mini,deterministic_rules,review required,REVIEW_REQUIRED,0.7318258,1.00390574,False,False
LAB2-0100,metformin,conflict,review required,phi3.5-mini,mcp_access_only,review required,REVIEW_REQUIRED,0.7318258,1.00390574,False,False
LAB2-0100,metformin,conflict,review required,phi3.5-mini,confidence_abstention,review required,REVIEW_REQUIRED,0.7318258,1.00390574,False,False
LAB2-0100,metformin,conflict,review required,phi3.5-mini,mcp_governed,review required,REVIEW_REQUIRED,0.7318258,1.00390574,False,False
LAB2-0101,metformin,wrong_encounter,review required,phi3.5-mini,deterministic_rules,review required,REVIEW_REQUIRED,0.93991679,2.750061,False,False
LAB2-0101,metformin,wrong_encounter,review required,phi3.5-mini,mcp_access_only,review required,REVIEW_REQUIRED,0.93991679,2.750061,False,False
LAB2-0101,metformin,wrong_encounter,review required,phi3.5-mini,confidence_abstention,review required,REVIEW_REQUIRED,0.93991679,2.750061,False,False
LAB2-0101,metformin,wrong_encounter,review required,phi3.5-mini,mcp_governed,review required,REVIEW_REQUIRED,0.93991679,2.750061,False,False
LAB2-0102,metformin,wrong_encounter,review required,phi3.5-mini,deterministic_rules,review required,REVIEW_REQUIRED,0.90464955,2.24998853,False,False
LAB2-0102,metformin,wrong_encounter,review required,phi3.5-mini,mcp_access_only,review required,REVIEW_REQUIRED,0.90464955,2.24998853,False,False
LAB2-0102,metformin,wrong_encounter,review required,phi3.5-mini,confidence_abstention,review required,REVIEW_REQUIRED,0.90464955,2.24998853,False,False
LAB2-0102,metformin,wrong_encounter,review required,phi3.5-mini,mcp_governed,review required,REVIEW_REQUIRED,0.90464955,2.24998853,False,False
LAB2-0103,metformin,wrong_encounter,review required,phi3.5-mini,deterministic_rules,review required,APPROVED,0.4607491,0.15732731,False,False
LAB2-0103,metformin,wrong_encounter,review required,phi3.5-mini,mcp_access_only,approved,APPROVED,0.4607491,0.15732731,False,False
LAB2-0103,metformin,wrong_encounter,review required,phi3.5-mini,confidence_abstention,review required,APPROVED,0.4607491,0.15732731,True,False
LAB2-0103,metformin,wrong_encounter,review required,phi3.5-mini,mcp_governed,review required,APPROVED,0.4607491,0.15732731,False,True
LAB2-0104,metformin,wrong_encounter,review required,phi3.5-mini,deterministic_rules,review required,APPROVED,0.49333572,0.02665869,False,False
LAB2-0104,metformin,wrong_encounter,review required,phi3.5-mini,mcp_access_only,approved,APPROVED,0.49333572,0.02665869,False,False
LAB2-0104,metformin,wrong_encounter,review required,phi3.5-mini,confidence_abstention,review required,APPROVED,0.49333572,0.02665869,True,False
LAB2-0104,metformin,wrong_encounter,review required,phi3.5-mini,mcp_governed,review required,APPROVED,0.49333572,0.02665869,False,True
LAB2-0105,metformin,service_failure,review required,phi3.5-mini,deterministic_rules,review required,REVIEW_REQUIRED,0.86705789,1.875192,False,False
LAB2-0105,metformin,service_failure,review required,phi3.5-mini,mcp_access_only,review required,REVIEW_REQUIRED,0.86705789,1.875192,False,False
LAB2-0105,metformin,service_failure,review required,phi3.5-mini,confidence_abstention,review required,REVIEW_REQUIRED,0.86705789,1.875192,False,False
LAB2-0105,metformin,service_failure,review required,phi3.5-mini,mcp_governed,review required,REVIEW_REQUIRED,0.86705789,1.875192,False,False
LAB2-0106,metformin,service_failure,review required,phi3.5-mini,deterministic_rules,review required,REVIEW_REQUIRED,0.85197093,1.75014371,False,False
LAB2-0106,metformin,service_failure,review required,phi3.5-mini,mcp_access_only,review required,REVIEW_REQUIRED,0.85197093,1.75014371,False,False
LAB2-0106,metformin,service_failure,review required,phi3.5-mini,confidence_abstention,review required,REVIEW_REQUIRED,0.85197093,1.75014371,False,False
LAB2-0106,metformin,service_failure,review required,phi3.5-mini,mcp_governed,review required,REVIEW_REQUIRED,0.85197093,1.75014371,False,False
LAB2-0107,metformin,service_failure,review required,phi3.5-mini,deterministic_rules,review required,APPROVED,0.33926135,0.66658763,False,False
LAB2-0107,metformin,service_failure,review required,phi3.5-mini,mcp_access_only,approved,APPROVED,0.33926135,0.66658763,False,False
LAB2-0107,metformin,service_failure,review required,phi3.5-mini,confidence_abstention,approved,APPROVED,0.33926135,0.66658763,False,False
LAB2-0107,metformin,service_failure,review required,phi3.5-mini,mcp_governed,review required,APPROVED,0.33926135,0.66658763,False,True
LAB2-0108,metformin,service_failure,review required,phi3.5-mini,deterministic_rules,review required,APPROVED,0.35175171,0.61134824,False,False
LAB2-0108,metformin,service_failure,review required,phi3.5-mini,mcp_access_only,approved,APPROVED,0.35175171,0.61134824,False,False
LAB2-0108,metformin,service_failure,review required,phi3.5-mini,confidence_abstention,approved,APPROVED,0.35175171,0.61134824,False,False
LAB2-0108,metformin,service_failure,review required,phi3.5-mini,mcp_governed,review required,APPROVED,0.35175171,0.61134824,False,True
LAB2-0121,enoxaparin,clean,review required,phi3.5-mini,deterministic_rules,review required,REVIEW_REQUIRED,0.51620473,0.06484161,False,False
LAB2-0121,enoxaparin,clean,review required,phi3.5-mini,mcp_access_only,review required,REVIEW_REQUIRED,0.51620473,0.06484161,False,False
LAB2-0121,enoxaparin,clean,review required,phi3.5-mini,confidence_abstention,review required,REVIEW_REQUIRED,0.51620473,0.06484161,False,False
LAB2-0121,enoxaparin,clean,review required,phi3.5-mini,mcp_governed,review required,REVIEW_REQUIRED,0.51620473,0.06484161,False,False
LAB2-0122,enoxaparin,clean,review required,phi3.5-mini,deterministic_rules,review required,REVIEW_REQUIRED,0.51620477,0.0648418,False,False
LAB2-0122,enoxaparin,clean,review required,phi3.5-mini,mcp_access_only,review required,REVIEW_REQUIRED,0.51620477,0.0648418,False,False
LAB2-0122,enoxaparin,clean,review required,phi3.5-mini,confidence_abstention,review required,REVIEW_REQUIRED,0.51620477,0.0648418,False,False
LAB2-0122,enoxaparin,clean,review required,phi3.5-mini,mcp_governed,review required,REVIEW_REQUIRED,0.51620477,0.0648418,False,False
LAB2-0123,enoxaparin,clean,review required,phi3.5-mini,deterministic_rules,review required,REVIEW_REQUIRED,0.50251852,0.01007417,False,False
LAB2-0123,enoxaparin,clean,review required,phi3.5-mini,mcp_access_only,review required,REVIEW_REQUIRED,0.50251852,0.01007417,False,False
LAB2-0123,enoxaparin,clean,review required,phi3.5-mini,confidence_abstention,review required,REVIEW_REQUIRED,0.50251852,0.01007417,False,False
LAB2-0123,enoxaparin,clean,review required,phi3.5-mini,mcp_governed,review required,REVIEW_REQUIRED,0.50251852,0.01007417,False,False
LAB2-0124,enoxaparin,clean,review required,phi3.5-mini,deterministic_rules,review required,REVIEW_REQUIRED,0.55475893,0.2199178,False,False
LAB2-0124,enoxaparin,clean,review required,phi3.5-mini,mcp_access_only,review required,REVIEW_REQUIRED,0.55475893,0.2199178,False,False
LAB2-0124,enoxaparin,clean,review required,phi3.5-mini,confidence_abstention,review required,REVIEW_REQUIRED,0.55475893,0.2199178,False,False
LAB2-0124,enoxaparin,clean,review required,phi3.5-mini,mcp_governed,review required,REVIEW_REQUIRED,0.55475893,0.2199178,False,False
LAB2-0125,enoxaparin,clean,review required,phi3.5-mini,deterministic_rules,review required,REVIEW_REQUIRED,0.51621653,0.0648889,False,False
LAB2-0125,enoxaparin,clean,review required,phi3.5-mini,mcp_access_only,review required,REVIEW_REQUIRED,0.51621653,0.0648889,False,False
LAB2-0125,enoxaparin,clean,review required,phi3.5-mini,confidence_abstention,review required,REVIEW_REQUIRED,0.51621653,0.0648889,False,False
LAB2-0125,enoxaparin,clean,review required,phi3.5-mini,mcp_governed,review required,REVIEW_REQUIRED,0.51621653,0.0648889,False,False
LAB2-0126,enoxaparin,clean,review required,phi3.5-mini,deterministic_rules,review required,REVIEW_REQUIRED,0.54146145,0.16622749,False,False
LAB2-0126,enoxaparin,clean,review required,phi3.5-mini,mcp_access_only,review required,REVIEW_REQUIRED,0.54146145,0.16622749,False,False
LAB2-0126,enoxaparin,clean,review required,phi3.5-mini,confidence_abstention,review required,REVIEW_REQUIRED,0.54146145,0.16622749,False,False
LAB2-0126,enoxaparin,clean,review required,phi3.5-mini,mcp_governed,review required,REVIEW_REQUIRED,0.54146145,0.16622749,False,False
LAB2-0127,enoxaparin,clean,review required,phi3.5-mini,deterministic_rules,review required,REVIEW_REQUIRED,0.51621659,0.06488913,False,False
LAB2-0127,enoxaparin,clean,review required,phi3.5-mini,mcp_access_only,review required,REVIEW_REQUIRED,0.51621659,0.06488913,False,False
LAB2-0127,enoxaparin,clean,review required,phi3.5-mini,confidence_abstention,review required,REVIEW_REQUIRED,0.51621659,0.06488913,False,False
LAB2-0127,enoxaparin,clean,review required,phi3.5-mini,mcp_governed,review required,REVIEW_REQUIRED,0.51621659,0.06488913,False,False
LAB2-0128,enoxaparin,clean,review required,phi3.5-mini,deterministic_rules,review required,REVIEW_REQUIRED,0.5240166,0.0961404,False,False
LAB2-0128,enoxaparin,clean,review required,phi3.5-mini,mcp_access_only,review required,REVIEW_REQUIRED,0.5240166,0.0961404,False,False
LAB2-0128,enoxaparin,clean,review required,phi3.5-mini,confidence_abstention,review required,REVIEW_REQUIRED,0.5240166,0.0961404,False,False
LAB2-0128,enoxaparin,clean,review required,phi3.5-mini,mcp_governed,review required,REVIEW_REQUIRED,0.5240166,0.0961404,False,False
LAB2-0129,enoxaparin,clean,review required,phi3.5-mini,deterministic_rules,review required,REVIEW_REQUIRED,0.54752532,0.19067691,False,False
LAB2-0129,enoxaparin,clean,review required,phi3.5-mini,mcp_access_only,review required,REVIEW_REQUIRED,0.54752532,0.19067691,False,False
LAB2-0129,enoxaparin,clean,review required,phi3.5-mini,confidence_abstention,review required,REVIEW_REQUIRED,0.54752532,0.19067691,False,False
LAB2-0129,enoxaparin,clean,review required,phi3.5-mini,mcp_governed,review required,REVIEW_REQUIRED,0.54752532,0.19067691,False,False
LAB2-0130,enoxaparin,clean,review required,phi3.5-mini,deterministic_rules,review required,APPROVED,0.48305222,0.0678171,False,False
LAB2-0130,enoxaparin,clean,review required,phi3.5-mini,mcp_access_only,approved,APPROVED,0.48305222,0.0678171,False,False
LAB2-0130,enoxaparin,clean,review required,phi3.5-mini,confidence_abstention,review required,APPROVED,0.48305222,0.0678171,True,False
LAB2-0130,enoxaparin,clean,review required,phi3.5-mini,mcp_governed,review required,APPROVED,0.48305222,0.0678171,False,True
LAB2-0131,enoxaparin,clean,review required,phi3.5-mini,deterministic_rules,review required,REVIEW_REQUIRED,0.51622581,0.06492602,False,False
LAB2-0131,enoxaparin,clean,review required,phi3.5-mini,mcp_access_only,review required,REVIEW_REQUIRED,0.51622581,0.06492602,False,False
LAB2-0131,enoxaparin,clean,review required,phi3.5-mini,confidence_abstention,review required,REVIEW_REQUIRED,0.51622581,0.06492602,False,False
LAB2-0131,enoxaparin,clean,review required,phi3.5-mini,mcp_governed,review required,REVIEW_REQUIRED,0.51622581,0.06492602,False,False
LAB2-0132,enoxaparin,clean,review required,phi3.5-mini,deterministic_rules,review required,APPROVED,0.49308192,0.02767408,False,False
LAB2-0132,enoxaparin,clean,review required,phi3.5-mini,mcp_access_only,approved,APPROVED,0.49308192,0.02767408,False,False
LAB2-0132,enoxaparin,clean,review required,phi3.5-mini,confidence_abstention,review required,APPROVED,0.49308192,0.02767408,True,False
LAB2-0132,enoxaparin,clean,review required,phi3.5-mini,mcp_governed,review required,APPROVED,0.49308192,0.02767408,False,True
LAB2-0133,enoxaparin,clean,approved,phi3.5-mini,deterministic_rules,approved,APPROVED,0.30294355,0.83331993,False,False
LAB2-0133,enoxaparin,clean,approved,phi3.5-mini,mcp_access_only,approved,APPROVED,0.30294355,0.83331993,False,False
LAB2-0133,enoxaparin,clean,approved,phi3.5-mini,confidence_abstention,approved,APPROVED,0.30294355,0.83331993,False,False
LAB2-0133,enoxaparin,clean,approved,phi3.5-mini,mcp_governed,approved,APPROVED,0.30294355,0.83331993,False,False
LAB2-0134,enoxaparin,clean,approved,phi3.5-mini,deterministic_rules,approved,APPROVED,0.29139256,0.88863031,False,False
LAB2-0134,enoxaparin,clean,approved,phi3.5-mini,mcp_access_only,approved,APPROVED,0.29139256,0.88863031,False,False
LAB2-0134,enoxaparin,clean,approved,phi3.5-mini,confidence_abstention,approved,APPROVED,0.29139256,0.88863031,False,False
LAB2-0134,enoxaparin,clean,approved,phi3.5-mini,mcp_governed,approved,APPROVED,0.29139256,0.88863031,False,False
LAB2-0135,enoxaparin,clean,approved,phi3.5-mini,deterministic_rules,approved,APPROVED,0.25815463,1.05558205,False,False
LAB2-0135,enoxaparin,clean,approved,phi3.5-mini,mcp_access_only,approved,APPROVED,0.25815463,1.05558205,False,False
LAB2-0135,enoxaparin,clean,approved,phi3.5-mini,confidence_abstention,approved,APPROVED,0.25815463,1.05558205,False,False
LAB2-0135,enoxaparin,clean,approved,phi3.5-mini,mcp_governed,approved,APPROVED,0.25815463,1.05558205,False,False
LAB2-0136,enoxaparin,clean,approved,phi3.5-mini,deterministic_rules,approved,APPROVED,0.24764587,1.11120735,False,False
LAB2-0136,enoxaparin,clean,approved,phi3.5-mini,mcp_access_only,approved,APPROVED,0.24764587,1.11120735,False,False
LAB2-0136,enoxaparin,clean,approved,phi3.5-mini,confidence_abstention,approved,APPROVED,0.24764587,1.11120735,False,False
LAB2-0136,enoxaparin,clean,approved,phi3.5-mini,mcp_governed,approved,APPROVED,0.24764587,1.11120735,False,False
LAB2-0137,enoxaparin,clean,approved,phi3.5-mini,deterministic_rules,approved,APPROVED,0.19957697,1.3889404,False,False
LAB2-0137,enoxaparin,clean,approved,phi3.5-mini,mcp_access_only,approved,APPROVED,0.19957697,1.3889404,False,False
LAB2-0137,enoxaparin,clean,approved,phi3.5-mini,confidence_abstention,approved,APPROVED,0.19957697,1.3889404,False,False
LAB2-0137,enoxaparin,clean,approved,phi3.5-mini,mcp_governed,approved,APPROVED,0.19957697,1.3889404,False,False
LAB2-0138,enoxaparin,clean,approved,phi3.5-mini,deterministic_rules,approved,APPROVED,0.20859829,1.33339532,False,False
LAB2-0138,enoxaparin,clean,approved,phi3.5-mini,mcp_access_only,approved,APPROVED,0.20859829,1.33339532,False,False
LAB2-0138,enoxaparin,clean,approved,phi3.5-mini,confidence_abstention,approved,APPROVED,0.20859829,1.33339532,False,False
LAB2-0138,enoxaparin,clean,approved,phi3.5-mini,mcp_governed,approved,APPROVED,0.20859829,1.33339532,False,False
LAB2-0139,enoxaparin,clean,approved,phi3.5-mini,deterministic_rules,approved,APPROVED,0.24765005,1.11118493,False,False
LAB2-0139,enoxaparin,clean,approved,phi3.5-mini,mcp_access_only,approved,APPROVED,0.24765005,1.11118493,False,False
LAB2-0139,enoxaparin,clean,approved,phi3.5-mini,confidence_abstention,approved,APPROVED,0.24765005,1.11118493,False,False
LAB2-0139,enoxaparin,clean,approved,phi3.5-mini,mcp_governed,approved,APPROVED,0.24765005,1.11118493,False,False
LAB2-0140,enoxaparin,clean,approved,phi3.5-mini,deterministic_rules,approved,APPROVED,0.24764586,1.11120738,False,False
LAB2-0140,enoxaparin,clean,approved,phi3.5-mini,mcp_access_only,approved,APPROVED,0.24764586,1.11120738,False,False
LAB2-0140,enoxaparin,clean,approved,phi3.5-mini,confidence_abstention,approved,APPROVED,0.24764586,1.11120738,False,False
LAB2-0140,enoxaparin,clean,approved,phi3.5-mini,mcp_governed,approved,APPROVED,0.24764586,1.11120738,False,False
LAB2-0141,enoxaparin,clean,approved,phi3.5-mini,deterministic_rules,approved,APPROVED,0.24765921,1.11113574,False,False
LAB2-0141,enoxaparin,clean,approved,phi3.5-mini,mcp_access_only,approved,APPROVED,0.24765921,1.11113574,False,False
LAB2-0141,enoxaparin,clean,approved,phi3.5-mini,confidence_abstention,approved,APPROVED,0.24765921,1.11113574,False,False
LAB2-0141,enoxaparin,clean,approved,phi3.5-mini,mcp_governed,approved,APPROVED,0.24765921,1.11113574,False,False
LAB2-0142,enoxaparin,clean,approved,phi3.5-mini,deterministic_rules,approved,APPROVED,0.19957197,1.3889717,False,False
LAB2-0142,enoxaparin,clean,approved,phi3.5-mini,mcp_access_only,approved,APPROVED,0.19957197,1.3889717,False,False
LAB2-0142,enoxaparin,clean,approved,phi3.5-mini,confidence_abstention,approved,APPROVED,0.19957197,1.3889717,False,False
LAB2-0142,enoxaparin,clean,approved,phi3.5-mini,mcp_governed,approved,APPROVED,0.19957197,1.3889717,False,False
LAB2-0143,enoxaparin,clean,approved,phi3.5-mini,deterministic_rules,approved,APPROVED,0.21791278,1.27787137,False,False
LAB2-0143,enoxaparin,clean,approved,phi3.5-mini,mcp_access_only,approved,APPROVED,0.21791278,1.27787137,False,False
LAB2-0143,enoxaparin,clean,approved,phi3.5-mini,confidence_abstention,approved,APPROVED,0.21791278,1.27787137,False,False
LAB2-0143,enoxaparin,clean,approved,phi3.5-mini,mcp_governed,approved,APPROVED,0.21791278,1.27787137,False,False
LAB2-0144,enoxaparin,clean,approved,phi3.5-mini,deterministic_rules,approved,APPROVED,0.24764718,1.11120034,False,False
LAB2-0144,enoxaparin,clean,approved,phi3.5-mini,mcp_access_only,approved,APPROVED,0.24764718,1.11120034,False,False
LAB2-0144,enoxaparin,clean,approved,phi3.5-mini,confidence_abstention,approved,APPROVED,0.24764718,1.11120034,False,False
LAB2-0144,enoxaparin,clean,approved,phi3.5-mini,mcp_governed,approved,APPROVED,0.24764718,1.11120034,False,False
LAB2-0145,enoxaparin,missing,review required,phi3.5-mini,deterministic_rules,review required,REVIEW_REQUIRED,0.79825255,1.37540837,False,False
LAB2-0145,enoxaparin,missing,review required,phi3.5-mini,mcp_access_only,review required,REVIEW_REQUIRED,0.79825255,1.37540837,False,False
LAB2-0145,enoxaparin,missing,review required,phi3.5-mini,confidence_abstention,review required,REVIEW_REQUIRED,0.79825255,1.37540837,False,False
LAB2-0145,enoxaparin,missing,review required,phi3.5-mini,mcp_governed,review required,REVIEW_REQUIRED,0.79825255,1.37540837,False,False
LAB2-0146,enoxaparin,missing,review required,phi3.5-mini,deterministic_rules,review required,REVIEW_REQUIRED,0.7982517,1.37540311,False,False
LAB2-0146,enoxaparin,missing,review required,phi3.5-mini,mcp_access_only,review required,REVIEW_REQUIRED,0.7982517,1.37540311,False,False
LAB2-0146,enoxaparin,missing,review required,phi3.5-mini,confidence_abstention,review required,REVIEW_REQUIRED,0.7982517,1.37540311,False,False
LAB2-0146,enoxaparin,missing,review required,phi3.5-mini,mcp_governed,review required,REVIEW_REQUIRED,0.7982517,1.37540311,False,False
LAB2-0147,enoxaparin,missing,review required,phi3.5-mini,deterministic_rules,review required,REVIEW_REQUIRED,0.81757416,1.49999788,False,False
LAB2-0147,enoxaparin,missing,review required,phi3.5-mini,mcp_access_only,review required,REVIEW_REQUIRED,0.81757416,1.49999788,False,False
LAB2-0147,enoxaparin,missing,review required,phi3.5-mini,confidence_abstention,review required,REVIEW_REQUIRED,0.81757416,1.49999788,False,False
LAB2-0147,enoxaparin,missing,review required,phi3.5-mini,mcp_governed,review required,REVIEW_REQUIRED,0.81757416,1.49999788,False,False
LAB2-0148,enoxaparin,missing,review required,phi3.5-mini,deterministic_rules,review required,REVIEW_REQUIRED,0.81748884,1.49942592,False,False
LAB2-0148,enoxaparin,missing,review required,phi3.5-mini,mcp_access_only,review required,REVIEW_REQUIRED,0.81748884,1.49942592,False,False
LAB2-0148,enoxaparin,missing,review required,phi3.5-mini,confidence_abstention,review required,REVIEW_REQUIRED,0.81748884,1.49942592,False,False
LAB2-0148,enoxaparin,missing,review required,phi3.5-mini,mcp_governed,review required,REVIEW_REQUIRED,0.81748884,1.49942592,False,False
LAB2-0149,enoxaparin,stale,review required,phi3.5-mini,deterministic_rules,review required,REVIEW_REQUIRED,0.54754167,0.1907429,False,False
LAB2-0149,enoxaparin,stale,review required,phi3.5-mini,mcp_access_only,review required,REVIEW_REQUIRED,0.54754167,0.1907429,False,False
LAB2-0149,enoxaparin,stale,review required,phi3.5-mini,confidence_abstention,review required,REVIEW_REQUIRED,0.54754167,0.1907429,False,False
LAB2-0149,enoxaparin,stale,review required,phi3.5-mini,mcp_governed,review required,REVIEW_REQUIRED,0.54754167,0.1907429,False,False
LAB2-0150,enoxaparin,stale,review required,phi3.5-mini,deterministic_rules,review required,REVIEW_REQUIRED,0.50251877,0.01007515,False,False
LAB2-0150,enoxaparin,stale,review required,phi3.5-mini,mcp_access_only,review required,REVIEW_REQUIRED,0.50251877,0.01007515,False,False
LAB2-0150,enoxaparin,stale,review required,phi3.5-mini,confidence_abstention,review required,REVIEW_REQUIRED,0.50251877,0.01007515,False,False
LAB2-0150,enoxaparin,stale,review required,phi3.5-mini,mcp_governed,review required,REVIEW_REQUIRED,0.50251877,0.01007515,False,False
LAB2-0151,enoxaparin,stale,review required,phi3.5-mini,deterministic_rules,review required,APPROVED,0.26893899,1.00001234,False,False
LAB2-0151,enoxaparin,stale,review required,phi3.5-mini,mcp_access_only,approved,APPROVED,0.26893899,1.00001234,False,False
LAB2-0151,enoxaparin,stale,review required,phi3.5-mini,confidence_abstention,approved,APPROVED,0.26893899,1.00001234,False,False
LAB2-0151,enoxaparin,stale,review required,phi3.5-mini,mcp_governed,review required,APPROVED,0.26893899,1.00001234,False,True
LAB2-0152,enoxaparin,stale,review required,phi3.5-mini,deterministic_rules,review required,APPROVED,0.23744834,1.16672015,False,False
LAB2-0152,enoxaparin,stale,review required,phi3.5-mini,mcp_access_only,approved,APPROVED,0.23744834,1.16672015,False,False
LAB2-0152,enoxaparin,stale,review required,phi3.5-mini,confidence_abstention,approved,APPROVED,0.23744834,1.16672015,False,False
LAB2-0152,enoxaparin,stale,review required,phi3.5-mini,mcp_governed,review required,APPROVED,0.23744834,1.16672015,False,True
LAB2-0153,enoxaparin,unit_error,review required,phi3.5-mini,deterministic_rules,review required,REVIEW_REQUIRED,0.73129286,1.00119194,False,False
LAB2-0153,enoxaparin,unit_error,review required,phi3.5-mini,mcp_access_only,review required,REVIEW_REQUIRED,0.73129286,1.00119194,False,False
LAB2-0153,enoxaparin,unit_error,review required,phi3.5-mini,confidence_abstention,review required,REVIEW_REQUIRED,0.73129286,1.00119194,False,False
LAB2-0153,enoxaparin,unit_error,review required,phi3.5-mini,mcp_governed,review required,REVIEW_REQUIRED,0.73129286,1.00119194,False,False
LAB2-0154,enoxaparin,unit_error,review required,phi3.5-mini,deterministic_rules,review required,REVIEW_REQUIRED,0.65262482,0.63059699,False,False
LAB2-0154,enoxaparin,unit_error,review required,phi3.5-mini,mcp_access_only,review required,REVIEW_REQUIRED,0.65262482,0.63059699,False,False
LAB2-0154,enoxaparin,unit_error,review required,phi3.5-mini,confidence_abstention,review required,REVIEW_REQUIRED,0.65262482,0.63059699,False,False
LAB2-0154,enoxaparin,unit_error,review required,phi3.5-mini,mcp_governed,review required,REVIEW_REQUIRED,0.65262482,0.63059699,False,False
LAB2-0155,enoxaparin,unit_error,review required,phi3.5-mini,deterministic_rules,review required,REVIEW_REQUIRED,0.50261811,0.01047253,False,False
LAB2-0155,enoxaparin,unit_error,review required,phi3.5-mini,mcp_access_only,review required,REVIEW_REQUIRED,0.50261811,0.01047253,False,False
LAB2-0155,enoxaparin,unit_error,review required,phi3.5-mini,confidence_abstention,review required,REVIEW_REQUIRED,0.50261811,0.01047253,False,False
LAB2-0155,enoxaparin,unit_error,review required,phi3.5-mini,mcp_governed,review required,REVIEW_REQUIRED,0.50261811,0.01047253,False,False
LAB2-0156,enoxaparin,unit_error,review required,phi3.5-mini,deterministic_rules,review required,REVIEW_REQUIRED,0.70661164,0.878984,False,False
LAB2-0156,enoxaparin,unit_error,review required,phi3.5-mini,mcp_access_only,review required,REVIEW_REQUIRED,0.70661164,0.878984,False,False
LAB2-0156,enoxaparin,unit_error,review required,phi3.5-mini,confidence_abstention,review required,REVIEW_REQUIRED,0.70661164,0.878984,False,False
LAB2-0156,enoxaparin,unit_error,review required,phi3.5-mini,mcp_governed,review required,REVIEW_REQUIRED,0.70661164,0.878984,False,False
LAB2-0157,enoxaparin,conflict,review required,phi3.5-mini,deterministic_rules,review required,REVIEW_REQUIRED,0.62658869,0.51760982,False,False
LAB2-0157,enoxaparin,conflict,review required,phi3.5-mini,mcp_access_only,review required,REVIEW_REQUIRED,0.62658869,0.51760982,False,False
LAB2-0157,enoxaparin,conflict,review required,phi3.5-mini,confidence_abstention,review required,REVIEW_REQUIRED,0.62658869,0.51760982,False,False
LAB2-0157,enoxaparin,conflict,review required,phi3.5-mini,mcp_governed,review required,REVIEW_REQUIRED,0.62658869,0.51760982,False,False
LAB2-0158,enoxaparin,conflict,review required,phi3.5-mini,deterministic_rules,review required,REVIEW_REQUIRED,0.62465153,0.50933908,False,False
LAB2-0158,enoxaparin,conflict,review required,phi3.5-mini,mcp_access_only,review required,REVIEW_REQUIRED,0.62465153,0.50933908,False,False
LAB2-0158,enoxaparin,conflict,review required,phi3.5-mini,confidence_abstention,review required,REVIEW_REQUIRED,0.62465153,0.50933908,False,False
LAB2-0158,enoxaparin,conflict,review required,phi3.5-mini,mcp_governed,review required,REVIEW_REQUIRED,0.62465153,0.50933908,False,False
LAB2-0159,enoxaparin,conflict,review required,phi3.5-mini,deterministic_rules,review required,REVIEW_REQUIRED,0.57285731,0.29351854,False,False
LAB2-0159,enoxaparin,conflict,review required,phi3.5-mini,mcp_access_only,review required,REVIEW_REQUIRED,0.57285731,0.29351854,False,False
LAB2-0159,enoxaparin,conflict,review required,phi3.5-mini,confidence_abstention,review required,REVIEW_REQUIRED,0.57285731,0.29351854,False,False
LAB2-0159,enoxaparin,conflict,review required,phi3.5-mini,mcp_governed,review required,REVIEW_REQUIRED,0.57285731,0.29351854,False,False
LAB2-0160,enoxaparin,conflict,review required,phi3.5-mini,deterministic_rules,review required,REVIEW_REQUIRED,0.62659461,0.5176351,False,False
LAB2-0160,enoxaparin,conflict,review required,phi3.5-mini,mcp_access_only,review required,REVIEW_REQUIRED,0.62659461,0.5176351,False,False
LAB2-0160,enoxaparin,conflict,review required,phi3.5-mini,confidence_abstention,review required,REVIEW_REQUIRED,0.62659461,0.5176351,False,False
LAB2-0160,enoxaparin,conflict,review required,phi3.5-mini,mcp_governed,review required,REVIEW_REQUIRED,0.62659461,0.5176351,False,False
LAB2-0161,enoxaparin,wrong_encounter,review required,phi3.5-mini,deterministic_rules,review required,REVIEW_REQUIRED,0.52400755,0.09610409,False,False
LAB2-0161,enoxaparin,wrong_encounter,review required,phi3.5-mini,mcp_access_only,review required,REVIEW_REQUIRED,0.52400755,0.09610409,False,False
LAB2-0161,enoxaparin,wrong_encounter,review required,phi3.5-mini,confidence_abstention,review required,REVIEW_REQUIRED,0.52400755,0.09610409,False,False
LAB2-0161,enoxaparin,wrong_encounter,review required,phi3.5-mini,mcp_governed,review required,REVIEW_REQUIRED,0.52400755,0.09610409,False,False
LAB2-0162,enoxaparin,wrong_encounter,review required,phi3.5-mini,deterministic_rules,review required,REVIEW_REQUIRED,0.52401683,0.09614131,False,False
LAB2-0162,enoxaparin,wrong_encounter,review required,phi3.5-mini,mcp_access_only,review required,REVIEW_REQUIRED,0.52401683,0.09614131,False,False
LAB2-0162,enoxaparin,wrong_encounter,review required,phi3.5-mini,confidence_abstention,review required,REVIEW_REQUIRED,0.52401683,0.09614131,False,False
LAB2-0162,enoxaparin,wrong_encounter,review required,phi3.5-mini,mcp_governed,review required,REVIEW_REQUIRED,0.52401683,0.09614131,False,False
LAB2-0163,enoxaparin,wrong_encounter,review required,phi3.5-mini,deterministic_rules,review required,APPROVED,0.33931004,0.66637043,False,False
LAB2-0163,enoxaparin,wrong_encounter,review required,phi3.5-mini,mcp_access_only,approved,APPROVED,0.33931004,0.66637043,False,False
LAB2-0163,enoxaparin,wrong_encounter,review required,phi3.5-mini,confidence_abstention,approved,APPROVED,0.33931004,0.66637043,False,False
LAB2-0163,enoxaparin,wrong_encounter,review required,phi3.5-mini,mcp_governed,review required,APPROVED,0.33931004,0.66637043,False,True
LAB2-0164,enoxaparin,wrong_encounter,review required,phi3.5-mini,deterministic_rules,review required,APPROVED,0.37899279,0.4938255,False,False
LAB2-0164,enoxaparin,wrong_encounter,review required,phi3.5-mini,mcp_access_only,approved,APPROVED,0.37899279,0.4938255,False,False
LAB2-0164,enoxaparin,wrong_encounter,review required,phi3.5-mini,confidence_abstention,approved,APPROVED,0.37899279,0.4938255,False,False
LAB2-0164,enoxaparin,wrong_encounter,review required,phi3.5-mini,mcp_governed,review required,APPROVED,0.37899279,0.4938255,False,True
LAB2-0165,enoxaparin,service_failure,review required,phi3.5-mini,deterministic_rules,review required,REVIEW_REQUIRED,0.50253959,0.01015846,False,False
LAB2-0165,enoxaparin,service_failure,review required,phi3.5-mini,mcp_access_only,review required,REVIEW_REQUIRED,0.50253959,0.01015846,False,False
LAB2-0165,enoxaparin,service_failure,review required,phi3.5-mini,confidence_abstention,review required,REVIEW_REQUIRED,0.50253959,0.01015846,False,False
LAB2-0165,enoxaparin,service_failure,review required,phi3.5-mini,mcp_governed,review required,REVIEW_REQUIRED,0.50253959,0.01015846,False,False
LAB2-0166,enoxaparin,service_failure,review required,phi3.5-mini,deterministic_rules,review required,REVIEW_REQUIRED,0.51623299,0.06495481,False,False
LAB2-0166,enoxaparin,service_failure,review required,phi3.5-mini,mcp_access_only,review required,REVIEW_REQUIRED,0.51623299,0.06495481,False,False
LAB2-0166,enoxaparin,service_failure,review required,phi3.5-mini,confidence_abstention,review required,REVIEW_REQUIRED,0.51623299,0.06495481,False,False
LAB2-0166,enoxaparin,service_failure,review required,phi3.5-mini,mcp_governed,review required,REVIEW_REQUIRED,0.51623299,0.06495481,False,False
LAB2-0167,enoxaparin,service_failure,review required,phi3.5-mini,deterministic_rules,review required,APPROVED,0.258153,1.0555906,False,False
LAB2-0167,enoxaparin,service_failure,review required,phi3.5-mini,mcp_access_only,approved,APPROVED,0.258153,1.0555906,False,False
LAB2-0167,enoxaparin,service_failure,review required,phi3.5-mini,confidence_abstention,approved,APPROVED,0.258153,1.0555906,False,False
LAB2-0167,enoxaparin,service_failure,review required,phi3.5-mini,mcp_governed,review required,APPROVED,0.258153,1.0555906,False,True
LAB2-0168,enoxaparin,service_failure,review required,phi3.5-mini,deterministic_rules,review required,APPROVED,0.22753716,1.22227036,False,False
LAB2-0168,enoxaparin,service_failure,review required,phi3.5-mini,mcp_access_only,approved,APPROVED,0.22753716,1.22227036,False,False
LAB2-0168,enoxaparin,service_failure,review required,phi3.5-mini,confidence_abstention,approved,APPROVED,0.22753716,1.22227036,False,False
LAB2-0168,enoxaparin,service_failure,review required,phi3.5-mini,mcp_governed,review required,APPROVED,0.22753716,1.22227036,False,True
LAB2-0181,gabapentin,clean,review required,phi3.5-mini,deterministic_rules,review required,REVIEW_REQUIRED,0.54753531,0.19071724,False,False
LAB2-0181,gabapentin,clean,review required,phi3.5-mini,mcp_access_only,review required,REVIEW_REQUIRED,0.54753531,0.19071724,False,False
LAB2-0181,gabapentin,clean,review required,phi3.5-mini,confidence_abstention,review required,REVIEW_REQUIRED,0.54753531,0.19071724,False,False
LAB2-0181,gabapentin,clean,review required,phi3.5-mini,mcp_governed,review required,REVIEW_REQUIRED,0.54753531,0.19071724,False,False
LAB2-0182,gabapentin,clean,review required,phi3.5-mini,deterministic_rules,review required,REVIEW_REQUIRED,0.57281593,0.29334944,False,False
LAB2-0182,gabapentin,clean,review required,phi3.5-mini,mcp_access_only,review required,REVIEW_REQUIRED,0.57281593,0.29334944,False,False
LAB2-0182,gabapentin,clean,review required,phi3.5-mini,confidence_abstention,review required,REVIEW_REQUIRED,0.57281593,0.29334944,False,False
LAB2-0182,gabapentin,clean,review required,phi3.5-mini,mcp_governed,review required,REVIEW_REQUIRED,0.57281593,0.29334944,False,False
LAB2-0183,gabapentin,clean,review required,phi3.5-mini,deterministic_rules,review required,REVIEW_REQUIRED,0.57282332,0.29337962,False,False
LAB2-0183,gabapentin,clean,review required,phi3.5-mini,mcp_access_only,review required,REVIEW_REQUIRED,0.57282332,0.29337962,False,False
LAB2-0183,gabapentin,clean,review required,phi3.5-mini,confidence_abstention,review required,REVIEW_REQUIRED,0.57282332,0.29337962,False,False
LAB2-0183,gabapentin,clean,review required,phi3.5-mini,mcp_governed,review required,REVIEW_REQUIRED,0.57282332,0.29337962,False,False
LAB2-0184,gabapentin,clean,review required,phi3.5-mini,deterministic_rules,review required,REVIEW_REQUIRED,0.54149854,0.16637688,False,False
LAB2-0184,gabapentin,clean,review required,phi3.5-mini,mcp_access_only,review required,REVIEW_REQUIRED,0.54149854,0.16637688,False,False
LAB2-0184,gabapentin,clean,review required,phi3.5-mini,confidence_abstention,review required,REVIEW_REQUIRED,0.54149854,0.16637688,False,False
LAB2-0184,gabapentin,clean,review required,phi3.5-mini,mcp_governed,review required,REVIEW_REQUIRED,0.54149854,0.16637688,False,False
LAB2-0185,gabapentin,clean,review required,phi3.5-mini,deterministic_rules,review required,REVIEW_REQUIRED,0.55195762,0.20858344,False,False
LAB2-0185,gabapentin,clean,review required,phi3.5-mini,mcp_access_only,review required,REVIEW_REQUIRED,0.55195762,0.20858344,False,False
LAB2-0185,gabapentin,clean,review required,phi3.5-mini,confidence_abstention,review required,REVIEW_REQUIRED,0.55195762,0.20858344,False,False
LAB2-0185,gabapentin,clean,review required,phi3.5-mini,mcp_governed,review required,REVIEW_REQUIRED,0.55195762,0.20858344,False,False
LAB2-0186,gabapentin,clean,review required,phi3.5-mini,deterministic_rules,review required,REVIEW_REQUIRED,0.53008463,0.12048405,False,False
LAB2-0186,gabapentin,clean,review required,phi3.5-mini,mcp_access_only,review required,REVIEW_REQUIRED,0.53008463,0.12048405,False,False
LAB2-0186,gabapentin,clean,review required,phi3.5-mini,confidence_abstention,review required,REVIEW_REQUIRED,0.53008463,0.12048405,False,False
LAB2-0186,gabapentin,clean,review required,phi3.5-mini,mcp_governed,review required,REVIEW_REQUIRED,0.53008463,0.12048405,False,False
LAB2-0187,gabapentin,clean,review required,phi3.5-mini,deterministic_rules,review required,REVIEW_REQUIRED,0.52399625,0.09605878,False,False
LAB2-0187,gabapentin,clean,review required,phi3.5-mini,mcp_access_only,review required,REVIEW_REQUIRED,0.52399625,0.09605878,False,False
LAB2-0187,gabapentin,clean,review required,phi3.5-mini,confidence_abstention,review required,REVIEW_REQUIRED,0.52399625,0.09605878,False,False
LAB2-0187,gabapentin,clean,review required,phi3.5-mini,mcp_governed,review required,REVIEW_REQUIRED,0.52399625,0.09605878,False,False
LAB2-0188,gabapentin,clean,review required,phi3.5-mini,deterministic_rules,review required,REVIEW_REQUIRED,0.51621661,0.06488919,False,False
LAB2-0188,gabapentin,clean,review required,phi3.5-mini,mcp_access_only,review required,REVIEW_REQUIRED,0.51621661,0.06488919,False,False
LAB2-0188,gabapentin,clean,review required,phi3.5-mini,confidence_abstention,review required,REVIEW_REQUIRED,0.51621661,0.06488919,False,False
LAB2-0188,gabapentin,clean,review required,phi3.5-mini,mcp_governed,review required,REVIEW_REQUIRED,0.51621661,0.06488919,False,False
LAB2-0189,gabapentin,clean,review required,phi3.5-mini,deterministic_rules,review required,REVIEW_REQUIRED,0.54753461,0.19071442,False,False
LAB2-0189,gabapentin,clean,review required,phi3.5-mini,mcp_access_only,review required,REVIEW_REQUIRED,0.54753461,0.19071442,False,False
LAB2-0189,gabapentin,clean,review required,phi3.5-mini,confidence_abstention,review required,REVIEW_REQUIRED,0.54753461,0.19071442,False,False
LAB2-0189,gabapentin,clean,review required,phi3.5-mini,mcp_governed,review required,REVIEW_REQUIRED,0.54753461,0.19071442,False,False
LAB2-0190,gabapentin,clean,review required,phi3.5-mini,deterministic_rules,review required,REVIEW_REQUIRED,0.50253032,0.01012138,False,False
LAB2-0190,gabapentin,clean,review required,phi3.5-mini,mcp_access_only,review required,REVIEW_REQUIRED,0.50253032,0.01012138,False,False
LAB2-0190,gabapentin,clean,review required,phi3.5-mini,confidence_abstention,review required,REVIEW_REQUIRED,0.50253032,0.01012138,False,False
LAB2-0190,gabapentin,clean,review required,phi3.5-mini,mcp_governed,review required,REVIEW_REQUIRED,0.50253032,0.01012138,False,False
LAB2-0191,gabapentin,clean,review required,phi3.5-mini,deterministic_rules,review required,REVIEW_REQUIRED,0.51622617,0.06492748,False,False
LAB2-0191,gabapentin,clean,review required,phi3.5-mini,mcp_access_only,review required,REVIEW_REQUIRED,0.51622617,0.06492748,False,False
LAB2-0191,gabapentin,clean,review required,phi3.5-mini,confidence_abstention,review required,REVIEW_REQUIRED,0.51622617,0.06492748,False,False
LAB2-0191,gabapentin,clean,review required,phi3.5-mini,mcp_governed,review required,REVIEW_REQUIRED,0.51622617,0.06492748,False,False
LAB2-0192,gabapentin,clean,review required,phi3.5-mini,deterministic_rules,review required,REVIEW_REQUIRED,0.54149069,0.16634527,False,False
LAB2-0192,gabapentin,clean,review required,phi3.5-mini,mcp_access_only,review required,REVIEW_REQUIRED,0.54149069,0.16634527,False,False
LAB2-0192,gabapentin,clean,review required,phi3.5-mini,confidence_abstention,review required,REVIEW_REQUIRED,0.54149069,0.16634527,False,False
LAB2-0192,gabapentin,clean,review required,phi3.5-mini,mcp_governed,review required,REVIEW_REQUIRED,0.54149069,0.16634527,False,False
LAB2-0193,gabapentin,clean,approved,phi3.5-mini,deterministic_rules,approved,APPROVED,0.20860369,1.33336265,False,False
LAB2-0193,gabapentin,clean,approved,phi3.5-mini,mcp_access_only,approved,APPROVED,0.20860369,1.33336265,False,False
LAB2-0193,gabapentin,clean,approved,phi3.5-mini,confidence_abstention,approved,APPROVED,0.20860369,1.33336265,False,False
LAB2-0193,gabapentin,clean,approved,phi3.5-mini,mcp_governed,approved,APPROVED,0.20860369,1.33336265,False,False
LAB2-0194,gabapentin,clean,approved,phi3.5-mini,deterministic_rules,approved,APPROVED,0.19957723,1.38893879,False,False
LAB2-0194,gabapentin,clean,approved,phi3.5-mini,mcp_access_only,approved,APPROVED,0.19957723,1.38893879,False,False
LAB2-0194,gabapentin,clean,approved,phi3.5-mini,confidence_abstention,approved,APPROVED,0.19957723,1.38893879,False,False
LAB2-0194,gabapentin,clean,approved,phi3.5-mini,mcp_governed,approved,APPROVED,0.19957723,1.38893879,False,False
LAB2-0195,gabapentin,clean,approved,phi3.5-mini,deterministic_rules,approved,APPROVED,0.19957673,1.38894192,False,False
LAB2-0195,gabapentin,clean,approved,phi3.5-mini,mcp_access_only,approved,APPROVED,0.19957673,1.38894192,False,False
LAB2-0195,gabapentin,clean,approved,phi3.5-mini,confidence_abstention,approved,APPROVED,0.19957673,1.38894192,False,False
LAB2-0195,gabapentin,clean,approved,phi3.5-mini,mcp_governed,approved,APPROVED,0.19957673,1.38894192,False,False
LAB2-0196,gabapentin,clean,approved,phi3.5-mini,deterministic_rules,approved,APPROVED,0.20859973,1.33338662,False,False
LAB2-0196,gabapentin,clean,approved,phi3.5-mini,mcp_access_only,approved,APPROVED,0.20859973,1.33338662,False,False
LAB2-0196,gabapentin,clean,approved,phi3.5-mini,confidence_abstention,approved,APPROVED,0.20859973,1.33338662,False,False
LAB2-0196,gabapentin,clean,approved,phi3.5-mini,mcp_governed,approved,APPROVED,0.20859973,1.33338662,False,False
LAB2-0197,gabapentin,clean,approved,phi3.5-mini,deterministic_rules,approved,APPROVED,0.20859904,1.33339083,False,False
LAB2-0197,gabapentin,clean,approved,phi3.5-mini,mcp_access_only,approved,APPROVED,0.20859904,1.33339083,False,False
LAB2-0197,gabapentin,clean,approved,phi3.5-mini,confidence_abstention,approved,APPROVED,0.20859904,1.33339083,False,False
LAB2-0197,gabapentin,clean,approved,phi3.5-mini,mcp_governed,approved,APPROVED,0.20859904,1.33339083,False,False
LAB2-0198,gabapentin,clean,approved,phi3.5-mini,deterministic_rules,approved,APPROVED,0.18241683,1.50005832,False,False
LAB2-0198,gabapentin,clean,approved,phi3.5-mini,mcp_access_only,approved,APPROVED,0.18241683,1.50005832,False,False
LAB2-0198,gabapentin,clean,approved,phi3.5-mini,confidence_abstention,approved,APPROVED,0.18241683,1.50005832,False,False
LAB2-0198,gabapentin,clean,approved,phi3.5-mini,mcp_governed,approved,APPROVED,0.18241683,1.50005832,False,False
LAB2-0199,gabapentin,clean,approved,phi3.5-mini,deterministic_rules,approved,APPROVED,0.19084778,1.4445109,False,False
LAB2-0199,gabapentin,clean,approved,phi3.5-mini,mcp_access_only,approved,APPROVED,0.19084778,1.4445109,False,False
LAB2-0199,gabapentin,clean,approved,phi3.5-mini,confidence_abstention,approved,APPROVED,0.19084778,1.4445109,False,False
LAB2-0199,gabapentin,clean,approved,phi3.5-mini,mcp_governed,approved,APPROVED,0.19084778,1.4445109,False,False
LAB2-0200,gabapentin,clean,approved,phi3.5-mini,deterministic_rules,approved,APPROVED,0.17427782,1.55560768,False,False
LAB2-0200,gabapentin,clean,approved,phi3.5-mini,mcp_access_only,approved,APPROVED,0.17427782,1.55560768,False,False
LAB2-0200,gabapentin,clean,approved,phi3.5-mini,confidence_abstention,approved,APPROVED,0.17427782,1.55560768,False,False
LAB2-0200,gabapentin,clean,approved,phi3.5-mini,mcp_governed,approved,APPROVED,0.17427782,1.55560768,False,False
LAB2-0201,gabapentin,clean,approved,phi3.5-mini,deterministic_rules,approved,APPROVED,0.21792179,1.27781851,False,False
LAB2-0201,gabapentin,clean,approved,phi3.5-mini,mcp_access_only,approved,APPROVED,0.21792179,1.27781851,False,False
LAB2-0201,gabapentin,clean,approved,phi3.5-mini,confidence_abstention,approved,APPROVED,0.21792179,1.27781851,False,False
LAB2-0201,gabapentin,clean,approved,phi3.5-mini,mcp_governed,approved,APPROVED,0.21792179,1.27781851,False,False
LAB2-0202,gabapentin,clean,approved,phi3.5-mini,deterministic_rules,approved,APPROVED,0.16642765,1.6111598,False,False
LAB2-0202,gabapentin,clean,approved,phi3.5-mini,mcp_access_only,approved,APPROVED,0.16642765,1.6111598,False,False
LAB2-0202,gabapentin,clean,approved,phi3.5-mini,confidence_abstention,approved,APPROVED,0.16642765,1.6111598,False,False
LAB2-0202,gabapentin,clean,approved,phi3.5-mini,mcp_governed,approved,APPROVED,0.16642765,1.6111598,False,False
LAB2-0203,gabapentin,clean,approved,phi3.5-mini,deterministic_rules,approved,APPROVED,0.17427778,1.55560797,False,False
LAB2-0203,gabapentin,clean,approved,phi3.5-mini,mcp_access_only,approved,APPROVED,0.17427778,1.55560797,False,False
LAB2-0203,gabapentin,clean,approved,phi3.5-mini,confidence_abstention,approved,APPROVED,0.17427778,1.55560797,False,False
LAB2-0203,gabapentin,clean,approved,phi3.5-mini,mcp_governed,approved,APPROVED,0.17427778,1.55560797,False,False
LAB2-0204,gabapentin,clean,approved,phi3.5-mini,deterministic_rules,approved,APPROVED,0.18241763,1.50005292,False,False
LAB2-0204,gabapentin,clean,approved,phi3.5-mini,mcp_access_only,approved,APPROVED,0.18241763,1.50005292,False,False
LAB2-0204,gabapentin,clean,approved,phi3.5-mini,confidence_abstention,approved,APPROVED,0.18241763,1.50005292,False,False
LAB2-0204,gabapentin,clean,approved,phi3.5-mini,mcp_governed,approved,APPROVED,0.18241763,1.50005292,False,False
LAB2-0205,gabapentin,missing,review required,phi3.5-mini,deterministic_rules,review required,REVIEW_REQUIRED,0.75517183,1.1263887,False,False
LAB2-0205,gabapentin,missing,review required,phi3.5-mini,mcp_access_only,review required,REVIEW_REQUIRED,0.75517183,1.1263887,False,False
LAB2-0205,gabapentin,missing,review required,phi3.5-mini,confidence_abstention,review required,REVIEW_REQUIRED,0.75517183,1.1263887,False,False
LAB2-0205,gabapentin,missing,review required,phi3.5-mini,mcp_governed,review required,REVIEW_REQUIRED,0.75517183,1.1263887,False,False
LAB2-0206,gabapentin,missing,review required,phi3.5-mini,deterministic_rules,review required,REVIEW_REQUIRED,0.75501841,1.12555904,False,False
LAB2-0206,gabapentin,missing,review required,phi3.5-mini,mcp_access_only,review required,REVIEW_REQUIRED,0.75501841,1.12555904,False,False
LAB2-0206,gabapentin,missing,review required,phi3.5-mini,confidence_abstention,review required,REVIEW_REQUIRED,0.75501841,1.12555904,False,False
LAB2-0206,gabapentin,missing,review required,phi3.5-mini,mcp_governed,review required,REVIEW_REQUIRED,0.75501841,1.12555904,False,False
LAB2-0207,gabapentin,missing,review required,phi3.5-mini,deterministic_rules,review required,REVIEW_REQUIRED,0.77735024,1.25029107,False,False
LAB2-0207,gabapentin,missing,review required,phi3.5-mini,mcp_access_only,review required,REVIEW_REQUIRED,0.77735024,1.25029107,False,False
LAB2-0207,gabapentin,missing,review required,phi3.5-mini,confidence_abstention,review required,REVIEW_REQUIRED,0.77735024,1.25029107,False,False
LAB2-0207,gabapentin,missing,review required,phi3.5-mini,mcp_governed,review required,REVIEW_REQUIRED,0.77735024,1.25029107,False,False
LAB2-0208,gabapentin,missing,review required,phi3.5-mini,deterministic_rules,review required,REVIEW_REQUIRED,0.77735031,1.25029144,False,False
LAB2-0208,gabapentin,missing,review required,phi3.5-mini,mcp_access_only,review required,REVIEW_REQUIRED,0.77735031,1.25029144,False,False
LAB2-0208,gabapentin,missing,review required,phi3.5-mini,confidence_abstention,review required,REVIEW_REQUIRED,0.77735031,1.25029144,False,False
LAB2-0208,gabapentin,missing,review required,phi3.5-mini,mcp_governed,review required,REVIEW_REQUIRED,0.77735031,1.25029144,False,False
LAB2-0209,gabapentin,stale,review required,phi3.5-mini,deterministic_rules,review required,REVIEW_REQUIRED,0.67990963,0.75335655,False,False
LAB2-0209,gabapentin,stale,review required,phi3.5-mini,mcp_access_only,review required,REVIEW_REQUIRED,0.67990963,0.75335655,False,False
LAB2-0209,gabapentin,stale,review required,phi3.5-mini,confidence_abstention,review required,REVIEW_REQUIRED,0.67990963,0.75335655,False,False
LAB2-0209,gabapentin,stale,review required,phi3.5-mini,mcp_governed,review required,REVIEW_REQUIRED,0.67990963,0.75335655,False,False
LAB2-0210,gabapentin,stale,review required,phi3.5-mini,deterministic_rules,review required,REVIEW_REQUIRED,0.55197014,0.20863408,False,False
LAB2-0210,gabapentin,stale,review required,phi3.5-mini,mcp_access_only,review required,REVIEW_REQUIRED,0.55197014,0.20863408,False,False
LAB2-0210,gabapentin,stale,review required,phi3.5-mini,confidence_abstention,review required,REVIEW_REQUIRED,0.55197014,0.20863408,False,False
LAB2-0210,gabapentin,stale,review required,phi3.5-mini,mcp_governed,review required,REVIEW_REQUIRED,0.55197014,0.20863408,False,False
LAB2-0211,gabapentin,stale,review required,phi3.5-mini,deterministic_rules,review required,APPROVED,0.26893885,1.00001309,False,False
LAB2-0211,gabapentin,stale,review required,phi3.5-mini,mcp_access_only,approved,APPROVED,0.26893885,1.00001309,False,False
LAB2-0211,gabapentin,stale,review required,phi3.5-mini,confidence_abstention,approved,APPROVED,0.26893885,1.00001309,False,False
LAB2-0211,gabapentin,stale,review required,phi3.5-mini,mcp_governed,review required,APPROVED,0.26893885,1.00001309,False,True
LAB2-0212,gabapentin,stale,review required,phi3.5-mini,deterministic_rules,review required,APPROVED,0.23745077,1.16670676,False,False
LAB2-0212,gabapentin,stale,review required,phi3.5-mini,mcp_access_only,approved,APPROVED,0.23745077,1.16670676,False,False
LAB2-0212,gabapentin,stale,review required,phi3.5-mini,confidence_abstention,approved,APPROVED,0.23745077,1.16670676,False,False
LAB2-0212,gabapentin,stale,review required,phi3.5-mini,mcp_governed,review required,APPROVED,0.23745077,1.16670676,False,True
LAB2-0213,gabapentin,unit_error,review required,phi3.5-mini,deterministic_rules,review required,REVIEW_REQUIRED,0.75504474,1.12570142,False,False
LAB2-0213,gabapentin,unit_error,review required,phi3.5-mini,mcp_access_only,review required,REVIEW_REQUIRED,0.75504474,1.12570142,False,False
LAB2-0213,gabapentin,unit_error,review required,phi3.5-mini,confidence_abstention,review required,REVIEW_REQUIRED,0.75504474,1.12570142,False,False
LAB2-0213,gabapentin,unit_error,review required,phi3.5-mini,mcp_governed,review required,REVIEW_REQUIRED,0.75504474,1.12570142,False,False
LAB2-0214,gabapentin,unit_error,review required,phi3.5-mini,deterministic_rules,review required,REVIEW_REQUIRED,0.73088336,0.99910902,False,False
LAB2-0214,gabapentin,unit_error,review required,phi3.5-mini,mcp_access_only,review required,REVIEW_REQUIRED,0.73088336,0.99910902,False,False
LAB2-0214,gabapentin,unit_error,review required,phi3.5-mini,confidence_abstention,review required,REVIEW_REQUIRED,0.73088336,0.99910902,False,False
LAB2-0214,gabapentin,unit_error,review required,phi3.5-mini,mcp_governed,review required,REVIEW_REQUIRED,0.73088336,0.99910902,False,False
LAB2-0215,gabapentin,unit_error,review required,phi3.5-mini,deterministic_rules,review required,REVIEW_REQUIRED,0.62661837,0.51773665,False,False
LAB2-0215,gabapentin,unit_error,review required,phi3.5-mini,mcp_access_only,review required,REVIEW_REQUIRED,0.62661837,0.51773665,False,False
LAB2-0215,gabapentin,unit_error,review required,phi3.5-mini,confidence_abstention,review required,REVIEW_REQUIRED,0.62661837,0.51773665,False,False
LAB2-0215,gabapentin,unit_error,review required,phi3.5-mini,mcp_governed,review required,REVIEW_REQUIRED,0.62661837,0.51773665,False,False
LAB2-0216,gabapentin,unit_error,review required,phi3.5-mini,deterministic_rules,review required,REVIEW_REQUIRED,0.62659649,0.51764315,False,False
LAB2-0216,gabapentin,unit_error,review required,phi3.5-mini,mcp_access_only,review required,REVIEW_REQUIRED,0.62659649,0.51764315,False,False
LAB2-0216,gabapentin,unit_error,review required,phi3.5-mini,confidence_abstention,review required,REVIEW_REQUIRED,0.62659649,0.51764315,False,False
LAB2-0216,gabapentin,unit_error,review required,phi3.5-mini,mcp_governed,review required,REVIEW_REQUIRED,0.62659649,0.51764315,False,False
LAB2-0217,gabapentin,conflict,review required,phi3.5-mini,deterministic_rules,review required,REVIEW_REQUIRED,0.62659147,0.51762168,False,False
LAB2-0217,gabapentin,conflict,review required,phi3.5-mini,mcp_access_only,review required,REVIEW_REQUIRED,0.62659147,0.51762168,False,False
LAB2-0217,gabapentin,conflict,review required,phi3.5-mini,confidence_abstention,review required,REVIEW_REQUIRED,0.62659147,0.51762168,False,False
LAB2-0217,gabapentin,conflict,review required,phi3.5-mini,mcp_governed,review required,REVIEW_REQUIRED,0.62659147,0.51762168,False,False
LAB2-0218,gabapentin,conflict,review required,phi3.5-mini,deterministic_rules,review required,REVIEW_REQUIRED,0.67991926,0.75340076,False,False
LAB2-0218,gabapentin,conflict,review required,phi3.5-mini,mcp_access_only,review required,REVIEW_REQUIRED,0.67991926,0.75340076,False,False
LAB2-0218,gabapentin,conflict,review required,phi3.5-mini,confidence_abstention,review required,REVIEW_REQUIRED,0.67991926,0.75340076,False,False
LAB2-0218,gabapentin,conflict,review required,phi3.5-mini,mcp_governed,review required,REVIEW_REQUIRED,0.67991926,0.75340076,False,False
LAB2-0219,gabapentin,conflict,review required,phi3.5-mini,deterministic_rules,review required,REVIEW_REQUIRED,0.62659851,0.51765178,False,False
LAB2-0219,gabapentin,conflict,review required,phi3.5-mini,mcp_access_only,review required,REVIEW_REQUIRED,0.62659851,0.51765178,False,False
LAB2-0219,gabapentin,conflict,review required,phi3.5-mini,confidence_abstention,review required,REVIEW_REQUIRED,0.62659851,0.51765178,False,False
LAB2-0219,gabapentin,conflict,review required,phi3.5-mini,mcp_governed,review required,REVIEW_REQUIRED,0.62659851,0.51765178,False,False
LAB2-0220,gabapentin,conflict,review required,phi3.5-mini,deterministic_rules,review required,REVIEW_REQUIRED,0.59641867,0.39056485,False,False
LAB2-0220,gabapentin,conflict,review required,phi3.5-mini,mcp_access_only,review required,REVIEW_REQUIRED,0.59641867,0.39056485,False,False
LAB2-0220,gabapentin,conflict,review required,phi3.5-mini,confidence_abstention,review required,REVIEW_REQUIRED,0.59641867,0.39056485,False,False
LAB2-0220,gabapentin,conflict,review required,phi3.5-mini,mcp_governed,review required,REVIEW_REQUIRED,0.59641867,0.39056485,False,False
LAB2-0221,gabapentin,wrong_encounter,review required,phi3.5-mini,deterministic_rules,review required,REVIEW_REQUIRED,0.55197847,0.20866774,False,False
LAB2-0221,gabapentin,wrong_encounter,review required,phi3.5-mini,mcp_access_only,review required,REVIEW_REQUIRED,0.55197847,0.20866774,False,False
LAB2-0221,gabapentin,wrong_encounter,review required,phi3.5-mini,confidence_abstention,review required,REVIEW_REQUIRED,0.55197847,0.20866774,False,False
LAB2-0221,gabapentin,wrong_encounter,review required,phi3.5-mini,mcp_governed,review required,REVIEW_REQUIRED,0.55197847,0.20866774,False,False
LAB2-0222,gabapentin,wrong_encounter,review required,phi3.5-mini,deterministic_rules,review required,REVIEW_REQUIRED,0.54754213,0.19074476,False,False
LAB2-0222,gabapentin,wrong_encounter,review required,phi3.5-mini,mcp_access_only,review required,REVIEW_REQUIRED,0.54754213,0.19074476,False,False
LAB2-0222,gabapentin,wrong_encounter,review required,phi3.5-mini,confidence_abstention,review required,REVIEW_REQUIRED,0.54754213,0.19074476,False,False
LAB2-0222,gabapentin,wrong_encounter,review required,phi3.5-mini,mcp_governed,review required,REVIEW_REQUIRED,0.54754213,0.19074476,False,False
LAB2-0223,gabapentin,wrong_encounter,review required,phi3.5-mini,deterministic_rules,review required,APPROVED,0.30293753,0.83334842,False,False
LAB2-0223,gabapentin,wrong_encounter,review required,phi3.5-mini,mcp_access_only,approved,APPROVED,0.30293753,0.83334842,False,False
LAB2-0223,gabapentin,wrong_encounter,review required,phi3.5-mini,confidence_abstention,approved,APPROVED,0.30293753,0.83334842,False,False
LAB2-0223,gabapentin,wrong_encounter,review required,phi3.5-mini,mcp_governed,review required,APPROVED,0.30293753,0.83334842,False,True
LAB2-0224,gabapentin,wrong_encounter,review required,phi3.5-mini,deterministic_rules,review required,APPROVED,0.30293356,0.83336724,False,False
LAB2-0224,gabapentin,wrong_encounter,review required,phi3.5-mini,mcp_access_only,approved,APPROVED,0.30293356,0.83336724,False,False
LAB2-0224,gabapentin,wrong_encounter,review required,phi3.5-mini,confidence_abstention,approved,APPROVED,0.30293356,0.83336724,False,False
LAB2-0224,gabapentin,wrong_encounter,review required,phi3.5-mini,mcp_governed,review required,APPROVED,0.30293356,0.83336724,False,True
LAB2-0225,gabapentin,service_failure,review required,phi3.5-mini,deterministic_rules,review required,REVIEW_REQUIRED,0.59938398,0.40289903,False,False
LAB2-0225,gabapentin,service_failure,review required,phi3.5-mini,mcp_access_only,review required,REVIEW_REQUIRED,0.59938398,0.40289903,False,False
LAB2-0225,gabapentin,service_failure,review required,phi3.5-mini,confidence_abstention,review required,REVIEW_REQUIRED,0.59938398,0.40289903,False,False
LAB2-0225,gabapentin,service_failure,review required,phi3.5-mini,mcp_governed,review required,REVIEW_REQUIRED,0.59938398,0.40289903,False,False
LAB2-0226,gabapentin,service_failure,review required,phi3.5-mini,deterministic_rules,review required,REVIEW_REQUIRED,0.60136899,0.41117251,False,False
LAB2-0226,gabapentin,service_failure,review required,phi3.5-mini,mcp_access_only,review required,REVIEW_REQUIRED,0.60136899,0.41117251,False,False
LAB2-0226,gabapentin,service_failure,review required,phi3.5-mini,confidence_abstention,review required,REVIEW_REQUIRED,0.60136899,0.41117251,False,False
LAB2-0226,gabapentin,service_failure,review required,phi3.5-mini,mcp_governed,review required,REVIEW_REQUIRED,0.60136899,0.41117251,False,False
LAB2-0227,gabapentin,service_failure,review required,phi3.5-mini,deterministic_rules,review required,APPROVED,0.23745489,1.16668397,False,False
LAB2-0227,gabapentin,service_failure,review required,phi3.5-mini,mcp_access_only,approved,APPROVED,0.23745489,1.16668397,False,False
LAB2-0227,gabapentin,service_failure,review required,phi3.5-mini,confidence_abstention,approved,APPROVED,0.23745489,1.16668397,False,False
LAB2-0227,gabapentin,service_failure,review required,phi3.5-mini,mcp_governed,review required,APPROVED,0.23745489,1.16668397,False,True
LAB2-0228,gabapentin,service_failure,review required,phi3.5-mini,deterministic_rules,review required,APPROVED,0.26893643,1.00002539,False,False
LAB2-0228,gabapentin,service_failure,review required,phi3.5-mini,mcp_access_only,approved,APPROVED,0.26893643,1.00002539,False,False
LAB2-0228,gabapentin,service_failure,review required,phi3.5-mini,confidence_abstention,approved,APPROVED,0.26893643,1.00002539,False,False
LAB2-0228,gabapentin,service_failure,review required,phi3.5-mini,mcp_governed,review required,APPROVED,0.26893643,1.00002539,False,True
LAB2-0241,dofetilide,clean,review required,phi3.5-mini,deterministic_rules,review required,REVIEW_REQUIRED,0.73173605,1.00344849,False,False
LAB2-0241,dofetilide,clean,review required,phi3.5-mini,mcp_access_only,review required,REVIEW_REQUIRED,0.73173605,1.00344849,False,False
LAB2-0241,dofetilide,clean,review required,phi3.5-mini,confidence_abstention,review required,REVIEW_REQUIRED,0.73173605,1.00344849,False,False
LAB2-0241,dofetilide,clean,review required,phi3.5-mini,mcp_governed,review required,REVIEW_REQUIRED,0.73173605,1.00344849,False,False
LAB2-0242,dofetilide,clean,review required,phi3.5-mini,deterministic_rules,review required,REVIEW_REQUIRED,0.85192987,1.74981816,False,False
LAB2-0242,dofetilide,clean,review required,phi3.5-mini,mcp_access_only,review required,REVIEW_REQUIRED,0.85192987,1.74981816,False,False
LAB2-0242,dofetilide,clean,review required,phi3.5-mini,confidence_abstention,review required,REVIEW_REQUIRED,0.85192987,1.74981816,False,False
LAB2-0242,dofetilide,clean,review required,phi3.5-mini,mcp_governed,review required,REVIEW_REQUIRED,0.85192987,1.74981816,False,False
LAB2-0243,dofetilide,clean,review required,phi3.5-mini,deterministic_rules,review required,REVIEW_REQUIRED,0.83549302,1.62506902,False,False
LAB2-0243,dofetilide,clean,review required,phi3.5-mini,mcp_access_only,review required,REVIEW_REQUIRED,0.83549302,1.62506902,False,False
LAB2-0243,dofetilide,clean,review required,phi3.5-mini,confidence_abstention,review required,REVIEW_REQUIRED,0.83549302,1.62506902,False,False
LAB2-0243,dofetilide,clean,review required,phi3.5-mini,mcp_governed,review required,REVIEW_REQUIRED,0.83549302,1.62506902,False,False
LAB2-0244,dofetilide,clean,review required,phi3.5-mini,deterministic_rules,review required,REVIEW_REQUIRED,0.77711513,1.24893313,False,False
LAB2-0244,dofetilide,clean,review required,phi3.5-mini,mcp_access_only,review required,REVIEW_REQUIRED,0.77711513,1.24893313,False,False
LAB2-0244,dofetilide,clean,review required,phi3.5-mini,confidence_abstention,review required,REVIEW_REQUIRED,0.77711513,1.24893313,False,False
LAB2-0244,dofetilide,clean,review required,phi3.5-mini,mcp_governed,review required,REVIEW_REQUIRED,0.77711513,1.24893313,False,False
LAB2-0245,dofetilide,clean,review required,phi3.5-mini,deterministic_rules,review required,REVIEW_REQUIRED,0.83543715,1.62466257,False,False
LAB2-0245,dofetilide,clean,review required,phi3.5-mini,mcp_access_only,review required,REVIEW_REQUIRED,0.83543715,1.62466257,False,False
LAB2-0245,dofetilide,clean,review required,phi3.5-mini,confidence_abstention,review required,REVIEW_REQUIRED,0.83543715,1.62466257,False,False
LAB2-0245,dofetilide,clean,review required,phi3.5-mini,mcp_governed,review required,REVIEW_REQUIRED,0.83543715,1.62466257,False,False
LAB2-0246,dofetilide,clean,review required,phi3.5-mini,deterministic_rules,review required,REVIEW_REQUIRED,0.73101572,0.99978202,False,False
LAB2-0246,dofetilide,clean,review required,phi3.5-mini,mcp_access_only,review required,REVIEW_REQUIRED,0.73101572,0.99978202,False,False
LAB2-0246,dofetilide,clean,review required,phi3.5-mini,confidence_abstention,review required,REVIEW_REQUIRED,0.73101572,0.99978202,False,False
LAB2-0246,dofetilide,clean,review required,phi3.5-mini,mcp_governed,review required,REVIEW_REQUIRED,0.73101572,0.99978202,False,False
LAB2-0247,dofetilide,clean,review required,phi3.5-mini,deterministic_rules,review required,REVIEW_REQUIRED,0.8175724,1.49998609,False,False
LAB2-0247,dofetilide,clean,review required,phi3.5-mini,mcp_access_only,review required,REVIEW_REQUIRED,0.8175724,1.49998609,False,False
LAB2-0247,dofetilide,clean,review required,phi3.5-mini,confidence_abstention,review required,REVIEW_REQUIRED,0.8175724,1.49998609,False,False
LAB2-0247,dofetilide,clean,review required,phi3.5-mini,mcp_governed,review required,REVIEW_REQUIRED,0.8175724,1.49998609,False,False
LAB2-0248,dofetilide,clean,review required,phi3.5-mini,deterministic_rules,review required,REVIEW_REQUIRED,0.85195952,1.75005329,False,False
LAB2-0248,dofetilide,clean,review required,phi3.5-mini,mcp_access_only,review required,REVIEW_REQUIRED,0.85195952,1.75005329,False,False
LAB2-0248,dofetilide,clean,review required,phi3.5-mini,confidence_abstention,review required,REVIEW_REQUIRED,0.85195952,1.75005329,False,False
LAB2-0248,dofetilide,clean,review required,phi3.5-mini,mcp_governed,review required,REVIEW_REQUIRED,0.85195952,1.75005329,False,False
LAB2-0249,dofetilide,clean,review required,phi3.5-mini,deterministic_rules,review required,REVIEW_REQUIRED,0.75497213,1.12530889,False,False
LAB2-0249,dofetilide,clean,review required,phi3.5-mini,mcp_access_only,review required,REVIEW_REQUIRED,0.75497213,1.12530889,False,False
LAB2-0249,dofetilide,clean,review required,phi3.5-mini,confidence_abstention,review required,REVIEW_REQUIRED,0.75497213,1.12530889,False,False
LAB2-0249,dofetilide,clean,review required,phi3.5-mini,mcp_governed,review required,REVIEW_REQUIRED,0.75497213,1.12530889,False,False
LAB2-0250,dofetilide,clean,review required,phi3.5-mini,deterministic_rules,review required,REVIEW_REQUIRED,0.75505688,1.12576709,False,False
LAB2-0250,dofetilide,clean,review required,phi3.5-mini,mcp_access_only,review required,REVIEW_REQUIRED,0.75505688,1.12576709,False,False
LAB2-0250,dofetilide,clean,review required,phi3.5-mini,confidence_abstention,review required,REVIEW_REQUIRED,0.75505688,1.12576709,False,False
LAB2-0250,dofetilide,clean,review required,phi3.5-mini,mcp_governed,review required,REVIEW_REQUIRED,0.75505688,1.12576709,False,False
LAB2-0251,dofetilide,clean,review required,phi3.5-mini,deterministic_rules,review required,REVIEW_REQUIRED,0.75487026,1.12475829,False,False
LAB2-0251,dofetilide,clean,review required,phi3.5-mini,mcp_access_only,review required,REVIEW_REQUIRED,0.75487026,1.12475829,False,False
LAB2-0251,dofetilide,clean,review required,phi3.5-mini,confidence_abstention,review required,REVIEW_REQUIRED,0.75487026,1.12475829,False,False
LAB2-0251,dofetilide,clean,review required,phi3.5-mini,mcp_governed,review required,REVIEW_REQUIRED,0.75487026,1.12475829,False,False
LAB2-0252,dofetilide,clean,review required,phi3.5-mini,deterministic_rules,review required,REVIEW_REQUIRED,0.70609316,0.87648432,False,False
LAB2-0252,dofetilide,clean,review required,phi3.5-mini,mcp_access_only,review required,REVIEW_REQUIRED,0.70609316,0.87648432,False,False
LAB2-0252,dofetilide,clean,review required,phi3.5-mini,confidence_abstention,review required,REVIEW_REQUIRED,0.70609316,0.87648432,False,False
LAB2-0252,dofetilide,clean,review required,phi3.5-mini,mcp_governed,review required,REVIEW_REQUIRED,0.70609316,0.87648432,False,False
LAB2-0253,dofetilide,clean,approved,phi3.5-mini,deterministic_rules,approved,APPROVED,0.32692732,0.72211543,False,False
LAB2-0253,dofetilide,clean,approved,phi3.5-mini,mcp_access_only,approved,APPROVED,0.32692732,0.72211543,False,False
LAB2-0253,dofetilide,clean,approved,phi3.5-mini,confidence_abstention,approved,APPROVED,0.32692732,0.72211543,False,False
LAB2-0253,dofetilide,clean,approved,phi3.5-mini,mcp_governed,approved,APPROVED,0.32692732,0.72211543,False,False
LAB2-0254,dofetilide,clean,approved,phi3.5-mini,deterministic_rules,approved,APPROVED,0.32696667,0.72193662,False,False
LAB2-0254,dofetilide,clean,approved,phi3.5-mini,mcp_access_only,approved,APPROVED,0.32696667,0.72193662,False,False
LAB2-0254,dofetilide,clean,approved,phi3.5-mini,confidence_abstention,approved,APPROVED,0.32696667,0.72193662,False,False
LAB2-0254,dofetilide,clean,approved,phi3.5-mini,mcp_governed,approved,APPROVED,0.32696667,0.72193662,False,False
LAB2-0255,dofetilide,clean,approved,phi3.5-mini,deterministic_rules,approved,APPROVED,0.32698165,0.72186853,False,False
LAB2-0255,dofetilide,clean,approved,phi3.5-mini,mcp_access_only,approved,APPROVED,0.32698165,0.72186853,False,False
LAB2-0255,dofetilide,clean,approved,phi3.5-mini,confidence_abstention,approved,APPROVED,0.32698165,0.72186853,False,False
LAB2-0255,dofetilide,clean,approved,phi3.5-mini,mcp_governed,approved,APPROVED,0.32698165,0.72186853,False,False
LAB2-0256,dofetilide,clean,approved,phi3.5-mini,deterministic_rules,approved,APPROVED,0.24764565,1.11120853,False,False
LAB2-0256,dofetilide,clean,approved,phi3.5-mini,mcp_access_only,approved,APPROVED,0.24764565,1.11120853,False,False
LAB2-0256,dofetilide,clean,approved,phi3.5-mini,confidence_abstention,approved,APPROVED,0.24764565,1.11120853,False,False
LAB2-0256,dofetilide,clean,approved,phi3.5-mini,mcp_governed,approved,APPROVED,0.24764565,1.11120853,False,False
LAB2-0257,dofetilide,clean,approved,phi3.5-mini,deterministic_rules,approved,APPROVED,0.22752315,1.22235007,False,False
LAB2-0257,dofetilide,clean,approved,phi3.5-mini,mcp_access_only,approved,APPROVED,0.22752315,1.22235007,False,False
LAB2-0257,dofetilide,clean,approved,phi3.5-mini,confidence_abstention,approved,APPROVED,0.22752315,1.22235007,False,False
LAB2-0257,dofetilide,clean,approved,phi3.5-mini,mcp_governed,approved,APPROVED,0.22752315,1.22235007,False,False
LAB2-0258,dofetilide,clean,approved,phi3.5-mini,deterministic_rules,approved,APPROVED,0.23741881,1.16688324,False,False
LAB2-0258,dofetilide,clean,approved,phi3.5-mini,mcp_access_only,approved,APPROVED,0.23741881,1.16688324,False,False
LAB2-0258,dofetilide,clean,approved,phi3.5-mini,confidence_abstention,approved,APPROVED,0.23741881,1.16688324,False,False
LAB2-0258,dofetilide,clean,approved,phi3.5-mini,mcp_governed,approved,APPROVED,0.23741881,1.16688324,False,False
LAB2-0259,dofetilide,clean,approved,phi3.5-mini,deterministic_rules,approved,APPROVED,0.24764032,1.11123711,False,False
LAB2-0259,dofetilide,clean,approved,phi3.5-mini,mcp_access_only,approved,APPROVED,0.24764032,1.11123711,False,False
LAB2-0259,dofetilide,clean,approved,phi3.5-mini,confidence_abstention,approved,APPROVED,0.24764032,1.11123711,False,False
LAB2-0259,dofetilide,clean,approved,phi3.5-mini,mcp_governed,approved,APPROVED,0.24764032,1.11123711,False,False
LAB2-0260,dofetilide,clean,approved,phi3.5-mini,deterministic_rules,approved,APPROVED,0.23742806,1.16683219,False,False
LAB2-0260,dofetilide,clean,approved,phi3.5-mini,mcp_access_only,approved,APPROVED,0.23742806,1.16683219,False,False
LAB2-0260,dofetilide,clean,approved,phi3.5-mini,confidence_abstention,approved,APPROVED,0.23742806,1.16683219,False,False
LAB2-0260,dofetilide,clean,approved,phi3.5-mini,mcp_governed,approved,APPROVED,0.23742806,1.16683219,False,False
LAB2-0261,dofetilide,clean,approved,phi3.5-mini,deterministic_rules,approved,APPROVED,0.19955775,1.3890607,False,False
LAB2-0261,dofetilide,clean,approved,phi3.5-mini,mcp_access_only,approved,APPROVED,0.19955775,1.3890607,False,False
LAB2-0261,dofetilide,clean,approved,phi3.5-mini,confidence_abstention,approved,APPROVED,0.19955775,1.3890607,False,False
LAB2-0261,dofetilide,clean,approved,phi3.5-mini,mcp_governed,approved,APPROVED,0.19955775,1.3890607,False,False
LAB2-0262,dofetilide,clean,approved,phi3.5-mini,deterministic_rules,approved,APPROVED,0.20858058,1.33350263,False,False
LAB2-0262,dofetilide,clean,approved,phi3.5-mini,mcp_access_only,approved,APPROVED,0.20858058,1.33350263,False,False
LAB2-0262,dofetilide,clean,approved,phi3.5-mini,confidence_abstention,approved,APPROVED,0.20858058,1.33350263,False,False
LAB2-0262,dofetilide,clean,approved,phi3.5-mini,mcp_governed,approved,APPROVED,0.20858058,1.33350263,False,False
LAB2-0263,dofetilide,clean,approved,phi3.5-mini,deterministic_rules,approved,APPROVED,0.19956913,1.38898945,False,False
LAB2-0263,dofetilide,clean,approved,phi3.5-mini,mcp_access_only,approved,APPROVED,0.19956913,1.38898945,False,False
LAB2-0263,dofetilide,clean,approved,phi3.5-mini,confidence_abstention,approved,APPROVED,0.19956913,1.38898945,False,False
LAB2-0263,dofetilide,clean,approved,phi3.5-mini,mcp_governed,approved,APPROVED,0.19956913,1.38898945,False,False
LAB2-0264,dofetilide,clean,approved,phi3.5-mini,deterministic_rules,approved,APPROVED,0.23743466,1.16679574,False,False
LAB2-0264,dofetilide,clean,approved,phi3.5-mini,mcp_access_only,approved,APPROVED,0.23743466,1.16679574,False,False
LAB2-0264,dofetilide,clean,approved,phi3.5-mini,confidence_abstention,approved,APPROVED,0.23743466,1.16679574,False,False
LAB2-0264,dofetilide,clean,approved,phi3.5-mini,mcp_governed,approved,APPROVED,0.23743466,1.16679574,False,False
LAB2-0265,dofetilide,missing,review required,phi3.5-mini,deterministic_rules,review required,REVIEW_REQUIRED,0.85185255,1.74920542,False,False
LAB2-0265,dofetilide,missing,review required,phi3.5-mini,mcp_access_only,review required,REVIEW_REQUIRED,0.85185255,1.74920542,False,False
LAB2-0265,dofetilide,missing,review required,phi3.5-mini,confidence_abstention,review required,REVIEW_REQUIRED,0.85185255,1.74920542,False,False
LAB2-0265,dofetilide,missing,review required,phi3.5-mini,mcp_governed,review required,REVIEW_REQUIRED,0.85185255,1.74920542,False,False
LAB2-0266,dofetilide,missing,review required,phi3.5-mini,deterministic_rules,review required,REVIEW_REQUIRED,0.85192897,1.74981104,False,False
LAB2-0266,dofetilide,missing,review required,phi3.5-mini,mcp_access_only,review required,REVIEW_REQUIRED,0.85192897,1.74981104,False,False
LAB2-0266,dofetilide,missing,review required,phi3.5-mini,confidence_abstention,review required,REVIEW_REQUIRED,0.85192897,1.74981104,False,False
LAB2-0266,dofetilide,missing,review required,phi3.5-mini,mcp_governed,review required,REVIEW_REQUIRED,0.85192897,1.74981104,False,False
LAB2-0267,dofetilide,missing,review required,phi3.5-mini,deterministic_rules,review required,REVIEW_REQUIRED,0.88075446,1.99959418,False,False
LAB2-0267,dofetilide,missing,review required,phi3.5-mini,mcp_access_only,review required,REVIEW_REQUIRED,0.88075446,1.99959418,False,False
LAB2-0267,dofetilide,missing,review required,phi3.5-mini,confidence_abstention,review required,REVIEW_REQUIRED,0.88075446,1.99959418,False,False
LAB2-0267,dofetilide,missing,review required,phi3.5-mini,mcp_governed,review required,REVIEW_REQUIRED,0.88075446,1.99959418,False,False
LAB2-0268,dofetilide,missing,review required,phi3.5-mini,deterministic_rules,review required,REVIEW_REQUIRED,0.86702512,1.87490767,False,False
LAB2-0268,dofetilide,missing,review required,phi3.5-mini,mcp_access_only,review required,REVIEW_REQUIRED,0.86702512,1.87490767,False,False
LAB2-0268,dofetilide,missing,review required,phi3.5-mini,confidence_abstention,review required,REVIEW_REQUIRED,0.86702512,1.87490767,False,False
LAB2-0268,dofetilide,missing,review required,phi3.5-mini,mcp_governed,review required,REVIEW_REQUIRED,0.86702512,1.87490767,False,False
LAB2-0269,dofetilide,stale,review required,phi3.5-mini,deterministic_rules,review required,REVIEW_REQUIRED,0.86724411,1.8768085,False,False
LAB2-0269,dofetilide,stale,review required,phi3.5-mini,mcp_access_only,review required,REVIEW_REQUIRED,0.86724411,1.8768085,False,False
LAB2-0269,dofetilide,stale,review required,phi3.5-mini,confidence_abstention,review required,REVIEW_REQUIRED,0.86724411,1.8768085,False,False
LAB2-0269,dofetilide,stale,review required,phi3.5-mini,mcp_governed,review required,REVIEW_REQUIRED,0.86724411,1.8768085,False,False
LAB2-0270,dofetilide,stale,review required,phi3.5-mini,deterministic_rules,review required,REVIEW_REQUIRED,0.73142955,1.00188765,False,False
LAB2-0270,dofetilide,stale,review required,phi3.5-mini,mcp_access_only,review required,REVIEW_REQUIRED,0.73142955,1.00188765,False,False
LAB2-0270,dofetilide,stale,review required,phi3.5-mini,confidence_abstention,review required,REVIEW_REQUIRED,0.73142955,1.00188765,False,False
LAB2-0270,dofetilide,stale,review required,phi3.5-mini,mcp_governed,review required,REVIEW_REQUIRED,0.73142955,1.00188765,False,False
LAB2-0271,dofetilide,stale,review required,phi3.5-mini,deterministic_rules,review required,APPROVED,0.36476289,0.55475081,False,False
LAB2-0271,dofetilide,stale,review required,phi3.5-mini,mcp_access_only,approved,APPROVED,0.36476289,0.55475081,False,False
LAB2-0271,dofetilide,stale,review required,phi3.5-mini,confidence_abstention,approved,APPROVED,0.36476289,0.55475081,False,False
LAB2-0271,dofetilide,stale,review required,phi3.5-mini,mcp_governed,review required,APPROVED,0.36476289,0.55475081,False,True
LAB2-0272,dofetilide,stale,review required,phi3.5-mini,deterministic_rules,review required,APPROVED,0.27999534,0.94448472,False,False
LAB2-0272,dofetilide,stale,review required,phi3.5-mini,mcp_access_only,approved,APPROVED,0.27999534,0.94448472,False,False
LAB2-0272,dofetilide,stale,review required,phi3.5-mini,confidence_abstention,approved,APPROVED,0.27999534,0.94448472,False,False
LAB2-0272,dofetilide,stale,review required,phi3.5-mini,mcp_governed,review required,APPROVED,0.27999534,0.94448472,False,True
LAB2-0273,dofetilide,unit_error,review required,phi3.5-mini,deterministic_rules,review required,REVIEW_REQUIRED,0.86707804,1.87536677,False,False
LAB2-0273,dofetilide,unit_error,review required,phi3.5-mini,mcp_access_only,review required,REVIEW_REQUIRED,0.86707804,1.87536677,False,False
LAB2-0273,dofetilide,unit_error,review required,phi3.5-mini,confidence_abstention,review required,REVIEW_REQUIRED,0.86707804,1.87536677,False,False
LAB2-0273,dofetilide,unit_error,review required,phi3.5-mini,mcp_governed,review required,REVIEW_REQUIRED,0.86707804,1.87536677,False,False
LAB2-0274,dofetilide,unit_error,review required,phi3.5-mini,deterministic_rules,review required,REVIEW_REQUIRED,0.83561628,1.62596606,False,False
LAB2-0274,dofetilide,unit_error,review required,phi3.5-mini,mcp_access_only,review required,REVIEW_REQUIRED,0.83561628,1.62596606,False,False
LAB2-0274,dofetilide,unit_error,review required,phi3.5-mini,confidence_abstention,review required,REVIEW_REQUIRED,0.83561628,1.62596606,False,False
LAB2-0274,dofetilide,unit_error,review required,phi3.5-mini,mcp_governed,review required,REVIEW_REQUIRED,0.83561628,1.62596606,False,False
LAB2-0275,dofetilide,unit_error,review required,phi3.5-mini,deterministic_rules,review required,REVIEW_REQUIRED,0.67991868,0.75339813,False,False
LAB2-0275,dofetilide,unit_error,review required,phi3.5-mini,mcp_access_only,review required,REVIEW_REQUIRED,0.67991868,0.75339813,False,False
LAB2-0275,dofetilide,unit_error,review required,phi3.5-mini,confidence_abstention,review required,REVIEW_REQUIRED,0.67991868,0.75339813,False,False
LAB2-0275,dofetilide,unit_error,review required,phi3.5-mini,mcp_governed,review required,REVIEW_REQUIRED,0.67991868,0.75339813,False,False
LAB2-0276,dofetilide,unit_error,review required,phi3.5-mini,deterministic_rules,review required,REVIEW_REQUIRED,0.65382895,0.63591275,False,False
LAB2-0276,dofetilide,unit_error,review required,phi3.5-mini,mcp_access_only,review required,REVIEW_REQUIRED,0.65382895,0.63591275,False,False
LAB2-0276,dofetilide,unit_error,review required,phi3.5-mini,confidence_abstention,review required,REVIEW_REQUIRED,0.65382895,0.63591275,False,False
LAB2-0276,dofetilide,unit_error,review required,phi3.5-mini,mcp_governed,review required,REVIEW_REQUIRED,0.65382895,0.63591275,False,False
LAB2-0277,dofetilide,conflict,review required,phi3.5-mini,deterministic_rules,review required,REVIEW_REQUIRED,0.79820337,1.37510299,False,False
LAB2-0277,dofetilide,conflict,review required,phi3.5-mini,mcp_access_only,review required,REVIEW_REQUIRED,0.79820337,1.37510299,False,False
LAB2-0277,dofetilide,conflict,review required,phi3.5-mini,confidence_abstention,review required,REVIEW_REQUIRED,0.79820337,1.37510299,False,False
LAB2-0277,dofetilide,conflict,review required,phi3.5-mini,mcp_governed,review required,REVIEW_REQUIRED,0.79820337,1.37510299,False,False
LAB2-0278,dofetilide,conflict,review required,phi3.5-mini,deterministic_rules,review required,REVIEW_REQUIRED,0.75508932,1.12594247,False,False
LAB2-0278,dofetilide,conflict,review required,phi3.5-mini,mcp_access_only,review required,REVIEW_REQUIRED,0.75508932,1.12594247,False,False
LAB2-0278,dofetilide,conflict,review required,phi3.5-mini,confidence_abstention,review required,REVIEW_REQUIRED,0.75508932,1.12594247,False,False
LAB2-0278,dofetilide,conflict,review required,phi3.5-mini,mcp_governed,review required,REVIEW_REQUIRED,0.75508932,1.12594247,False,False
LAB2-0279,dofetilide,conflict,review required,phi3.5-mini,deterministic_rules,review required,REVIEW_REQUIRED,0.77832714,1.25594424,False,False
LAB2-0279,dofetilide,conflict,review required,phi3.5-mini,mcp_access_only,review required,REVIEW_REQUIRED,0.77832714,1.25594424,False,False
LAB2-0279,dofetilide,conflict,review required,phi3.5-mini,confidence_abstention,review required,REVIEW_REQUIRED,0.77832714,1.25594424,False,False
LAB2-0279,dofetilide,conflict,review required,phi3.5-mini,mcp_governed,review required,REVIEW_REQUIRED,0.77832714,1.25594424,False,False
LAB2-0280,dofetilide,conflict,review required,phi3.5-mini,deterministic_rules,review required,REVIEW_REQUIRED,0.75639267,1.13300303,False,False
LAB2-0280,dofetilide,conflict,review required,phi3.5-mini,mcp_access_only,review required,REVIEW_REQUIRED,0.75639267,1.13300303,False,False
LAB2-0280,dofetilide,conflict,review required,phi3.5-mini,confidence_abstention,review required,REVIEW_REQUIRED,0.75639267,1.13300303,False,False
LAB2-0280,dofetilide,conflict,review required,phi3.5-mini,mcp_governed,review required,REVIEW_REQUIRED,0.75639267,1.13300303,False,False
LAB2-0281,dofetilide,wrong_encounter,review required,phi3.5-mini,deterministic_rules,review required,REVIEW_REQUIRED,0.79810445,1.37448902,False,False
LAB2-0281,dofetilide,wrong_encounter,review required,phi3.5-mini,mcp_access_only,review required,REVIEW_REQUIRED,0.79810445,1.37448902,False,False
LAB2-0281,dofetilide,wrong_encounter,review required,phi3.5-mini,confidence_abstention,review required,REVIEW_REQUIRED,0.79810445,1.37448902,False,False
LAB2-0281,dofetilide,wrong_encounter,review required,phi3.5-mini,mcp_governed,review required,REVIEW_REQUIRED,0.79810445,1.37448902,False,False
LAB2-0282,dofetilide,wrong_encounter,review required,phi3.5-mini,deterministic_rules,review required,REVIEW_REQUIRED,0.75536822,1.12745118,False,False
LAB2-0282,dofetilide,wrong_encounter,review required,phi3.5-mini,mcp_access_only,review required,REVIEW_REQUIRED,0.75536822,1.12745118,False,False
LAB2-0282,dofetilide,wrong_encounter,review required,phi3.5-mini,confidence_abstention,review required,REVIEW_REQUIRED,0.75536822,1.12745118,False,False
LAB2-0282,dofetilide,wrong_encounter,review required,phi3.5-mini,mcp_governed,review required,REVIEW_REQUIRED,0.75536822,1.12745118,False,False
LAB2-0283,dofetilide,wrong_encounter,review required,phi3.5-mini,deterministic_rules,review required,APPROVED,0.45364441,0.18595638,False,False
LAB2-0283,dofetilide,wrong_encounter,review required,phi3.5-mini,mcp_access_only,approved,APPROVED,0.45364441,0.18595638,False,False
LAB2-0283,dofetilide,wrong_encounter,review required,phi3.5-mini,confidence_abstention,review required,APPROVED,0.45364441,0.18595638,True,False
LAB2-0283,dofetilide,wrong_encounter,review required,phi3.5-mini,mcp_governed,review required,APPROVED,0.45364441,0.18595638,False,True
LAB2-0284,dofetilide,wrong_encounter,review required,phi3.5-mini,deterministic_rules,review required,APPROVED,0.41791561,0.33133593,False,False
LAB2-0284,dofetilide,wrong_encounter,review required,phi3.5-mini,mcp_access_only,approved,APPROVED,0.41791561,0.33133593,False,False
LAB2-0284,dofetilide,wrong_encounter,review required,phi3.5-mini,confidence_abstention,review required,APPROVED,0.41791561,0.33133593,True,False
LAB2-0284,dofetilide,wrong_encounter,review required,phi3.5-mini,mcp_governed,review required,APPROVED,0.41791561,0.33133593,False,True
LAB2-0285,dofetilide,service_failure,review required,phi3.5-mini,deterministic_rules,review required,REVIEW_REQUIRED,0.75503961,1.12567367,False,False
LAB2-0285,dofetilide,service_failure,review required,phi3.5-mini,mcp_access_only,review required,REVIEW_REQUIRED,0.75503961,1.12567367,False,False
LAB2-0285,dofetilide,service_failure,review required,phi3.5-mini,confidence_abstention,review required,REVIEW_REQUIRED,0.75503961,1.12567367,False,False
LAB2-0285,dofetilide,service_failure,review required,phi3.5-mini,mcp_governed,review required,REVIEW_REQUIRED,0.75503961,1.12567367,False,False
LAB2-0286,dofetilide,service_failure,review required,phi3.5-mini,deterministic_rules,review required,REVIEW_REQUIRED,0.77736557,1.25037964,False,False
LAB2-0286,dofetilide,service_failure,review required,phi3.5-mini,mcp_access_only,review required,REVIEW_REQUIRED,0.77736557,1.25037964,False,False
LAB2-0286,dofetilide,service_failure,review required,phi3.5-mini,confidence_abstention,review required,REVIEW_REQUIRED,0.77736557,1.25037964,False,False
LAB2-0286,dofetilide,service_failure,review required,phi3.5-mini,mcp_governed,review required,REVIEW_REQUIRED,0.77736557,1.25037964,False,False
LAB2-0287,dofetilide,service_failure,review required,phi3.5-mini,deterministic_rules,review required,APPROVED,0.3269395,0.72206008,False,False
LAB2-0287,dofetilide,service_failure,review required,phi3.5-mini,mcp_access_only,approved,APPROVED,0.3269395,0.72206008,False,False
LAB2-0287,dofetilide,service_failure,review required,phi3.5-mini,confidence_abstention,approved,APPROVED,0.3269395,0.72206008,False,False
LAB2-0287,dofetilide,service_failure,review required,phi3.5-mini,mcp_governed,review required,APPROVED,0.3269395,0.72206008,False,True
LAB2-0288,dofetilide,service_failure,review required,phi3.5-mini,deterministic_rules,review required,APPROVED,0.25814448,1.05563506,False,False
LAB2-0288,dofetilide,service_failure,review required,phi3.5-mini,mcp_access_only,approved,APPROVED,0.25814448,1.05563506,False,False
LAB2-0288,dofetilide,service_failure,review required,phi3.5-mini,confidence_abstention,approved,APPROVED,0.25814448,1.05563506,False,False
LAB2-0288,dofetilide,service_failure,review required,phi3.5-mini,mcp_governed,review required,APPROVED,0.25814448,1.05563506,False,True
LAB2-0301,spironolactone,clean,review required,phi3.5-mini,deterministic_rules,review required,REVIEW_REQUIRED,0.85201696,1.75050878,False,False
LAB2-0301,spironolactone,clean,review required,phi3.5-mini,mcp_access_only,review required,REVIEW_REQUIRED,0.85201696,1.75050878,False,False
LAB2-0301,spironolactone,clean,review required,phi3.5-mini,confidence_abstention,review required,REVIEW_REQUIRED,0.85201696,1.75050878,False,False
LAB2-0301,spironolactone,clean,review required,phi3.5-mini,mcp_governed,review required,REVIEW_REQUIRED,0.85201696,1.75050878,False,False
LAB2-0302,spironolactone,clean,review required,phi3.5-mini,deterministic_rules,review required,REVIEW_REQUIRED,0.88080673,2.00009191,False,False
LAB2-0302,spironolactone,clean,review required,phi3.5-mini,mcp_access_only,review required,REVIEW_REQUIRED,0.88080673,2.00009191,False,False
LAB2-0302,spironolactone,clean,review required,phi3.5-mini,confidence_abstention,review required,REVIEW_REQUIRED,0.88080673,2.00009191,False,False
LAB2-0302,spironolactone,clean,review required,phi3.5-mini,mcp_governed,review required,REVIEW_REQUIRED,0.88080673,2.00009191,False,False
LAB2-0303,spironolactone,clean,review required,phi3.5-mini,deterministic_rules,review required,REVIEW_REQUIRED,0.88084294,2.00043684,False,False
LAB2-0303,spironolactone,clean,review required,phi3.5-mini,mcp_access_only,review required,REVIEW_REQUIRED,0.88084294,2.00043684,False,False
LAB2-0303,spironolactone,clean,review required,phi3.5-mini,confidence_abstention,review required,REVIEW_REQUIRED,0.88084294,2.00043684,False,False
LAB2-0303,spironolactone,clean,review required,phi3.5-mini,mcp_governed,review required,REVIEW_REQUIRED,0.88084294,2.00043684,False,False
LAB2-0304,spironolactone,clean,review required,phi3.5-mini,deterministic_rules,review required,REVIEW_REQUIRED,0.88078733,1.99990715,False,False
LAB2-0304,spironolactone,clean,review required,phi3.5-mini,mcp_access_only,review required,REVIEW_REQUIRED,0.88078733,1.99990715,False,False
LAB2-0304,spironolactone,clean,review required,phi3.5-mini,confidence_abstention,review required,REVIEW_REQUIRED,0.88078733,1.99990715,False,False
LAB2-0304,spironolactone,clean,review required,phi3.5-mini,mcp_governed,review required,REVIEW_REQUIRED,0.88078733,1.99990715,False,False
LAB2-0305,spironolactone,clean,review required,phi3.5-mini,deterministic_rules,review required,REVIEW_REQUIRED,0.88081191,2.0001413,False,False
LAB2-0305,spironolactone,clean,review required,phi3.5-mini,mcp_access_only,review required,REVIEW_REQUIRED,0.88081191,2.0001413,False,False
LAB2-0305,spironolactone,clean,review required,phi3.5-mini,confidence_abstention,review required,REVIEW_REQUIRED,0.88081191,2.0001413,False,False
LAB2-0305,spironolactone,clean,review required,phi3.5-mini,mcp_governed,review required,REVIEW_REQUIRED,0.88081191,2.0001413,False,False
LAB2-0306,spironolactone,clean,review required,phi3.5-mini,deterministic_rules,review required,REVIEW_REQUIRED,0.83551453,1.62522547,False,False
LAB2-0306,spironolactone,clean,review required,phi3.5-mini,mcp_access_only,review required,REVIEW_REQUIRED,0.83551453,1.62522547,False,False
LAB2-0306,spironolactone,clean,review required,phi3.5-mini,confidence_abstention,review required,REVIEW_REQUIRED,0.83551453,1.62522547,False,False
LAB2-0306,spironolactone,clean,review required,phi3.5-mini,mcp_governed,review required,REVIEW_REQUIRED,0.83551453,1.62522547,False,False
LAB2-0307,spironolactone,clean,review required,phi3.5-mini,deterministic_rules,review required,REVIEW_REQUIRED,0.91491384,2.37516548,False,False
LAB2-0307,spironolactone,clean,review required,phi3.5-mini,mcp_access_only,review required,REVIEW_REQUIRED,0.91491384,2.37516548,False,False
LAB2-0307,spironolactone,clean,review required,phi3.5-mini,confidence_abstention,review required,REVIEW_REQUIRED,0.91491384,2.37516548,False,False
LAB2-0307,spironolactone,clean,review required,phi3.5-mini,mcp_governed,review required,REVIEW_REQUIRED,0.91491384,2.37516548,False,False
LAB2-0308,spironolactone,clean,review required,phi3.5-mini,deterministic_rules,review required,REVIEW_REQUIRED,0.8932914,2.12481112,False,False
LAB2-0308,spironolactone,clean,review required,phi3.5-mini,mcp_access_only,review required,REVIEW_REQUIRED,0.8932914,2.12481112,False,False
LAB2-0308,spironolactone,clean,review required,phi3.5-mini,confidence_abstention,review required,REVIEW_REQUIRED,0.8932914,2.12481112,False,False
LAB2-0308,spironolactone,clean,review required,phi3.5-mini,mcp_governed,review required,REVIEW_REQUIRED,0.8932914,2.12481112,False,False
LAB2-0309,spironolactone,clean,review required,phi3.5-mini,deterministic_rules,review required,REVIEW_REQUIRED,0.90465025,2.24999667,False,False
LAB2-0309,spironolactone,clean,review required,phi3.5-mini,mcp_access_only,review required,REVIEW_REQUIRED,0.90465025,2.24999667,False,False
LAB2-0309,spironolactone,clean,review required,phi3.5-mini,confidence_abstention,review required,REVIEW_REQUIRED,0.90465025,2.24999667,False,False
LAB2-0309,spironolactone,clean,review required,phi3.5-mini,mcp_governed,review required,REVIEW_REQUIRED,0.90465025,2.24999667,False,False
LAB2-0310,spironolactone,clean,review required,phi3.5-mini,deterministic_rules,review required,REVIEW_REQUIRED,0.85192781,1.74980186,False,False
LAB2-0310,spironolactone,clean,review required,phi3.5-mini,mcp_access_only,review required,REVIEW_REQUIRED,0.85192781,1.74980186,False,False
LAB2-0310,spironolactone,clean,review required,phi3.5-mini,confidence_abstention,review required,REVIEW_REQUIRED,0.85192781,1.74980186,False,False
LAB2-0310,spironolactone,clean,review required,phi3.5-mini,mcp_governed,review required,REVIEW_REQUIRED,0.85192781,1.74980186,False,False
LAB2-0311,spironolactone,clean,review required,phi3.5-mini,deterministic_rules,review required,REVIEW_REQUIRED,0.85197443,1.75017151,False,False
LAB2-0311,spironolactone,clean,review required,phi3.5-mini,mcp_access_only,review required,REVIEW_REQUIRED,0.85197443,1.75017151,False,False
LAB2-0311,spironolactone,clean,review required,phi3.5-mini,confidence_abstention,review required,REVIEW_REQUIRED,0.85197443,1.75017151,False,False
LAB2-0311,spironolactone,clean,review required,phi3.5-mini,mcp_governed,review required,REVIEW_REQUIRED,0.85197443,1.75017151,False,False
LAB2-0312,spironolactone,clean,review required,phi3.5-mini,deterministic_rules,review required,REVIEW_REQUIRED,0.86706657,1.87526724,False,False
LAB2-0312,spironolactone,clean,review required,phi3.5-mini,mcp_access_only,review required,REVIEW_REQUIRED,0.86706657,1.87526724,False,False
LAB2-0312,spironolactone,clean,review required,phi3.5-mini,confidence_abstention,review required,REVIEW_REQUIRED,0.86706657,1.87526724,False,False
LAB2-0312,spironolactone,clean,review required,phi3.5-mini,mcp_governed,review required,REVIEW_REQUIRED,0.86706657,1.87526724,False,False
LAB2-0313,spironolactone,clean,approved,phi3.5-mini,deterministic_rules,approved,APPROVED,0.27996178,0.94465122,False,False
LAB2-0313,spironolactone,clean,approved,phi3.5-mini,mcp_access_only,approved,APPROVED,0.27996178,0.94465122,False,False
LAB2-0313,spironolactone,clean,approved,phi3.5-mini,confidence_abstention,approved,APPROVED,0.27996178,0.94465122,False,False
LAB2-0313,spironolactone,clean,approved,phi3.5-mini,mcp_governed,approved,APPROVED,0.27996178,0.94465122,False,False
LAB2-0314,spironolactone,clean,approved,phi3.5-mini,deterministic_rules,approved,APPROVED,0.35267482,0.60730233,False,False
LAB2-0314,spironolactone,clean,approved,phi3.5-mini,mcp_access_only,approved,APPROVED,0.35267482,0.60730233,False,False
LAB2-0314,spironolactone,clean,approved,phi3.5-mini,confidence_abstention,approved,APPROVED,0.35267482,0.60730233,False,False
LAB2-0314,spironolactone,clean,approved,phi3.5-mini,mcp_governed,approved,APPROVED,0.35267482,0.60730233,False,False
LAB2-0315,spironolactone,clean,approved,phi3.5-mini,deterministic_rules,approved,APPROVED,0.3147489,0.77801016,False,False
LAB2-0315,spironolactone,clean,approved,phi3.5-mini,mcp_access_only,approved,APPROVED,0.3147489,0.77801016,False,False
LAB2-0315,spironolactone,clean,approved,phi3.5-mini,confidence_abstention,approved,APPROVED,0.3147489,0.77801016,False,False
LAB2-0315,spironolactone,clean,approved,phi3.5-mini,mcp_governed,approved,APPROVED,0.3147489,0.77801016,False,False
LAB2-0316,spironolactone,clean,approved,phi3.5-mini,deterministic_rules,approved,APPROVED,0.37826837,0.49690462,False,False
LAB2-0316,spironolactone,clean,approved,phi3.5-mini,mcp_access_only,approved,APPROVED,0.37826837,0.49690462,False,False
LAB2-0316,spironolactone,clean,approved,phi3.5-mini,confidence_abstention,approved,APPROVED,0.37826837,0.49690462,False,False
LAB2-0316,spironolactone,clean,approved,phi3.5-mini,mcp_governed,approved,APPROVED,0.37826837,0.49690462,False,False
LAB2-0317,spironolactone,clean,approved,phi3.5-mini,deterministic_rules,approved,APPROVED,0.44898817,0.20475973,False,False
LAB2-0317,spironolactone,clean,approved,phi3.5-mini,mcp_access_only,approved,APPROVED,0.44898817,0.20475973,False,False
LAB2-0317,spironolactone,clean,approved,phi3.5-mini,confidence_abstention,review required,APPROVED,0.44898817,0.20475973,True,False
LAB2-0317,spironolactone,clean,approved,phi3.5-mini,mcp_governed,approved,APPROVED,0.44898817,0.20475973,False,False
LAB2-0318,spironolactone,clean,approved,phi3.5-mini,deterministic_rules,approved,APPROVED,0.33913896,0.66713364,False,False
LAB2-0318,spironolactone,clean,approved,phi3.5-mini,mcp_access_only,approved,APPROVED,0.33913896,0.66713364,False,False
LAB2-0318,spironolactone,clean,approved,phi3.5-mini,confidence_abstention,approved,APPROVED,0.33913896,0.66713364,False,False
LAB2-0318,spironolactone,clean,approved,phi3.5-mini,mcp_governed,approved,APPROVED,0.33913896,0.66713364,False,False
LAB2-0319,spironolactone,clean,approved,phi3.5-mini,deterministic_rules,approved,APPROVED,0.37761613,0.4996789,False,False
LAB2-0319,spironolactone,clean,approved,phi3.5-mini,mcp_access_only,approved,APPROVED,0.37761613,0.4996789,False,False
LAB2-0319,spironolactone,clean,approved,phi3.5-mini,confidence_abstention,approved,APPROVED,0.37761613,0.4996789,False,False
LAB2-0319,spironolactone,clean,approved,phi3.5-mini,mcp_governed,approved,APPROVED,0.37761613,0.4996789,False,False
LAB2-0320,spironolactone,clean,approved,phi3.5-mini,deterministic_rules,approved,APPROVED,0.33934876,0.6661977,False,False
LAB2-0320,spironolactone,clean,approved,phi3.5-mini,mcp_access_only,approved,APPROVED,0.33934876,0.6661977,False,False
LAB2-0320,spironolactone,clean,approved,phi3.5-mini,confidence_abstention,approved,APPROVED,0.33934876,0.6661977,False,False
LAB2-0320,spironolactone,clean,approved,phi3.5-mini,mcp_governed,approved,APPROVED,0.33934876,0.6661977,False,False
LAB2-0321,spironolactone,clean,approved,phi3.5-mini,deterministic_rules,approved,APPROVED,0.30291152,0.83347162,False,False
LAB2-0321,spironolactone,clean,approved,phi3.5-mini,mcp_access_only,approved,APPROVED,0.30291152,0.83347162,False,False
LAB2-0321,spironolactone,clean,approved,phi3.5-mini,confidence_abstention,approved,APPROVED,0.30291152,0.83347162,False,False
LAB2-0321,spironolactone,clean,approved,phi3.5-mini,mcp_governed,approved,APPROVED,0.30291152,0.83347162,False,False
LAB2-0322,spironolactone,clean,approved,phi3.5-mini,deterministic_rules,approved,APPROVED,0.4060491,0.38032259,False,False
LAB2-0322,spironolactone,clean,approved,phi3.5-mini,mcp_access_only,approved,APPROVED,0.4060491,0.38032259,False,False
LAB2-0322,spironolactone,clean,approved,phi3.5-mini,confidence_abstention,review required,APPROVED,0.4060491,0.38032259,True,False
LAB2-0322,spironolactone,clean,approved,phi3.5-mini,mcp_governed,approved,APPROVED,0.4060491,0.38032259,False,False
LAB2-0323,spironolactone,clean,approved,phi3.5-mini,deterministic_rules,approved,APPROVED,0.36444178,0.55613689,False,False
LAB2-0323,spironolactone,clean,approved,phi3.5-mini,mcp_access_only,approved,APPROVED,0.36444178,0.55613689,False,False
LAB2-0323,spironolactone,clean,approved,phi3.5-mini,confidence_abstention,approved,APPROVED,0.36444178,0.55613689,False,False
LAB2-0323,spironolactone,clean,approved,phi3.5-mini,mcp_governed,approved,APPROVED,0.36444178,0.55613689,False,False
LAB2-0324,spironolactone,clean,approved,phi3.5-mini,deterministic_rules,approved,APPROVED,0.35189681,0.61071194,False,False
LAB2-0324,spironolactone,clean,approved,phi3.5-mini,mcp_access_only,approved,APPROVED,0.35189681,0.61071194,False,False
LAB2-0324,spironolactone,clean,approved,phi3.5-mini,confidence_abstention,approved,APPROVED,0.35189681,0.61071194,False,False
LAB2-0324,spironolactone,clean,approved,phi3.5-mini,mcp_governed,approved,APPROVED,0.35189681,0.61071194,False,False
LAB2-0325,spironolactone,missing,review required,phi3.5-mini,deterministic_rules,review required,REVIEW_REQUIRED,0.95257315,2.99997841,False,False
LAB2-0325,spironolactone,missing,review required,phi3.5-mini,mcp_access_only,review required,REVIEW_REQUIRED,0.95257315,2.99997841,False,False
LAB2-0325,spironolactone,missing,review required,phi3.5-mini,confidence_abstention,review required,REVIEW_REQUIRED,0.95257315,2.99997841,False,False
LAB2-0325,spironolactone,missing,review required,phi3.5-mini,mcp_governed,review required,REVIEW_REQUIRED,0.95257315,2.99997841,False,False
LAB2-0326,spironolactone,missing,review required,phi3.5-mini,deterministic_rules,review required,REVIEW_REQUIRED,0.95256079,2.99970485,False,False
LAB2-0326,spironolactone,missing,review required,phi3.5-mini,mcp_access_only,review required,REVIEW_REQUIRED,0.95256079,2.99970485,False,False
LAB2-0326,spironolactone,missing,review required,phi3.5-mini,confidence_abstention,review required,REVIEW_REQUIRED,0.95256079,2.99970485,False,False
LAB2-0326,spironolactone,missing,review required,phi3.5-mini,mcp_governed,review required,REVIEW_REQUIRED,0.95256079,2.99970485,False,False
LAB2-0327,spironolactone,missing,review required,phi3.5-mini,deterministic_rules,review required,REVIEW_REQUIRED,0.9525707,2.99992419,False,False
LAB2-0327,spironolactone,missing,review required,phi3.5-mini,mcp_access_only,review required,REVIEW_REQUIRED,0.9525707,2.99992419,False,False
LAB2-0327,spironolactone,missing,review required,phi3.5-mini,confidence_abstention,review required,REVIEW_REQUIRED,0.9525707,2.99992419,False,False
LAB2-0327,spironolactone,missing,review required,phi3.5-mini,mcp_governed,review required,REVIEW_REQUIRED,0.9525707,2.99992419,False,False
LAB2-0328,spironolactone,missing,review required,phi3.5-mini,deterministic_rules,review required,REVIEW_REQUIRED,0.95257311,2.99997747,False,False
LAB2-0328,spironolactone,missing,review required,phi3.5-mini,mcp_access_only,review required,REVIEW_REQUIRED,0.95257311,2.99997747,False,False
LAB2-0328,spironolactone,missing,review required,phi3.5-mini,confidence_abstention,review required,REVIEW_REQUIRED,0.95257311,2.99997747,False,False
LAB2-0328,spironolactone,missing,review required,phi3.5-mini,mcp_governed,review required,REVIEW_REQUIRED,0.95257311,2.99997747,False,False
LAB2-0329,spironolactone,stale,review required,phi3.5-mini,deterministic_rules,review required,REVIEW_REQUIRED,0.9241809,2.50055753,False,False
LAB2-0329,spironolactone,stale,review required,phi3.5-mini,mcp_access_only,review required,REVIEW_REQUIRED,0.9241809,2.50055753,False,False
LAB2-0329,spironolactone,stale,review required,phi3.5-mini,confidence_abstention,review required,REVIEW_REQUIRED,0.9241809,2.50055753,False,False
LAB2-0329,spironolactone,stale,review required,phi3.5-mini,mcp_governed,review required,REVIEW_REQUIRED,0.9241809,2.50055753,False,False
LAB2-0330,spironolactone,stale,review required,phi3.5-mini,deterministic_rules,review required,REVIEW_REQUIRED,0.93244514,2.62487035,False,False
LAB2-0330,spironolactone,stale,review required,phi3.5-mini,mcp_access_only,review required,REVIEW_REQUIRED,0.93244514,2.62487035,False,False
LAB2-0330,spironolactone,stale,review required,phi3.5-mini,confidence_abstention,review required,REVIEW_REQUIRED,0.93244514,2.62487035,False,False
LAB2-0330,spironolactone,stale,review required,phi3.5-mini,mcp_governed,review required,REVIEW_REQUIRED,0.93244514,2.62487035,False,False
LAB2-0331,spironolactone,stale,review required,phi3.5-mini,deterministic_rules,review required,REVIEW_REQUIRED,0.55197238,0.20864314,False,False
LAB2-0331,spironolactone,stale,review required,phi3.5-mini,mcp_access_only,review required,REVIEW_REQUIRED,0.55197238,0.20864314,False,False
LAB2-0331,spironolactone,stale,review required,phi3.5-mini,confidence_abstention,review required,REVIEW_REQUIRED,0.55197238,0.20864314,False,False
LAB2-0331,spironolactone,stale,review required,phi3.5-mini,mcp_governed,review required,REVIEW_REQUIRED,0.55197238,0.20864314,False,False
LAB2-0332,spironolactone,stale,review required,phi3.5-mini,deterministic_rules,review required,REVIEW_REQUIRED,0.59939299,0.40293654,False,False
LAB2-0332,spironolactone,stale,review required,phi3.5-mini,mcp_access_only,review required,REVIEW_REQUIRED,0.59939299,0.40293654,False,False
LAB2-0332,spironolactone,stale,review required,phi3.5-mini,confidence_abstention,review required,REVIEW_REQUIRED,0.59939299,0.40293654,False,False
LAB2-0332,spironolactone,stale,review required,phi3.5-mini,mcp_governed,review required,REVIEW_REQUIRED,0.59939299,0.40293654,False,False
LAB2-0333,spironolactone,unit_error,review required,phi3.5-mini,deterministic_rules,review required,REVIEW_REQUIRED,0.94661186,2.87530057,False,False
LAB2-0333,spironolactone,unit_error,review required,phi3.5-mini,mcp_access_only,review required,REVIEW_REQUIRED,0.94661186,2.87530057,False,False
LAB2-0333,spironolactone,unit_error,review required,phi3.5-mini,confidence_abstention,review required,REVIEW_REQUIRED,0.94661186,2.87530057,False,False
LAB2-0333,spironolactone,unit_error,review required,phi3.5-mini,mcp_governed,review required,REVIEW_REQUIRED,0.94661186,2.87530057,False,False
LAB2-0334,spironolactone,unit_error,review required,phi3.5-mini,deterministic_rules,review required,REVIEW_REQUIRED,0.90467325,2.25026336,False,False
LAB2-0334,spironolactone,unit_error,review required,phi3.5-mini,mcp_access_only,review required,REVIEW_REQUIRED,0.90467325,2.25026336,False,False
LAB2-0334,spironolactone,unit_error,review required,phi3.5-mini,confidence_abstention,review required,REVIEW_REQUIRED,0.90467325,2.25026336,False,False
LAB2-0334,spironolactone,unit_error,review required,phi3.5-mini,mcp_governed,review required,REVIEW_REQUIRED,0.90467325,2.25026336,False,False
LAB2-0335,spironolactone,unit_error,review required,phi3.5-mini,deterministic_rules,review required,REVIEW_REQUIRED,0.81758645,1.50008031,False,False
LAB2-0335,spironolactone,unit_error,review required,phi3.5-mini,mcp_access_only,review required,REVIEW_REQUIRED,0.81758645,1.50008031,False,False
LAB2-0335,spironolactone,unit_error,review required,phi3.5-mini,confidence_abstention,review required,REVIEW_REQUIRED,0.81758645,1.50008031,False,False
LAB2-0335,spironolactone,unit_error,review required,phi3.5-mini,mcp_governed,review required,REVIEW_REQUIRED,0.81758645,1.50008031,False,False
LAB2-0336,spironolactone,unit_error,review required,phi3.5-mini,deterministic_rules,review required,REVIEW_REQUIRED,0.75527731,1.12695926,False,False
LAB2-0336,spironolactone,unit_error,review required,phi3.5-mini,mcp_access_only,review required,REVIEW_REQUIRED,0.75527731,1.12695926,False,False
LAB2-0336,spironolactone,unit_error,review required,phi3.5-mini,confidence_abstention,review required,REVIEW_REQUIRED,0.75527731,1.12695926,False,False
LAB2-0336,spironolactone,unit_error,review required,phi3.5-mini,mcp_governed,review required,REVIEW_REQUIRED,0.75527731,1.12695926,False,False
LAB2-0337,spironolactone,conflict,review required,phi3.5-mini,deterministic_rules,review required,REVIEW_REQUIRED,0.8521994,1.75195646,False,False
LAB2-0337,spironolactone,conflict,review required,phi3.5-mini,mcp_access_only,review required,REVIEW_REQUIRED,0.8521994,1.75195646,False,False
LAB2-0337,spironolactone,conflict,review required,phi3.5-mini,confidence_abstention,review required,REVIEW_REQUIRED,0.8521994,1.75195646,False,False
LAB2-0337,spironolactone,conflict,review required,phi3.5-mini,mcp_governed,review required,REVIEW_REQUIRED,0.8521994,1.75195646,False,False
LAB2-0338,spironolactone,conflict,review required,phi3.5-mini,deterministic_rules,review required,REVIEW_REQUIRED,0.83561775,1.6259768,False,False
LAB2-0338,spironolactone,conflict,review required,phi3.5-mini,mcp_access_only,review required,REVIEW_REQUIRED,0.83561775,1.6259768,False,False
LAB2-0338,spironolactone,conflict,review required,phi3.5-mini,confidence_abstention,review required,REVIEW_REQUIRED,0.83561775,1.6259768,False,False
LAB2-0338,spironolactone,conflict,review required,phi3.5-mini,mcp_governed,review required,REVIEW_REQUIRED,0.83561775,1.6259768,False,False
LAB2-0339,spironolactone,conflict,review required,phi3.5-mini,deterministic_rules,review required,REVIEW_REQUIRED,0.77768182,1.25220787,False,False
LAB2-0339,spironolactone,conflict,review required,phi3.5-mini,mcp_access_only,review required,REVIEW_REQUIRED,0.77768182,1.25220787,False,False
LAB2-0339,spironolactone,conflict,review required,phi3.5-mini,confidence_abstention,review required,REVIEW_REQUIRED,0.77768182,1.25220787,False,False
LAB2-0339,spironolactone,conflict,review required,phi3.5-mini,mcp_governed,review required,REVIEW_REQUIRED,0.77768182,1.25220787,False,False
LAB2-0340,spironolactone,conflict,review required,phi3.5-mini,deterministic_rules,review required,REVIEW_REQUIRED,0.83565593,1.62625473,False,False
LAB2-0340,spironolactone,conflict,review required,phi3.5-mini,mcp_access_only,review required,REVIEW_REQUIRED,0.83565593,1.62625473,False,False
LAB2-0340,spironolactone,conflict,review required,phi3.5-mini,confidence_abstention,review required,REVIEW_REQUIRED,0.83565593,1.62625473,False,False
LAB2-0340,spironolactone,conflict,review required,phi3.5-mini,mcp_governed,review required,REVIEW_REQUIRED,0.83565593,1.62625473,False,False
LAB2-0341,spironolactone,wrong_encounter,review required,phi3.5-mini,deterministic_rules,review required,REVIEW_REQUIRED,0.92419221,2.50071903,False,False
LAB2-0341,spironolactone,wrong_encounter,review required,phi3.5-mini,mcp_access_only,review required,REVIEW_REQUIRED,0.92419221,2.50071903,False,False
LAB2-0341,spironolactone,wrong_encounter,review required,phi3.5-mini,confidence_abstention,review required,REVIEW_REQUIRED,0.92419221,2.50071903,False,False
LAB2-0341,spironolactone,wrong_encounter,review required,phi3.5-mini,mcp_governed,review required,REVIEW_REQUIRED,0.92419221,2.50071903,False,False
LAB2-0342,spironolactone,wrong_encounter,review required,phi3.5-mini,deterministic_rules,review required,REVIEW_REQUIRED,0.92418718,2.50064727,False,False
LAB2-0342,spironolactone,wrong_encounter,review required,phi3.5-mini,mcp_access_only,review required,REVIEW_REQUIRED,0.92418718,2.50064727,False,False
LAB2-0342,spironolactone,wrong_encounter,review required,phi3.5-mini,confidence_abstention,review required,REVIEW_REQUIRED,0.92418718,2.50064727,False,False
LAB2-0342,spironolactone,wrong_encounter,review required,phi3.5-mini,mcp_governed,review required,REVIEW_REQUIRED,0.92418718,2.50064727,False,False
LAB2-0343,spironolactone,wrong_encounter,review required,phi3.5-mini,deterministic_rules,review required,REVIEW_REQUIRED,0.7552775,1.1269603,False,False
LAB2-0343,spironolactone,wrong_encounter,review required,phi3.5-mini,mcp_access_only,review required,REVIEW_REQUIRED,0.7552775,1.1269603,False,False
LAB2-0343,spironolactone,wrong_encounter,review required,phi3.5-mini,confidence_abstention,review required,REVIEW_REQUIRED,0.7552775,1.1269603,False,False
LAB2-0343,spironolactone,wrong_encounter,review required,phi3.5-mini,mcp_governed,review required,REVIEW_REQUIRED,0.7552775,1.1269603,False,False
LAB2-0344,spironolactone,wrong_encounter,review required,phi3.5-mini,deterministic_rules,review required,REVIEW_REQUIRED,0.67990741,0.75334631,False,False
LAB2-0344,spironolactone,wrong_encounter,review required,phi3.5-mini,mcp_access_only,review required,REVIEW_REQUIRED,0.67990741,0.75334631,False,False
LAB2-0344,spironolactone,wrong_encounter,review required,phi3.5-mini,confidence_abstention,review required,REVIEW_REQUIRED,0.67990741,0.75334631,False,False
LAB2-0344,spironolactone,wrong_encounter,review required,phi3.5-mini,mcp_governed,review required,REVIEW_REQUIRED,0.67990741,0.75334631,False,False
LAB2-0345,spironolactone,service_failure,review required,phi3.5-mini,deterministic_rules,review required,REVIEW_REQUIRED,0.91490264,2.37502165,False,False
LAB2-0345,spironolactone,service_failure,review required,phi3.5-mini,mcp_access_only,review required,REVIEW_REQUIRED,0.91490264,2.37502165,False,False
LAB2-0345,spironolactone,service_failure,review required,phi3.5-mini,confidence_abstention,review required,REVIEW_REQUIRED,0.91490264,2.37502165,False,False
LAB2-0345,spironolactone,service_failure,review required,phi3.5-mini,mcp_governed,review required,REVIEW_REQUIRED,0.91490264,2.37502165,False,False
LAB2-0346,spironolactone,service_failure,review required,phi3.5-mini,deterministic_rules,review required,REVIEW_REQUIRED,0.90465434,2.25004411,False,False
LAB2-0346,spironolactone,service_failure,review required,phi3.5-mini,mcp_access_only,review required,REVIEW_REQUIRED,0.90465434,2.25004411,False,False
LAB2-0346,spironolactone,service_failure,review required,phi3.5-mini,confidence_abstention,review required,REVIEW_REQUIRED,0.90465434,2.25004411,False,False
LAB2-0346,spironolactone,service_failure,review required,phi3.5-mini,mcp_governed,review required,REVIEW_REQUIRED,0.90465434,2.25004411,False,False
LAB2-0347,spironolactone,service_failure,review required,phi3.5-mini,deterministic_rules,review required,REVIEW_REQUIRED,0.60137377,0.41119246,False,False
LAB2-0347,spironolactone,service_failure,review required,phi3.5-mini,mcp_access_only,review required,REVIEW_REQUIRED,0.60137377,0.41119246,False,False
LAB2-0347,spironolactone,service_failure,review required,phi3.5-mini,confidence_abstention,review required,REVIEW_REQUIRED,0.60137377,0.41119246,False,False
LAB2-0347,spironolactone,service_failure,review required,phi3.5-mini,mcp_governed,review required,REVIEW_REQUIRED,0.60137377,0.41119246,False,False
LAB2-0348,spironolactone,service_failure,review required,phi3.5-mini,deterministic_rules,review required,REVIEW_REQUIRED,0.73127558,1.00110401,False,False
LAB2-0348,spironolactone,service_failure,review required,phi3.5-mini,mcp_access_only,review required,REVIEW_REQUIRED,0.73127558,1.00110401,False,False
LAB2-0348,spironolactone,service_failure,review required,phi3.5-mini,confidence_abstention,review required,REVIEW_REQUIRED,0.73127558,1.00110401,False,False
LAB2-0348,spironolactone,service_failure,review required,phi3.5-mini,mcp_governed,review required,REVIEW_REQUIRED,0.73127558,1.00110401,False,False
LAB2-0361,clozapine,clean,review required,phi3.5-mini,deterministic_rules,review required,REVIEW_REQUIRED,0.75497102,1.12530287,False,False
LAB2-0361,clozapine,clean,review required,phi3.5-mini,mcp_access_only,review required,REVIEW_REQUIRED,0.75497102,1.12530287,False,False
LAB2-0361,clozapine,clean,review required,phi3.5-mini,confidence_abstention,review required,REVIEW_REQUIRED,0.75497102,1.12530287,False,False
LAB2-0361,clozapine,clean,review required,phi3.5-mini,mcp_governed,review required,REVIEW_REQUIRED,0.75497102,1.12530287,False,False
LAB2-0362,clozapine,clean,review required,phi3.5-mini,deterministic_rules,review required,REVIEW_REQUIRED,0.81754403,1.49979588,False,False
LAB2-0362,clozapine,clean,review required,phi3.5-mini,mcp_access_only,review required,REVIEW_REQUIRED,0.81754403,1.49979588,False,False
LAB2-0362,clozapine,clean,review required,phi3.5-mini,confidence_abstention,review required,REVIEW_REQUIRED,0.81754403,1.49979588,False,False
LAB2-0362,clozapine,clean,review required,phi3.5-mini,mcp_governed,review required,REVIEW_REQUIRED,0.81754403,1.49979588,False,False
LAB2-0363,clozapine,clean,review required,phi3.5-mini,deterministic_rules,review required,REVIEW_REQUIRED,0.77732036,1.25011845,False,False
LAB2-0363,clozapine,clean,review required,phi3.5-mini,mcp_access_only,review required,REVIEW_REQUIRED,0.77732036,1.25011845,False,False
LAB2-0363,clozapine,clean,review required,phi3.5-mini,confidence_abstention,review required,REVIEW_REQUIRED,0.77732036,1.25011845,False,False
LAB2-0363,clozapine,clean,review required,phi3.5-mini,mcp_governed,review required,REVIEW_REQUIRED,0.77732036,1.25011845,False,False
LAB2-0364,clozapine,clean,review required,phi3.5-mini,deterministic_rules,review required,REVIEW_REQUIRED,0.81761419,1.50026627,False,False
LAB2-0364,clozapine,clean,review required,phi3.5-mini,mcp_access_only,review required,REVIEW_REQUIRED,0.81761419,1.50026627,False,False
LAB2-0364,clozapine,clean,review required,phi3.5-mini,confidence_abstention,review required,REVIEW_REQUIRED,0.81761419,1.50026627,False,False
LAB2-0364,clozapine,clean,review required,phi3.5-mini,mcp_governed,review required,REVIEW_REQUIRED,0.81761419,1.50026627,False,False
LAB2-0365,clozapine,clean,review required,phi3.5-mini,deterministic_rules,review required,REVIEW_REQUIRED,0.79826521,1.375487,False,False
LAB2-0365,clozapine,clean,review required,phi3.5-mini,mcp_access_only,review required,REVIEW_REQUIRED,0.79826521,1.375487,False,False
LAB2-0365,clozapine,clean,review required,phi3.5-mini,confidence_abstention,review required,REVIEW_REQUIRED,0.79826521,1.375487,False,False
LAB2-0365,clozapine,clean,review required,phi3.5-mini,mcp_governed,review required,REVIEW_REQUIRED,0.79826521,1.375487,False,False
LAB2-0366,clozapine,clean,review required,phi3.5-mini,deterministic_rules,review required,REVIEW_REQUIRED,0.73176322,1.0035869,False,False
LAB2-0366,clozapine,clean,review required,phi3.5-mini,mcp_access_only,review required,REVIEW_REQUIRED,0.73176322,1.0035869,False,False
LAB2-0366,clozapine,clean,review required,phi3.5-mini,confidence_abstention,review required,REVIEW_REQUIRED,0.73176322,1.0035869,False,False
LAB2-0366,clozapine,clean,review required,phi3.5-mini,mcp_governed,review required,REVIEW_REQUIRED,0.73176322,1.0035869,False,False
LAB2-0367,clozapine,clean,review required,phi3.5-mini,deterministic_rules,review required,REVIEW_REQUIRED,0.85192571,1.74978525,False,False
LAB2-0367,clozapine,clean,review required,phi3.5-mini,mcp_access_only,review required,REVIEW_REQUIRED,0.85192571,1.74978525,False,False
LAB2-0367,clozapine,clean,review required,phi3.5-mini,confidence_abstention,review required,REVIEW_REQUIRED,0.85192571,1.74978525,False,False
LAB2-0367,clozapine,clean,review required,phi3.5-mini,mcp_governed,review required,REVIEW_REQUIRED,0.85192571,1.74978525,False,False
LAB2-0368,clozapine,clean,review required,phi3.5-mini,deterministic_rules,review required,REVIEW_REQUIRED,0.77741235,1.25064994,False,False
LAB2-0368,clozapine,clean,review required,phi3.5-mini,mcp_access_only,review required,REVIEW_REQUIRED,0.77741235,1.25064994,False,False
LAB2-0368,clozapine,clean,review required,phi3.5-mini,confidence_abstention,review required,REVIEW_REQUIRED,0.77741235,1.25064994,False,False
LAB2-0368,clozapine,clean,review required,phi3.5-mini,mcp_governed,review required,REVIEW_REQUIRED,0.77741235,1.25064994,False,False
LAB2-0369,clozapine,clean,review required,phi3.5-mini,deterministic_rules,review required,REVIEW_REQUIRED,0.73151043,1.0022994,False,False
LAB2-0369,clozapine,clean,review required,phi3.5-mini,mcp_access_only,review required,REVIEW_REQUIRED,0.73151043,1.0022994,False,False
LAB2-0369,clozapine,clean,review required,phi3.5-mini,confidence_abstention,review required,REVIEW_REQUIRED,0.73151043,1.0022994,False,False
LAB2-0369,clozapine,clean,review required,phi3.5-mini,mcp_governed,review required,REVIEW_REQUIRED,0.73151043,1.0022994,False,False
LAB2-0370,clozapine,clean,review required,phi3.5-mini,deterministic_rules,review required,REVIEW_REQUIRED,0.75526041,1.12686785,False,False
LAB2-0370,clozapine,clean,review required,phi3.5-mini,mcp_access_only,review required,REVIEW_REQUIRED,0.75526041,1.12686785,False,False
LAB2-0370,clozapine,clean,review required,phi3.5-mini,confidence_abstention,review required,REVIEW_REQUIRED,0.75526041,1.12686785,False,False
LAB2-0370,clozapine,clean,review required,phi3.5-mini,mcp_governed,review required,REVIEW_REQUIRED,0.75526041,1.12686785,False,False
LAB2-0371,clozapine,clean,review required,phi3.5-mini,deterministic_rules,review required,REVIEW_REQUIRED,0.68055224,0.75631085,False,False
LAB2-0371,clozapine,clean,review required,phi3.5-mini,mcp_access_only,review required,REVIEW_REQUIRED,0.68055224,0.75631085,False,False
LAB2-0371,clozapine,clean,review required,phi3.5-mini,confidence_abstention,review required,REVIEW_REQUIRED,0.68055224,0.75631085,False,False
LAB2-0371,clozapine,clean,review required,phi3.5-mini,mcp_governed,review required,REVIEW_REQUIRED,0.68055224,0.75631085,False,False
LAB2-0372,clozapine,clean,review required,phi3.5-mini,deterministic_rules,review required,REVIEW_REQUIRED,0.65377417,0.63567073,False,False
LAB2-0372,clozapine,clean,review required,phi3.5-mini,mcp_access_only,review required,REVIEW_REQUIRED,0.65377417,0.63567073,False,False
LAB2-0372,clozapine,clean,review required,phi3.5-mini,confidence_abstention,review required,REVIEW_REQUIRED,0.65377417,0.63567073,False,False
LAB2-0372,clozapine,clean,review required,phi3.5-mini,mcp_governed,review required,REVIEW_REQUIRED,0.65377417,0.63567073,False,False
LAB2-0373,clozapine,clean,approved,phi3.5-mini,deterministic_rules,approved,APPROVED,0.43366009,0.26693343,False,False
LAB2-0373,clozapine,clean,approved,phi3.5-mini,mcp_access_only,approved,APPROVED,0.43366009,0.26693343,False,False
LAB2-0373,clozapine,clean,approved,phi3.5-mini,confidence_abstention,review required,APPROVED,0.43366009,0.26693343,True,False
LAB2-0373,clozapine,clean,approved,phi3.5-mini,mcp_governed,approved,APPROVED,0.43366009,0.26693343,False,False
LAB2-0374,clozapine,clean,approved,phi3.5-mini,deterministic_rules,approved,APPROVED,0.30292357,0.83341455,False,False
LAB2-0374,clozapine,clean,approved,phi3.5-mini,mcp_access_only,approved,APPROVED,0.30292357,0.83341455,False,False
LAB2-0374,clozapine,clean,approved,phi3.5-mini,confidence_abstention,approved,APPROVED,0.30292357,0.83341455,False,False
LAB2-0374,clozapine,clean,approved,phi3.5-mini,mcp_governed,approved,APPROVED,0.30292357,0.83341455,False,False
LAB2-0375,clozapine,clean,approved,phi3.5-mini,deterministic_rules,approved,APPROVED,0.27996528,0.94463381,False,False
LAB2-0375,clozapine,clean,approved,phi3.5-mini,mcp_access_only,approved,APPROVED,0.27996528,0.94463381,False,False
LAB2-0375,clozapine,clean,approved,phi3.5-mini,confidence_abstention,approved,APPROVED,0.27996528,0.94463381,False,False
LAB2-0375,clozapine,clean,approved,phi3.5-mini,mcp_governed,approved,APPROVED,0.27996528,0.94463381,False,False
LAB2-0376,clozapine,clean,approved,phi3.5-mini,deterministic_rules,approved,APPROVED,0.2799819,0.9445514,False,False
LAB2-0376,clozapine,clean,approved,phi3.5-mini,mcp_access_only,approved,APPROVED,0.2799819,0.9445514,False,False
LAB2-0376,clozapine,clean,approved,phi3.5-mini,confidence_abstention,approved,APPROVED,0.2799819,0.9445514,False,False
LAB2-0376,clozapine,clean,approved,phi3.5-mini,mcp_governed,approved,APPROVED,0.2799819,0.9445514,False,False
LAB2-0377,clozapine,clean,approved,phi3.5-mini,deterministic_rules,approved,APPROVED,0.27998185,0.94455165,False,False
LAB2-0377,clozapine,clean,approved,phi3.5-mini,mcp_access_only,approved,APPROVED,0.27998185,0.94455165,False,False
LAB2-0377,clozapine,clean,approved,phi3.5-mini,confidence_abstention,approved,APPROVED,0.27998185,0.94455165,False,False
LAB2-0377,clozapine,clean,approved,phi3.5-mini,mcp_governed,approved,APPROVED,0.27998185,0.94455165,False,False
LAB2-0378,clozapine,clean,approved,phi3.5-mini,deterministic_rules,approved,APPROVED,0.23740813,1.16694228,False,False
LAB2-0378,clozapine,clean,approved,phi3.5-mini,mcp_access_only,approved,APPROVED,0.23740813,1.16694228,False,False
LAB2-0378,clozapine,clean,approved,phi3.5-mini,confidence_abstention,approved,APPROVED,0.23740813,1.16694228,False,False
LAB2-0378,clozapine,clean,approved,phi3.5-mini,mcp_governed,approved,APPROVED,0.23740813,1.16694228,False,False
LAB2-0379,clozapine,clean,approved,phi3.5-mini,deterministic_rules,approved,REVIEW_REQUIRED,0.65381898,0.6358687,False,False
LAB2-0379,clozapine,clean,approved,phi3.5-mini,mcp_access_only,review required,REVIEW_REQUIRED,0.65381898,0.6358687,False,False
LAB2-0379,clozapine,clean,approved,phi3.5-mini,confidence_abstention,review required,REVIEW_REQUIRED,0.65381898,0.6358687,False,False
LAB2-0379,clozapine,clean,approved,phi3.5-mini,mcp_governed,review required,REVIEW_REQUIRED,0.65381898,0.6358687,False,False
LAB2-0380,clozapine,clean,approved,phi3.5-mini,deterministic_rules,approved,APPROVED,0.31479016,0.77781888,False,False
LAB2-0380,clozapine,clean,approved,phi3.5-mini,mcp_access_only,approved,APPROVED,0.31479016,0.77781888,False,False
LAB2-0380,clozapine,clean,approved,phi3.5-mini,confidence_abstention,approved,APPROVED,0.31479016,0.77781888,False,False
LAB2-0380,clozapine,clean,approved,phi3.5-mini,mcp_governed,approved,APPROVED,0.31479016,0.77781888,False,False
LAB2-0381,clozapine,clean,approved,phi3.5-mini,deterministic_rules,approved,APPROVED,0.27999536,0.94448464,False,False
LAB2-0381,clozapine,clean,approved,phi3.5-mini,mcp_access_only,approved,APPROVED,0.27999536,0.94448464,False,False
LAB2-0381,clozapine,clean,approved,phi3.5-mini,confidence_abstention,approved,APPROVED,0.27999536,0.94448464,False,False
LAB2-0381,clozapine,clean,approved,phi3.5-mini,mcp_governed,approved,APPROVED,0.27999536,0.94448464,False,False
LAB2-0382,clozapine,clean,approved,phi3.5-mini,deterministic_rules,approved,APPROVED,0.35181382,0.61107583,False,False
LAB2-0382,clozapine,clean,approved,phi3.5-mini,mcp_access_only,approved,APPROVED,0.35181382,0.61107583,False,False
LAB2-0382,clozapine,clean,approved,phi3.5-mini,confidence_abstention,approved,APPROVED,0.35181382,0.61107583,False,False
LAB2-0382,clozapine,clean,approved,phi3.5-mini,mcp_governed,approved,APPROVED,0.35181382,0.61107583,False,False
LAB2-0383,clozapine,clean,approved,phi3.5-mini,deterministic_rules,approved,APPROVED,0.27998278,0.94454704,False,False
LAB2-0383,clozapine,clean,approved,phi3.5-mini,mcp_access_only,approved,APPROVED,0.27998278,0.94454704,False,False
LAB2-0383,clozapine,clean,approved,phi3.5-mini,confidence_abstention,approved,APPROVED,0.27998278,0.94454704,False,False
LAB2-0383,clozapine,clean,approved,phi3.5-mini,mcp_governed,approved,APPROVED,0.27998278,0.94454704,False,False
LAB2-0384,clozapine,clean,approved,phi3.5-mini,deterministic_rules,approved,APPROVED,0.3646096,0.55541242,False,False
LAB2-0384,clozapine,clean,approved,phi3.5-mini,mcp_access_only,approved,APPROVED,0.3646096,0.55541242,False,False
LAB2-0384,clozapine,clean,approved,phi3.5-mini,confidence_abstention,approved,APPROVED,0.3646096,0.55541242,False,False
LAB2-0384,clozapine,clean,approved,phi3.5-mini,mcp_governed,approved,APPROVED,0.3646096,0.55541242,False,False
LAB2-0385,clozapine,missing,review required,phi3.5-mini,deterministic_rules,review required,REVIEW_REQUIRED,0.88075825,1.99963022,False,False
LAB2-0385,clozapine,missing,review required,phi3.5-mini,mcp_access_only,review required,REVIEW_REQUIRED,0.88075825,1.99963022,False,False
LAB2-0385,clozapine,missing,review required,phi3.5-mini,confidence_abstention,review required,REVIEW_REQUIRED,0.88075825,1.99963022,False,False
LAB2-0385,clozapine,missing,review required,phi3.5-mini,mcp_governed,review required,REVIEW_REQUIRED,0.88075825,1.99963022,False,False
LAB2-0386,clozapine,missing,review required,phi3.5-mini,deterministic_rules,review required,REVIEW_REQUIRED,0.89326345,2.12451793,False,False
LAB2-0386,clozapine,missing,review required,phi3.5-mini,mcp_access_only,review required,REVIEW_REQUIRED,0.89326345,2.12451793,False,False
LAB2-0386,clozapine,missing,review required,phi3.5-mini,confidence_abstention,review required,REVIEW_REQUIRED,0.89326345,2.12451793,False,False
LAB2-0386,clozapine,missing,review required,phi3.5-mini,mcp_governed,review required,REVIEW_REQUIRED,0.89326345,2.12451793,False,False
LAB2-0387,clozapine,missing,review required,phi3.5-mini,deterministic_rules,review required,REVIEW_REQUIRED,0.91486169,2.37449573,False,False
LAB2-0387,clozapine,missing,review required,phi3.5-mini,mcp_access_only,review required,REVIEW_REQUIRED,0.91486169,2.37449573,False,False
LAB2-0387,clozapine,missing,review required,phi3.5-mini,confidence_abstention,review required,REVIEW_REQUIRED,0.91486169,2.37449573,False,False
LAB2-0387,clozapine,missing,review required,phi3.5-mini,mcp_governed,review required,REVIEW_REQUIRED,0.91486169,2.37449573,False,False
LAB2-0388,clozapine,missing,review required,phi3.5-mini,deterministic_rules,review required,REVIEW_REQUIRED,0.90460802,2.24950725,False,False
LAB2-0388,clozapine,missing,review required,phi3.5-mini,mcp_access_only,review required,REVIEW_REQUIRED,0.90460802,2.24950725,False,False
LAB2-0388,clozapine,missing,review required,phi3.5-mini,confidence_abstention,review required,REVIEW_REQUIRED,0.90460802,2.24950725,False,False
LAB2-0388,clozapine,missing,review required,phi3.5-mini,mcp_governed,review required,REVIEW_REQUIRED,0.90460802,2.24950725,False,False
LAB2-0389,clozapine,stale,review required,phi3.5-mini,deterministic_rules,review required,REVIEW_REQUIRED,0.8176042,1.50019934,False,False
LAB2-0389,clozapine,stale,review required,phi3.5-mini,mcp_access_only,review required,REVIEW_REQUIRED,0.8176042,1.50019934,False,False
LAB2-0389,clozapine,stale,review required,phi3.5-mini,confidence_abstention,review required,REVIEW_REQUIRED,0.8176042,1.50019934,False,False
LAB2-0389,clozapine,stale,review required,phi3.5-mini,mcp_governed,review required,REVIEW_REQUIRED,0.8176042,1.50019934,False,False
LAB2-0390,clozapine,stale,review required,phi3.5-mini,deterministic_rules,review required,REVIEW_REQUIRED,0.77743909,1.25080451,False,False
LAB2-0390,clozapine,stale,review required,phi3.5-mini,mcp_access_only,review required,REVIEW_REQUIRED,0.77743909,1.25080451,False,False
LAB2-0390,clozapine,stale,review required,phi3.5-mini,confidence_abstention,review required,REVIEW_REQUIRED,0.77743909,1.25080451,False,False
LAB2-0390,clozapine,stale,review required,phi3.5-mini,mcp_governed,review required,REVIEW_REQUIRED,0.77743909,1.25080451,False,False
LAB2-0391,clozapine,stale,review required,phi3.5-mini,deterministic_rules,review required,APPROVED,0.31478979,0.77782056,False,False
LAB2-0391,clozapine,stale,review required,phi3.5-mini,mcp_access_only,approved,APPROVED,0.31478979,0.77782056,False,False
LAB2-0391,clozapine,stale,review required,phi3.5-mini,confidence_abstention,approved,APPROVED,0.31478979,0.77782056,False,False
LAB2-0391,clozapine,stale,review required,phi3.5-mini,mcp_governed,review required,APPROVED,0.31478979,0.77782056,False,True
LAB2-0392,clozapine,stale,review required,phi3.5-mini,deterministic_rules,review required,APPROVED,0.29131093,0.88902571,False,False
LAB2-0392,clozapine,stale,review required,phi3.5-mini,mcp_access_only,approved,APPROVED,0.29131093,0.88902571,False,False
LAB2-0392,clozapine,stale,review required,phi3.5-mini,confidence_abstention,approved,APPROVED,0.29131093,0.88902571,False,False
LAB2-0392,clozapine,stale,review required,phi3.5-mini,mcp_governed,review required,APPROVED,0.29131093,0.88902571,False,True
LAB2-0393,clozapine,unit_error,review required,phi3.5-mini,deterministic_rules,review required,REVIEW_REQUIRED,0.92414665,2.50006896,False,False
LAB2-0393,clozapine,unit_error,review required,phi3.5-mini,mcp_access_only,review required,REVIEW_REQUIRED,0.92414665,2.50006896,False,False
LAB2-0393,clozapine,unit_error,review required,phi3.5-mini,confidence_abstention,review required,REVIEW_REQUIRED,0.92414665,2.50006896,False,False
LAB2-0393,clozapine,unit_error,review required,phi3.5-mini,mcp_governed,review required,REVIEW_REQUIRED,0.92414665,2.50006896,False,False
LAB2-0394,clozapine,unit_error,review required,phi3.5-mini,deterministic_rules,review required,REVIEW_REQUIRED,0.8933151,2.12505971,False,False
LAB2-0394,clozapine,unit_error,review required,phi3.5-mini,mcp_access_only,review required,REVIEW_REQUIRED,0.8933151,2.12505971,False,False
LAB2-0394,clozapine,unit_error,review required,phi3.5-mini,confidence_abstention,review required,REVIEW_REQUIRED,0.8933151,2.12505971,False,False
LAB2-0394,clozapine,unit_error,review required,phi3.5-mini,mcp_governed,review required,REVIEW_REQUIRED,0.8933151,2.12505971,False,False
LAB2-0395,clozapine,unit_error,review required,phi3.5-mini,deterministic_rules,review required,APPROVED,0.47612404,0.09557652,False,False
LAB2-0395,clozapine,unit_error,review required,phi3.5-mini,mcp_access_only,approved,APPROVED,0.47612404,0.09557652,False,False
LAB2-0395,clozapine,unit_error,review required,phi3.5-mini,confidence_abstention,review required,APPROVED,0.47612404,0.09557652,True,False
LAB2-0395,clozapine,unit_error,review required,phi3.5-mini,mcp_governed,review required,APPROVED,0.47612404,0.09557652,False,True
LAB2-0396,clozapine,unit_error,review required,phi3.5-mini,deterministic_rules,review required,REVIEW_REQUIRED,0.59942786,0.40308178,False,False
LAB2-0396,clozapine,unit_error,review required,phi3.5-mini,mcp_access_only,review required,REVIEW_REQUIRED,0.59942786,0.40308178,False,False
LAB2-0396,clozapine,unit_error,review required,phi3.5-mini,confidence_abstention,review required,REVIEW_REQUIRED,0.59942786,0.40308178,False,False
LAB2-0396,clozapine,unit_error,review required,phi3.5-mini,mcp_governed,review required,REVIEW_REQUIRED,0.59942786,0.40308178,False,False
LAB2-0397,clozapine,conflict,review required,phi3.5-mini,deterministic_rules,review required,REVIEW_REQUIRED,0.73164303,1.00297465,False,False
LAB2-0397,clozapine,conflict,review required,phi3.5-mini,mcp_access_only,review required,REVIEW_REQUIRED,0.73164303,1.00297465,False,False
LAB2-0397,clozapine,conflict,review required,phi3.5-mini,confidence_abstention,review required,REVIEW_REQUIRED,0.73164303,1.00297465,False,False
LAB2-0397,clozapine,conflict,review required,phi3.5-mini,mcp_governed,review required,REVIEW_REQUIRED,0.73164303,1.00297465,False,False
LAB2-0398,clozapine,conflict,review required,phi3.5-mini,deterministic_rules,review required,REVIEW_REQUIRED,0.73158055,1.00265648,False,False
LAB2-0398,clozapine,conflict,review required,phi3.5-mini,mcp_access_only,review required,REVIEW_REQUIRED,0.73158055,1.00265648,False,False
LAB2-0398,clozapine,conflict,review required,phi3.5-mini,confidence_abstention,review required,REVIEW_REQUIRED,0.73158055,1.00265648,False,False
LAB2-0398,clozapine,conflict,review required,phi3.5-mini,mcp_governed,review required,REVIEW_REQUIRED,0.73158055,1.00265648,False,False
LAB2-0399,clozapine,conflict,review required,phi3.5-mini,deterministic_rules,review required,REVIEW_REQUIRED,0.75532575,1.12722137,False,False
LAB2-0399,clozapine,conflict,review required,phi3.5-mini,mcp_access_only,review required,REVIEW_REQUIRED,0.75532575,1.12722137,False,False
LAB2-0399,clozapine,conflict,review required,phi3.5-mini,confidence_abstention,review required,REVIEW_REQUIRED,0.75532575,1.12722137,False,False
LAB2-0399,clozapine,conflict,review required,phi3.5-mini,mcp_governed,review required,REVIEW_REQUIRED,0.75532575,1.12722137,False,False
LAB2-0400,clozapine,conflict,review required,phi3.5-mini,deterministic_rules,review required,REVIEW_REQUIRED,0.68133748,0.75992514,False,False
LAB2-0400,clozapine,conflict,review required,phi3.5-mini,mcp_access_only,review required,REVIEW_REQUIRED,0.68133748,0.75992514,False,False
LAB2-0400,clozapine,conflict,review required,phi3.5-mini,confidence_abstention,review required,REVIEW_REQUIRED,0.68133748,0.75992514,False,False
LAB2-0400,clozapine,conflict,review required,phi3.5-mini,mcp_governed,review required,REVIEW_REQUIRED,0.68133748,0.75992514,False,False
LAB2-0401,clozapine,wrong_encounter,review required,phi3.5-mini,deterministic_rules,review required,REVIEW_REQUIRED,0.85196194,1.75007247,False,False
LAB2-0401,clozapine,wrong_encounter,review required,phi3.5-mini,mcp_access_only,review required,REVIEW_REQUIRED,0.85196194,1.75007247,False,False
LAB2-0401,clozapine,wrong_encounter,review required,phi3.5-mini,confidence_abstention,review required,REVIEW_REQUIRED,0.85196194,1.75007247,False,False
LAB2-0401,clozapine,wrong_encounter,review required,phi3.5-mini,mcp_governed,review required,REVIEW_REQUIRED,0.85196194,1.75007247,False,False
LAB2-0402,clozapine,wrong_encounter,review required,phi3.5-mini,deterministic_rules,review required,REVIEW_REQUIRED,0.85199202,1.75031101,False,False
LAB2-0402,clozapine,wrong_encounter,review required,phi3.5-mini,mcp_access_only,review required,REVIEW_REQUIRED,0.85199202,1.75031101,False,False
LAB2-0402,clozapine,wrong_encounter,review required,phi3.5-mini,confidence_abstention,review required,REVIEW_REQUIRED,0.85199202,1.75031101,False,False
LAB2-0402,clozapine,wrong_encounter,review required,phi3.5-mini,mcp_governed,review required,REVIEW_REQUIRED,0.85199202,1.75031101,False,False
LAB2-0403,clozapine,wrong_encounter,review required,phi3.5-mini,deterministic_rules,review required,APPROVED,0.30293546,0.83335822,False,False
LAB2-0403,clozapine,wrong_encounter,review required,phi3.5-mini,mcp_access_only,approved,APPROVED,0.30293546,0.83335822,False,False
LAB2-0403,clozapine,wrong_encounter,review required,phi3.5-mini,confidence_abstention,approved,APPROVED,0.30293546,0.83335822,False,False
LAB2-0403,clozapine,wrong_encounter,review required,phi3.5-mini,mcp_governed,review required,APPROVED,0.30293546,0.83335822,False,True
LAB2-0404,clozapine,wrong_encounter,review required,phi3.5-mini,deterministic_rules,review required,APPROVED,0.30299062,0.83309702,False,False
LAB2-0404,clozapine,wrong_encounter,review required,phi3.5-mini,mcp_access_only,approved,APPROVED,0.30299062,0.83309702,False,False
LAB2-0404,clozapine,wrong_encounter,review required,phi3.5-mini,confidence_abstention,approved,APPROVED,0.30299062,0.83309702,False,False
LAB2-0404,clozapine,wrong_encounter,review required,phi3.5-mini,mcp_governed,review required,APPROVED,0.30299062,0.83309702,False,True
LAB2-0405,clozapine,service_failure,review required,phi3.5-mini,deterministic_rules,review required,REVIEW_REQUIRED,0.81761648,1.50028166,False,False
LAB2-0405,clozapine,service_failure,review required,phi3.5-mini,mcp_access_only,review required,REVIEW_REQUIRED,0.81761648,1.50028166,False,False
LAB2-0405,clozapine,service_failure,review required,phi3.5-mini,confidence_abstention,review required,REVIEW_REQUIRED,0.81761648,1.50028166,False,False
LAB2-0405,clozapine,service_failure,review required,phi3.5-mini,mcp_governed,review required,REVIEW_REQUIRED,0.81761648,1.50028166,False,False
LAB2-0406,clozapine,service_failure,review required,phi3.5-mini,deterministic_rules,review required,REVIEW_REQUIRED,0.7774465,1.2508473,False,False
LAB2-0406,clozapine,service_failure,review required,phi3.5-mini,mcp_access_only,review required,REVIEW_REQUIRED,0.7774465,1.2508473,False,False
LAB2-0406,clozapine,service_failure,review required,phi3.5-mini,confidence_abstention,review required,REVIEW_REQUIRED,0.7774465,1.2508473,False,False
LAB2-0406,clozapine,service_failure,review required,phi3.5-mini,mcp_governed,review required,REVIEW_REQUIRED,0.7774465,1.2508473,False,False
LAB2-0407,clozapine,service_failure,review required,phi3.5-mini,deterministic_rules,review required,APPROVED,0.3029323,0.8333732,False,False
LAB2-0407,clozapine,service_failure,review required,phi3.5-mini,mcp_access_only,approved,APPROVED,0.3029323,0.8333732,False,False
LAB2-0407,clozapine,service_failure,review required,phi3.5-mini,confidence_abstention,approved,APPROVED,0.3029323,0.8333732,False,False
LAB2-0407,clozapine,service_failure,review required,phi3.5-mini,mcp_governed,review required,APPROVED,0.3029323,0.8333732,False,True
LAB2-0408,clozapine,service_failure,review required,phi3.5-mini,deterministic_rules,review required,APPROVED,0.32688864,0.72229122,False,False
LAB2-0408,clozapine,service_failure,review required,phi3.5-mini,mcp_access_only,approved,APPROVED,0.32688864,0.72229122,False,False
LAB2-0408,clozapine,service_failure,review required,phi3.5-mini,confidence_abstention,approved,APPROVED,0.32688864,0.72229122,False,False
LAB2-0408,clozapine,service_failure,review required,phi3.5-mini,mcp_governed,review required,APPROVED,0.32688864,0.72229122,False,True
LAB2-0421,heparin,clean,review required,phi3.5-mini,deterministic_rules,review required,REVIEW_REQUIRED,0.77737502,1.25043421,False,False
LAB2-0421,heparin,clean,review required,phi3.5-mini,mcp_access_only,review required,REVIEW_REQUIRED,0.77737502,1.25043421,False,False
LAB2-0421,heparin,clean,review required,phi3.5-mini,confidence_abstention,review required,REVIEW_REQUIRED,0.77737502,1.25043421,False,False
LAB2-0421,heparin,clean,review required,phi3.5-mini,mcp_governed,review required,REVIEW_REQUIRED,0.77737502,1.25043421,False,False
LAB2-0422,heparin,clean,review required,phi3.5-mini,deterministic_rules,review required,REVIEW_REQUIRED,0.79815114,1.37477875,False,False
LAB2-0422,heparin,clean,review required,phi3.5-mini,mcp_access_only,review required,REVIEW_REQUIRED,0.79815114,1.37477875,False,False
LAB2-0422,heparin,clean,review required,phi3.5-mini,confidence_abstention,review required,REVIEW_REQUIRED,0.79815114,1.37477875,False,False
LAB2-0422,heparin,clean,review required,phi3.5-mini,mcp_governed,review required,REVIEW_REQUIRED,0.79815114,1.37477875,False,False
LAB2-0423,heparin,clean,review required,phi3.5-mini,deterministic_rules,review required,REVIEW_REQUIRED,0.79814304,1.3747285,False,False
LAB2-0423,heparin,clean,review required,phi3.5-mini,mcp_access_only,review required,REVIEW_REQUIRED,0.79814304,1.3747285,False,False
LAB2-0423,heparin,clean,review required,phi3.5-mini,confidence_abstention,review required,REVIEW_REQUIRED,0.79814304,1.3747285,False,False
LAB2-0423,heparin,clean,review required,phi3.5-mini,mcp_governed,review required,REVIEW_REQUIRED,0.79814304,1.3747285,False,False
LAB2-0424,heparin,clean,review required,phi3.5-mini,deterministic_rules,review required,REVIEW_REQUIRED,0.77746364,1.25094635,False,False
LAB2-0424,heparin,clean,review required,phi3.5-mini,mcp_access_only,review required,REVIEW_REQUIRED,0.77746364,1.25094635,False,False
LAB2-0424,heparin,clean,review required,phi3.5-mini,confidence_abstention,review required,REVIEW_REQUIRED,0.77746364,1.25094635,False,False
LAB2-0424,heparin,clean,review required,phi3.5-mini,mcp_governed,review required,REVIEW_REQUIRED,0.77746364,1.25094635,False,False
LAB2-0425,heparin,clean,review required,phi3.5-mini,deterministic_rules,review required,REVIEW_REQUIRED,0.79823841,1.37532057,False,False
LAB2-0425,heparin,clean,review required,phi3.5-mini,mcp_access_only,review required,REVIEW_REQUIRED,0.79823841,1.37532057,False,False
LAB2-0425,heparin,clean,review required,phi3.5-mini,confidence_abstention,review required,REVIEW_REQUIRED,0.79823841,1.37532057,False,False
LAB2-0425,heparin,clean,review required,phi3.5-mini,mcp_governed,review required,REVIEW_REQUIRED,0.79823841,1.37532057,False,False
LAB2-0426,heparin,clean,review required,phi3.5-mini,deterministic_rules,review required,REVIEW_REQUIRED,0.75520535,1.12657002,False,False
LAB2-0426,heparin,clean,review required,phi3.5-mini,mcp_access_only,review required,REVIEW_REQUIRED,0.75520535,1.12657002,False,False
LAB2-0426,heparin,clean,review required,phi3.5-mini,confidence_abstention,review required,REVIEW_REQUIRED,0.75520535,1.12657002,False,False
LAB2-0426,heparin,clean,review required,phi3.5-mini,mcp_governed,review required,REVIEW_REQUIRED,0.75520535,1.12657002,False,False
LAB2-0427,heparin,clean,review required,phi3.5-mini,deterministic_rules,review required,REVIEW_REQUIRED,0.7773879,1.25050868,False,False
LAB2-0427,heparin,clean,review required,phi3.5-mini,mcp_access_only,review required,REVIEW_REQUIRED,0.7773879,1.25050868,False,False
LAB2-0427,heparin,clean,review required,phi3.5-mini,confidence_abstention,review required,REVIEW_REQUIRED,0.7773879,1.25050868,False,False
LAB2-0427,heparin,clean,review required,phi3.5-mini,mcp_governed,review required,REVIEW_REQUIRED,0.7773879,1.25050868,False,False
LAB2-0428,heparin,clean,review required,phi3.5-mini,deterministic_rules,review required,REVIEW_REQUIRED,0.79824492,1.37536098,False,False
LAB2-0428,heparin,clean,review required,phi3.5-mini,mcp_access_only,review required,REVIEW_REQUIRED,0.79824492,1.37536098,False,False
LAB2-0428,heparin,clean,review required,phi3.5-mini,confidence_abstention,review required,REVIEW_REQUIRED,0.79824492,1.37536098,False,False
LAB2-0428,heparin,clean,review required,phi3.5-mini,mcp_governed,review required,REVIEW_REQUIRED,0.79824492,1.37536098,False,False
LAB2-0429,heparin,clean,review required,phi3.5-mini,deterministic_rules,review required,REVIEW_REQUIRED,0.77735233,1.25030316,False,False
LAB2-0429,heparin,clean,review required,phi3.5-mini,mcp_access_only,review required,REVIEW_REQUIRED,0.77735233,1.25030316,False,False
LAB2-0429,heparin,clean,review required,phi3.5-mini,confidence_abstention,review required,REVIEW_REQUIRED,0.77735233,1.25030316,False,False
LAB2-0429,heparin,clean,review required,phi3.5-mini,mcp_governed,review required,REVIEW_REQUIRED,0.77735233,1.25030316,False,False
LAB2-0430,heparin,clean,review required,phi3.5-mini,deterministic_rules,review required,REVIEW_REQUIRED,0.77738771,1.25050755,False,False
LAB2-0430,heparin,clean,review required,phi3.5-mini,mcp_access_only,review required,REVIEW_REQUIRED,0.77738771,1.25050755,False,False
LAB2-0430,heparin,clean,review required,phi3.5-mini,confidence_abstention,review required,REVIEW_REQUIRED,0.77738771,1.25050755,False,False
LAB2-0430,heparin,clean,review required,phi3.5-mini,mcp_governed,review required,REVIEW_REQUIRED,0.77738771,1.25050755,False,False
LAB2-0431,heparin,clean,review required,phi3.5-mini,deterministic_rules,review required,REVIEW_REQUIRED,0.77752617,1.25130783,False,False
LAB2-0431,heparin,clean,review required,phi3.5-mini,mcp_access_only,review required,REVIEW_REQUIRED,0.77752617,1.25130783,False,False
LAB2-0431,heparin,clean,review required,phi3.5-mini,confidence_abstention,review required,REVIEW_REQUIRED,0.77752617,1.25130783,False,False
LAB2-0431,heparin,clean,review required,phi3.5-mini,mcp_governed,review required,REVIEW_REQUIRED,0.77752617,1.25130783,False,False
LAB2-0432,heparin,clean,review required,phi3.5-mini,deterministic_rules,review required,REVIEW_REQUIRED,0.75507529,1.12586661,False,False
LAB2-0432,heparin,clean,review required,phi3.5-mini,mcp_access_only,review required,REVIEW_REQUIRED,0.75507529,1.12586661,False,False
LAB2-0432,heparin,clean,review required,phi3.5-mini,confidence_abstention,review required,REVIEW_REQUIRED,0.75507529,1.12586661,False,False
LAB2-0432,heparin,clean,review required,phi3.5-mini,mcp_governed,review required,REVIEW_REQUIRED,0.75507529,1.12586661,False,False
LAB2-0433,heparin,clean,approved,phi3.5-mini,deterministic_rules,review required,APPROVED,0.49253294,0.02987046,False,False
LAB2-0433,heparin,clean,approved,phi3.5-mini,mcp_access_only,approved,APPROVED,0.49253294,0.02987046,False,False
LAB2-0433,heparin,clean,approved,phi3.5-mini,confidence_abstention,review required,APPROVED,0.49253294,0.02987046,True,False
LAB2-0433,heparin,clean,approved,phi3.5-mini,mcp_governed,review required,APPROVED,0.49253294,0.02987046,False,True
LAB2-0434,heparin,clean,approved,phi3.5-mini,deterministic_rules,review required,REVIEW_REQUIRED,0.54153495,0.16652354,False,False
LAB2-0434,heparin,clean,approved,phi3.5-mini,mcp_access_only,review required,REVIEW_REQUIRED,0.54153495,0.16652354,False,False
LAB2-0434,heparin,clean,approved,phi3.5-mini,confidence_abstention,review required,REVIEW_REQUIRED,0.54153495,0.16652354,False,False
LAB2-0434,heparin,clean,approved,phi3.5-mini,mcp_governed,review required,REVIEW_REQUIRED,0.54153495,0.16652354,False,False
LAB2-0435,heparin,clean,approved,phi3.5-mini,deterministic_rules,review required,REVIEW_REQUIRED,0.56848409,0.27566893,False,False
LAB2-0435,heparin,clean,approved,phi3.5-mini,mcp_access_only,review required,REVIEW_REQUIRED,0.56848409,0.27566893,False,False
LAB2-0435,heparin,clean,approved,phi3.5-mini,confidence_abstention,review required,REVIEW_REQUIRED,0.56848409,0.27566893,False,False
LAB2-0435,heparin,clean,approved,phi3.5-mini,mcp_governed,review required,REVIEW_REQUIRED,0.56848409,0.27566893,False,False
LAB2-0436,heparin,clean,approved,phi3.5-mini,deterministic_rules,review required,REVIEW_REQUIRED,0.54757718,0.19088622,False,False
LAB2-0436,heparin,clean,approved,phi3.5-mini,mcp_access_only,review required,REVIEW_REQUIRED,0.54757718,0.19088622,False,False
LAB2-0436,heparin,clean,approved,phi3.5-mini,confidence_abstention,review required,REVIEW_REQUIRED,0.54757718,0.19088622,False,False
LAB2-0436,heparin,clean,approved,phi3.5-mini,mcp_governed,review required,REVIEW_REQUIRED,0.54757718,0.19088622,False,False
LAB2-0437,heparin,clean,approved,phi3.5-mini,deterministic_rules,review required,REVIEW_REQUIRED,0.59210354,0.37266817,False,False
LAB2-0437,heparin,clean,approved,phi3.5-mini,mcp_access_only,review required,REVIEW_REQUIRED,0.59210354,0.37266817,False,False
LAB2-0437,heparin,clean,approved,phi3.5-mini,confidence_abstention,review required,REVIEW_REQUIRED,0.59210354,0.37266817,False,False
LAB2-0437,heparin,clean,approved,phi3.5-mini,mcp_governed,review required,REVIEW_REQUIRED,0.59210354,0.37266817,False,False
LAB2-0438,heparin,clean,approved,phi3.5-mini,deterministic_rules,review required,REVIEW_REQUIRED,0.57285328,0.29350207,False,False
LAB2-0438,heparin,clean,approved,phi3.5-mini,mcp_access_only,review required,REVIEW_REQUIRED,0.57285328,0.29350207,False,False
LAB2-0438,heparin,clean,approved,phi3.5-mini,confidence_abstention,review required,REVIEW_REQUIRED,0.57285328,0.29350207,False,False
LAB2-0438,heparin,clean,approved,phi3.5-mini,mcp_governed,review required,REVIEW_REQUIRED,0.57285328,0.29350207,False,False
LAB2-0439,heparin,clean,approved,phi3.5-mini,deterministic_rules,review required,REVIEW_REQUIRED,0.59642171,0.39057749,False,False
LAB2-0439,heparin,clean,approved,phi3.5-mini,mcp_access_only,review required,REVIEW_REQUIRED,0.59642171,0.39057749,False,False
LAB2-0439,heparin,clean,approved,phi3.5-mini,confidence_abstention,review required,REVIEW_REQUIRED,0.59642171,0.39057749,False,False
LAB2-0439,heparin,clean,approved,phi3.5-mini,mcp_governed,review required,REVIEW_REQUIRED,0.59642171,0.39057749,False,False
LAB2-0440,heparin,clean,approved,phi3.5-mini,deterministic_rules,review required,REVIEW_REQUIRED,0.59641635,0.3905552,False,False
LAB2-0440,heparin,clean,approved,phi3.5-mini,mcp_access_only,review required,REVIEW_REQUIRED,0.59641635,0.3905552,False,False
LAB2-0440,heparin,clean,approved,phi3.5-mini,confidence_abstention,review required,REVIEW_REQUIRED,0.59641635,0.3905552,False,False
LAB2-0440,heparin,clean,approved,phi3.5-mini,mcp_governed,review required,REVIEW_REQUIRED,0.59641635,0.3905552,False,False
LAB2-0441,heparin,clean,approved,phi3.5-mini,deterministic_rules,review required,REVIEW_REQUIRED,0.56848715,0.27568142,False,False
LAB2-0441,heparin,clean,approved,phi3.5-mini,mcp_access_only,review required,REVIEW_REQUIRED,0.56848715,0.27568142,False,False
LAB2-0441,heparin,clean,approved,phi3.5-mini,confidence_abstention,review required,REVIEW_REQUIRED,0.56848715,0.27568142,False,False
LAB2-0441,heparin,clean,approved,phi3.5-mini,mcp_governed,review required,REVIEW_REQUIRED,0.56848715,0.27568142,False,False
LAB2-0442,heparin,clean,approved,phi3.5-mini,deterministic_rules,review required,REVIEW_REQUIRED,0.59642563,0.39059378,False,False
LAB2-0442,heparin,clean,approved,phi3.5-mini,mcp_access_only,review required,REVIEW_REQUIRED,0.59642563,0.39059378,False,False
LAB2-0442,heparin,clean,approved,phi3.5-mini,confidence_abstention,review required,REVIEW_REQUIRED,0.59642563,0.39059378,False,False
LAB2-0442,heparin,clean,approved,phi3.5-mini,mcp_governed,review required,REVIEW_REQUIRED,0.59642563,0.39059378,False,False
LAB2-0443,heparin,clean,approved,phi3.5-mini,deterministic_rules,review required,REVIEW_REQUIRED,0.56847949,0.27565021,False,False
LAB2-0443,heparin,clean,approved,phi3.5-mini,mcp_access_only,review required,REVIEW_REQUIRED,0.56847949,0.27565021,False,False
LAB2-0443,heparin,clean,approved,phi3.5-mini,confidence_abstention,review required,REVIEW_REQUIRED,0.56847949,0.27565021,False,False
LAB2-0443,heparin,clean,approved,phi3.5-mini,mcp_governed,review required,REVIEW_REQUIRED,0.56847949,0.27565021,False,False
LAB2-0444,heparin,clean,approved,phi3.5-mini,deterministic_rules,review required,REVIEW_REQUIRED,0.57285617,0.29351388,False,False
LAB2-0444,heparin,clean,approved,phi3.5-mini,mcp_access_only,review required,REVIEW_REQUIRED,0.57285617,0.29351388,False,False
LAB2-0444,heparin,clean,approved,phi3.5-mini,confidence_abstention,review required,REVIEW_REQUIRED,0.57285617,0.29351388,False,False
LAB2-0444,heparin,clean,approved,phi3.5-mini,mcp_governed,review required,REVIEW_REQUIRED,0.57285617,0.29351388,False,False
LAB2-0445,heparin,missing,review required,phi3.5-mini,deterministic_rules,review required,REVIEW_REQUIRED,0.75484696,1.12463236,False,False
LAB2-0445,heparin,missing,review required,phi3.5-mini,mcp_access_only,review required,REVIEW_REQUIRED,0.75484696,1.12463236,False,False
LAB2-0445,heparin,missing,review required,phi3.5-mini,confidence_abstention,review required,REVIEW_REQUIRED,0.75484696,1.12463236,False,False
LAB2-0445,heparin,missing,review required,phi3.5-mini,mcp_governed,review required,REVIEW_REQUIRED,0.75484696,1.12463236,False,False
LAB2-0446,heparin,missing,review required,phi3.5-mini,deterministic_rules,review required,REVIEW_REQUIRED,0.75501634,1.12554789,False,False
LAB2-0446,heparin,missing,review required,phi3.5-mini,mcp_access_only,review required,REVIEW_REQUIRED,0.75501634,1.12554789,False,False
LAB2-0446,heparin,missing,review required,phi3.5-mini,confidence_abstention,review required,REVIEW_REQUIRED,0.75501634,1.12554789,False,False
LAB2-0446,heparin,missing,review required,phi3.5-mini,mcp_governed,review required,REVIEW_REQUIRED,0.75501634,1.12554789,False,False
LAB2-0447,heparin,missing,review required,phi3.5-mini,deterministic_rules,review required,REVIEW_REQUIRED,0.75493257,1.12509501,False,False
LAB2-0447,heparin,missing,review required,phi3.5-mini,mcp_access_only,review required,REVIEW_REQUIRED,0.75493257,1.12509501,False,False
LAB2-0447,heparin,missing,review required,phi3.5-mini,confidence_abstention,review required,REVIEW_REQUIRED,0.75493257,1.12509501,False,False
LAB2-0447,heparin,missing,review required,phi3.5-mini,mcp_governed,review required,REVIEW_REQUIRED,0.75493257,1.12509501,False,False
LAB2-0448,heparin,missing,review required,phi3.5-mini,deterministic_rules,review required,REVIEW_REQUIRED,0.7314681,1.00208387,False,False
LAB2-0448,heparin,missing,review required,phi3.5-mini,mcp_access_only,review required,REVIEW_REQUIRED,0.7314681,1.00208387,False,False
LAB2-0448,heparin,missing,review required,phi3.5-mini,confidence_abstention,review required,REVIEW_REQUIRED,0.7314681,1.00208387,False,False
LAB2-0448,heparin,missing,review required,phi3.5-mini,mcp_governed,review required,REVIEW_REQUIRED,0.7314681,1.00208387,False,False
LAB2-0449,heparin,stale,review required,phi3.5-mini,deterministic_rules,review required,REVIEW_REQUIRED,0.7774578,1.25091263,False,False
LAB2-0449,heparin,stale,review required,phi3.5-mini,mcp_access_only,review required,REVIEW_REQUIRED,0.7774578,1.25091263,False,False
LAB2-0449,heparin,stale,review required,phi3.5-mini,confidence_abstention,review required,REVIEW_REQUIRED,0.7774578,1.25091263,False,False
LAB2-0449,heparin,stale,review required,phi3.5-mini,mcp_governed,review required,REVIEW_REQUIRED,0.7774578,1.25091263,False,False
LAB2-0450,heparin,stale,review required,phi3.5-mini,deterministic_rules,review required,REVIEW_REQUIRED,0.7982727,1.37553349,False,False
LAB2-0450,heparin,stale,review required,phi3.5-mini,mcp_access_only,review required,REVIEW_REQUIRED,0.7982727,1.37553349,False,False
LAB2-0450,heparin,stale,review required,phi3.5-mini,confidence_abstention,review required,REVIEW_REQUIRED,0.7982727,1.37553349,False,False
LAB2-0450,heparin,stale,review required,phi3.5-mini,mcp_governed,review required,REVIEW_REQUIRED,0.7982727,1.37553349,False,False
LAB2-0451,heparin,stale,review required,phi3.5-mini,deterministic_rules,review required,REVIEW_REQUIRED,0.51629185,0.06519047,False,False
LAB2-0451,heparin,stale,review required,phi3.5-mini,mcp_access_only,review required,REVIEW_REQUIRED,0.51629185,0.06519047,False,False
LAB2-0451,heparin,stale,review required,phi3.5-mini,confidence_abstention,review required,REVIEW_REQUIRED,0.51629185,0.06519047,False,False
LAB2-0451,heparin,stale,review required,phi3.5-mini,mcp_governed,review required,REVIEW_REQUIRED,0.51629185,0.06519047,False,False
LAB2-0452,heparin,stale,review required,phi3.5-mini,deterministic_rules,review required,REVIEW_REQUIRED,0.54759692,0.19096592,False,False
LAB2-0452,heparin,stale,review required,phi3.5-mini,mcp_access_only,review required,REVIEW_REQUIRED,0.54759692,0.19096592,False,False
LAB2-0452,heparin,stale,review required,phi3.5-mini,confidence_abstention,review required,REVIEW_REQUIRED,0.54759692,0.19096592,False,False
LAB2-0452,heparin,stale,review required,phi3.5-mini,mcp_governed,review required,REVIEW_REQUIRED,0.54759692,0.19096592,False,False
LAB2-0453,heparin,unit_error,review required,phi3.5-mini,deterministic_rules,review required,REVIEW_REQUIRED,0.65391733,0.63630325,False,False
LAB2-0453,heparin,unit_error,review required,phi3.5-mini,mcp_access_only,review required,REVIEW_REQUIRED,0.65391733,0.63630325,False,False
LAB2-0453,heparin,unit_error,review required,phi3.5-mini,confidence_abstention,review required,REVIEW_REQUIRED,0.65391733,0.63630325,False,False
LAB2-0453,heparin,unit_error,review required,phi3.5-mini,mcp_governed,review required,REVIEW_REQUIRED,0.65391733,0.63630325,False,False
LAB2-0454,heparin,unit_error,review required,phi3.5-mini,deterministic_rules,review required,REVIEW_REQUIRED,0.68072549,0.75710788,False,False
LAB2-0454,heparin,unit_error,review required,phi3.5-mini,mcp_access_only,review required,REVIEW_REQUIRED,0.68072549,0.75710788,False,False
LAB2-0454,heparin,unit_error,review required,phi3.5-mini,confidence_abstention,review required,REVIEW_REQUIRED,0.68072549,0.75710788,False,False
LAB2-0454,heparin,unit_error,review required,phi3.5-mini,mcp_governed,review required,REVIEW_REQUIRED,0.68072549,0.75710788,False,False
LAB2-0455,heparin,unit_error,review required,phi3.5-mini,deterministic_rules,review required,REVIEW_REQUIRED,0.57283351,0.29342128,False,False
LAB2-0455,heparin,unit_error,review required,phi3.5-mini,mcp_access_only,review required,REVIEW_REQUIRED,0.57283351,0.29342128,False,False
LAB2-0455,heparin,unit_error,review required,phi3.5-mini,confidence_abstention,review required,REVIEW_REQUIRED,0.57283351,0.29342128,False,False
LAB2-0455,heparin,unit_error,review required,phi3.5-mini,mcp_governed,review required,REVIEW_REQUIRED,0.57283351,0.29342128,False,False
LAB2-0456,heparin,unit_error,review required,phi3.5-mini,deterministic_rules,review required,REVIEW_REQUIRED,0.68063447,0.75668912,False,False
LAB2-0456,heparin,unit_error,review required,phi3.5-mini,mcp_access_only,review required,REVIEW_REQUIRED,0.68063447,0.75668912,False,False
LAB2-0456,heparin,unit_error,review required,phi3.5-mini,confidence_abstention,review required,REVIEW_REQUIRED,0.68063447,0.75668912,False,False
LAB2-0456,heparin,unit_error,review required,phi3.5-mini,mcp_governed,review required,REVIEW_REQUIRED,0.68063447,0.75668912,False,False
LAB2-0457,heparin,conflict,review required,phi3.5-mini,deterministic_rules,review required,REVIEW_REQUIRED,0.75506725,1.12582312,False,False
LAB2-0457,heparin,conflict,review required,phi3.5-mini,mcp_access_only,review required,REVIEW_REQUIRED,0.75506725,1.12582312,False,False
LAB2-0457,heparin,conflict,review required,phi3.5-mini,confidence_abstention,review required,REVIEW_REQUIRED,0.75506725,1.12582312,False,False
LAB2-0457,heparin,conflict,review required,phi3.5-mini,mcp_governed,review required,REVIEW_REQUIRED,0.75506725,1.12582312,False,False
LAB2-0458,heparin,conflict,review required,phi3.5-mini,deterministic_rules,review required,REVIEW_REQUIRED,0.7062148,0.87707057,False,False
LAB2-0458,heparin,conflict,review required,phi3.5-mini,mcp_access_only,review required,REVIEW_REQUIRED,0.7062148,0.87707057,False,False
LAB2-0458,heparin,conflict,review required,phi3.5-mini,confidence_abstention,review required,REVIEW_REQUIRED,0.7062148,0.87707057,False,False
LAB2-0458,heparin,conflict,review required,phi3.5-mini,mcp_governed,review required,REVIEW_REQUIRED,0.7062148,0.87707057,False,False
LAB2-0459,heparin,conflict,review required,phi3.5-mini,deterministic_rules,review required,REVIEW_REQUIRED,0.70692295,0.88048615,False,False
LAB2-0459,heparin,conflict,review required,phi3.5-mini,mcp_access_only,review required,REVIEW_REQUIRED,0.70692295,0.88048615,False,False
LAB2-0459,heparin,conflict,review required,phi3.5-mini,confidence_abstention,review required,REVIEW_REQUIRED,0.70692295,0.88048615,False,False
LAB2-0459,heparin,conflict,review required,phi3.5-mini,mcp_governed,review required,REVIEW_REQUIRED,0.70692295,0.88048615,False,False
LAB2-0460,heparin,conflict,review required,phi3.5-mini,deterministic_rules,review required,REVIEW_REQUIRED,0.73157869,1.00264699,False,False
LAB2-0460,heparin,conflict,review required,phi3.5-mini,mcp_access_only,review required,REVIEW_REQUIRED,0.73157869,1.00264699,False,False
LAB2-0460,heparin,conflict,review required,phi3.5-mini,confidence_abstention,review required,REVIEW_REQUIRED,0.73157869,1.00264699,False,False
LAB2-0460,heparin,conflict,review required,phi3.5-mini,mcp_governed,review required,REVIEW_REQUIRED,0.73157869,1.00264699,False,False
LAB2-0461,heparin,wrong_encounter,review required,phi3.5-mini,deterministic_rules,review required,REVIEW_REQUIRED,0.73153181,1.00240829,False,False
LAB2-0461,heparin,wrong_encounter,review required,phi3.5-mini,mcp_access_only,review required,REVIEW_REQUIRED,0.73153181,1.00240829,False,False
LAB2-0461,heparin,wrong_encounter,review required,phi3.5-mini,confidence_abstention,review required,REVIEW_REQUIRED,0.73153181,1.00240829,False,False
LAB2-0461,heparin,wrong_encounter,review required,phi3.5-mini,mcp_governed,review required,REVIEW_REQUIRED,0.73153181,1.00240829,False,False
LAB2-0462,heparin,wrong_encounter,review required,phi3.5-mini,deterministic_rules,review required,REVIEW_REQUIRED,0.70626426,0.87730897,False,False
LAB2-0462,heparin,wrong_encounter,review required,phi3.5-mini,mcp_access_only,review required,REVIEW_REQUIRED,0.70626426,0.87730897,False,False
LAB2-0462,heparin,wrong_encounter,review required,phi3.5-mini,confidence_abstention,review required,REVIEW_REQUIRED,0.70626426,0.87730897,False,False
LAB2-0462,heparin,wrong_encounter,review required,phi3.5-mini,mcp_governed,review required,REVIEW_REQUIRED,0.70626426,0.87730897,False,False
LAB2-0463,heparin,wrong_encounter,review required,phi3.5-mini,deterministic_rules,review required,REVIEW_REQUIRED,0.51037022,0.04148683,False,False
LAB2-0463,heparin,wrong_encounter,review required,phi3.5-mini,mcp_access_only,review required,REVIEW_REQUIRED,0.51037022,0.04148683,False,False
LAB2-0463,heparin,wrong_encounter,review required,phi3.5-mini,confidence_abstention,review required,REVIEW_REQUIRED,0.51037022,0.04148683,False,False
LAB2-0463,heparin,wrong_encounter,review required,phi3.5-mini,mcp_governed,review required,REVIEW_REQUIRED,0.51037022,0.04148683,False,False
LAB2-0464,heparin,wrong_encounter,review required,phi3.5-mini,deterministic_rules,review required,REVIEW_REQUIRED,0.54756254,0.19082712,False,False
LAB2-0464,heparin,wrong_encounter,review required,phi3.5-mini,mcp_access_only,review required,REVIEW_REQUIRED,0.54756254,0.19082712,False,False
LAB2-0464,heparin,wrong_encounter,review required,phi3.5-mini,confidence_abstention,review required,REVIEW_REQUIRED,0.54756254,0.19082712,False,False
LAB2-0464,heparin,wrong_encounter,review required,phi3.5-mini,mcp_governed,review required,REVIEW_REQUIRED,0.54756254,0.19082712,False,False
LAB2-0465,heparin,service_failure,review required,phi3.5-mini,deterministic_rules,review required,REVIEW_REQUIRED,0.79826085,1.37545987,False,False
LAB2-0465,heparin,service_failure,review required,phi3.5-mini,mcp_access_only,review required,REVIEW_REQUIRED,0.79826085,1.37545987,False,False
LAB2-0465,heparin,service_failure,review required,phi3.5-mini,confidence_abstention,review required,REVIEW_REQUIRED,0.79826085,1.37545987,False,False
LAB2-0465,heparin,service_failure,review required,phi3.5-mini,mcp_governed,review required,REVIEW_REQUIRED,0.79826085,1.37545987,False,False
LAB2-0466,heparin,service_failure,review required,phi3.5-mini,deterministic_rules,review required,REVIEW_REQUIRED,0.75518274,1.12644768,False,False
LAB2-0466,heparin,service_failure,review required,phi3.5-mini,mcp_access_only,review required,REVIEW_REQUIRED,0.75518274,1.12644768,False,False
LAB2-0466,heparin,service_failure,review required,phi3.5-mini,confidence_abstention,review required,REVIEW_REQUIRED,0.75518274,1.12644768,False,False
LAB2-0466,heparin,service_failure,review required,phi3.5-mini,mcp_governed,review required,REVIEW_REQUIRED,0.75518274,1.12644768,False,False
LAB2-0467,heparin,service_failure,review required,phi3.5-mini,deterministic_rules,review required,REVIEW_REQUIRED,0.50263338,0.01053361,False,False
LAB2-0467,heparin,service_failure,review required,phi3.5-mini,mcp_access_only,review required,REVIEW_REQUIRED,0.50263338,0.01053361,False,False
LAB2-0467,heparin,service_failure,review required,phi3.5-mini,confidence_abstention,review required,REVIEW_REQUIRED,0.50263338,0.01053361,False,False
LAB2-0467,heparin,service_failure,review required,phi3.5-mini,mcp_governed,review required,REVIEW_REQUIRED,0.50263338,0.01053361,False,False
LAB2-0468,heparin,service_failure,review required,phi3.5-mini,deterministic_rules,review required,REVIEW_REQUIRED,0.56852018,0.27581606,False,False
LAB2-0468,heparin,service_failure,review required,phi3.5-mini,mcp_access_only,review required,REVIEW_REQUIRED,0.56852018,0.27581606,False,False
LAB2-0468,heparin,service_failure,review required,phi3.5-mini,confidence_abstention,review required,REVIEW_REQUIRED,0.56852018,0.27581606,False,False
LAB2-0468,heparin,service_failure,review required,phi3.5-mini,mcp_governed,review required,REVIEW_REQUIRED,0.56852018,0.27581606,False,False
LAB2-0481,lithium carbonate,clean,review required,phi3.5-mini,deterministic_rules,review required,REVIEW_REQUIRED,0.67861496,0.747414,False,False
LAB2-0481,lithium carbonate,clean,review required,phi3.5-mini,mcp_access_only,review required,REVIEW_REQUIRED,0.67861496,0.747414,False,False
LAB2-0481,lithium carbonate,clean,review required,phi3.5-mini,confidence_abstention,review required,REVIEW_REQUIRED,0.67861496,0.747414,False,False
LAB2-0481,lithium carbonate,clean,review required,phi3.5-mini,mcp_governed,review required,REVIEW_REQUIRED,0.67861496,0.747414,False,False
LAB2-0482,lithium carbonate,clean,review required,phi3.5-mini,deterministic_rules,review required,REVIEW_REQUIRED,0.62652405,0.51733356,False,False
LAB2-0482,lithium carbonate,clean,review required,phi3.5-mini,mcp_access_only,review required,REVIEW_REQUIRED,0.62652405,0.51733356,False,False
LAB2-0482,lithium carbonate,clean,review required,phi3.5-mini,confidence_abstention,review required,REVIEW_REQUIRED,0.62652405,0.51733356,False,False
LAB2-0482,lithium carbonate,clean,review required,phi3.5-mini,mcp_governed,review required,REVIEW_REQUIRED,0.62652405,0.51733356,False,False
LAB2-0483,lithium carbonate,clean,review required,phi3.5-mini,deterministic_rules,review required,REVIEW_REQUIRED,0.65244613,0.62980892,False,False
LAB2-0483,lithium carbonate,clean,review required,phi3.5-mini,mcp_access_only,review required,REVIEW_REQUIRED,0.65244613,0.62980892,False,False
LAB2-0483,lithium carbonate,clean,review required,phi3.5-mini,confidence_abstention,review required,REVIEW_REQUIRED,0.65244613,0.62980892,False,False
LAB2-0483,lithium carbonate,clean,review required,phi3.5-mini,mcp_governed,review required,REVIEW_REQUIRED,0.65244613,0.62980892,False,False
LAB2-0484,lithium carbonate,clean,review required,phi3.5-mini,deterministic_rules,review required,REVIEW_REQUIRED,0.62448397,0.50862451,False,False
LAB2-0484,lithium carbonate,clean,review required,phi3.5-mini,mcp_access_only,review required,REVIEW_REQUIRED,0.62448397,0.50862451,False,False
LAB2-0484,lithium carbonate,clean,review required,phi3.5-mini,confidence_abstention,review required,REVIEW_REQUIRED,0.62448397,0.50862451,False,False
LAB2-0484,lithium carbonate,clean,review required,phi3.5-mini,mcp_governed,review required,REVIEW_REQUIRED,0.62448397,0.50862451,False,False
LAB2-0485,lithium carbonate,clean,review required,phi3.5-mini,deterministic_rules,review required,REVIEW_REQUIRED,0.62652449,0.51733542,False,False
LAB2-0485,lithium carbonate,clean,review required,phi3.5-mini,mcp_access_only,review required,REVIEW_REQUIRED,0.62652449,0.51733542,False,False
LAB2-0485,lithium carbonate,clean,review required,phi3.5-mini,confidence_abstention,review required,REVIEW_REQUIRED,0.62652449,0.51733542,False,False
LAB2-0485,lithium carbonate,clean,review required,phi3.5-mini,mcp_governed,review required,REVIEW_REQUIRED,0.62652449,0.51733542,False,False
LAB2-0486,lithium carbonate,clean,review required,phi3.5-mini,deterministic_rules,review required,REVIEW_REQUIRED,0.60133194,0.41101794,False,False
LAB2-0486,lithium carbonate,clean,review required,phi3.5-mini,mcp_access_only,review required,REVIEW_REQUIRED,0.60133194,0.41101794,False,False
LAB2-0486,lithium carbonate,clean,review required,phi3.5-mini,confidence_abstention,review required,REVIEW_REQUIRED,0.60133194,0.41101794,False,False
LAB2-0486,lithium carbonate,clean,review required,phi3.5-mini,mcp_governed,review required,REVIEW_REQUIRED,0.60133194,0.41101794,False,False
LAB2-0487,lithium carbonate,clean,review required,phi3.5-mini,deterministic_rules,review required,REVIEW_REQUIRED,0.62644811,0.51700904,False,False
LAB2-0487,lithium carbonate,clean,review required,phi3.5-mini,mcp_access_only,review required,REVIEW_REQUIRED,0.62644811,0.51700904,False,False
LAB2-0487,lithium carbonate,clean,review required,phi3.5-mini,confidence_abstention,review required,REVIEW_REQUIRED,0.62644811,0.51700904,False,False
LAB2-0487,lithium carbonate,clean,review required,phi3.5-mini,mcp_governed,review required,REVIEW_REQUIRED,0.62644811,0.51700904,False,False
LAB2-0488,lithium carbonate,clean,review required,phi3.5-mini,deterministic_rules,review required,REVIEW_REQUIRED,0.65060888,0.62171669,False,False
LAB2-0488,lithium carbonate,clean,review required,phi3.5-mini,mcp_access_only,review required,REVIEW_REQUIRED,0.65060888,0.62171669,False,False
LAB2-0488,lithium carbonate,clean,review required,phi3.5-mini,confidence_abstention,review required,REVIEW_REQUIRED,0.65060888,0.62171669,False,False
LAB2-0488,lithium carbonate,clean,review required,phi3.5-mini,mcp_governed,review required,REVIEW_REQUIRED,0.65060888,0.62171669,False,False
LAB2-0489,lithium carbonate,clean,review required,phi3.5-mini,deterministic_rules,review required,REVIEW_REQUIRED,0.59925773,0.40237329,False,False
LAB2-0489,lithium carbonate,clean,review required,phi3.5-mini,mcp_access_only,review required,REVIEW_REQUIRED,0.59925773,0.40237329,False,False
LAB2-0489,lithium carbonate,clean,review required,phi3.5-mini,confidence_abstention,review required,REVIEW_REQUIRED,0.59925773,0.40237329,False,False
LAB2-0489,lithium carbonate,clean,review required,phi3.5-mini,mcp_governed,review required,REVIEW_REQUIRED,0.59925773,0.40237329,False,False
LAB2-0490,lithium carbonate,clean,review required,phi3.5-mini,deterministic_rules,review required,REVIEW_REQUIRED,0.51010835,0.04043892,False,False
LAB2-0490,lithium carbonate,clean,review required,phi3.5-mini,mcp_access_only,review required,REVIEW_REQUIRED,0.51010835,0.04043892,False,False
LAB2-0490,lithium carbonate,clean,review required,phi3.5-mini,confidence_abstention,review required,REVIEW_REQUIRED,0.51010835,0.04043892,False,False
LAB2-0490,lithium carbonate,clean,review required,phi3.5-mini,mcp_governed,review required,REVIEW_REQUIRED,0.51010835,0.04043892,False,False
LAB2-0491,lithium carbonate,clean,review required,phi3.5-mini,deterministic_rules,review required,REVIEW_REQUIRED,0.65065363,0.62191355,False,False
LAB2-0491,lithium carbonate,clean,review required,phi3.5-mini,mcp_access_only,review required,REVIEW_REQUIRED,0.65065363,0.62191355,False,False
LAB2-0491,lithium carbonate,clean,review required,phi3.5-mini,confidence_abstention,review required,REVIEW_REQUIRED,0.65065363,0.62191355,False,False
LAB2-0491,lithium carbonate,clean,review required,phi3.5-mini,mcp_governed,review required,REVIEW_REQUIRED,0.65065363,0.62191355,False,False
LAB2-0492,lithium carbonate,clean,review required,phi3.5-mini,deterministic_rules,review required,REVIEW_REQUIRED,0.6245422,0.5088728,False,False
LAB2-0492,lithium carbonate,clean,review required,phi3.5-mini,mcp_access_only,review required,REVIEW_REQUIRED,0.6245422,0.5088728,False,False
LAB2-0492,lithium carbonate,clean,review required,phi3.5-mini,confidence_abstention,review required,REVIEW_REQUIRED,0.6245422,0.5088728,False,False
LAB2-0492,lithium carbonate,clean,review required,phi3.5-mini,mcp_governed,review required,REVIEW_REQUIRED,0.6245422,0.5088728,False,False
LAB2-0493,lithium carbonate,clean,approved,phi3.5-mini,deterministic_rules,approved,REVIEW_REQUIRED,0.54161709,0.1668544,False,False
LAB2-0493,lithium carbonate,clean,approved,phi3.5-mini,mcp_access_only,review required,REVIEW_REQUIRED,0.54161709,0.1668544,False,False
LAB2-0493,lithium carbonate,clean,approved,phi3.5-mini,confidence_abstention,review required,REVIEW_REQUIRED,0.54161709,0.1668544,False,False
LAB2-0493,lithium carbonate,clean,approved,phi3.5-mini,mcp_governed,review required,REVIEW_REQUIRED,0.54161709,0.1668544,False,False
LAB2-0494,lithium carbonate,clean,approved,phi3.5-mini,deterministic_rules,approved,REVIEW_REQUIRED,0.54758001,0.19089767,False,False
LAB2-0494,lithium carbonate,clean,approved,phi3.5-mini,mcp_access_only,review required,REVIEW_REQUIRED,0.54758001,0.19089767,False,False
LAB2-0494,lithium carbonate,clean,approved,phi3.5-mini,confidence_abstention,review required,REVIEW_REQUIRED,0.54758001,0.19089767,False,False
LAB2-0494,lithium carbonate,clean,approved,phi3.5-mini,mcp_governed,review required,REVIEW_REQUIRED,0.54758001,0.19089767,False,False
LAB2-0495,lithium carbonate,clean,approved,phi3.5-mini,deterministic_rules,approved,REVIEW_REQUIRED,0.52409356,0.09644895,False,False
LAB2-0495,lithium carbonate,clean,approved,phi3.5-mini,mcp_access_only,review required,REVIEW_REQUIRED,0.52409356,0.09644895,False,False
LAB2-0495,lithium carbonate,clean,approved,phi3.5-mini,confidence_abstention,review required,REVIEW_REQUIRED,0.52409356,0.09644895,False,False
LAB2-0495,lithium carbonate,clean,approved,phi3.5-mini,mcp_governed,review required,REVIEW_REQUIRED,0.52409356,0.09644895,False,False
LAB2-0496,lithium carbonate,clean,approved,phi3.5-mini,deterministic_rules,approved,REVIEW_REQUIRED,0.57267422,0.29277031,False,False
LAB2-0496,lithium carbonate,clean,approved,phi3.5-mini,mcp_access_only,review required,REVIEW_REQUIRED,0.57267422,0.29277031,False,False
LAB2-0496,lithium carbonate,clean,approved,phi3.5-mini,confidence_abstention,review required,REVIEW_REQUIRED,0.57267422,0.29277031,False,False
LAB2-0496,lithium carbonate,clean,approved,phi3.5-mini,mcp_governed,review required,REVIEW_REQUIRED,0.57267422,0.29277031,False,False
LAB2-0497,lithium carbonate,clean,approved,phi3.5-mini,deterministic_rules,approved,REVIEW_REQUIRED,0.56848993,0.27569274,False,False
LAB2-0497,lithium carbonate,clean,approved,phi3.5-mini,mcp_access_only,review required,REVIEW_REQUIRED,0.56848993,0.27569274,False,False
LAB2-0497,lithium carbonate,clean,approved,phi3.5-mini,confidence_abstention,review required,REVIEW_REQUIRED,0.56848993,0.27569274,False,False
LAB2-0497,lithium carbonate,clean,approved,phi3.5-mini,mcp_governed,review required,REVIEW_REQUIRED,0.56848993,0.27569274,False,False
LAB2-0498,lithium carbonate,clean,approved,phi3.5-mini,deterministic_rules,approved,APPROVED,0.48324927,0.06702801,False,False
LAB2-0498,lithium carbonate,clean,approved,phi3.5-mini,mcp_access_only,approved,APPROVED,0.48324927,0.06702801,False,False
LAB2-0498,lithium carbonate,clean,approved,phi3.5-mini,confidence_abstention,review required,APPROVED,0.48324927,0.06702801,True,False
LAB2-0498,lithium carbonate,clean,approved,phi3.5-mini,mcp_governed,approved,APPROVED,0.48324927,0.06702801,False,False
LAB2-0499,lithium carbonate,clean,approved,phi3.5-mini,deterministic_rules,approved,REVIEW_REQUIRED,0.68044237,0.75580548,False,False
LAB2-0499,lithium carbonate,clean,approved,phi3.5-mini,mcp_access_only,review required,REVIEW_REQUIRED,0.68044237,0.75580548,False,False
LAB2-0499,lithium carbonate,clean,approved,phi3.5-mini,confidence_abstention,review required,REVIEW_REQUIRED,0.68044237,0.75580548,False,False
LAB2-0499,lithium carbonate,clean,approved,phi3.5-mini,mcp_governed,review required,REVIEW_REQUIRED,0.68044237,0.75580548,False,False
LAB2-0500,lithium carbonate,clean,approved,phi3.5-mini,deterministic_rules,approved,REVIEW_REQUIRED,0.65067831,0.62202212,False,False
LAB2-0500,lithium carbonate,clean,approved,phi3.5-mini,mcp_access_only,review required,REVIEW_REQUIRED,0.65067831,0.62202212,False,False
LAB2-0500,lithium carbonate,clean,approved,phi3.5-mini,confidence_abstention,review required,REVIEW_REQUIRED,0.65067831,0.62202212,False,False
LAB2-0500,lithium carbonate,clean,approved,phi3.5-mini,mcp_governed,review required,REVIEW_REQUIRED,0.65067831,0.62202212,False,False
LAB2-0501,lithium carbonate,clean,approved,phi3.5-mini,deterministic_rules,approved,REVIEW_REQUIRED,0.54757045,0.19085908,False,False
LAB2-0501,lithium carbonate,clean,approved,phi3.5-mini,mcp_access_only,review required,REVIEW_REQUIRED,0.54757045,0.19085908,False,False
LAB2-0501,lithium carbonate,clean,approved,phi3.5-mini,confidence_abstention,review required,REVIEW_REQUIRED,0.54757045,0.19085908,False,False
LAB2-0501,lithium carbonate,clean,approved,phi3.5-mini,mcp_governed,review required,REVIEW_REQUIRED,0.54757045,0.19085908,False,False
LAB2-0502,lithium carbonate,clean,approved,phi3.5-mini,deterministic_rules,approved,REVIEW_REQUIRED,0.65434068,0.63817445,False,False
LAB2-0502,lithium carbonate,clean,approved,phi3.5-mini,mcp_access_only,review required,REVIEW_REQUIRED,0.65434068,0.63817445,False,False
LAB2-0502,lithium carbonate,clean,approved,phi3.5-mini,confidence_abstention,review required,REVIEW_REQUIRED,0.65434068,0.63817445,False,False
LAB2-0502,lithium carbonate,clean,approved,phi3.5-mini,mcp_governed,review required,REVIEW_REQUIRED,0.65434068,0.63817445,False,False
LAB2-0503,lithium carbonate,clean,approved,phi3.5-mini,deterministic_rules,approved,REVIEW_REQUIRED,0.73004144,0.99483284,False,False
LAB2-0503,lithium carbonate,clean,approved,phi3.5-mini,mcp_access_only,review required,REVIEW_REQUIRED,0.73004144,0.99483284,False,False
LAB2-0503,lithium carbonate,clean,approved,phi3.5-mini,confidence_abstention,review required,REVIEW_REQUIRED,0.73004144,0.99483284,False,False
LAB2-0503,lithium carbonate,clean,approved,phi3.5-mini,mcp_governed,review required,REVIEW_REQUIRED,0.73004144,0.99483284,False,False
LAB2-0504,lithium carbonate,clean,approved,phi3.5-mini,deterministic_rules,approved,REVIEW_REQUIRED,0.62452743,0.50880985,False,False
LAB2-0504,lithium carbonate,clean,approved,phi3.5-mini,mcp_access_only,review required,REVIEW_REQUIRED,0.62452743,0.50880985,False,False
LAB2-0504,lithium carbonate,clean,approved,phi3.5-mini,confidence_abstention,review required,REVIEW_REQUIRED,0.62452743,0.50880985,False,False
LAB2-0504,lithium carbonate,clean,approved,phi3.5-mini,mcp_governed,review required,REVIEW_REQUIRED,0.62452743,0.50880985,False,False
LAB2-0505,lithium carbonate,missing,review required,phi3.5-mini,deterministic_rules,review required,REVIEW_REQUIRED,0.65349054,0.63441792,False,False
LAB2-0505,lithium carbonate,missing,review required,phi3.5-mini,mcp_access_only,review required,REVIEW_REQUIRED,0.65349054,0.63441792,False,False
LAB2-0505,lithium carbonate,missing,review required,phi3.5-mini,confidence_abstention,review required,REVIEW_REQUIRED,0.65349054,0.63441792,False,False
LAB2-0505,lithium carbonate,missing,review required,phi3.5-mini,mcp_governed,review required,REVIEW_REQUIRED,0.65349054,0.63441792,False,False
LAB2-0506,lithium carbonate,missing,review required,phi3.5-mini,deterministic_rules,review required,REVIEW_REQUIRED,0.70595707,0.87582866,False,False
LAB2-0506,lithium carbonate,missing,review required,phi3.5-mini,mcp_access_only,review required,REVIEW_REQUIRED,0.70595707,0.87582866,False,False
LAB2-0506,lithium carbonate,missing,review required,phi3.5-mini,confidence_abstention,review required,REVIEW_REQUIRED,0.70595707,0.87582866,False,False
LAB2-0506,lithium carbonate,missing,review required,phi3.5-mini,mcp_governed,review required,REVIEW_REQUIRED,0.70595707,0.87582866,False,False
LAB2-0507,lithium carbonate,missing,review required,phi3.5-mini,deterministic_rules,review required,REVIEW_REQUIRED,0.68044332,0.75580985,False,False
LAB2-0507,lithium carbonate,missing,review required,phi3.5-mini,mcp_access_only,review required,REVIEW_REQUIRED,0.68044332,0.75580985,False,False
LAB2-0507,lithium carbonate,missing,review required,phi3.5-mini,confidence_abstention,review required,REVIEW_REQUIRED,0.68044332,0.75580985,False,False
LAB2-0507,lithium carbonate,missing,review required,phi3.5-mini,mcp_governed,review required,REVIEW_REQUIRED,0.68044332,0.75580985,False,False
LAB2-0508,lithium carbonate,missing,review required,phi3.5-mini,deterministic_rules,review required,REVIEW_REQUIRED,0.68009404,0.754204,False,False
LAB2-0508,lithium carbonate,missing,review required,phi3.5-mini,mcp_access_only,review required,REVIEW_REQUIRED,0.68009404,0.754204,False,False
LAB2-0508,lithium carbonate,missing,review required,phi3.5-mini,confidence_abstention,review required,REVIEW_REQUIRED,0.68009404,0.754204,False,False
LAB2-0508,lithium carbonate,missing,review required,phi3.5-mini,mcp_governed,review required,REVIEW_REQUIRED,0.68009404,0.754204,False,False
LAB2-0509,lithium carbonate,stale,review required,phi3.5-mini,deterministic_rules,review required,REVIEW_REQUIRED,0.6266234,0.51775818,False,False
LAB2-0509,lithium carbonate,stale,review required,phi3.5-mini,mcp_access_only,review required,REVIEW_REQUIRED,0.6266234,0.51775818,False,False
LAB2-0509,lithium carbonate,stale,review required,phi3.5-mini,confidence_abstention,review required,REVIEW_REQUIRED,0.6266234,0.51775818,False,False
LAB2-0509,lithium carbonate,stale,review required,phi3.5-mini,mcp_governed,review required,REVIEW_REQUIRED,0.6266234,0.51775818,False,False
LAB2-0510,lithium carbonate,stale,review required,phi3.5-mini,deterministic_rules,review required,REVIEW_REQUIRED,0.54751883,0.19065072,False,False
LAB2-0510,lithium carbonate,stale,review required,phi3.5-mini,mcp_access_only,review required,REVIEW_REQUIRED,0.54751883,0.19065072,False,False
LAB2-0510,lithium carbonate,stale,review required,phi3.5-mini,confidence_abstention,review required,REVIEW_REQUIRED,0.54751883,0.19065072,False,False
LAB2-0510,lithium carbonate,stale,review required,phi3.5-mini,mcp_governed,review required,REVIEW_REQUIRED,0.54751883,0.19065072,False,False
LAB2-0511,lithium carbonate,stale,review required,phi3.5-mini,deterministic_rules,review required,REVIEW_REQUIRED,0.60130599,0.41090971,False,False
LAB2-0511,lithium carbonate,stale,review required,phi3.5-mini,mcp_access_only,review required,REVIEW_REQUIRED,0.60130599,0.41090971,False,False
LAB2-0511,lithium carbonate,stale,review required,phi3.5-mini,confidence_abstention,review required,REVIEW_REQUIRED,0.60130599,0.41090971,False,False
LAB2-0511,lithium carbonate,stale,review required,phi3.5-mini,mcp_governed,review required,REVIEW_REQUIRED,0.60130599,0.41090971,False,False
LAB2-0512,lithium carbonate,stale,review required,phi3.5-mini,deterministic_rules,review required,REVIEW_REQUIRED,0.68052285,0.75617563,False,False
LAB2-0512,lithium carbonate,stale,review required,phi3.5-mini,mcp_access_only,review required,REVIEW_REQUIRED,0.68052285,0.75617563,False,False
LAB2-0512,lithium carbonate,stale,review required,phi3.5-mini,confidence_abstention,review required,REVIEW_REQUIRED,0.68052285,0.75617563,False,False
LAB2-0512,lithium carbonate,stale,review required,phi3.5-mini,mcp_governed,review required,REVIEW_REQUIRED,0.68052285,0.75617563,False,False
LAB2-0513,lithium carbonate,unit_error,review required,phi3.5-mini,deterministic_rules,review required,REVIEW_REQUIRED,0.75542462,1.12775646,False,False
LAB2-0513,lithium carbonate,unit_error,review required,phi3.5-mini,mcp_access_only,review required,REVIEW_REQUIRED,0.75542462,1.12775646,False,False
LAB2-0513,lithium carbonate,unit_error,review required,phi3.5-mini,confidence_abstention,review required,REVIEW_REQUIRED,0.75542462,1.12775646,False,False
LAB2-0513,lithium carbonate,unit_error,review required,phi3.5-mini,mcp_governed,review required,REVIEW_REQUIRED,0.75542462,1.12775646,False,False
LAB2-0514,lithium carbonate,unit_error,review required,phi3.5-mini,deterministic_rules,review required,REVIEW_REQUIRED,0.73092575,0.9993245,False,False
LAB2-0514,lithium carbonate,unit_error,review required,phi3.5-mini,mcp_access_only,review required,REVIEW_REQUIRED,0.73092575,0.9993245,False,False
LAB2-0514,lithium carbonate,unit_error,review required,phi3.5-mini,confidence_abstention,review required,REVIEW_REQUIRED,0.73092575,0.9993245,False,False
LAB2-0514,lithium carbonate,unit_error,review required,phi3.5-mini,mcp_governed,review required,REVIEW_REQUIRED,0.73092575,0.9993245,False,False
LAB2-0515,lithium carbonate,unit_error,review required,phi3.5-mini,deterministic_rules,review required,REVIEW_REQUIRED,0.62468301,0.50947337,False,False
LAB2-0515,lithium carbonate,unit_error,review required,phi3.5-mini,mcp_access_only,review required,REVIEW_REQUIRED,0.62468301,0.50947337,False,False
LAB2-0515,lithium carbonate,unit_error,review required,phi3.5-mini,confidence_abstention,review required,REVIEW_REQUIRED,0.62468301,0.50947337,False,False
LAB2-0515,lithium carbonate,unit_error,review required,phi3.5-mini,mcp_governed,review required,REVIEW_REQUIRED,0.62468301,0.50947337,False,False
LAB2-0516,lithium carbonate,unit_error,review required,phi3.5-mini,deterministic_rules,review required,REVIEW_REQUIRED,0.7981615,1.37484305,False,False
LAB2-0516,lithium carbonate,unit_error,review required,phi3.5-mini,mcp_access_only,review required,REVIEW_REQUIRED,0.7981615,1.37484305,False,False
LAB2-0516,lithium carbonate,unit_error,review required,phi3.5-mini,confidence_abstention,review required,REVIEW_REQUIRED,0.7981615,1.37484305,False,False
LAB2-0516,lithium carbonate,unit_error,review required,phi3.5-mini,mcp_governed,review required,REVIEW_REQUIRED,0.7981615,1.37484305,False,False
LAB2-0517,lithium carbonate,conflict,review required,phi3.5-mini,deterministic_rules,review required,REVIEW_REQUIRED,0.70683064,0.88004064,False,False
LAB2-0517,lithium carbonate,conflict,review required,phi3.5-mini,mcp_access_only,review required,REVIEW_REQUIRED,0.70683064,0.88004064,False,False
LAB2-0517,lithium carbonate,conflict,review required,phi3.5-mini,confidence_abstention,review required,REVIEW_REQUIRED,0.70683064,0.88004064,False,False
LAB2-0517,lithium carbonate,conflict,review required,phi3.5-mini,mcp_governed,review required,REVIEW_REQUIRED,0.70683064,0.88004064,False,False
LAB2-0518,lithium carbonate,conflict,review required,phi3.5-mini,deterministic_rules,review required,REVIEW_REQUIRED,0.70683321,0.88005305,False,False
LAB2-0518,lithium carbonate,conflict,review required,phi3.5-mini,mcp_access_only,review required,REVIEW_REQUIRED,0.70683321,0.88005305,False,False
LAB2-0518,lithium carbonate,conflict,review required,phi3.5-mini,confidence_abstention,review required,REVIEW_REQUIRED,0.70683321,0.88005305,False,False
LAB2-0518,lithium carbonate,conflict,review required,phi3.5-mini,mcp_governed,review required,REVIEW_REQUIRED,0.70683321,0.88005305,False,False
LAB2-0519,lithium carbonate,conflict,review required,phi3.5-mini,deterministic_rules,review required,REVIEW_REQUIRED,0.75529726,1.12706722,False,False
LAB2-0519,lithium carbonate,conflict,review required,phi3.5-mini,mcp_access_only,review required,REVIEW_REQUIRED,0.75529726,1.12706722,False,False
LAB2-0519,lithium carbonate,conflict,review required,phi3.5-mini,confidence_abstention,review required,REVIEW_REQUIRED,0.75529726,1.12706722,False,False
LAB2-0519,lithium carbonate,conflict,review required,phi3.5-mini,mcp_governed,review required,REVIEW_REQUIRED,0.75529726,1.12706722,False,False
LAB2-0520,lithium carbonate,conflict,review required,phi3.5-mini,deterministic_rules,review required,REVIEW_REQUIRED,0.73136469,1.00155748,False,False
LAB2-0520,lithium carbonate,conflict,review required,phi3.5-mini,mcp_access_only,review required,REVIEW_REQUIRED,0.73136469,1.00155748,False,False
LAB2-0520,lithium carbonate,conflict,review required,phi3.5-mini,confidence_abstention,review required,REVIEW_REQUIRED,0.73136469,1.00155748,False,False
LAB2-0520,lithium carbonate,conflict,review required,phi3.5-mini,mcp_governed,review required,REVIEW_REQUIRED,0.73136469,1.00155748,False,False
LAB2-0521,lithium carbonate,wrong_encounter,review required,phi3.5-mini,deterministic_rules,review required,REVIEW_REQUIRED,0.59646331,0.3907503,False,False
LAB2-0521,lithium carbonate,wrong_encounter,review required,phi3.5-mini,mcp_access_only,review required,REVIEW_REQUIRED,0.59646331,0.3907503,False,False
LAB2-0521,lithium carbonate,wrong_encounter,review required,phi3.5-mini,confidence_abstention,review required,REVIEW_REQUIRED,0.59646331,0.3907503,False,False
LAB2-0521,lithium carbonate,wrong_encounter,review required,phi3.5-mini,mcp_governed,review required,REVIEW_REQUIRED,0.59646331,0.3907503,False,False
LAB2-0522,lithium carbonate,wrong_encounter,review required,phi3.5-mini,deterministic_rules,review required,REVIEW_REQUIRED,0.62664054,0.51783141,False,False
LAB2-0522,lithium carbonate,wrong_encounter,review required,phi3.5-mini,mcp_access_only,review required,REVIEW_REQUIRED,0.62664054,0.51783141,False,False
LAB2-0522,lithium carbonate,wrong_encounter,review required,phi3.5-mini,confidence_abstention,review required,REVIEW_REQUIRED,0.62664054,0.51783141,False,False
LAB2-0522,lithium carbonate,wrong_encounter,review required,phi3.5-mini,mcp_governed,review required,REVIEW_REQUIRED,0.62664054,0.51783141,False,False
LAB2-0523,lithium carbonate,wrong_encounter,review required,phi3.5-mini,deterministic_rules,review required,REVIEW_REQUIRED,0.67984585,0.75306348,False,False
LAB2-0523,lithium carbonate,wrong_encounter,review required,phi3.5-mini,mcp_access_only,review required,REVIEW_REQUIRED,0.67984585,0.75306348,False,False
LAB2-0523,lithium carbonate,wrong_encounter,review required,phi3.5-mini,confidence_abstention,review required,REVIEW_REQUIRED,0.67984585,0.75306348,False,False
LAB2-0523,lithium carbonate,wrong_encounter,review required,phi3.5-mini,mcp_governed,review required,REVIEW_REQUIRED,0.67984585,0.75306348,False,False
LAB2-0524,lithium carbonate,wrong_encounter,review required,phi3.5-mini,deterministic_rules,review required,REVIEW_REQUIRED,0.79817527,1.37492854,False,False
LAB2-0524,lithium carbonate,wrong_encounter,review required,phi3.5-mini,mcp_access_only,review required,REVIEW_REQUIRED,0.79817527,1.37492854,False,False
LAB2-0524,lithium carbonate,wrong_encounter,review required,phi3.5-mini,confidence_abstention,review required,REVIEW_REQUIRED,0.79817527,1.37492854,False,False
LAB2-0524,lithium carbonate,wrong_encounter,review required,phi3.5-mini,mcp_governed,review required,REVIEW_REQUIRED,0.79817527,1.37492854,False,False
LAB2-0525,lithium carbonate,service_failure,review required,phi3.5-mini,deterministic_rules,review required,REVIEW_REQUIRED,0.53008754,0.12049574,False,False
LAB2-0525,lithium carbonate,service_failure,review required,phi3.5-mini,mcp_access_only,review required,REVIEW_REQUIRED,0.53008754,0.12049574,False,False
LAB2-0525,lithium carbonate,service_failure,review required,phi3.5-mini,confidence_abstention,review required,REVIEW_REQUIRED,0.53008754,0.12049574,False,False
LAB2-0525,lithium carbonate,service_failure,review required,phi3.5-mini,mcp_governed,review required,REVIEW_REQUIRED,0.53008754,0.12049574,False,False
LAB2-0526,lithium carbonate,service_failure,review required,phi3.5-mini,deterministic_rules,review required,REVIEW_REQUIRED,0.54154551,0.16656608,False,False
LAB2-0526,lithium carbonate,service_failure,review required,phi3.5-mini,mcp_access_only,review required,REVIEW_REQUIRED,0.54154551,0.16656608,False,False
LAB2-0526,lithium carbonate,service_failure,review required,phi3.5-mini,confidence_abstention,review required,REVIEW_REQUIRED,0.54154551,0.16656608,False,False
LAB2-0526,lithium carbonate,service_failure,review required,phi3.5-mini,mcp_governed,review required,REVIEW_REQUIRED,0.54154551,0.16656608,False,False
LAB2-0527,lithium carbonate,service_failure,review required,phi3.5-mini,deterministic_rules,review required,REVIEW_REQUIRED,0.55193583,0.20849533,False,False
LAB2-0527,lithium carbonate,service_failure,review required,phi3.5-mini,mcp_access_only,review required,REVIEW_REQUIRED,0.55193583,0.20849533,False,False
LAB2-0527,lithium carbonate,service_failure,review required,phi3.5-mini,confidence_abstention,review required,REVIEW_REQUIRED,0.55193583,0.20849533,False,False
LAB2-0527,lithium carbonate,service_failure,review required,phi3.5-mini,mcp_governed,review required,REVIEW_REQUIRED,0.55193583,0.20849533,False,False
LAB2-0528,lithium carbonate,service_failure,review required,phi3.5-mini,deterministic_rules,review required,REVIEW_REQUIRED,0.79826946,1.37551337,False,False
LAB2-0528,lithium carbonate,service_failure,review required,phi3.5-mini,mcp_access_only,review required,REVIEW_REQUIRED,0.79826946,1.37551337,False,False
LAB2-0528,lithium carbonate,service_failure,review required,phi3.5-mini,confidence_abstention,review required,REVIEW_REQUIRED,0.79826946,1.37551337,False,False
LAB2-0528,lithium carbonate,service_failure,review required,phi3.5-mini,mcp_governed,review required,REVIEW_REQUIRED,0.79826946,1.37551337,False,False
LAB2-0541,linezolid,clean,review required,phi3.5-mini,deterministic_rules,review required,REVIEW_REQUIRED,0.70663905,0.87911623,False,False
LAB2-0541,linezolid,clean,review required,phi3.5-mini,mcp_access_only,review required,REVIEW_REQUIRED,0.70663905,0.87911623,False,False
LAB2-0541,linezolid,clean,review required,phi3.5-mini,confidence_abstention,review required,REVIEW_REQUIRED,0.70663905,0.87911623,False,False
LAB2-0541,linezolid,clean,review required,phi3.5-mini,mcp_governed,review required,REVIEW_REQUIRED,0.70663905,0.87911623,False,False
LAB2-0542,linezolid,clean,review required,phi3.5-mini,deterministic_rules,review required,REVIEW_REQUIRED,0.73129707,1.00121333,False,False
LAB2-0542,linezolid,clean,review required,phi3.5-mini,mcp_access_only,review required,REVIEW_REQUIRED,0.73129707,1.00121333,False,False
LAB2-0542,linezolid,clean,review required,phi3.5-mini,confidence_abstention,review required,REVIEW_REQUIRED,0.73129707,1.00121333,False,False
LAB2-0542,linezolid,clean,review required,phi3.5-mini,mcp_governed,review required,REVIEW_REQUIRED,0.73129707,1.00121333,False,False
LAB2-0543,linezolid,clean,review required,phi3.5-mini,deterministic_rules,review required,REVIEW_REQUIRED,0.70664337,0.87913705,False,False
LAB2-0543,linezolid,clean,review required,phi3.5-mini,mcp_access_only,review required,REVIEW_REQUIRED,0.70664337,0.87913705,False,False
LAB2-0543,linezolid,clean,review required,phi3.5-mini,confidence_abstention,review required,REVIEW_REQUIRED,0.70664337,0.87913705,False,False
LAB2-0543,linezolid,clean,review required,phi3.5-mini,mcp_governed,review required,REVIEW_REQUIRED,0.70664337,0.87913705,False,False
LAB2-0544,linezolid,clean,review required,phi3.5-mini,deterministic_rules,review required,REVIEW_REQUIRED,0.70617306,0.8768694,False,False
LAB2-0544,linezolid,clean,review required,phi3.5-mini,mcp_access_only,review required,REVIEW_REQUIRED,0.70617306,0.8768694,False,False
LAB2-0544,linezolid,clean,review required,phi3.5-mini,confidence_abstention,review required,REVIEW_REQUIRED,0.70617306,0.8768694,False,False
LAB2-0544,linezolid,clean,review required,phi3.5-mini,mcp_governed,review required,REVIEW_REQUIRED,0.70617306,0.8768694,False,False
LAB2-0545,linezolid,clean,review required,phi3.5-mini,deterministic_rules,review required,REVIEW_REQUIRED,0.680645,0.75673752,False,False
LAB2-0545,linezolid,clean,review required,phi3.5-mini,mcp_access_only,review required,REVIEW_REQUIRED,0.680645,0.75673752,False,False
LAB2-0545,linezolid,clean,review required,phi3.5-mini,confidence_abstention,review required,REVIEW_REQUIRED,0.680645,0.75673752,False,False
LAB2-0545,linezolid,clean,review required,phi3.5-mini,mcp_governed,review required,REVIEW_REQUIRED,0.680645,0.75673752,False,False
LAB2-0546,linezolid,clean,review required,phi3.5-mini,deterministic_rules,review required,REVIEW_REQUIRED,0.73021458,0.99571155,False,False
LAB2-0546,linezolid,clean,review required,phi3.5-mini,mcp_access_only,review required,REVIEW_REQUIRED,0.73021458,0.99571155,False,False
LAB2-0546,linezolid,clean,review required,phi3.5-mini,confidence_abstention,review required,REVIEW_REQUIRED,0.73021458,0.99571155,False,False
LAB2-0546,linezolid,clean,review required,phi3.5-mini,mcp_governed,review required,REVIEW_REQUIRED,0.73021458,0.99571155,False,False
LAB2-0547,linezolid,clean,review required,phi3.5-mini,deterministic_rules,review required,REVIEW_REQUIRED,0.73169816,1.00325547,False,False
LAB2-0547,linezolid,clean,review required,phi3.5-mini,mcp_access_only,review required,REVIEW_REQUIRED,0.73169816,1.00325547,False,False
LAB2-0547,linezolid,clean,review required,phi3.5-mini,confidence_abstention,review required,REVIEW_REQUIRED,0.73169816,1.00325547,False,False
LAB2-0547,linezolid,clean,review required,phi3.5-mini,mcp_governed,review required,REVIEW_REQUIRED,0.73169816,1.00325547,False,False
LAB2-0548,linezolid,clean,review required,phi3.5-mini,deterministic_rules,review required,REVIEW_REQUIRED,0.73125348,1.00099151,False,False
LAB2-0548,linezolid,clean,review required,phi3.5-mini,mcp_access_only,review required,REVIEW_REQUIRED,0.73125348,1.00099151,False,False
LAB2-0548,linezolid,clean,review required,phi3.5-mini,confidence_abstention,review required,REVIEW_REQUIRED,0.73125348,1.00099151,False,False
LAB2-0548,linezolid,clean,review required,phi3.5-mini,mcp_governed,review required,REVIEW_REQUIRED,0.73125348,1.00099151,False,False
LAB2-0549,linezolid,clean,review required,phi3.5-mini,deterministic_rules,review required,REVIEW_REQUIRED,0.7061813,0.87690909,False,False
LAB2-0549,linezolid,clean,review required,phi3.5-mini,mcp_access_only,review required,REVIEW_REQUIRED,0.7061813,0.87690909,False,False
LAB2-0549,linezolid,clean,review required,phi3.5-mini,confidence_abstention,review required,REVIEW_REQUIRED,0.7061813,0.87690909,False,False
LAB2-0549,linezolid,clean,review required,phi3.5-mini,mcp_governed,review required,REVIEW_REQUIRED,0.7061813,0.87690909,False,False
LAB2-0550,linezolid,clean,review required,phi3.5-mini,deterministic_rules,review required,REVIEW_REQUIRED,0.730885,0.99911734,False,False
LAB2-0550,linezolid,clean,review required,phi3.5-mini,mcp_access_only,review required,REVIEW_REQUIRED,0.730885,0.99911734,False,False
LAB2-0550,linezolid,clean,review required,phi3.5-mini,confidence_abstention,review required,REVIEW_REQUIRED,0.730885,0.99911734,False,False
LAB2-0550,linezolid,clean,review required,phi3.5-mini,mcp_governed,review required,REVIEW_REQUIRED,0.730885,0.99911734,False,False
LAB2-0551,linezolid,clean,review required,phi3.5-mini,deterministic_rules,review required,REVIEW_REQUIRED,0.70664093,0.87912529,False,False
LAB2-0551,linezolid,clean,review required,phi3.5-mini,mcp_access_only,review required,REVIEW_REQUIRED,0.70664093,0.87912529,False,False
LAB2-0551,linezolid,clean,review required,phi3.5-mini,confidence_abstention,review required,REVIEW_REQUIRED,0.70664093,0.87912529,False,False
LAB2-0551,linezolid,clean,review required,phi3.5-mini,mcp_governed,review required,REVIEW_REQUIRED,0.70664093,0.87912529,False,False
LAB2-0552,linezolid,clean,review required,phi3.5-mini,deterministic_rules,review required,REVIEW_REQUIRED,0.73087263,0.99905444,False,False
LAB2-0552,linezolid,clean,review required,phi3.5-mini,mcp_access_only,review required,REVIEW_REQUIRED,0.73087263,0.99905444,False,False
LAB2-0552,linezolid,clean,review required,phi3.5-mini,confidence_abstention,review required,REVIEW_REQUIRED,0.73087263,0.99905444,False,False
LAB2-0552,linezolid,clean,review required,phi3.5-mini,mcp_governed,review required,REVIEW_REQUIRED,0.73087263,0.99905444,False,False
LAB2-0553,linezolid,clean,approved,phi3.5-mini,deterministic_rules,approved,APPROVED,0.4049746,0.38477975,False,False
LAB2-0553,linezolid,clean,approved,phi3.5-mini,mcp_access_only,approved,APPROVED,0.4049746,0.38477975,False,False
LAB2-0553,linezolid,clean,approved,phi3.5-mini,confidence_abstention,review required,APPROVED,0.4049746,0.38477975,True,False
LAB2-0553,linezolid,clean,approved,phi3.5-mini,mcp_governed,approved,APPROVED,0.4049746,0.38477975,False,False
LAB2-0554,linezolid,clean,approved,phi3.5-mini,deterministic_rules,approved,APPROVED,0.37831073,0.4967245,False,False
LAB2-0554,linezolid,clean,approved,phi3.5-mini,mcp_access_only,approved,APPROVED,0.37831073,0.4967245,False,False
LAB2-0554,linezolid,clean,approved,phi3.5-mini,confidence_abstention,approved,APPROVED,0.37831073,0.4967245,False,False
LAB2-0554,linezolid,clean,approved,phi3.5-mini,mcp_governed,approved,APPROVED,0.37831073,0.4967245,False,False
LAB2-0555,linezolid,clean,approved,phi3.5-mini,deterministic_rules,approved,APPROVED,0.40497436,0.38478073,False,False
LAB2-0555,linezolid,clean,approved,phi3.5-mini,mcp_access_only,approved,APPROVED,0.40497436,0.38478073,False,False
LAB2-0555,linezolid,clean,approved,phi3.5-mini,confidence_abstention,review required,APPROVED,0.40497436,0.38478073,True,False
LAB2-0555,linezolid,clean,approved,phi3.5-mini,mcp_governed,approved,APPROVED,0.40497436,0.38478073,False,False
LAB2-0556,linezolid,clean,approved,phi3.5-mini,deterministic_rules,approved,APPROVED,0.37830472,0.49675006,False,False
LAB2-0556,linezolid,clean,approved,phi3.5-mini,mcp_access_only,approved,APPROVED,0.37830472,0.49675006,False,False
LAB2-0556,linezolid,clean,approved,phi3.5-mini,confidence_abstention,approved,APPROVED,0.37830472,0.49675006,False,False
LAB2-0556,linezolid,clean,approved,phi3.5-mini,mcp_governed,approved,APPROVED,0.37830472,0.49675006,False,False
LAB2-0557,linezolid,clean,approved,phi3.5-mini,deterministic_rules,approved,APPROVED,0.44605752,0.21661294,False,False
LAB2-0557,linezolid,clean,approved,phi3.5-mini,mcp_access_only,approved,APPROVED,0.44605752,0.21661294,False,False
LAB2-0557,linezolid,clean,approved,phi3.5-mini,confidence_abstention,review required,APPROVED,0.44605752,0.21661294,True,False
LAB2-0557,linezolid,clean,approved,phi3.5-mini,mcp_governed,approved,APPROVED,0.44605752,0.21661294,False,False
LAB2-0558,linezolid,clean,approved,phi3.5-mini,deterministic_rules,approved,APPROVED,0.45365155,0.18592758,False,False
LAB2-0558,linezolid,clean,approved,phi3.5-mini,mcp_access_only,approved,APPROVED,0.45365155,0.18592758,False,False
LAB2-0558,linezolid,clean,approved,phi3.5-mini,confidence_abstention,review required,APPROVED,0.45365155,0.18592758,True,False
LAB2-0558,linezolid,clean,approved,phi3.5-mini,mcp_governed,approved,APPROVED,0.45365155,0.18592758,False,False
LAB2-0559,linezolid,clean,approved,phi3.5-mini,deterministic_rules,approved,APPROVED,0.37789305,0.49850081,False,False
LAB2-0559,linezolid,clean,approved,phi3.5-mini,mcp_access_only,approved,APPROVED,0.37789305,0.49850081,False,False
LAB2-0559,linezolid,clean,approved,phi3.5-mini,confidence_abstention,approved,APPROVED,0.37789305,0.49850081,False,False
LAB2-0559,linezolid,clean,approved,phi3.5-mini,mcp_governed,approved,APPROVED,0.37789305,0.49850081,False,False
LAB2-0560,linezolid,clean,approved,phi3.5-mini,deterministic_rules,approved,APPROVED,0.40497259,0.38478808,False,False
LAB2-0560,linezolid,clean,approved,phi3.5-mini,mcp_access_only,approved,APPROVED,0.40497259,0.38478808,False,False
LAB2-0560,linezolid,clean,approved,phi3.5-mini,confidence_abstention,review required,APPROVED,0.40497259,0.38478808,True,False
LAB2-0560,linezolid,clean,approved,phi3.5-mini,mcp_governed,approved,APPROVED,0.40497259,0.38478808,False,False
LAB2-0561,linezolid,clean,approved,phi3.5-mini,deterministic_rules,approved,APPROVED,0.39196561,0.43905735,False,False
LAB2-0561,linezolid,clean,approved,phi3.5-mini,mcp_access_only,approved,APPROVED,0.39196561,0.43905735,False,False
LAB2-0561,linezolid,clean,approved,phi3.5-mini,confidence_abstention,approved,APPROVED,0.39196561,0.43905735,False,False
LAB2-0561,linezolid,clean,approved,phi3.5-mini,mcp_governed,approved,APPROVED,0.39196561,0.43905735,False,False
LAB2-0562,linezolid,clean,approved,phi3.5-mini,deterministic_rules,approved,APPROVED,0.37789459,0.49849424,False,False
LAB2-0562,linezolid,clean,approved,phi3.5-mini,mcp_access_only,approved,APPROVED,0.37789459,0.49849424,False,False
LAB2-0562,linezolid,clean,approved,phi3.5-mini,confidence_abstention,approved,APPROVED,0.37789459,0.49849424,False,False
LAB2-0562,linezolid,clean,approved,phi3.5-mini,mcp_governed,approved,APPROVED,0.37789459,0.49849424,False,False
LAB2-0563,linezolid,clean,approved,phi3.5-mini,deterministic_rules,approved,APPROVED,0.37789496,0.49849267,False,False
LAB2-0563,linezolid,clean,approved,phi3.5-mini,mcp_access_only,approved,APPROVED,0.37789496,0.49849267,False,False
LAB2-0563,linezolid,clean,approved,phi3.5-mini,confidence_abstention,approved,APPROVED,0.37789496,0.49849267,False,False
LAB2-0563,linezolid,clean,approved,phi3.5-mini,mcp_governed,approved,APPROVED,0.37789496,0.49849267,False,False
LAB2-0564,linezolid,clean,approved,phi3.5-mini,deterministic_rules,approved,APPROVED,0.40497435,0.38478076,False,False
LAB2-0564,linezolid,clean,approved,phi3.5-mini,mcp_access_only,approved,APPROVED,0.40497435,0.38478076,False,False
LAB2-0564,linezolid,clean,approved,phi3.5-mini,confidence_abstention,review required,APPROVED,0.40497435,0.38478076,True,False
LAB2-0564,linezolid,clean,approved,phi3.5-mini,mcp_governed,approved,APPROVED,0.40497435,0.38478076,False,False
LAB2-0565,linezolid,missing,review required,phi3.5-mini,deterministic_rules,review required,REVIEW_REQUIRED,0.90464629,2.24995083,False,False
LAB2-0565,linezolid,missing,review required,phi3.5-mini,mcp_access_only,review required,REVIEW_REQUIRED,0.90464629,2.24995083,False,False
LAB2-0565,linezolid,missing,review required,phi3.5-mini,confidence_abstention,review required,REVIEW_REQUIRED,0.90464629,2.24995083,False,False
LAB2-0565,linezolid,missing,review required,phi3.5-mini,mcp_governed,review required,REVIEW_REQUIRED,0.90464629,2.24995083,False,False
LAB2-0566,linezolid,missing,review required,phi3.5-mini,deterministic_rules,review required,REVIEW_REQUIRED,0.91490205,2.37501412,False,False
LAB2-0566,linezolid,missing,review required,phi3.5-mini,mcp_access_only,review required,REVIEW_REQUIRED,0.91490205,2.37501412,False,False
LAB2-0566,linezolid,missing,review required,phi3.5-mini,confidence_abstention,review required,REVIEW_REQUIRED,0.91490205,2.37501412,False,False
LAB2-0566,linezolid,missing,review required,phi3.5-mini,mcp_governed,review required,REVIEW_REQUIRED,0.91490205,2.37501412,False,False
LAB2-0567,linezolid,missing,review required,phi3.5-mini,deterministic_rules,review required,REVIEW_REQUIRED,0.91489572,2.3749328,False,False
LAB2-0567,linezolid,missing,review required,phi3.5-mini,mcp_access_only,review required,REVIEW_REQUIRED,0.91489572,2.3749328,False,False
LAB2-0567,linezolid,missing,review required,phi3.5-mini,confidence_abstention,review required,REVIEW_REQUIRED,0.91489572,2.3749328,False,False
LAB2-0567,linezolid,missing,review required,phi3.5-mini,mcp_governed,review required,REVIEW_REQUIRED,0.91489572,2.3749328,False,False
LAB2-0568,linezolid,missing,review required,phi3.5-mini,deterministic_rules,review required,REVIEW_REQUIRED,0.91489664,2.3749446,False,False
LAB2-0568,linezolid,missing,review required,phi3.5-mini,mcp_access_only,review required,REVIEW_REQUIRED,0.91489664,2.3749446,False,False
LAB2-0568,linezolid,missing,review required,phi3.5-mini,confidence_abstention,review required,REVIEW_REQUIRED,0.91489664,2.3749446,False,False
LAB2-0568,linezolid,missing,review required,phi3.5-mini,mcp_governed,review required,REVIEW_REQUIRED,0.91489664,2.3749446,False,False
LAB2-0569,linezolid,stale,review required,phi3.5-mini,deterministic_rules,review required,REVIEW_REQUIRED,0.70667491,0.87928921,False,False
LAB2-0569,linezolid,stale,review required,phi3.5-mini,mcp_access_only,review required,REVIEW_REQUIRED,0.70667491,0.87928921,False,False
LAB2-0569,linezolid,stale,review required,phi3.5-mini,confidence_abstention,review required,REVIEW_REQUIRED,0.70667491,0.87928921,False,False
LAB2-0569,linezolid,stale,review required,phi3.5-mini,mcp_governed,review required,REVIEW_REQUIRED,0.70667491,0.87928921,False,False
LAB2-0570,linezolid,stale,review required,phi3.5-mini,deterministic_rules,review required,REVIEW_REQUIRED,0.65393547,0.6363834,False,False
LAB2-0570,linezolid,stale,review required,phi3.5-mini,mcp_access_only,review required,REVIEW_REQUIRED,0.65393547,0.6363834,False,False
LAB2-0570,linezolid,stale,review required,phi3.5-mini,confidence_abstention,review required,REVIEW_REQUIRED,0.65393547,0.6363834,False,False
LAB2-0570,linezolid,stale,review required,phi3.5-mini,mcp_governed,review required,REVIEW_REQUIRED,0.65393547,0.6363834,False,False
LAB2-0571,linezolid,stale,review required,phi3.5-mini,deterministic_rules,review required,REVIEW_REQUIRED,0.83546775,1.62488512,False,False
LAB2-0571,linezolid,stale,review required,phi3.5-mini,mcp_access_only,review required,REVIEW_REQUIRED,0.83546775,1.62488512,False,False
LAB2-0571,linezolid,stale,review required,phi3.5-mini,confidence_abstention,review required,REVIEW_REQUIRED,0.83546775,1.62488512,False,False
LAB2-0571,linezolid,stale,review required,phi3.5-mini,mcp_governed,review required,REVIEW_REQUIRED,0.83546775,1.62488512,False,False
LAB2-0572,linezolid,stale,review required,phi3.5-mini,deterministic_rules,review required,REVIEW_REQUIRED,0.81759332,1.50012635,False,False
LAB2-0572,linezolid,stale,review required,phi3.5-mini,mcp_access_only,review required,REVIEW_REQUIRED,0.81759332,1.50012635,False,False
LAB2-0572,linezolid,stale,review required,phi3.5-mini,confidence_abstention,review required,REVIEW_REQUIRED,0.81759332,1.50012635,False,False
LAB2-0572,linezolid,stale,review required,phi3.5-mini,mcp_governed,review required,REVIEW_REQUIRED,0.81759332,1.50012635,False,False
LAB2-0573,linezolid,unit_error,review required,phi3.5-mini,deterministic_rules,review required,REVIEW_REQUIRED,0.70621443,0.87706876,False,False
LAB2-0573,linezolid,unit_error,review required,phi3.5-mini,mcp_access_only,review required,REVIEW_REQUIRED,0.70621443,0.87706876,False,False
LAB2-0573,linezolid,unit_error,review required,phi3.5-mini,confidence_abstention,review required,REVIEW_REQUIRED,0.70621443,0.87706876,False,False
LAB2-0573,linezolid,unit_error,review required,phi3.5-mini,mcp_governed,review required,REVIEW_REQUIRED,0.70621443,0.87706876,False,False
LAB2-0574,linezolid,unit_error,review required,phi3.5-mini,deterministic_rules,review required,REVIEW_REQUIRED,0.67875353,0.74804941,False,False
LAB2-0574,linezolid,unit_error,review required,phi3.5-mini,mcp_access_only,review required,REVIEW_REQUIRED,0.67875353,0.74804941,False,False
LAB2-0574,linezolid,unit_error,review required,phi3.5-mini,confidence_abstention,review required,REVIEW_REQUIRED,0.67875353,0.74804941,False,False
LAB2-0574,linezolid,unit_error,review required,phi3.5-mini,mcp_governed,review required,REVIEW_REQUIRED,0.67875353,0.74804941,False,False
LAB2-0575,linezolid,unit_error,review required,phi3.5-mini,deterministic_rules,review required,REVIEW_REQUIRED,0.5994696,0.4032556,False,False
LAB2-0575,linezolid,unit_error,review required,phi3.5-mini,mcp_access_only,review required,REVIEW_REQUIRED,0.5994696,0.4032556,False,False
LAB2-0575,linezolid,unit_error,review required,phi3.5-mini,confidence_abstention,review required,REVIEW_REQUIRED,0.5994696,0.4032556,False,False
LAB2-0575,linezolid,unit_error,review required,phi3.5-mini,mcp_governed,review required,REVIEW_REQUIRED,0.5994696,0.4032556,False,False
LAB2-0576,linezolid,unit_error,review required,phi3.5-mini,deterministic_rules,review required,REVIEW_REQUIRED,0.90464891,2.24998116,False,False
LAB2-0576,linezolid,unit_error,review required,phi3.5-mini,mcp_access_only,review required,REVIEW_REQUIRED,0.90464891,2.24998116,False,False
LAB2-0576,linezolid,unit_error,review required,phi3.5-mini,confidence_abstention,review required,REVIEW_REQUIRED,0.90464891,2.24998116,False,False
LAB2-0576,linezolid,unit_error,review required,phi3.5-mini,mcp_governed,review required,REVIEW_REQUIRED,0.90464891,2.24998116,False,False
LAB2-0577,linezolid,conflict,review required,phi3.5-mini,deterministic_rules,review required,REVIEW_REQUIRED,0.85201173,1.75046729,False,False
LAB2-0577,linezolid,conflict,review required,phi3.5-mini,mcp_access_only,review required,REVIEW_REQUIRED,0.85201173,1.75046729,False,False
LAB2-0577,linezolid,conflict,review required,phi3.5-mini,confidence_abstention,review required,REVIEW_REQUIRED,0.85201173,1.75046729,False,False
LAB2-0577,linezolid,conflict,review required,phi3.5-mini,mcp_governed,review required,REVIEW_REQUIRED,0.85201173,1.75046729,False,False
LAB2-0578,linezolid,conflict,review required,phi3.5-mini,deterministic_rules,review required,REVIEW_REQUIRED,0.81761444,1.50026798,False,False
LAB2-0578,linezolid,conflict,review required,phi3.5-mini,mcp_access_only,review required,REVIEW_REQUIRED,0.81761444,1.50026798,False,False
LAB2-0578,linezolid,conflict,review required,phi3.5-mini,confidence_abstention,review required,REVIEW_REQUIRED,0.81761444,1.50026798,False,False
LAB2-0578,linezolid,conflict,review required,phi3.5-mini,mcp_governed,review required,REVIEW_REQUIRED,0.81761444,1.50026798,False,False
LAB2-0579,linezolid,conflict,review required,phi3.5-mini,deterministic_rules,review required,REVIEW_REQUIRED,0.77752361,1.25129303,False,False
LAB2-0579,linezolid,conflict,review required,phi3.5-mini,mcp_access_only,review required,REVIEW_REQUIRED,0.77752361,1.25129303,False,False
LAB2-0579,linezolid,conflict,review required,phi3.5-mini,confidence_abstention,review required,REVIEW_REQUIRED,0.77752361,1.25129303,False,False
LAB2-0579,linezolid,conflict,review required,phi3.5-mini,mcp_governed,review required,REVIEW_REQUIRED,0.77752361,1.25129303,False,False
LAB2-0580,linezolid,conflict,review required,phi3.5-mini,deterministic_rules,review required,REVIEW_REQUIRED,0.81767926,1.50070271,False,False
LAB2-0580,linezolid,conflict,review required,phi3.5-mini,mcp_access_only,review required,REVIEW_REQUIRED,0.81767926,1.50070271,False,False
LAB2-0580,linezolid,conflict,review required,phi3.5-mini,confidence_abstention,review required,REVIEW_REQUIRED,0.81767926,1.50070271,False,False
LAB2-0580,linezolid,conflict,review required,phi3.5-mini,mcp_governed,review required,REVIEW_REQUIRED,0.81767926,1.50070271,False,False
LAB2-0581,linezolid,wrong_encounter,review required,phi3.5-mini,deterministic_rules,review required,REVIEW_REQUIRED,0.59941254,0.40301794,False,False
LAB2-0581,linezolid,wrong_encounter,review required,phi3.5-mini,mcp_access_only,review required,REVIEW_REQUIRED,0.59941254,0.40301794,False,False
LAB2-0581,linezolid,wrong_encounter,review required,phi3.5-mini,confidence_abstention,review required,REVIEW_REQUIRED,0.59941254,0.40301794,False,False
LAB2-0581,linezolid,wrong_encounter,review required,phi3.5-mini,mcp_governed,review required,REVIEW_REQUIRED,0.59941254,0.40301794,False,False
LAB2-0582,linezolid,wrong_encounter,review required,phi3.5-mini,deterministic_rules,review required,REVIEW_REQUIRED,0.62665909,0.51791071,False,False
LAB2-0582,linezolid,wrong_encounter,review required,phi3.5-mini,mcp_access_only,review required,REVIEW_REQUIRED,0.62665909,0.51791071,False,False
LAB2-0582,linezolid,wrong_encounter,review required,phi3.5-mini,confidence_abstention,review required,REVIEW_REQUIRED,0.62665909,0.51791071,False,False
LAB2-0582,linezolid,wrong_encounter,review required,phi3.5-mini,mcp_governed,review required,REVIEW_REQUIRED,0.62665909,0.51791071,False,False
LAB2-0583,linezolid,wrong_encounter,review required,phi3.5-mini,deterministic_rules,review required,REVIEW_REQUIRED,0.62660718,0.51768883,False,False
LAB2-0583,linezolid,wrong_encounter,review required,phi3.5-mini,mcp_access_only,review required,REVIEW_REQUIRED,0.62660718,0.51768883,False,False
LAB2-0583,linezolid,wrong_encounter,review required,phi3.5-mini,confidence_abstention,review required,REVIEW_REQUIRED,0.62660718,0.51768883,False,False
LAB2-0583,linezolid,wrong_encounter,review required,phi3.5-mini,mcp_governed,review required,REVIEW_REQUIRED,0.62660718,0.51768883,False,False
LAB2-0584,linezolid,wrong_encounter,review required,phi3.5-mini,deterministic_rules,review required,REVIEW_REQUIRED,0.65263904,0.63065972,False,False
LAB2-0584,linezolid,wrong_encounter,review required,phi3.5-mini,mcp_access_only,review required,REVIEW_REQUIRED,0.65263904,0.63065972,False,False
LAB2-0584,linezolid,wrong_encounter,review required,phi3.5-mini,confidence_abstention,review required,REVIEW_REQUIRED,0.65263904,0.63065972,False,False
LAB2-0584,linezolid,wrong_encounter,review required,phi3.5-mini,mcp_governed,review required,REVIEW_REQUIRED,0.65263904,0.63065972,False,False
LAB2-0585,linezolid,service_failure,review required,phi3.5-mini,deterministic_rules,review required,REVIEW_REQUIRED,0.7313379,1.00142116,False,False
LAB2-0585,linezolid,service_failure,review required,phi3.5-mini,mcp_access_only,review required,REVIEW_REQUIRED,0.7313379,1.00142116,False,False
LAB2-0585,linezolid,service_failure,review required,phi3.5-mini,confidence_abstention,review required,REVIEW_REQUIRED,0.7313379,1.00142116,False,False
LAB2-0585,linezolid,service_failure,review required,phi3.5-mini,mcp_governed,review required,REVIEW_REQUIRED,0.7313379,1.00142116,False,False
LAB2-0586,linezolid,service_failure,review required,phi3.5-mini,deterministic_rules,review required,REVIEW_REQUIRED,0.73133736,1.00141839,False,False
LAB2-0586,linezolid,service_failure,review required,phi3.5-mini,mcp_access_only,review required,REVIEW_REQUIRED,0.73133736,1.00141839,False,False
LAB2-0586,linezolid,service_failure,review required,phi3.5-mini,confidence_abstention,review required,REVIEW_REQUIRED,0.73133736,1.00141839,False,False
LAB2-0586,linezolid,service_failure,review required,phi3.5-mini,mcp_governed,review required,REVIEW_REQUIRED,0.73133736,1.00141839,False,False
LAB2-0587,linezolid,service_failure,review required,phi3.5-mini,deterministic_rules,review required,REVIEW_REQUIRED,0.73155534,1.0025281,False,False
LAB2-0587,linezolid,service_failure,review required,phi3.5-mini,mcp_access_only,review required,REVIEW_REQUIRED,0.73155534,1.0025281,False,False
LAB2-0587,linezolid,service_failure,review required,phi3.5-mini,confidence_abstention,review required,REVIEW_REQUIRED,0.73155534,1.0025281,False,False
LAB2-0587,linezolid,service_failure,review required,phi3.5-mini,mcp_governed,review required,REVIEW_REQUIRED,0.73155534,1.0025281,False,False
LAB2-0588,linezolid,service_failure,review required,phi3.5-mini,deterministic_rules,review required,REVIEW_REQUIRED,0.7316931,1.00322967,False,False
LAB2-0588,linezolid,service_failure,review required,phi3.5-mini,mcp_access_only,review required,REVIEW_REQUIRED,0.7316931,1.00322967,False,False
LAB2-0588,linezolid,service_failure,review required,phi3.5-mini,confidence_abstention,review required,REVIEW_REQUIRED,0.7316931,1.00322967,False,False
LAB2-0588,linezolid,service_failure,review required,phi3.5-mini,mcp_governed,review required,REVIEW_REQUIRED,0.7316931,1.00322967,False,False
LAB2-0601,divalproex sodium,clean,review required,phi3.5-mini,deterministic_rules,review required,REVIEW_REQUIRED,0.83559947,1.62584372,False,False
LAB2-0601,divalproex sodium,clean,review required,phi3.5-mini,mcp_access_only,review required,REVIEW_REQUIRED,0.83559947,1.62584372,False,False
LAB2-0601,divalproex sodium,clean,review required,phi3.5-mini,confidence_abstention,review required,REVIEW_REQUIRED,0.83559947,1.62584372,False,False
LAB2-0601,divalproex sodium,clean,review required,phi3.5-mini,mcp_governed,review required,REVIEW_REQUIRED,0.83559947,1.62584372,False,False
LAB2-0602,divalproex sodium,clean,review required,phi3.5-mini,deterministic_rules,review required,REVIEW_REQUIRED,0.77745788,1.25091308,False,False
LAB2-0602,divalproex sodium,clean,review required,phi3.5-mini,mcp_access_only,review required,REVIEW_REQUIRED,0.77745788,1.25091308,False,False
LAB2-0602,divalproex sodium,clean,review required,phi3.5-mini,confidence_abstention,review required,REVIEW_REQUIRED,0.77745788,1.25091308,False,False
LAB2-0602,divalproex sodium,clean,review required,phi3.5-mini,mcp_governed,review required,REVIEW_REQUIRED,0.77745788,1.25091308,False,False
LAB2-0603,divalproex sodium,clean,review required,phi3.5-mini,deterministic_rules,review required,REVIEW_REQUIRED,0.59210329,0.37266713,False,False
LAB2-0603,divalproex sodium,clean,review required,phi3.5-mini,mcp_access_only,review required,REVIEW_REQUIRED,0.59210329,0.37266713,False,False
LAB2-0603,divalproex sodium,clean,review required,phi3.5-mini,confidence_abstention,review required,REVIEW_REQUIRED,0.59210329,0.37266713,False,False
LAB2-0603,divalproex sodium,clean,review required,phi3.5-mini,mcp_governed,review required,REVIEW_REQUIRED,0.59210329,0.37266713,False,False
LAB2-0604,divalproex sodium,clean,review required,phi3.5-mini,deterministic_rules,review required,REVIEW_REQUIRED,0.56846497,0.27559102,False,False
LAB2-0604,divalproex sodium,clean,review required,phi3.5-mini,mcp_access_only,review required,REVIEW_REQUIRED,0.56846497,0.27559102,False,False
LAB2-0604,divalproex sodium,clean,review required,phi3.5-mini,confidence_abstention,review required,REVIEW_REQUIRED,0.56846497,0.27559102,False,False
LAB2-0604,divalproex sodium,clean,review required,phi3.5-mini,mcp_governed,review required,REVIEW_REQUIRED,0.56846497,0.27559102,False,False
LAB2-0605,divalproex sodium,clean,review required,phi3.5-mini,deterministic_rules,review required,REVIEW_REQUIRED,0.68110748,0.75886602,False,False
LAB2-0605,divalproex sodium,clean,review required,phi3.5-mini,mcp_access_only,review required,REVIEW_REQUIRED,0.68110748,0.75886602,False,False
LAB2-0605,divalproex sodium,clean,review required,phi3.5-mini,confidence_abstention,review required,REVIEW_REQUIRED,0.68110748,0.75886602,False,False
LAB2-0605,divalproex sodium,clean,review required,phi3.5-mini,mcp_governed,review required,REVIEW_REQUIRED,0.68110748,0.75886602,False,False
LAB2-0606,divalproex sodium,clean,review required,phi3.5-mini,deterministic_rules,review required,REVIEW_REQUIRED,0.54754808,0.19076876,False,False
LAB2-0606,divalproex sodium,clean,review required,phi3.5-mini,mcp_access_only,review required,REVIEW_REQUIRED,0.54754808,0.19076876,False,False
LAB2-0606,divalproex sodium,clean,review required,phi3.5-mini,confidence_abstention,review required,REVIEW_REQUIRED,0.54754808,0.19076876,False,False
LAB2-0606,divalproex sodium,clean,review required,phi3.5-mini,mcp_governed,review required,REVIEW_REQUIRED,0.54754808,0.19076876,False,False
LAB2-0607,divalproex sodium,clean,review required,phi3.5-mini,deterministic_rules,review required,REVIEW_REQUIRED,0.57284526,0.29346927,False,False
LAB2-0607,divalproex sodium,clean,review required,phi3.5-mini,mcp_access_only,review required,REVIEW_REQUIRED,0.57284526,0.29346927,False,False
LAB2-0607,divalproex sodium,clean,review required,phi3.5-mini,confidence_abstention,review required,REVIEW_REQUIRED,0.57284526,0.29346927,False,False
LAB2-0607,divalproex sodium,clean,review required,phi3.5-mini,mcp_governed,review required,REVIEW_REQUIRED,0.57284526,0.29346927,False,False
LAB2-0608,divalproex sodium,clean,review required,phi3.5-mini,deterministic_rules,review required,REVIEW_REQUIRED,0.59208503,0.37259151,False,False
LAB2-0608,divalproex sodium,clean,review required,phi3.5-mini,mcp_access_only,review required,REVIEW_REQUIRED,0.59208503,0.37259151,False,False
LAB2-0608,divalproex sodium,clean,review required,phi3.5-mini,confidence_abstention,review required,REVIEW_REQUIRED,0.59208503,0.37259151,False,False
LAB2-0608,divalproex sodium,clean,review required,phi3.5-mini,mcp_governed,review required,REVIEW_REQUIRED,0.59208503,0.37259151,False,False
LAB2-0609,divalproex sodium,clean,review required,phi3.5-mini,deterministic_rules,review required,REVIEW_REQUIRED,0.56248289,0.2512449,False,False
LAB2-0609,divalproex sodium,clean,review required,phi3.5-mini,mcp_access_only,review required,REVIEW_REQUIRED,0.56248289,0.2512449,False,False
LAB2-0609,divalproex sodium,clean,review required,phi3.5-mini,confidence_abstention,review required,REVIEW_REQUIRED,0.56248289,0.2512449,False,False
LAB2-0609,divalproex sodium,clean,review required,phi3.5-mini,mcp_governed,review required,REVIEW_REQUIRED,0.56248289,0.2512449,False,False
LAB2-0610,divalproex sodium,clean,review required,phi3.5-mini,deterministic_rules,review required,REVIEW_REQUIRED,0.5728357,0.29343023,False,False
LAB2-0610,divalproex sodium,clean,review required,phi3.5-mini,mcp_access_only,review required,REVIEW_REQUIRED,0.5728357,0.29343023,False,False
LAB2-0610,divalproex sodium,clean,review required,phi3.5-mini,confidence_abstention,review required,REVIEW_REQUIRED,0.5728357,0.29343023,False,False
LAB2-0610,divalproex sodium,clean,review required,phi3.5-mini,mcp_governed,review required,REVIEW_REQUIRED,0.5728357,0.29343023,False,False
LAB2-0611,divalproex sodium,clean,review required,phi3.5-mini,deterministic_rules,review required,REVIEW_REQUIRED,0.57283761,0.29343802,False,False
LAB2-0611,divalproex sodium,clean,review required,phi3.5-mini,mcp_access_only,review required,REVIEW_REQUIRED,0.57283761,0.29343802,False,False
LAB2-0611,divalproex sodium,clean,review required,phi3.5-mini,confidence_abstention,review required,REVIEW_REQUIRED,0.57283761,0.29343802,False,False
LAB2-0611,divalproex sodium,clean,review required,phi3.5-mini,mcp_governed,review required,REVIEW_REQUIRED,0.57283761,0.29343802,False,False
LAB2-0612,divalproex sodium,clean,review required,phi3.5-mini,deterministic_rules,review required,REVIEW_REQUIRED,0.68114151,0.7590227,False,False
LAB2-0612,divalproex sodium,clean,review required,phi3.5-mini,mcp_access_only,review required,REVIEW_REQUIRED,0.68114151,0.7590227,False,False
LAB2-0612,divalproex sodium,clean,review required,phi3.5-mini,confidence_abstention,review required,REVIEW_REQUIRED,0.68114151,0.7590227,False,False
LAB2-0612,divalproex sodium,clean,review required,phi3.5-mini,mcp_governed,review required,REVIEW_REQUIRED,0.68114151,0.7590227,False,False
LAB2-0613,divalproex sodium,clean,approved,phi3.5-mini,deterministic_rules,approved,APPROVED,0.2581617,1.05554514,False,False
LAB2-0613,divalproex sodium,clean,approved,phi3.5-mini,mcp_access_only,approved,APPROVED,0.2581617,1.05554514,False,False
LAB2-0613,divalproex sodium,clean,approved,phi3.5-mini,confidence_abstention,approved,APPROVED,0.2581617,1.05554514,False,False
LAB2-0613,divalproex sodium,clean,approved,phi3.5-mini,mcp_governed,approved,APPROVED,0.2581617,1.05554514,False,False
LAB2-0614,divalproex sodium,clean,approved,phi3.5-mini,deterministic_rules,approved,APPROVED,0.30295589,0.83326148,False,False
LAB2-0614,divalproex sodium,clean,approved,phi3.5-mini,mcp_access_only,approved,APPROVED,0.30295589,0.83326148,False,False
LAB2-0614,divalproex sodium,clean,approved,phi3.5-mini,confidence_abstention,approved,APPROVED,0.30295589,0.83326148,False,False
LAB2-0614,divalproex sodium,clean,approved,phi3.5-mini,mcp_governed,approved,APPROVED,0.30295589,0.83326148,False,False
LAB2-0615,divalproex sodium,clean,approved,phi3.5-mini,deterministic_rules,approved,APPROVED,0.25815962,1.05555601,False,False
LAB2-0615,divalproex sodium,clean,approved,phi3.5-mini,mcp_access_only,approved,APPROVED,0.25815962,1.05555601,False,False
LAB2-0615,divalproex sodium,clean,approved,phi3.5-mini,confidence_abstention,approved,APPROVED,0.25815962,1.05555601,False,False
LAB2-0615,divalproex sodium,clean,approved,phi3.5-mini,mcp_governed,approved,APPROVED,0.25815962,1.05555601,False,False
LAB2-0616,divalproex sodium,clean,approved,phi3.5-mini,deterministic_rules,approved,APPROVED,0.25815905,1.05555898,False,False
LAB2-0616,divalproex sodium,clean,approved,phi3.5-mini,mcp_access_only,approved,APPROVED,0.25815905,1.05555898,False,False
LAB2-0616,divalproex sodium,clean,approved,phi3.5-mini,confidence_abstention,approved,APPROVED,0.25815905,1.05555898,False,False
LAB2-0616,divalproex sodium,clean,approved,phi3.5-mini,mcp_governed,approved,APPROVED,0.25815905,1.05555898,False,False
LAB2-0617,divalproex sodium,clean,approved,phi3.5-mini,deterministic_rules,approved,APPROVED,0.280008,0.94442195,False,False
LAB2-0617,divalproex sodium,clean,approved,phi3.5-mini,mcp_access_only,approved,APPROVED,0.280008,0.94442195,False,False
LAB2-0617,divalproex sodium,clean,approved,phi3.5-mini,confidence_abstention,approved,APPROVED,0.280008,0.94442195,False,False
LAB2-0617,divalproex sodium,clean,approved,phi3.5-mini,mcp_governed,approved,APPROVED,0.280008,0.94442195,False,False
LAB2-0618,divalproex sodium,clean,approved,phi3.5-mini,deterministic_rules,approved,APPROVED,0.26894177,0.99999822,False,False
LAB2-0618,divalproex sodium,clean,approved,phi3.5-mini,mcp_access_only,approved,APPROVED,0.26894177,0.99999822,False,False
LAB2-0618,divalproex sodium,clean,approved,phi3.5-mini,confidence_abstention,approved,APPROVED,0.26894177,0.99999822,False,False
LAB2-0618,divalproex sodium,clean,approved,phi3.5-mini,mcp_governed,approved,APPROVED,0.26894177,0.99999822,False,False
LAB2-0619,divalproex sodium,clean,approved,phi3.5-mini,deterministic_rules,approved,APPROVED,0.25816183,1.05554449,False,False
LAB2-0619,divalproex sodium,clean,approved,phi3.5-mini,mcp_access_only,approved,APPROVED,0.25816183,1.05554449,False,False
LAB2-0619,divalproex sodium,clean,approved,phi3.5-mini,confidence_abstention,approved,APPROVED,0.25816183,1.05554449,False,False
LAB2-0619,divalproex sodium,clean,approved,phi3.5-mini,mcp_governed,approved,APPROVED,0.25816183,1.05554449,False,False
LAB2-0620,divalproex sodium,clean,approved,phi3.5-mini,deterministic_rules,approved,APPROVED,0.26893976,1.00000846,False,False
LAB2-0620,divalproex sodium,clean,approved,phi3.5-mini,mcp_access_only,approved,APPROVED,0.26893976,1.00000846,False,False
LAB2-0620,divalproex sodium,clean,approved,phi3.5-mini,confidence_abstention,approved,APPROVED,0.26893976,1.00000846,False,False
LAB2-0620,divalproex sodium,clean,approved,phi3.5-mini,mcp_governed,approved,APPROVED,0.26893976,1.00000846,False,False
LAB2-0621,divalproex sodium,clean,approved,phi3.5-mini,deterministic_rules,approved,APPROVED,0.26894674,0.99997296,False,False
LAB2-0621,divalproex sodium,clean,approved,phi3.5-mini,mcp_access_only,approved,APPROVED,0.26894674,0.99997296,False,False
LAB2-0621,divalproex sodium,clean,approved,phi3.5-mini,confidence_abstention,approved,APPROVED,0.26894674,0.99997296,False,False
LAB2-0621,divalproex sodium,clean,approved,phi3.5-mini,mcp_governed,approved,APPROVED,0.26894674,0.99997296,False,False
LAB2-0622,divalproex sodium,clean,approved,phi3.5-mini,deterministic_rules,approved,APPROVED,0.26894261,0.99999397,False,False
LAB2-0622,divalproex sodium,clean,approved,phi3.5-mini,mcp_access_only,approved,APPROVED,0.26894261,0.99999397,False,False
LAB2-0622,divalproex sodium,clean,approved,phi3.5-mini,confidence_abstention,approved,APPROVED,0.26894261,0.99999397,False,False
LAB2-0622,divalproex sodium,clean,approved,phi3.5-mini,mcp_governed,approved,APPROVED,0.26894261,0.99999397,False,False
LAB2-0623,divalproex sodium,clean,approved,phi3.5-mini,deterministic_rules,approved,APPROVED,0.2476656,1.11110147,False,False
LAB2-0623,divalproex sodium,clean,approved,phi3.5-mini,mcp_access_only,approved,APPROVED,0.2476656,1.11110147,False,False
LAB2-0623,divalproex sodium,clean,approved,phi3.5-mini,confidence_abstention,approved,APPROVED,0.2476656,1.11110147,False,False
LAB2-0623,divalproex sodium,clean,approved,phi3.5-mini,mcp_governed,approved,APPROVED,0.2476656,1.11110147,False,False
LAB2-0624,divalproex sodium,clean,approved,phi3.5-mini,deterministic_rules,approved,APPROVED,0.28000772,0.94442331,False,False
LAB2-0624,divalproex sodium,clean,approved,phi3.5-mini,mcp_access_only,approved,APPROVED,0.28000772,0.94442331,False,False
LAB2-0624,divalproex sodium,clean,approved,phi3.5-mini,confidence_abstention,approved,APPROVED,0.28000772,0.94442331,False,False
LAB2-0624,divalproex sodium,clean,approved,phi3.5-mini,mcp_governed,approved,APPROVED,0.28000772,0.94442331,False,False
LAB2-0625,divalproex sodium,missing,review required,phi3.5-mini,deterministic_rules,review required,REVIEW_REQUIRED,0.94659499,2.8749668,False,False
LAB2-0625,divalproex sodium,missing,review required,phi3.5-mini,mcp_access_only,review required,REVIEW_REQUIRED,0.94659499,2.8749668,False,False
LAB2-0625,divalproex sodium,missing,review required,phi3.5-mini,confidence_abstention,review required,REVIEW_REQUIRED,0.94659499,2.8749668,False,False
LAB2-0625,divalproex sodium,missing,review required,phi3.5-mini,mcp_governed,review required,REVIEW_REQUIRED,0.94659499,2.8749668,False,False
LAB2-0626,divalproex sodium,missing,review required,phi3.5-mini,deterministic_rules,review required,REVIEW_REQUIRED,0.93991136,2.74996481,False,False
LAB2-0626,divalproex sodium,missing,review required,phi3.5-mini,mcp_access_only,review required,REVIEW_REQUIRED,0.93991136,2.74996481,False,False
LAB2-0626,divalproex sodium,missing,review required,phi3.5-mini,confidence_abstention,review required,REVIEW_REQUIRED,0.93991136,2.74996481,False,False
LAB2-0626,divalproex sodium,missing,review required,phi3.5-mini,mcp_governed,review required,REVIEW_REQUIRED,0.93991136,2.74996481,False,False
LAB2-0627,divalproex sodium,missing,review required,phi3.5-mini,deterministic_rules,review required,REVIEW_REQUIRED,0.93244963,2.62494159,False,False
LAB2-0627,divalproex sodium,missing,review required,phi3.5-mini,mcp_access_only,review required,REVIEW_REQUIRED,0.93244963,2.62494159,False,False
LAB2-0627,divalproex sodium,missing,review required,phi3.5-mini,confidence_abstention,review required,REVIEW_REQUIRED,0.93244963,2.62494159,False,False
LAB2-0627,divalproex sodium,missing,review required,phi3.5-mini,mcp_governed,review required,REVIEW_REQUIRED,0.93244963,2.62494159,False,False
LAB2-0628,divalproex sodium,missing,review required,phi3.5-mini,deterministic_rules,review required,REVIEW_REQUIRED,0.93991155,2.74996808,False,False
LAB2-0628,divalproex sodium,missing,review required,phi3.5-mini,mcp_access_only,review required,REVIEW_REQUIRED,0.93991155,2.74996808,False,False
LAB2-0628,divalproex sodium,missing,review required,phi3.5-mini,confidence_abstention,review required,REVIEW_REQUIRED,0.93991155,2.74996808,False,False
LAB2-0628,divalproex sodium,missing,review required,phi3.5-mini,mcp_governed,review required,REVIEW_REQUIRED,0.93991155,2.74996808,False,False
LAB2-0629,divalproex sodium,stale,review required,phi3.5-mini,deterministic_rules,review required,REVIEW_REQUIRED,0.70699719,0.8808445,False,False
LAB2-0629,divalproex sodium,stale,review required,phi3.5-mini,mcp_access_only,review required,REVIEW_REQUIRED,0.70699719,0.8808445,False,False
LAB2-0629,divalproex sodium,stale,review required,phi3.5-mini,confidence_abstention,review required,REVIEW_REQUIRED,0.70699719,0.8808445,False,False
LAB2-0629,divalproex sodium,stale,review required,phi3.5-mini,mcp_governed,review required,REVIEW_REQUIRED,0.70699719,0.8808445,False,False
LAB2-0630,divalproex sodium,stale,review required,phi3.5-mini,deterministic_rules,review required,REVIEW_REQUIRED,0.65383708,0.63594869,False,False
LAB2-0630,divalproex sodium,stale,review required,phi3.5-mini,mcp_access_only,review required,REVIEW_REQUIRED,0.65383708,0.63594869,False,False
LAB2-0630,divalproex sodium,stale,review required,phi3.5-mini,confidence_abstention,review required,REVIEW_REQUIRED,0.65383708,0.63594869,False,False
LAB2-0630,divalproex sodium,stale,review required,phi3.5-mini,mcp_governed,review required,REVIEW_REQUIRED,0.65383708,0.63594869,False,False
LAB2-0631,divalproex sodium,stale,review required,phi3.5-mini,deterministic_rules,review required,REVIEW_REQUIRED,0.81768083,1.50071325,False,False
LAB2-0631,divalproex sodium,stale,review required,phi3.5-mini,mcp_access_only,review required,REVIEW_REQUIRED,0.81768083,1.50071325,False,False
LAB2-0631,divalproex sodium,stale,review required,phi3.5-mini,confidence_abstention,review required,REVIEW_REQUIRED,0.81768083,1.50071325,False,False
LAB2-0631,divalproex sodium,stale,review required,phi3.5-mini,mcp_governed,review required,REVIEW_REQUIRED,0.81768083,1.50071325,False,False
LAB2-0632,divalproex sodium,stale,review required,phi3.5-mini,deterministic_rules,review required,REVIEW_REQUIRED,0.73156801,1.00259262,False,False
LAB2-0632,divalproex sodium,stale,review required,phi3.5-mini,mcp_access_only,review required,REVIEW_REQUIRED,0.73156801,1.00259262,False,False
LAB2-0632,divalproex sodium,stale,review required,phi3.5-mini,confidence_abstention,review required,REVIEW_REQUIRED,0.73156801,1.00259262,False,False
LAB2-0632,divalproex sodium,stale,review required,phi3.5-mini,mcp_governed,review required,REVIEW_REQUIRED,0.73156801,1.00259262,False,False
LAB2-0633,divalproex sodium,unit_error,review required,phi3.5-mini,deterministic_rules,review required,REVIEW_REQUIRED,0.83551222,1.62520866,False,False
LAB2-0633,divalproex sodium,unit_error,review required,phi3.5-mini,mcp_access_only,review required,REVIEW_REQUIRED,0.83551222,1.62520866,False,False
LAB2-0633,divalproex sodium,unit_error,review required,phi3.5-mini,confidence_abstention,review required,REVIEW_REQUIRED,0.83551222,1.62520866,False,False
LAB2-0633,divalproex sodium,unit_error,review required,phi3.5-mini,mcp_governed,review required,REVIEW_REQUIRED,0.83551222,1.62520866,False,False
LAB2-0634,divalproex sodium,unit_error,review required,phi3.5-mini,deterministic_rules,review required,REVIEW_REQUIRED,0.88080344,2.00006061,False,False
LAB2-0634,divalproex sodium,unit_error,review required,phi3.5-mini,mcp_access_only,review required,REVIEW_REQUIRED,0.88080344,2.00006061,False,False
LAB2-0634,divalproex sodium,unit_error,review required,phi3.5-mini,confidence_abstention,review required,REVIEW_REQUIRED,0.88080344,2.00006061,False,False
LAB2-0634,divalproex sodium,unit_error,review required,phi3.5-mini,mcp_governed,review required,REVIEW_REQUIRED,0.88080344,2.00006061,False,False
LAB2-0635,divalproex sodium,unit_error,review required,phi3.5-mini,deterministic_rules,review required,REVIEW_REQUIRED,0.54759972,0.1909772,False,False
LAB2-0635,divalproex sodium,unit_error,review required,phi3.5-mini,mcp_access_only,review required,REVIEW_REQUIRED,0.54759972,0.1909772,False,False
LAB2-0635,divalproex sodium,unit_error,review required,phi3.5-mini,confidence_abstention,review required,REVIEW_REQUIRED,0.54759972,0.1909772,False,False
LAB2-0635,divalproex sodium,unit_error,review required,phi3.5-mini,mcp_governed,review required,REVIEW_REQUIRED,0.54759972,0.1909772,False,False
LAB2-0636,divalproex sodium,unit_error,review required,phi3.5-mini,deterministic_rules,review required,REVIEW_REQUIRED,0.83550684,1.62516956,False,False
LAB2-0636,divalproex sodium,unit_error,review required,phi3.5-mini,mcp_access_only,review required,REVIEW_REQUIRED,0.83550684,1.62516956,False,False
LAB2-0636,divalproex sodium,unit_error,review required,phi3.5-mini,confidence_abstention,review required,REVIEW_REQUIRED,0.83550684,1.62516956,False,False
LAB2-0636,divalproex sodium,unit_error,review required,phi3.5-mini,mcp_governed,review required,REVIEW_REQUIRED,0.83550684,1.62516956,False,False
LAB2-0637,divalproex sodium,conflict,review required,phi3.5-mini,deterministic_rules,review required,REVIEW_REQUIRED,0.85209697,1.75114348,False,False
LAB2-0637,divalproex sodium,conflict,review required,phi3.5-mini,mcp_access_only,review required,REVIEW_REQUIRED,0.85209697,1.75114348,False,False
LAB2-0637,divalproex sodium,conflict,review required,phi3.5-mini,confidence_abstention,review required,REVIEW_REQUIRED,0.85209697,1.75114348,False,False
LAB2-0637,divalproex sodium,conflict,review required,phi3.5-mini,mcp_governed,review required,REVIEW_REQUIRED,0.85209697,1.75114348,False,False
LAB2-0638,divalproex sodium,conflict,review required,phi3.5-mini,deterministic_rules,review required,REVIEW_REQUIRED,0.86706901,1.87528846,False,False
LAB2-0638,divalproex sodium,conflict,review required,phi3.5-mini,mcp_access_only,review required,REVIEW_REQUIRED,0.86706901,1.87528846,False,False
LAB2-0638,divalproex sodium,conflict,review required,phi3.5-mini,confidence_abstention,review required,REVIEW_REQUIRED,0.86706901,1.87528846,False,False
LAB2-0638,divalproex sodium,conflict,review required,phi3.5-mini,mcp_governed,review required,REVIEW_REQUIRED,0.86706901,1.87528846,False,False
LAB2-0639,divalproex sodium,conflict,review required,phi3.5-mini,deterministic_rules,review required,REVIEW_REQUIRED,0.77747849,1.25103221,False,False
LAB2-0639,divalproex sodium,conflict,review required,phi3.5-mini,mcp_access_only,review required,REVIEW_REQUIRED,0.77747849,1.25103221,False,False
LAB2-0639,divalproex sodium,conflict,review required,phi3.5-mini,confidence_abstention,review required,REVIEW_REQUIRED,0.77747849,1.25103221,False,False
LAB2-0639,divalproex sodium,conflict,review required,phi3.5-mini,mcp_governed,review required,REVIEW_REQUIRED,0.77747849,1.25103221,False,False
LAB2-0640,divalproex sodium,conflict,review required,phi3.5-mini,deterministic_rules,review required,REVIEW_REQUIRED,0.83563046,1.62606929,False,False
LAB2-0640,divalproex sodium,conflict,review required,phi3.5-mini,mcp_access_only,review required,REVIEW_REQUIRED,0.83563046,1.62606929,False,False
LAB2-0640,divalproex sodium,conflict,review required,phi3.5-mini,confidence_abstention,review required,REVIEW_REQUIRED,0.83563046,1.62606929,False,False
LAB2-0640,divalproex sodium,conflict,review required,phi3.5-mini,mcp_governed,review required,REVIEW_REQUIRED,0.83563046,1.62606929,False,False
LAB2-0641,divalproex sodium,wrong_encounter,review required,phi3.5-mini,deterministic_rules,review required,REVIEW_REQUIRED,0.83554943,1.62547949,False,False
LAB2-0641,divalproex sodium,wrong_encounter,review required,phi3.5-mini,mcp_access_only,review required,REVIEW_REQUIRED,0.83554943,1.62547949,False,False
LAB2-0641,divalproex sodium,wrong_encounter,review required,phi3.5-mini,confidence_abstention,review required,REVIEW_REQUIRED,0.83554943,1.62547949,False,False
LAB2-0641,divalproex sodium,wrong_encounter,review required,phi3.5-mini,mcp_governed,review required,REVIEW_REQUIRED,0.83554943,1.62547949,False,False
LAB2-0642,divalproex sodium,wrong_encounter,review required,phi3.5-mini,deterministic_rules,review required,REVIEW_REQUIRED,0.81771352,1.50093252,False,False
LAB2-0642,divalproex sodium,wrong_encounter,review required,phi3.5-mini,mcp_access_only,review required,REVIEW_REQUIRED,0.81771352,1.50093252,False,False
LAB2-0642,divalproex sodium,wrong_encounter,review required,phi3.5-mini,confidence_abstention,review required,REVIEW_REQUIRED,0.81771352,1.50093252,False,False
LAB2-0642,divalproex sodium,wrong_encounter,review required,phi3.5-mini,mcp_governed,review required,REVIEW_REQUIRED,0.81771352,1.50093252,False,False
LAB2-0643,divalproex sodium,wrong_encounter,review required,phi3.5-mini,deterministic_rules,review required,REVIEW_REQUIRED,0.6538424,0.63597218,False,False
LAB2-0643,divalproex sodium,wrong_encounter,review required,phi3.5-mini,mcp_access_only,review required,REVIEW_REQUIRED,0.6538424,0.63597218,False,False
LAB2-0643,divalproex sodium,wrong_encounter,review required,phi3.5-mini,confidence_abstention,review required,REVIEW_REQUIRED,0.6538424,0.63597218,False,False
LAB2-0643,divalproex sodium,wrong_encounter,review required,phi3.5-mini,mcp_governed,review required,REVIEW_REQUIRED,0.6538424,0.63597218,False,False
LAB2-0644,divalproex sodium,wrong_encounter,review required,phi3.5-mini,deterministic_rules,review required,REVIEW_REQUIRED,0.67992277,0.75341692,False,False
LAB2-0644,divalproex sodium,wrong_encounter,review required,phi3.5-mini,mcp_access_only,review required,REVIEW_REQUIRED,0.67992277,0.75341692,False,False
LAB2-0644,divalproex sodium,wrong_encounter,review required,phi3.5-mini,confidence_abstention,review required,REVIEW_REQUIRED,0.67992277,0.75341692,False,False
LAB2-0644,divalproex sodium,wrong_encounter,review required,phi3.5-mini,mcp_governed,review required,REVIEW_REQUIRED,0.67992277,0.75341692,False,False
LAB2-0645,divalproex sodium,service_failure,review required,phi3.5-mini,deterministic_rules,review required,REVIEW_REQUIRED,0.85204547,1.75073487,False,False
LAB2-0645,divalproex sodium,service_failure,review required,phi3.5-mini,mcp_access_only,review required,REVIEW_REQUIRED,0.85204547,1.75073487,False,False
LAB2-0645,divalproex sodium,service_failure,review required,phi3.5-mini,confidence_abstention,review required,REVIEW_REQUIRED,0.85204547,1.75073487,False,False
LAB2-0645,divalproex sodium,service_failure,review required,phi3.5-mini,mcp_governed,review required,REVIEW_REQUIRED,0.85204547,1.75073487,False,False
LAB2-0646,divalproex sodium,service_failure,review required,phi3.5-mini,deterministic_rules,review required,REVIEW_REQUIRED,0.75508352,1.12591113,False,False
LAB2-0646,divalproex sodium,service_failure,review required,phi3.5-mini,mcp_access_only,review required,REVIEW_REQUIRED,0.75508352,1.12591113,False,False
LAB2-0646,divalproex sodium,service_failure,review required,phi3.5-mini,confidence_abstention,review required,REVIEW_REQUIRED,0.75508352,1.12591113,False,False
LAB2-0646,divalproex sodium,service_failure,review required,phi3.5-mini,mcp_governed,review required,REVIEW_REQUIRED,0.75508352,1.12591113,False,False
LAB2-0647,divalproex sodium,service_failure,review required,phi3.5-mini,deterministic_rules,review required,REVIEW_REQUIRED,0.73130727,1.00126527,False,False
LAB2-0647,divalproex sodium,service_failure,review required,phi3.5-mini,mcp_access_only,review required,REVIEW_REQUIRED,0.73130727,1.00126527,False,False
LAB2-0647,divalproex sodium,service_failure,review required,phi3.5-mini,confidence_abstention,review required,REVIEW_REQUIRED,0.73130727,1.00126527,False,False
LAB2-0647,divalproex sodium,service_failure,review required,phi3.5-mini,mcp_governed,review required,REVIEW_REQUIRED,0.73130727,1.00126527,False,False
LAB2-0648,divalproex sodium,service_failure,review required,phi3.5-mini,deterministic_rules,review required,REVIEW_REQUIRED,0.68066229,0.75681708,False,False
LAB2-0648,divalproex sodium,service_failure,review required,phi3.5-mini,mcp_access_only,review required,REVIEW_REQUIRED,0.68066229,0.75681708,False,False
LAB2-0648,divalproex sodium,service_failure,review required,phi3.5-mini,confidence_abstention,review required,REVIEW_REQUIRED,0.68066229,0.75681708,False,False
LAB2-0648,divalproex sodium,service_failure,review required,phi3.5-mini,mcp_governed,review required,REVIEW_REQUIRED,0.68066229,0.75681708,False,False
LAB2-B-0049,ceftazidime,silent_plausible_substitution,review required,phi3.5-mini,deterministic_rules,approved,APPROVED,0.43369125,0.26680653,False,False
LAB2-B-0049,ceftazidime,silent_plausible_substitution,review required,phi3.5-mini,mcp_access_only,approved,APPROVED,0.43369125,0.26680653,False,False
LAB2-B-0049,ceftazidime,silent_plausible_substitution,review required,phi3.5-mini,confidence_abstention,review required,APPROVED,0.43369125,0.26680653,True,False
LAB2-B-0049,ceftazidime,silent_plausible_substitution,review required,phi3.5-mini,mcp_governed,approved,APPROVED,0.43369125,0.26680653,False,False
LAB2-B-0050,ceftazidime,silent_plausible_substitution,review required,phi3.5-mini,deterministic_rules,approved,APPROVED,0.37830359,0.49675486,False,False
LAB2-B-0050,ceftazidime,silent_plausible_substitution,review required,phi3.5-mini,mcp_access_only,approved,APPROVED,0.37830359,0.49675486,False,False
LAB2-B-0050,ceftazidime,silent_plausible_substitution,review required,phi3.5-mini,confidence_abstention,approved,APPROVED,0.37830359,0.49675486,False,False
LAB2-B-0050,ceftazidime,silent_plausible_substitution,review required,phi3.5-mini,mcp_governed,approved,APPROVED,0.37830359,0.49675486,False,False
LAB2-B-0051,ceftazidime,silent_plausible_substitution,review required,phi3.5-mini,deterministic_rules,approved,APPROVED,0.40495485,0.38486173,False,False
LAB2-B-0051,ceftazidime,silent_plausible_substitution,review required,phi3.5-mini,mcp_access_only,approved,APPROVED,0.40495485,0.38486173,False,False
LAB2-B-0051,ceftazidime,silent_plausible_substitution,review required,phi3.5-mini,confidence_abstention,review required,APPROVED,0.40495485,0.38486173,True,False
LAB2-B-0051,ceftazidime,silent_plausible_substitution,review required,phi3.5-mini,mcp_governed,approved,APPROVED,0.40495485,0.38486173,False,False
LAB2-B-0052,ceftazidime,silent_plausible_substitution,review required,phi3.5-mini,deterministic_rules,approved,APPROVED,0.39196456,0.43906174,False,False
LAB2-B-0052,ceftazidime,silent_plausible_substitution,review required,phi3.5-mini,mcp_access_only,approved,APPROVED,0.39196456,0.43906174,False,False
LAB2-B-0052,ceftazidime,silent_plausible_substitution,review required,phi3.5-mini,confidence_abstention,approved,APPROVED,0.39196456,0.43906174,False,False
LAB2-B-0052,ceftazidime,silent_plausible_substitution,review required,phi3.5-mini,mcp_governed,approved,APPROVED,0.39196456,0.43906174,False,False
LAB2-B-0053,ceftazidime,silent_plausible_substitution,review required,phi3.5-mini,deterministic_rules,approved,APPROVED,0.35206847,0.60995937,False,False
LAB2-B-0053,ceftazidime,silent_plausible_substitution,review required,phi3.5-mini,mcp_access_only,approved,APPROVED,0.35206847,0.60995937,False,False
LAB2-B-0053,ceftazidime,silent_plausible_substitution,review required,phi3.5-mini,confidence_abstention,approved,APPROVED,0.35206847,0.60995937,False,False
LAB2-B-0053,ceftazidime,silent_plausible_substitution,review required,phi3.5-mini,mcp_governed,approved,APPROVED,0.35206847,0.60995937,False,False
LAB2-B-0054,ceftazidime,silent_plausible_substitution,review required,phi3.5-mini,deterministic_rules,approved,APPROVED,0.37762353,0.49964743,False,False
LAB2-B-0054,ceftazidime,silent_plausible_substitution,review required,phi3.5-mini,mcp_access_only,approved,APPROVED,0.37762353,0.49964743,False,False
LAB2-B-0054,ceftazidime,silent_plausible_substitution,review required,phi3.5-mini,confidence_abstention,approved,APPROVED,0.37762353,0.49964743,False,False
LAB2-B-0054,ceftazidime,silent_plausible_substitution,review required,phi3.5-mini,mcp_governed,approved,APPROVED,0.37762353,0.49964743,False,False
LAB2-B-0055,ceftazidime,silent_plausible_substitution,review required,phi3.5-mini,deterministic_rules,approved,APPROVED,0.36462169,0.55536022,False,False
LAB2-B-0055,ceftazidime,silent_plausible_substitution,review required,phi3.5-mini,mcp_access_only,approved,APPROVED,0.36462169,0.55536022,False,False
LAB2-B-0055,ceftazidime,silent_plausible_substitution,review required,phi3.5-mini,confidence_abstention,approved,APPROVED,0.36462169,0.55536022,False,False
LAB2-B-0055,ceftazidime,silent_plausible_substitution,review required,phi3.5-mini,mcp_governed,approved,APPROVED,0.36462169,0.55536022,False,False
LAB2-B-0056,ceftazidime,silent_plausible_substitution,review required,phi3.5-mini,deterministic_rules,approved,APPROVED,0.36477098,0.5547159,False,False
LAB2-B-0056,ceftazidime,silent_plausible_substitution,review required,phi3.5-mini,mcp_access_only,approved,APPROVED,0.36477098,0.5547159,False,False
LAB2-B-0056,ceftazidime,silent_plausible_substitution,review required,phi3.5-mini,confidence_abstention,approved,APPROVED,0.36477098,0.5547159,False,False
LAB2-B-0056,ceftazidime,silent_plausible_substitution,review required,phi3.5-mini,mcp_governed,approved,APPROVED,0.36477098,0.5547159,False,False
LAB2-B-0057,ceftazidime,silent_plausible_substitution,review required,phi3.5-mini,deterministic_rules,approved,APPROVED,0.33925234,0.66662782,False,False
LAB2-B-0057,ceftazidime,silent_plausible_substitution,review required,phi3.5-mini,mcp_access_only,approved,APPROVED,0.33925234,0.66662782,False,False
LAB2-B-0057,ceftazidime,silent_plausible_substitution,review required,phi3.5-mini,confidence_abstention,approved,APPROVED,0.33925234,0.66662782,False,False
LAB2-B-0057,ceftazidime,silent_plausible_substitution,review required,phi3.5-mini,mcp_governed,approved,APPROVED,0.33925234,0.66662782,False,False
LAB2-B-0058,ceftazidime,silent_plausible_substitution,review required,phi3.5-mini,deterministic_rules,approved,APPROVED,0.37763578,0.4995953,False,False
LAB2-B-0058,ceftazidime,silent_plausible_substitution,review required,phi3.5-mini,mcp_access_only,approved,APPROVED,0.37763578,0.4995953,False,False
LAB2-B-0058,ceftazidime,silent_plausible_substitution,review required,phi3.5-mini,confidence_abstention,approved,APPROVED,0.37763578,0.4995953,False,False
LAB2-B-0058,ceftazidime,silent_plausible_substitution,review required,phi3.5-mini,mcp_governed,approved,APPROVED,0.37763578,0.4995953,False,False
LAB2-B-0059,ceftazidime,silent_plausible_substitution,review required,phi3.5-mini,deterministic_rules,approved,APPROVED,0.36461721,0.55537957,False,False
LAB2-B-0059,ceftazidime,silent_plausible_substitution,review required,phi3.5-mini,mcp_access_only,approved,APPROVED,0.36461721,0.55537957,False,False
LAB2-B-0059,ceftazidime,silent_plausible_substitution,review required,phi3.5-mini,confidence_abstention,approved,APPROVED,0.36461721,0.55537957,False,False
LAB2-B-0059,ceftazidime,silent_plausible_substitution,review required,phi3.5-mini,mcp_governed,approved,APPROVED,0.36461721,0.55537957,False,False
LAB2-B-0060,ceftazidime,silent_plausible_substitution,review required,phi3.5-mini,deterministic_rules,approved,APPROVED,0.32693257,0.72209159,False,False
LAB2-B-0060,ceftazidime,silent_plausible_substitution,review required,phi3.5-mini,mcp_access_only,approved,APPROVED,0.32693257,0.72209159,False,False
LAB2-B-0060,ceftazidime,silent_plausible_substitution,review required,phi3.5-mini,confidence_abstention,approved,APPROVED,0.32693257,0.72209159,False,False
LAB2-B-0060,ceftazidime,silent_plausible_substitution,review required,phi3.5-mini,mcp_governed,approved,APPROVED,0.32693257,0.72209159,False,False
LAB2-B-0109,metformin,silent_plausible_substitution,review required,phi3.5-mini,deterministic_rules,approved,APPROVED,0.41905322,0.32666121,False,False
LAB2-B-0109,metformin,silent_plausible_substitution,review required,phi3.5-mini,mcp_access_only,approved,APPROVED,0.41905322,0.32666121,False,False
LAB2-B-0109,metformin,silent_plausible_substitution,review required,phi3.5-mini,confidence_abstention,review required,APPROVED,0.41905322,0.32666121,True,False
LAB2-B-0109,metformin,silent_plausible_substitution,review required,phi3.5-mini,mcp_governed,approved,APPROVED,0.41905322,0.32666121,False,False
LAB2-B-0110,metformin,silent_plausible_substitution,review required,phi3.5-mini,deterministic_rules,approved,APPROVED,0.40496449,0.38482171,False,False
LAB2-B-0110,metformin,silent_plausible_substitution,review required,phi3.5-mini,mcp_access_only,approved,APPROVED,0.40496449,0.38482171,False,False
LAB2-B-0110,metformin,silent_plausible_substitution,review required,phi3.5-mini,confidence_abstention,review required,APPROVED,0.40496449,0.38482171,True,False
LAB2-B-0110,metformin,silent_plausible_substitution,review required,phi3.5-mini,mcp_governed,approved,APPROVED,0.40496449,0.38482171,False,False
LAB2-B-0111,metformin,silent_plausible_substitution,review required,phi3.5-mini,deterministic_rules,approved,APPROVED,0.3645179,0.55580825,False,False
LAB2-B-0111,metformin,silent_plausible_substitution,review required,phi3.5-mini,mcp_access_only,approved,APPROVED,0.3645179,0.55580825,False,False
LAB2-B-0111,metformin,silent_plausible_substitution,review required,phi3.5-mini,confidence_abstention,approved,APPROVED,0.3645179,0.55580825,False,False
LAB2-B-0111,metformin,silent_plausible_substitution,review required,phi3.5-mini,mcp_governed,approved,APPROVED,0.3645179,0.55580825,False,False
LAB2-B-0112,metformin,silent_plausible_substitution,review required,phi3.5-mini,deterministic_rules,approved,APPROVED,0.30294072,0.83333332,False,False
LAB2-B-0112,metformin,silent_plausible_substitution,review required,phi3.5-mini,mcp_access_only,approved,APPROVED,0.30294072,0.83333332,False,False
LAB2-B-0112,metformin,silent_plausible_substitution,review required,phi3.5-mini,confidence_abstention,approved,APPROVED,0.30294072,0.83333332,False,False
LAB2-B-0112,metformin,silent_plausible_substitution,review required,phi3.5-mini,mcp_governed,approved,APPROVED,0.30294072,0.83333332,False,False
LAB2-B-0113,metformin,silent_plausible_substitution,review required,phi3.5-mini,deterministic_rules,approved,APPROVED,0.30293514,0.83335972,False,False
LAB2-B-0113,metformin,silent_plausible_substitution,review required,phi3.5-mini,mcp_access_only,approved,APPROVED,0.30293514,0.83335972,False,False
LAB2-B-0113,metformin,silent_plausible_substitution,review required,phi3.5-mini,confidence_abstention,approved,APPROVED,0.30293514,0.83335972,False,False
LAB2-B-0113,metformin,silent_plausible_substitution,review required,phi3.5-mini,mcp_governed,approved,APPROVED,0.30293514,0.83335972,False,False
LAB2-B-0114,metformin,silent_plausible_substitution,review required,phi3.5-mini,deterministic_rules,approved,APPROVED,0.3269668,0.72193602,False,False
LAB2-B-0114,metformin,silent_plausible_substitution,review required,phi3.5-mini,mcp_access_only,approved,APPROVED,0.3269668,0.72193602,False,False
LAB2-B-0114,metformin,silent_plausible_substitution,review required,phi3.5-mini,confidence_abstention,approved,APPROVED,0.3269668,0.72193602,False,False
LAB2-B-0114,metformin,silent_plausible_substitution,review required,phi3.5-mini,mcp_governed,approved,APPROVED,0.3269668,0.72193602,False,False
LAB2-B-0115,metformin,silent_plausible_substitution,review required,phi3.5-mini,deterministic_rules,approved,APPROVED,0.35207649,0.60992421,False,False
LAB2-B-0115,metformin,silent_plausible_substitution,review required,phi3.5-mini,mcp_access_only,approved,APPROVED,0.35207649,0.60992421,False,False
LAB2-B-0115,metformin,silent_plausible_substitution,review required,phi3.5-mini,confidence_abstention,approved,APPROVED,0.35207649,0.60992421,False,False
LAB2-B-0115,metformin,silent_plausible_substitution,review required,phi3.5-mini,mcp_governed,approved,APPROVED,0.35207649,0.60992421,False,False
LAB2-B-0116,metformin,silent_plausible_substitution,review required,phi3.5-mini,deterministic_rules,approved,APPROVED,0.29135249,0.88882438,False,False
LAB2-B-0116,metformin,silent_plausible_substitution,review required,phi3.5-mini,mcp_access_only,approved,APPROVED,0.29135249,0.88882438,False,False
LAB2-B-0116,metformin,silent_plausible_substitution,review required,phi3.5-mini,confidence_abstention,approved,APPROVED,0.29135249,0.88882438,False,False
LAB2-B-0116,metformin,silent_plausible_substitution,review required,phi3.5-mini,mcp_governed,approved,APPROVED,0.29135249,0.88882438,False,False
LAB2-B-0117,metformin,silent_plausible_substitution,review required,phi3.5-mini,deterministic_rules,approved,APPROVED,0.3029293,0.8333874,False,False
LAB2-B-0117,metformin,silent_plausible_substitution,review required,phi3.5-mini,mcp_access_only,approved,APPROVED,0.3029293,0.8333874,False,False
LAB2-B-0117,metformin,silent_plausible_substitution,review required,phi3.5-mini,confidence_abstention,approved,APPROVED,0.3029293,0.8333874,False,False
LAB2-B-0117,metformin,silent_plausible_substitution,review required,phi3.5-mini,mcp_governed,approved,APPROVED,0.3029293,0.8333874,False,False
LAB2-B-0118,metformin,silent_plausible_substitution,review required,phi3.5-mini,deterministic_rules,approved,APPROVED,0.27998849,0.94451871,False,False
LAB2-B-0118,metformin,silent_plausible_substitution,review required,phi3.5-mini,mcp_access_only,approved,APPROVED,0.27998849,0.94451871,False,False
LAB2-B-0118,metformin,silent_plausible_substitution,review required,phi3.5-mini,confidence_abstention,approved,APPROVED,0.27998849,0.94451871,False,False
LAB2-B-0118,metformin,silent_plausible_substitution,review required,phi3.5-mini,mcp_governed,approved,APPROVED,0.27998849,0.94451871,False,False
LAB2-B-0119,metformin,silent_plausible_substitution,review required,phi3.5-mini,deterministic_rules,approved,APPROVED,0.29131408,0.88901046,False,False
LAB2-B-0119,metformin,silent_plausible_substitution,review required,phi3.5-mini,mcp_access_only,approved,APPROVED,0.29131408,0.88901046,False,False
LAB2-B-0119,metformin,silent_plausible_substitution,review required,phi3.5-mini,confidence_abstention,approved,APPROVED,0.29131408,0.88901046,False,False
LAB2-B-0119,metformin,silent_plausible_substitution,review required,phi3.5-mini,mcp_governed,approved,APPROVED,0.29131408,0.88901046,False,False
LAB2-B-0120,metformin,silent_plausible_substitution,review required,phi3.5-mini,deterministic_rules,approved,APPROVED,0.29133915,0.88888901,False,False
LAB2-B-0120,metformin,silent_plausible_substitution,review required,phi3.5-mini,mcp_access_only,approved,APPROVED,0.29133915,0.88888901,False,False
LAB2-B-0120,metformin,silent_plausible_substitution,review required,phi3.5-mini,confidence_abstention,approved,APPROVED,0.29133915,0.88888901,False,False
LAB2-B-0120,metformin,silent_plausible_substitution,review required,phi3.5-mini,mcp_governed,approved,APPROVED,0.29133915,0.88888901,False,False
LAB2-B-0169,enoxaparin,silent_plausible_substitution,review required,phi3.5-mini,deterministic_rules,approved,APPROVED,0.39127664,0.4419491,False,False
LAB2-B-0169,enoxaparin,silent_plausible_substitution,review required,phi3.5-mini,mcp_access_only,approved,APPROVED,0.39127664,0.4419491,False,False
LAB2-B-0169,enoxaparin,silent_plausible_substitution,review required,phi3.5-mini,confidence_abstention,approved,APPROVED,0.39127664,0.4419491,False,False
LAB2-B-0169,enoxaparin,silent_plausible_substitution,review required,phi3.5-mini,mcp_governed,approved,APPROVED,0.39127664,0.4419491,False,False
LAB2-B-0170,enoxaparin,silent_plausible_substitution,review required,phi3.5-mini,deterministic_rules,approved,APPROVED,0.30297207,0.83318485,False,False
LAB2-B-0170,enoxaparin,silent_plausible_substitution,review required,phi3.5-mini,mcp_access_only,approved,APPROVED,0.30297207,0.83318485,False,False
LAB2-B-0170,enoxaparin,silent_plausible_substitution,review required,phi3.5-mini,confidence_abstention,approved,APPROVED,0.30297207,0.83318485,False,False
LAB2-B-0170,enoxaparin,silent_plausible_substitution,review required,phi3.5-mini,mcp_governed,approved,APPROVED,0.30297207,0.83318485,False,False
LAB2-B-0171,enoxaparin,silent_plausible_substitution,review required,phi3.5-mini,deterministic_rules,approved,APPROVED,0.29135222,0.88882572,False,False
LAB2-B-0171,enoxaparin,silent_plausible_substitution,review required,phi3.5-mini,mcp_access_only,approved,APPROVED,0.29135222,0.88882572,False,False
LAB2-B-0171,enoxaparin,silent_plausible_substitution,review required,phi3.5-mini,confidence_abstention,approved,APPROVED,0.29135222,0.88882572,False,False
LAB2-B-0171,enoxaparin,silent_plausible_substitution,review required,phi3.5-mini,mcp_governed,approved,APPROVED,0.29135222,0.88882572,False,False
LAB2-B-0172,enoxaparin,silent_plausible_substitution,review required,phi3.5-mini,deterministic_rules,approved,APPROVED,0.25815446,1.05558296,False,False
LAB2-B-0172,enoxaparin,silent_plausible_substitution,review required,phi3.5-mini,mcp_access_only,approved,APPROVED,0.25815446,1.05558296,False,False
LAB2-B-0172,enoxaparin,silent_plausible_substitution,review required,phi3.5-mini,confidence_abstention,approved,APPROVED,0.25815446,1.05558296,False,False
LAB2-B-0172,enoxaparin,silent_plausible_substitution,review required,phi3.5-mini,mcp_governed,approved,APPROVED,0.25815446,1.05558296,False,False
LAB2-B-0173,enoxaparin,silent_plausible_substitution,review required,phi3.5-mini,deterministic_rules,approved,APPROVED,0.24766014,1.11113076,False,False
LAB2-B-0173,enoxaparin,silent_plausible_substitution,review required,phi3.5-mini,mcp_access_only,approved,APPROVED,0.24766014,1.11113076,False,False
LAB2-B-0173,enoxaparin,silent_plausible_substitution,review required,phi3.5-mini,confidence_abstention,approved,APPROVED,0.24766014,1.11113076,False,False
LAB2-B-0173,enoxaparin,silent_plausible_substitution,review required,phi3.5-mini,mcp_governed,approved,APPROVED,0.24766014,1.11113076,False,False
LAB2-B-0174,enoxaparin,silent_plausible_substitution,review required,phi3.5-mini,deterministic_rules,approved,APPROVED,0.26893783,1.00001825,False,False
LAB2-B-0174,enoxaparin,silent_plausible_substitution,review required,phi3.5-mini,mcp_access_only,approved,APPROVED,0.26893783,1.00001825,False,False
LAB2-B-0174,enoxaparin,silent_plausible_substitution,review required,phi3.5-mini,confidence_abstention,approved,APPROVED,0.26893783,1.00001825,False,False
LAB2-B-0174,enoxaparin,silent_plausible_substitution,review required,phi3.5-mini,mcp_governed,approved,APPROVED,0.26893783,1.00001825,False,False
LAB2-B-0175,enoxaparin,silent_plausible_substitution,review required,phi3.5-mini,deterministic_rules,approved,APPROVED,0.23745448,1.16668626,False,False
LAB2-B-0175,enoxaparin,silent_plausible_substitution,review required,phi3.5-mini,mcp_access_only,approved,APPROVED,0.23745448,1.16668626,False,False
LAB2-B-0175,enoxaparin,silent_plausible_substitution,review required,phi3.5-mini,confidence_abstention,approved,APPROVED,0.23745448,1.16668626,False,False
LAB2-B-0175,enoxaparin,silent_plausible_substitution,review required,phi3.5-mini,mcp_governed,approved,APPROVED,0.23745448,1.16668626,False,False
LAB2-B-0176,enoxaparin,silent_plausible_substitution,review required,phi3.5-mini,deterministic_rules,approved,APPROVED,0.24766063,1.11112812,False,False
LAB2-B-0176,enoxaparin,silent_plausible_substitution,review required,phi3.5-mini,mcp_access_only,approved,APPROVED,0.24766063,1.11112812,False,False
LAB2-B-0176,enoxaparin,silent_plausible_substitution,review required,phi3.5-mini,confidence_abstention,approved,APPROVED,0.24766063,1.11112812,False,False
LAB2-B-0176,enoxaparin,silent_plausible_substitution,review required,phi3.5-mini,mcp_governed,approved,APPROVED,0.24766063,1.11112812,False,False
LAB2-B-0177,enoxaparin,silent_plausible_substitution,review required,phi3.5-mini,deterministic_rules,approved,APPROVED,0.2374526,1.16669666,False,False
LAB2-B-0177,enoxaparin,silent_plausible_substitution,review required,phi3.5-mini,mcp_access_only,approved,APPROVED,0.2374526,1.16669666,False,False
LAB2-B-0177,enoxaparin,silent_plausible_substitution,review required,phi3.5-mini,confidence_abstention,approved,APPROVED,0.2374526,1.16669666,False,False
LAB2-B-0177,enoxaparin,silent_plausible_substitution,review required,phi3.5-mini,mcp_governed,approved,APPROVED,0.2374526,1.16669666,False,False
LAB2-B-0178,enoxaparin,silent_plausible_substitution,review required,phi3.5-mini,deterministic_rules,approved,APPROVED,0.24765857,1.11113917,False,False
LAB2-B-0178,enoxaparin,silent_plausible_substitution,review required,phi3.5-mini,mcp_access_only,approved,APPROVED,0.24765857,1.11113917,False,False
LAB2-B-0178,enoxaparin,silent_plausible_substitution,review required,phi3.5-mini,confidence_abstention,approved,APPROVED,0.24765857,1.11113917,False,False
LAB2-B-0178,enoxaparin,silent_plausible_substitution,review required,phi3.5-mini,mcp_governed,approved,APPROVED,0.24765857,1.11113917,False,False
LAB2-B-0179,enoxaparin,silent_plausible_substitution,review required,phi3.5-mini,deterministic_rules,approved,APPROVED,0.22754127,1.22224697,False,False
LAB2-B-0179,enoxaparin,silent_plausible_substitution,review required,phi3.5-mini,mcp_access_only,approved,APPROVED,0.22754127,1.22224697,False,False
LAB2-B-0179,enoxaparin,silent_plausible_substitution,review required,phi3.5-mini,confidence_abstention,approved,APPROVED,0.22754127,1.22224697,False,False
LAB2-B-0179,enoxaparin,silent_plausible_substitution,review required,phi3.5-mini,mcp_governed,approved,APPROVED,0.22754127,1.22224697,False,False
LAB2-B-0180,enoxaparin,silent_plausible_substitution,review required,phi3.5-mini,deterministic_rules,approved,APPROVED,0.26894286,0.99999269,False,False
LAB2-B-0180,enoxaparin,silent_plausible_substitution,review required,phi3.5-mini,mcp_access_only,approved,APPROVED,0.26894286,0.99999269,False,False
LAB2-B-0180,enoxaparin,silent_plausible_substitution,review required,phi3.5-mini,confidence_abstention,approved,APPROVED,0.26894286,0.99999269,False,False
LAB2-B-0180,enoxaparin,silent_plausible_substitution,review required,phi3.5-mini,mcp_governed,approved,APPROVED,0.26894286,0.99999269,False,False
LAB2-B-0229,gabapentin,silent_plausible_substitution,review required,phi3.5-mini,deterministic_rules,approved,APPROVED,0.25815779,1.05556557,False,False
LAB2-B-0229,gabapentin,silent_plausible_substitution,review required,phi3.5-mini,mcp_access_only,approved,APPROVED,0.25815779,1.05556557,False,False
LAB2-B-0229,gabapentin,silent_plausible_substitution,review required,phi3.5-mini,confidence_abstention,approved,APPROVED,0.25815779,1.05556557,False,False
LAB2-B-0229,gabapentin,silent_plausible_substitution,review required,phi3.5-mini,mcp_governed,approved,APPROVED,0.25815779,1.05556557,False,False
LAB2-B-0230,gabapentin,silent_plausible_substitution,review required,phi3.5-mini,deterministic_rules,approved,APPROVED,0.24765948,1.11113433,False,False
LAB2-B-0230,gabapentin,silent_plausible_substitution,review required,phi3.5-mini,mcp_access_only,approved,APPROVED,0.24765948,1.11113433,False,False
LAB2-B-0230,gabapentin,silent_plausible_substitution,review required,phi3.5-mini,confidence_abstention,approved,APPROVED,0.24765948,1.11113433,False,False
LAB2-B-0230,gabapentin,silent_plausible_substitution,review required,phi3.5-mini,mcp_governed,approved,APPROVED,0.24765948,1.11113433,False,False
LAB2-B-0231,gabapentin,silent_plausible_substitution,review required,phi3.5-mini,deterministic_rules,approved,APPROVED,0.23745592,1.1666783,False,False
LAB2-B-0231,gabapentin,silent_plausible_substitution,review required,phi3.5-mini,mcp_access_only,approved,APPROVED,0.23745592,1.1666783,False,False
LAB2-B-0231,gabapentin,silent_plausible_substitution,review required,phi3.5-mini,confidence_abstention,approved,APPROVED,0.23745592,1.1666783,False,False
LAB2-B-0231,gabapentin,silent_plausible_substitution,review required,phi3.5-mini,mcp_governed,approved,APPROVED,0.23745592,1.1666783,False,False
LAB2-B-0232,gabapentin,silent_plausible_substitution,review required,phi3.5-mini,deterministic_rules,approved,APPROVED,0.23745364,1.16669092,False,False
LAB2-B-0232,gabapentin,silent_plausible_substitution,review required,phi3.5-mini,mcp_access_only,approved,APPROVED,0.23745364,1.16669092,False,False
LAB2-B-0232,gabapentin,silent_plausible_substitution,review required,phi3.5-mini,confidence_abstention,approved,APPROVED,0.23745364,1.16669092,False,False
LAB2-B-0232,gabapentin,silent_plausible_substitution,review required,phi3.5-mini,mcp_governed,approved,APPROVED,0.23745364,1.16669092,False,False
LAB2-B-0233,gabapentin,silent_plausible_substitution,review required,phi3.5-mini,deterministic_rules,approved,APPROVED,0.23745504,1.16668317,False,False
LAB2-B-0233,gabapentin,silent_plausible_substitution,review required,phi3.5-mini,mcp_access_only,approved,APPROVED,0.23745504,1.16668317,False,False
LAB2-B-0233,gabapentin,silent_plausible_substitution,review required,phi3.5-mini,confidence_abstention,approved,APPROVED,0.23745504,1.16668317,False,False
LAB2-B-0233,gabapentin,silent_plausible_substitution,review required,phi3.5-mini,mcp_governed,approved,APPROVED,0.23745504,1.16668317,False,False
LAB2-B-0234,gabapentin,silent_plausible_substitution,review required,phi3.5-mini,deterministic_rules,approved,APPROVED,0.23745308,1.16669399,False,False
LAB2-B-0234,gabapentin,silent_plausible_substitution,review required,phi3.5-mini,mcp_access_only,approved,APPROVED,0.23745308,1.16669399,False,False
LAB2-B-0234,gabapentin,silent_plausible_substitution,review required,phi3.5-mini,confidence_abstention,approved,APPROVED,0.23745308,1.16669399,False,False
LAB2-B-0234,gabapentin,silent_plausible_substitution,review required,phi3.5-mini,mcp_governed,approved,APPROVED,0.23745308,1.16669399,False,False
LAB2-B-0235,gabapentin,silent_plausible_substitution,review required,phi3.5-mini,deterministic_rules,approved,APPROVED,0.22754263,1.22223919,False,False
LAB2-B-0235,gabapentin,silent_plausible_substitution,review required,phi3.5-mini,mcp_access_only,approved,APPROVED,0.22754263,1.22223919,False,False
LAB2-B-0235,gabapentin,silent_plausible_substitution,review required,phi3.5-mini,confidence_abstention,approved,APPROVED,0.22754263,1.22223919,False,False
LAB2-B-0235,gabapentin,silent_plausible_substitution,review required,phi3.5-mini,mcp_governed,approved,APPROVED,0.22754263,1.22223919,False,False
LAB2-B-0236,gabapentin,silent_plausible_substitution,review required,phi3.5-mini,deterministic_rules,approved,APPROVED,0.25815717,1.05556882,False,False
LAB2-B-0236,gabapentin,silent_plausible_substitution,review required,phi3.5-mini,mcp_access_only,approved,APPROVED,0.25815717,1.05556882,False,False
LAB2-B-0236,gabapentin,silent_plausible_substitution,review required,phi3.5-mini,confidence_abstention,approved,APPROVED,0.25815717,1.05556882,False,False
LAB2-B-0236,gabapentin,silent_plausible_substitution,review required,phi3.5-mini,mcp_governed,approved,APPROVED,0.25815717,1.05556882,False,False
LAB2-B-0237,gabapentin,silent_plausible_substitution,review required,phi3.5-mini,deterministic_rules,approved,APPROVED,0.25815662,1.05557166,False,False
LAB2-B-0237,gabapentin,silent_plausible_substitution,review required,phi3.5-mini,mcp_access_only,approved,APPROVED,0.25815662,1.05557166,False,False
LAB2-B-0237,gabapentin,silent_plausible_substitution,review required,phi3.5-mini,confidence_abstention,approved,APPROVED,0.25815662,1.05557166,False,False
LAB2-B-0237,gabapentin,silent_plausible_substitution,review required,phi3.5-mini,mcp_governed,approved,APPROVED,0.25815662,1.05557166,False,False
LAB2-B-0238,gabapentin,silent_plausible_substitution,review required,phi3.5-mini,deterministic_rules,approved,APPROVED,0.22754204,1.2222426,False,False
LAB2-B-0238,gabapentin,silent_plausible_substitution,review required,phi3.5-mini,mcp_access_only,approved,APPROVED,0.22754204,1.2222426,False,False
LAB2-B-0238,gabapentin,silent_plausible_substitution,review required,phi3.5-mini,confidence_abstention,approved,APPROVED,0.22754204,1.2222426,False,False
LAB2-B-0238,gabapentin,silent_plausible_substitution,review required,phi3.5-mini,mcp_governed,approved,APPROVED,0.22754204,1.2222426,False,False
LAB2-B-0239,gabapentin,silent_plausible_substitution,review required,phi3.5-mini,deterministic_rules,approved,APPROVED,0.22754233,1.22224091,False,False
LAB2-B-0239,gabapentin,silent_plausible_substitution,review required,phi3.5-mini,mcp_access_only,approved,APPROVED,0.22754233,1.22224091,False,False
LAB2-B-0239,gabapentin,silent_plausible_substitution,review required,phi3.5-mini,confidence_abstention,approved,APPROVED,0.22754233,1.22224091,False,False
LAB2-B-0239,gabapentin,silent_plausible_substitution,review required,phi3.5-mini,mcp_governed,approved,APPROVED,0.22754233,1.22224091,False,False
LAB2-B-0240,gabapentin,silent_plausible_substitution,review required,phi3.5-mini,deterministic_rules,approved,APPROVED,0.21792461,1.27780195,False,False
LAB2-B-0240,gabapentin,silent_plausible_substitution,review required,phi3.5-mini,mcp_access_only,approved,APPROVED,0.21792461,1.27780195,False,False
LAB2-B-0240,gabapentin,silent_plausible_substitution,review required,phi3.5-mini,confidence_abstention,approved,APPROVED,0.21792461,1.27780195,False,False
LAB2-B-0240,gabapentin,silent_plausible_substitution,review required,phi3.5-mini,mcp_governed,approved,APPROVED,0.21792461,1.27780195,False,False
LAB2-B-0289,dofetilide,silent_plausible_substitution,review required,phi3.5-mini,deterministic_rules,approved,APPROVED,0.42091314,0.31902599,False,False
LAB2-B-0289,dofetilide,silent_plausible_substitution,review required,phi3.5-mini,mcp_access_only,approved,APPROVED,0.42091314,0.31902599,False,False
LAB2-B-0289,dofetilide,silent_plausible_substitution,review required,phi3.5-mini,confidence_abstention,review required,APPROVED,0.42091314,0.31902599,True,False
LAB2-B-0289,dofetilide,silent_plausible_substitution,review required,phi3.5-mini,mcp_governed,approved,APPROVED,0.42091314,0.31902599,False,False
LAB2-B-0290,dofetilide,silent_plausible_substitution,review required,phi3.5-mini,deterministic_rules,approved,APPROVED,0.33939298,0.66600046,False,False
LAB2-B-0290,dofetilide,silent_plausible_substitution,review required,phi3.5-mini,mcp_access_only,approved,APPROVED,0.33939298,0.66600046,False,False
LAB2-B-0290,dofetilide,silent_plausible_substitution,review required,phi3.5-mini,confidence_abstention,approved,APPROVED,0.33939298,0.66600046,False,False
LAB2-B-0290,dofetilide,silent_plausible_substitution,review required,phi3.5-mini,mcp_governed,approved,APPROVED,0.33939298,0.66600046,False,False
LAB2-B-0291,dofetilide,silent_plausible_substitution,review required,phi3.5-mini,deterministic_rules,approved,APPROVED,0.3520626,0.60998509,False,False
LAB2-B-0291,dofetilide,silent_plausible_substitution,review required,phi3.5-mini,mcp_access_only,approved,APPROVED,0.3520626,0.60998509,False,False
LAB2-B-0291,dofetilide,silent_plausible_substitution,review required,phi3.5-mini,confidence_abstention,approved,APPROVED,0.3520626,0.60998509,False,False
LAB2-B-0291,dofetilide,silent_plausible_substitution,review required,phi3.5-mini,mcp_governed,approved,APPROVED,0.3520626,0.60998509,False,False
LAB2-B-0292,dofetilide,silent_plausible_substitution,review required,phi3.5-mini,deterministic_rules,approved,APPROVED,0.33922835,0.66673484,False,False
LAB2-B-0292,dofetilide,silent_plausible_substitution,review required,phi3.5-mini,mcp_access_only,approved,APPROVED,0.33922835,0.66673484,False,False
LAB2-B-0292,dofetilide,silent_plausible_substitution,review required,phi3.5-mini,confidence_abstention,approved,APPROVED,0.33922835,0.66673484,False,False
LAB2-B-0292,dofetilide,silent_plausible_substitution,review required,phi3.5-mini,mcp_governed,approved,APPROVED,0.33922835,0.66673484,False,False
LAB2-B-0293,dofetilide,silent_plausible_substitution,review required,phi3.5-mini,deterministic_rules,approved,APPROVED,0.29133191,0.8889241,False,False
LAB2-B-0293,dofetilide,silent_plausible_substitution,review required,phi3.5-mini,mcp_access_only,approved,APPROVED,0.29133191,0.8889241,False,False
LAB2-B-0293,dofetilide,silent_plausible_substitution,review required,phi3.5-mini,confidence_abstention,approved,APPROVED,0.29133191,0.8889241,False,False
LAB2-B-0293,dofetilide,silent_plausible_substitution,review required,phi3.5-mini,mcp_governed,approved,APPROVED,0.29133191,0.8889241,False,False
LAB2-B-0294,dofetilide,silent_plausible_substitution,review required,phi3.5-mini,deterministic_rules,approved,APPROVED,0.30293532,0.83335889,False,False
LAB2-B-0294,dofetilide,silent_plausible_substitution,review required,phi3.5-mini,mcp_access_only,approved,APPROVED,0.30293532,0.83335889,False,False
LAB2-B-0294,dofetilide,silent_plausible_substitution,review required,phi3.5-mini,confidence_abstention,approved,APPROVED,0.30293532,0.83335889,False,False
LAB2-B-0294,dofetilide,silent_plausible_substitution,review required,phi3.5-mini,mcp_governed,approved,APPROVED,0.30293532,0.83335889,False,False
LAB2-B-0295,dofetilide,silent_plausible_substitution,review required,phi3.5-mini,deterministic_rules,approved,APPROVED,0.29133578,0.88890531,False,False
LAB2-B-0295,dofetilide,silent_plausible_substitution,review required,phi3.5-mini,mcp_access_only,approved,APPROVED,0.29133578,0.88890531,False,False
LAB2-B-0295,dofetilide,silent_plausible_substitution,review required,phi3.5-mini,confidence_abstention,approved,APPROVED,0.29133578,0.88890531,False,False
LAB2-B-0295,dofetilide,silent_plausible_substitution,review required,phi3.5-mini,mcp_governed,approved,APPROVED,0.29133578,0.88890531,False,False
LAB2-B-0296,dofetilide,silent_plausible_substitution,review required,phi3.5-mini,deterministic_rules,approved,APPROVED,0.27999287,0.94449699,False,False
LAB2-B-0296,dofetilide,silent_plausible_substitution,review required,phi3.5-mini,mcp_access_only,approved,APPROVED,0.27999287,0.94449699,False,False
LAB2-B-0296,dofetilide,silent_plausible_substitution,review required,phi3.5-mini,confidence_abstention,approved,APPROVED,0.27999287,0.94449699,False,False
LAB2-B-0296,dofetilide,silent_plausible_substitution,review required,phi3.5-mini,mcp_governed,approved,APPROVED,0.27999287,0.94449699,False,False
LAB2-B-0297,dofetilide,silent_plausible_substitution,review required,phi3.5-mini,deterministic_rules,approved,APPROVED,0.24764906,1.11119023,False,False
LAB2-B-0297,dofetilide,silent_plausible_substitution,review required,phi3.5-mini,mcp_access_only,approved,APPROVED,0.24764906,1.11119023,False,False
LAB2-B-0297,dofetilide,silent_plausible_substitution,review required,phi3.5-mini,confidence_abstention,approved,APPROVED,0.24764906,1.11119023,False,False
LAB2-B-0297,dofetilide,silent_plausible_substitution,review required,phi3.5-mini,mcp_governed,approved,APPROVED,0.24764906,1.11119023,False,False
LAB2-B-0298,dofetilide,silent_plausible_substitution,review required,phi3.5-mini,deterministic_rules,approved,APPROVED,0.26894092,1.00000253,False,False
LAB2-B-0298,dofetilide,silent_plausible_substitution,review required,phi3.5-mini,mcp_access_only,approved,APPROVED,0.26894092,1.00000253,False,False
LAB2-B-0298,dofetilide,silent_plausible_substitution,review required,phi3.5-mini,confidence_abstention,approved,APPROVED,0.26894092,1.00000253,False,False
LAB2-B-0298,dofetilide,silent_plausible_substitution,review required,phi3.5-mini,mcp_governed,approved,APPROVED,0.26894092,1.00000253,False,False
LAB2-B-0299,dofetilide,silent_plausible_substitution,review required,phi3.5-mini,deterministic_rules,approved,APPROVED,0.27999301,0.9444963,False,False
LAB2-B-0299,dofetilide,silent_plausible_substitution,review required,phi3.5-mini,mcp_access_only,approved,APPROVED,0.27999301,0.9444963,False,False
LAB2-B-0299,dofetilide,silent_plausible_substitution,review required,phi3.5-mini,confidence_abstention,approved,APPROVED,0.27999301,0.9444963,False,False
LAB2-B-0299,dofetilide,silent_plausible_substitution,review required,phi3.5-mini,mcp_governed,approved,APPROVED,0.27999301,0.9444963,False,False
LAB2-B-0300,dofetilide,silent_plausible_substitution,review required,phi3.5-mini,deterministic_rules,approved,APPROVED,0.26892501,1.00008346,False,False
LAB2-B-0300,dofetilide,silent_plausible_substitution,review required,phi3.5-mini,mcp_access_only,approved,APPROVED,0.26892501,1.00008346,False,False
LAB2-B-0300,dofetilide,silent_plausible_substitution,review required,phi3.5-mini,confidence_abstention,approved,APPROVED,0.26892501,1.00008346,False,False
LAB2-B-0300,dofetilide,silent_plausible_substitution,review required,phi3.5-mini,mcp_governed,approved,APPROVED,0.26892501,1.00008346,False,False
LAB2-B-0349,spironolactone,silent_plausible_substitution,review required,phi3.5-mini,deterministic_rules,approved,APPROVED,0.37814343,0.4974359,False,False
LAB2-B-0349,spironolactone,silent_plausible_substitution,review required,phi3.5-mini,mcp_access_only,approved,APPROVED,0.37814343,0.4974359,False,False
LAB2-B-0349,spironolactone,silent_plausible_substitution,review required,phi3.5-mini,confidence_abstention,approved,APPROVED,0.37814343,0.4974359,False,False
LAB2-B-0349,spironolactone,silent_plausible_substitution,review required,phi3.5-mini,mcp_governed,approved,APPROVED,0.37814343,0.4974359,False,False
LAB2-B-0350,spironolactone,silent_plausible_substitution,review required,phi3.5-mini,deterministic_rules,approved,APPROVED,0.3646196,0.55536924,False,False
LAB2-B-0350,spironolactone,silent_plausible_substitution,review required,phi3.5-mini,mcp_access_only,approved,APPROVED,0.3646196,0.55536924,False,False
LAB2-B-0350,spironolactone,silent_plausible_substitution,review required,phi3.5-mini,confidence_abstention,approved,APPROVED,0.3646196,0.55536924,False,False
LAB2-B-0350,spironolactone,silent_plausible_substitution,review required,phi3.5-mini,mcp_governed,approved,APPROVED,0.3646196,0.55536924,False,False
LAB2-B-0351,spironolactone,silent_plausible_substitution,review required,phi3.5-mini,deterministic_rules,approved,APPROVED,0.3644669,0.55602844,False,False
LAB2-B-0351,spironolactone,silent_plausible_substitution,review required,phi3.5-mini,mcp_access_only,approved,APPROVED,0.3644669,0.55602844,False,False
LAB2-B-0351,spironolactone,silent_plausible_substitution,review required,phi3.5-mini,confidence_abstention,approved,APPROVED,0.3644669,0.55602844,False,False
LAB2-B-0351,spironolactone,silent_plausible_substitution,review required,phi3.5-mini,mcp_governed,approved,APPROVED,0.3644669,0.55602844,False,False
LAB2-B-0352,spironolactone,silent_plausible_substitution,review required,phi3.5-mini,deterministic_rules,approved,APPROVED,0.3906822,0.44444552,False,False
LAB2-B-0352,spironolactone,silent_plausible_substitution,review required,phi3.5-mini,mcp_access_only,approved,APPROVED,0.3906822,0.44444552,False,False
LAB2-B-0352,spironolactone,silent_plausible_substitution,review required,phi3.5-mini,confidence_abstention,approved,APPROVED,0.3906822,0.44444552,False,False
LAB2-B-0352,spironolactone,silent_plausible_substitution,review required,phi3.5-mini,mcp_governed,approved,APPROVED,0.3906822,0.44444552,False,False
LAB2-B-0353,spironolactone,silent_plausible_substitution,review required,phi3.5-mini,deterministic_rules,approved,REVIEW_REQUIRED,0.55180508,0.20796666,False,False
LAB2-B-0353,spironolactone,silent_plausible_substitution,review required,phi3.5-mini,mcp_access_only,review required,REVIEW_REQUIRED,0.55180508,0.20796666,False,False
LAB2-B-0353,spironolactone,silent_plausible_substitution,review required,phi3.5-mini,confidence_abstention,review required,REVIEW_REQUIRED,0.55180508,0.20796666,False,False
LAB2-B-0353,spironolactone,silent_plausible_substitution,review required,phi3.5-mini,mcp_governed,review required,REVIEW_REQUIRED,0.55180508,0.20796666,False,False
LAB2-B-0354,spironolactone,silent_plausible_substitution,review required,phi3.5-mini,deterministic_rules,approved,APPROVED,0.39105471,0.44288096,False,False
LAB2-B-0354,spironolactone,silent_plausible_substitution,review required,phi3.5-mini,mcp_access_only,approved,APPROVED,0.39105471,0.44288096,False,False
LAB2-B-0354,spironolactone,silent_plausible_substitution,review required,phi3.5-mini,confidence_abstention,approved,APPROVED,0.39105471,0.44288096,False,False
LAB2-B-0354,spironolactone,silent_plausible_substitution,review required,phi3.5-mini,mcp_governed,approved,APPROVED,0.39105471,0.44288096,False,False
LAB2-B-0355,spironolactone,silent_plausible_substitution,review required,phi3.5-mini,deterministic_rules,approved,APPROVED,0.41883883,0.32754194,False,False
LAB2-B-0355,spironolactone,silent_plausible_substitution,review required,phi3.5-mini,mcp_access_only,approved,APPROVED,0.41883883,0.32754194,False,False
LAB2-B-0355,spironolactone,silent_plausible_substitution,review required,phi3.5-mini,confidence_abstention,review required,APPROVED,0.41883883,0.32754194,True,False
LAB2-B-0355,spironolactone,silent_plausible_substitution,review required,phi3.5-mini,mcp_governed,approved,APPROVED,0.41883883,0.32754194,False,False
LAB2-B-0356,spironolactone,silent_plausible_substitution,review required,phi3.5-mini,deterministic_rules,approved,APPROVED,0.3646196,0.55536925,False,False
LAB2-B-0356,spironolactone,silent_plausible_substitution,review required,phi3.5-mini,mcp_access_only,approved,APPROVED,0.3646196,0.55536925,False,False
LAB2-B-0356,spironolactone,silent_plausible_substitution,review required,phi3.5-mini,confidence_abstention,approved,APPROVED,0.3646196,0.55536925,False,False
LAB2-B-0356,spironolactone,silent_plausible_substitution,review required,phi3.5-mini,mcp_governed,approved,APPROVED,0.3646196,0.55536925,False,False
LAB2-B-0357,spironolactone,silent_plausible_substitution,review required,phi3.5-mini,deterministic_rules,approved,APPROVED,0.39068219,0.44444558,False,False
LAB2-B-0357,spironolactone,silent_plausible_substitution,review required,phi3.5-mini,mcp_access_only,approved,APPROVED,0.39068219,0.44444558,False,False
LAB2-B-0357,spironolactone,silent_plausible_substitution,review required,phi3.5-mini,confidence_abstention,approved,APPROVED,0.39068219,0.44444558,False,False
LAB2-B-0357,spironolactone,silent_plausible_substitution,review required,phi3.5-mini,mcp_governed,approved,APPROVED,0.39068219,0.44444558,False,False
LAB2-B-0358,spironolactone,silent_plausible_substitution,review required,phi3.5-mini,deterministic_rules,approved,APPROVED,0.40410173,0.3884033,False,False
LAB2-B-0358,spironolactone,silent_plausible_substitution,review required,phi3.5-mini,mcp_access_only,approved,APPROVED,0.40410173,0.3884033,False,False
LAB2-B-0358,spironolactone,silent_plausible_substitution,review required,phi3.5-mini,confidence_abstention,review required,APPROVED,0.40410173,0.3884033,True,False
LAB2-B-0358,spironolactone,silent_plausible_substitution,review required,phi3.5-mini,mcp_governed,approved,APPROVED,0.40410173,0.3884033,False,False
LAB2-B-0359,spironolactone,silent_plausible_substitution,review required,phi3.5-mini,deterministic_rules,approved,APPROVED,0.41889016,0.32733107,False,False
LAB2-B-0359,spironolactone,silent_plausible_substitution,review required,phi3.5-mini,mcp_access_only,approved,APPROVED,0.41889016,0.32733107,False,False
LAB2-B-0359,spironolactone,silent_plausible_substitution,review required,phi3.5-mini,confidence_abstention,review required,APPROVED,0.41889016,0.32733107,True,False
LAB2-B-0359,spironolactone,silent_plausible_substitution,review required,phi3.5-mini,mcp_governed,approved,APPROVED,0.41889016,0.32733107,False,False
LAB2-B-0360,spironolactone,silent_plausible_substitution,review required,phi3.5-mini,deterministic_rules,approved,APPROVED,0.37747135,0.50029498,False,False
LAB2-B-0360,spironolactone,silent_plausible_substitution,review required,phi3.5-mini,mcp_access_only,approved,APPROVED,0.37747135,0.50029498,False,False
LAB2-B-0360,spironolactone,silent_plausible_substitution,review required,phi3.5-mini,confidence_abstention,approved,APPROVED,0.37747135,0.50029498,False,False
LAB2-B-0360,spironolactone,silent_plausible_substitution,review required,phi3.5-mini,mcp_governed,approved,APPROVED,0.37747135,0.50029498,False,False
LAB2-B-0409,clozapine,silent_plausible_substitution,review required,phi3.5-mini,deterministic_rules,approved,APPROVED,0.44417997,0.22421474,False,False
LAB2-B-0409,clozapine,silent_plausible_substitution,review required,phi3.5-mini,mcp_access_only,approved,APPROVED,0.44417997,0.22421474,False,False
LAB2-B-0409,clozapine,silent_plausible_substitution,review required,phi3.5-mini,confidence_abstention,review required,APPROVED,0.44417997,0.22421474,True,False
LAB2-B-0409,clozapine,silent_plausible_substitution,review required,phi3.5-mini,mcp_governed,approved,APPROVED,0.44417997,0.22421474,False,False
LAB2-B-0410,clozapine,silent_plausible_substitution,review required,phi3.5-mini,deterministic_rules,approved,APPROVED,0.3029281,0.8333931,False,False
LAB2-B-0410,clozapine,silent_plausible_substitution,review required,phi3.5-mini,mcp_access_only,approved,APPROVED,0.3029281,0.8333931,False,False
LAB2-B-0410,clozapine,silent_plausible_substitution,review required,phi3.5-mini,confidence_abstention,approved,APPROVED,0.3029281,0.8333931,False,False
LAB2-B-0410,clozapine,silent_plausible_substitution,review required,phi3.5-mini,mcp_governed,approved,APPROVED,0.3029281,0.8333931,False,False
LAB2-B-0411,clozapine,silent_plausible_substitution,review required,phi3.5-mini,deterministic_rules,approved,APPROVED,0.25813643,1.05567711,False,False
LAB2-B-0411,clozapine,silent_plausible_substitution,review required,phi3.5-mini,mcp_access_only,approved,APPROVED,0.25813643,1.05567711,False,False
LAB2-B-0411,clozapine,silent_plausible_substitution,review required,phi3.5-mini,confidence_abstention,approved,APPROVED,0.25813643,1.05567711,False,False
LAB2-B-0411,clozapine,silent_plausible_substitution,review required,phi3.5-mini,mcp_governed,approved,APPROVED,0.25813643,1.05567711,False,False
LAB2-B-0412,clozapine,silent_plausible_substitution,review required,phi3.5-mini,deterministic_rules,approved,APPROVED,0.25814498,1.05563246,False,False
LAB2-B-0412,clozapine,silent_plausible_substitution,review required,phi3.5-mini,mcp_access_only,approved,APPROVED,0.25814498,1.05563246,False,False
LAB2-B-0412,clozapine,silent_plausible_substitution,review required,phi3.5-mini,confidence_abstention,approved,APPROVED,0.25814498,1.05563246,False,False
LAB2-B-0412,clozapine,silent_plausible_substitution,review required,phi3.5-mini,mcp_governed,approved,APPROVED,0.25814498,1.05563246,False,False
LAB2-B-0413,clozapine,silent_plausible_substitution,review required,phi3.5-mini,deterministic_rules,approved,APPROVED,0.25814822,1.05561555,False,False
LAB2-B-0413,clozapine,silent_plausible_substitution,review required,phi3.5-mini,mcp_access_only,approved,APPROVED,0.25814822,1.05561555,False,False
LAB2-B-0413,clozapine,silent_plausible_substitution,review required,phi3.5-mini,confidence_abstention,approved,APPROVED,0.25814822,1.05561555,False,False
LAB2-B-0413,clozapine,silent_plausible_substitution,review required,phi3.5-mini,mcp_governed,approved,APPROVED,0.25814822,1.05561555,False,False
LAB2-B-0414,clozapine,silent_plausible_substitution,review required,phi3.5-mini,deterministic_rules,approved,APPROVED,0.21790072,1.27794212,False,False
LAB2-B-0414,clozapine,silent_plausible_substitution,review required,phi3.5-mini,mcp_access_only,approved,APPROVED,0.21790072,1.27794212,False,False
LAB2-B-0414,clozapine,silent_plausible_substitution,review required,phi3.5-mini,confidence_abstention,approved,APPROVED,0.21790072,1.27794212,False,False
LAB2-B-0414,clozapine,silent_plausible_substitution,review required,phi3.5-mini,mcp_governed,approved,APPROVED,0.21790072,1.27794212,False,False
LAB2-B-0415,clozapine,silent_plausible_substitution,review required,phi3.5-mini,deterministic_rules,approved,REVIEW_REQUIRED,0.54150621,0.16640781,False,False
LAB2-B-0415,clozapine,silent_plausible_substitution,review required,phi3.5-mini,mcp_access_only,review required,REVIEW_REQUIRED,0.54150621,0.16640781,False,False
LAB2-B-0415,clozapine,silent_plausible_substitution,review required,phi3.5-mini,confidence_abstention,review required,REVIEW_REQUIRED,0.54150621,0.16640781,False,False
LAB2-B-0415,clozapine,silent_plausible_substitution,review required,phi3.5-mini,mcp_governed,review required,REVIEW_REQUIRED,0.54150621,0.16640781,False,False
LAB2-B-0416,clozapine,silent_plausible_substitution,review required,phi3.5-mini,deterministic_rules,approved,APPROVED,0.2374371,1.16678226,False,False
LAB2-B-0416,clozapine,silent_plausible_substitution,review required,phi3.5-mini,mcp_access_only,approved,APPROVED,0.2374371,1.16678226,False,False
LAB2-B-0416,clozapine,silent_plausible_substitution,review required,phi3.5-mini,confidence_abstention,approved,APPROVED,0.2374371,1.16678226,False,False
LAB2-B-0416,clozapine,silent_plausible_substitution,review required,phi3.5-mini,mcp_governed,approved,APPROVED,0.2374371,1.16678226,False,False
LAB2-B-0417,clozapine,silent_plausible_substitution,review required,phi3.5-mini,deterministic_rules,approved,APPROVED,0.29132554,0.88895493,False,False
LAB2-B-0417,clozapine,silent_plausible_substitution,review required,phi3.5-mini,mcp_access_only,approved,APPROVED,0.29132554,0.88895493,False,False
LAB2-B-0417,clozapine,silent_plausible_substitution,review required,phi3.5-mini,confidence_abstention,approved,APPROVED,0.29132554,0.88895493,False,False
LAB2-B-0417,clozapine,silent_plausible_substitution,review required,phi3.5-mini,mcp_governed,approved,APPROVED,0.29132554,0.88895493,False,False
LAB2-B-0418,clozapine,silent_plausible_substitution,review required,phi3.5-mini,deterministic_rules,approved,APPROVED,0.31484106,0.77758288,False,False
LAB2-B-0418,clozapine,silent_plausible_substitution,review required,phi3.5-mini,mcp_access_only,approved,APPROVED,0.31484106,0.77758288,False,False
LAB2-B-0418,clozapine,silent_plausible_substitution,review required,phi3.5-mini,confidence_abstention,approved,APPROVED,0.31484106,0.77758288,False,False
LAB2-B-0418,clozapine,silent_plausible_substitution,review required,phi3.5-mini,mcp_governed,approved,APPROVED,0.31484106,0.77758288,False,False
LAB2-B-0419,clozapine,silent_plausible_substitution,review required,phi3.5-mini,deterministic_rules,approved,APPROVED,0.23743938,1.16676964,False,False
LAB2-B-0419,clozapine,silent_plausible_substitution,review required,phi3.5-mini,mcp_access_only,approved,APPROVED,0.23743938,1.16676964,False,False
LAB2-B-0419,clozapine,silent_plausible_substitution,review required,phi3.5-mini,confidence_abstention,approved,APPROVED,0.23743938,1.16676964,False,False
LAB2-B-0419,clozapine,silent_plausible_substitution,review required,phi3.5-mini,mcp_governed,approved,APPROVED,0.23743938,1.16676964,False,False
LAB2-B-0420,clozapine,silent_plausible_substitution,review required,phi3.5-mini,deterministic_rules,approved,APPROVED,0.37830548,0.49674685,False,False
LAB2-B-0420,clozapine,silent_plausible_substitution,review required,phi3.5-mini,mcp_access_only,approved,APPROVED,0.37830548,0.49674685,False,False
LAB2-B-0420,clozapine,silent_plausible_substitution,review required,phi3.5-mini,confidence_abstention,approved,APPROVED,0.37830548,0.49674685,False,False
LAB2-B-0420,clozapine,silent_plausible_substitution,review required,phi3.5-mini,mcp_governed,approved,APPROVED,0.37830548,0.49674685,False,False
LAB2-B-0469,heparin,silent_plausible_substitution,review required,phi3.5-mini,deterministic_rules,review required,APPROVED,0.45365862,0.18589903,False,False
LAB2-B-0469,heparin,silent_plausible_substitution,review required,phi3.5-mini,mcp_access_only,approved,APPROVED,0.45365862,0.18589903,False,False
LAB2-B-0469,heparin,silent_plausible_substitution,review required,phi3.5-mini,confidence_abstention,review required,APPROVED,0.45365862,0.18589903,True,False
LAB2-B-0469,heparin,silent_plausible_substitution,review required,phi3.5-mini,mcp_governed,review required,APPROVED,0.45365862,0.18589903,False,True
LAB2-B-0470,heparin,silent_plausible_substitution,review required,phi3.5-mini,deterministic_rules,review required,REVIEW_REQUIRED,0.52403222,0.096203,False,False
LAB2-B-0470,heparin,silent_plausible_substitution,review required,phi3.5-mini,mcp_access_only,review required,REVIEW_REQUIRED,0.52403222,0.096203,False,False
LAB2-B-0470,heparin,silent_plausible_substitution,review required,phi3.5-mini,confidence_abstention,review required,REVIEW_REQUIRED,0.52403222,0.096203,False,False
LAB2-B-0470,heparin,silent_plausible_substitution,review required,phi3.5-mini,mcp_governed,review required,REVIEW_REQUIRED,0.52403222,0.096203,False,False
LAB2-B-0471,heparin,silent_plausible_substitution,review required,phi3.5-mini,deterministic_rules,review required,REVIEW_REQUIRED,0.51035959,0.04144429,False,False
LAB2-B-0471,heparin,silent_plausible_substitution,review required,phi3.5-mini,mcp_access_only,review required,REVIEW_REQUIRED,0.51035959,0.04144429,False,False
LAB2-B-0471,heparin,silent_plausible_substitution,review required,phi3.5-mini,confidence_abstention,review required,REVIEW_REQUIRED,0.51035959,0.04144429,False,False
LAB2-B-0471,heparin,silent_plausible_substitution,review required,phi3.5-mini,mcp_governed,review required,REVIEW_REQUIRED,0.51035959,0.04144429,False,False
LAB2-B-0472,heparin,silent_plausible_substitution,review required,phi3.5-mini,deterministic_rules,review required,REVIEW_REQUIRED,0.57297403,0.29399557,False,False
LAB2-B-0472,heparin,silent_plausible_substitution,review required,phi3.5-mini,mcp_access_only,review required,REVIEW_REQUIRED,0.57297403,0.29399557,False,False
LAB2-B-0472,heparin,silent_plausible_substitution,review required,phi3.5-mini,confidence_abstention,review required,REVIEW_REQUIRED,0.57297403,0.29399557,False,False
LAB2-B-0472,heparin,silent_plausible_substitution,review required,phi3.5-mini,mcp_governed,review required,REVIEW_REQUIRED,0.57297403,0.29399557,False,False
LAB2-B-0473,heparin,silent_plausible_substitution,review required,phi3.5-mini,deterministic_rules,review required,REVIEW_REQUIRED,0.51037557,0.04150824,False,False
LAB2-B-0473,heparin,silent_plausible_substitution,review required,phi3.5-mini,mcp_access_only,review required,REVIEW_REQUIRED,0.51037557,0.04150824,False,False
LAB2-B-0473,heparin,silent_plausible_substitution,review required,phi3.5-mini,confidence_abstention,review required,REVIEW_REQUIRED,0.51037557,0.04150824,False,False
LAB2-B-0473,heparin,silent_plausible_substitution,review required,phi3.5-mini,mcp_governed,review required,REVIEW_REQUIRED,0.51037557,0.04150824,False,False
LAB2-B-0474,heparin,silent_plausible_substitution,review required,phi3.5-mini,deterministic_rules,review required,REVIEW_REQUIRED,0.53009166,0.12051227,False,False
LAB2-B-0474,heparin,silent_plausible_substitution,review required,phi3.5-mini,mcp_access_only,review required,REVIEW_REQUIRED,0.53009166,0.12051227,False,False
LAB2-B-0474,heparin,silent_plausible_substitution,review required,phi3.5-mini,confidence_abstention,review required,REVIEW_REQUIRED,0.53009166,0.12051227,False,False
LAB2-B-0474,heparin,silent_plausible_substitution,review required,phi3.5-mini,mcp_governed,review required,REVIEW_REQUIRED,0.53009166,0.12051227,False,False
LAB2-B-0475,heparin,silent_plausible_substitution,review required,phi3.5-mini,deterministic_rules,review required,REVIEW_REQUIRED,0.51035465,0.04142453,False,False
LAB2-B-0475,heparin,silent_plausible_substitution,review required,phi3.5-mini,mcp_access_only,review required,REVIEW_REQUIRED,0.51035465,0.04142453,False,False
LAB2-B-0475,heparin,silent_plausible_substitution,review required,phi3.5-mini,confidence_abstention,review required,REVIEW_REQUIRED,0.51035465,0.04142453,False,False
LAB2-B-0475,heparin,silent_plausible_substitution,review required,phi3.5-mini,mcp_governed,review required,REVIEW_REQUIRED,0.51035465,0.04142453,False,False
LAB2-B-0476,heparin,silent_plausible_substitution,review required,phi3.5-mini,deterministic_rules,review required,REVIEW_REQUIRED,0.51038192,0.04153364,False,False
LAB2-B-0476,heparin,silent_plausible_substitution,review required,phi3.5-mini,mcp_access_only,review required,REVIEW_REQUIRED,0.51038192,0.04153364,False,False
LAB2-B-0476,heparin,silent_plausible_substitution,review required,phi3.5-mini,confidence_abstention,review required,REVIEW_REQUIRED,0.51038192,0.04153364,False,False
LAB2-B-0476,heparin,silent_plausible_substitution,review required,phi3.5-mini,mcp_governed,review required,REVIEW_REQUIRED,0.51038192,0.04153364,False,False
LAB2-B-0477,heparin,silent_plausible_substitution,review required,phi3.5-mini,deterministic_rules,review required,REVIEW_REQUIRED,0.51034913,0.04140242,False,False
LAB2-B-0477,heparin,silent_plausible_substitution,review required,phi3.5-mini,mcp_access_only,review required,REVIEW_REQUIRED,0.51034913,0.04140242,False,False
LAB2-B-0477,heparin,silent_plausible_substitution,review required,phi3.5-mini,confidence_abstention,review required,REVIEW_REQUIRED,0.51034913,0.04140242,False,False
LAB2-B-0477,heparin,silent_plausible_substitution,review required,phi3.5-mini,mcp_governed,review required,REVIEW_REQUIRED,0.51034913,0.04140242,False,False
LAB2-B-0478,heparin,silent_plausible_substitution,review required,phi3.5-mini,deterministic_rules,review required,REVIEW_REQUIRED,0.51624256,0.06499309,False,False
LAB2-B-0478,heparin,silent_plausible_substitution,review required,phi3.5-mini,mcp_access_only,review required,REVIEW_REQUIRED,0.51624256,0.06499309,False,False
LAB2-B-0478,heparin,silent_plausible_substitution,review required,phi3.5-mini,confidence_abstention,review required,REVIEW_REQUIRED,0.51624256,0.06499309,False,False
LAB2-B-0478,heparin,silent_plausible_substitution,review required,phi3.5-mini,mcp_governed,review required,REVIEW_REQUIRED,0.51624256,0.06499309,False,False
LAB2-B-0479,heparin,silent_plausible_substitution,review required,phi3.5-mini,deterministic_rules,review required,APPROVED,0.49249799,0.03001029,False,False
LAB2-B-0479,heparin,silent_plausible_substitution,review required,phi3.5-mini,mcp_access_only,approved,APPROVED,0.49249799,0.03001029,False,False
LAB2-B-0479,heparin,silent_plausible_substitution,review required,phi3.5-mini,confidence_abstention,review required,APPROVED,0.49249799,0.03001029,True,False
LAB2-B-0479,heparin,silent_plausible_substitution,review required,phi3.5-mini,mcp_governed,review required,APPROVED,0.49249799,0.03001029,False,True
LAB2-B-0480,heparin,silent_plausible_substitution,review required,phi3.5-mini,deterministic_rules,review required,REVIEW_REQUIRED,0.50680426,0.0272187,False,False
LAB2-B-0480,heparin,silent_plausible_substitution,review required,phi3.5-mini,mcp_access_only,review required,REVIEW_REQUIRED,0.50680426,0.0272187,False,False
LAB2-B-0480,heparin,silent_plausible_substitution,review required,phi3.5-mini,confidence_abstention,review required,REVIEW_REQUIRED,0.50680426,0.0272187,False,False
LAB2-B-0480,heparin,silent_plausible_substitution,review required,phi3.5-mini,mcp_governed,review required,REVIEW_REQUIRED,0.50680426,0.0272187,False,False
LAB2-B-0529,lithium carbonate,silent_plausible_substitution,review required,phi3.5-mini,deterministic_rules,approved,APPROVED,0.49310197,0.02759386,False,False
LAB2-B-0529,lithium carbonate,silent_plausible_substitution,review required,phi3.5-mini,mcp_access_only,approved,APPROVED,0.49310197,0.02759386,False,False
LAB2-B-0529,lithium carbonate,silent_plausible_substitution,review required,phi3.5-mini,confidence_abstention,review required,APPROVED,0.49310197,0.02759386,True,False
LAB2-B-0529,lithium carbonate,silent_plausible_substitution,review required,phi3.5-mini,mcp_governed,approved,APPROVED,0.49310197,0.02759386,False,False
LAB2-B-0530,lithium carbonate,silent_plausible_substitution,review required,phi3.5-mini,deterministic_rules,approved,APPROVED,0.46543005,0.13850076,False,False
LAB2-B-0530,lithium carbonate,silent_plausible_substitution,review required,phi3.5-mini,mcp_access_only,approved,APPROVED,0.46543005,0.13850076,False,False
LAB2-B-0530,lithium carbonate,silent_plausible_substitution,review required,phi3.5-mini,confidence_abstention,review required,APPROVED,0.46543005,0.13850076,True,False
LAB2-B-0530,lithium carbonate,silent_plausible_substitution,review required,phi3.5-mini,mcp_governed,approved,APPROVED,0.46543005,0.13850076,False,False
LAB2-B-0531,lithium carbonate,silent_plausible_substitution,review required,phi3.5-mini,deterministic_rules,approved,APPROVED,0.49339803,0.02640942,False,False
LAB2-B-0531,lithium carbonate,silent_plausible_substitution,review required,phi3.5-mini,mcp_access_only,approved,APPROVED,0.49339803,0.02640942,False,False
LAB2-B-0531,lithium carbonate,silent_plausible_substitution,review required,phi3.5-mini,confidence_abstention,review required,APPROVED,0.49339803,0.02640942,True,False
LAB2-B-0531,lithium carbonate,silent_plausible_substitution,review required,phi3.5-mini,mcp_governed,approved,APPROVED,0.49339803,0.02640942,False,False
LAB2-B-0532,lithium carbonate,silent_plausible_substitution,review required,phi3.5-mini,deterministic_rules,approved,APPROVED,0.48233003,0.07070935,False,False
LAB2-B-0532,lithium carbonate,silent_plausible_substitution,review required,phi3.5-mini,mcp_access_only,approved,APPROVED,0.48233003,0.07070935,False,False
LAB2-B-0532,lithium carbonate,silent_plausible_substitution,review required,phi3.5-mini,confidence_abstention,review required,APPROVED,0.48233003,0.07070935,True,False
LAB2-B-0532,lithium carbonate,silent_plausible_substitution,review required,phi3.5-mini,mcp_governed,approved,APPROVED,0.48233003,0.07070935,False,False
LAB2-B-0533,lithium carbonate,silent_plausible_substitution,review required,phi3.5-mini,deterministic_rules,approved,REVIEW_REQUIRED,0.51615305,0.06463467,False,False
LAB2-B-0533,lithium carbonate,silent_plausible_substitution,review required,phi3.5-mini,mcp_access_only,review required,REVIEW_REQUIRED,0.51615305,0.06463467,False,False
LAB2-B-0533,lithium carbonate,silent_plausible_substitution,review required,phi3.5-mini,confidence_abstention,review required,REVIEW_REQUIRED,0.51615305,0.06463467,False,False
LAB2-B-0533,lithium carbonate,silent_plausible_substitution,review required,phi3.5-mini,mcp_governed,review required,REVIEW_REQUIRED,0.51615305,0.06463467,False,False
LAB2-B-0534,lithium carbonate,silent_plausible_substitution,review required,phi3.5-mini,deterministic_rules,approved,REVIEW_REQUIRED,0.516201,0.0648267,False,False
LAB2-B-0534,lithium carbonate,silent_plausible_substitution,review required,phi3.5-mini,mcp_access_only,review required,REVIEW_REQUIRED,0.516201,0.0648267,False,False
LAB2-B-0534,lithium carbonate,silent_plausible_substitution,review required,phi3.5-mini,confidence_abstention,review required,REVIEW_REQUIRED,0.516201,0.0648267,False,False
LAB2-B-0534,lithium carbonate,silent_plausible_substitution,review required,phi3.5-mini,mcp_governed,review required,REVIEW_REQUIRED,0.516201,0.0648267,False,False
LAB2-B-0535,lithium carbonate,silent_plausible_substitution,review required,phi3.5-mini,deterministic_rules,approved,REVIEW_REQUIRED,0.65241502,0.62967171,False,False
LAB2-B-0535,lithium carbonate,silent_plausible_substitution,review required,phi3.5-mini,mcp_access_only,review required,REVIEW_REQUIRED,0.65241502,0.62967171,False,False
LAB2-B-0535,lithium carbonate,silent_plausible_substitution,review required,phi3.5-mini,confidence_abstention,review required,REVIEW_REQUIRED,0.65241502,0.62967171,False,False
LAB2-B-0535,lithium carbonate,silent_plausible_substitution,review required,phi3.5-mini,mcp_governed,review required,REVIEW_REQUIRED,0.65241502,0.62967171,False,False
LAB2-B-0536,lithium carbonate,silent_plausible_substitution,review required,phi3.5-mini,deterministic_rules,approved,REVIEW_REQUIRED,0.50680476,0.02722072,False,False
LAB2-B-0536,lithium carbonate,silent_plausible_substitution,review required,phi3.5-mini,mcp_access_only,review required,REVIEW_REQUIRED,0.50680476,0.02722072,False,False
LAB2-B-0536,lithium carbonate,silent_plausible_substitution,review required,phi3.5-mini,confidence_abstention,review required,REVIEW_REQUIRED,0.50680476,0.02722072,False,False
LAB2-B-0536,lithium carbonate,silent_plausible_substitution,review required,phi3.5-mini,mcp_governed,review required,REVIEW_REQUIRED,0.50680476,0.02722072,False,False
LAB2-B-0537,lithium carbonate,silent_plausible_substitution,review required,phi3.5-mini,deterministic_rules,approved,REVIEW_REQUIRED,0.52430746,0.09730654,False,False
LAB2-B-0537,lithium carbonate,silent_plausible_substitution,review required,phi3.5-mini,mcp_access_only,review required,REVIEW_REQUIRED,0.52430746,0.09730654,False,False
LAB2-B-0537,lithium carbonate,silent_plausible_substitution,review required,phi3.5-mini,confidence_abstention,review required,REVIEW_REQUIRED,0.52430746,0.09730654,False,False
LAB2-B-0537,lithium carbonate,silent_plausible_substitution,review required,phi3.5-mini,mcp_governed,review required,REVIEW_REQUIRED,0.52430746,0.09730654,False,False
LAB2-B-0538,lithium carbonate,silent_plausible_substitution,review required,phi3.5-mini,deterministic_rules,approved,REVIEW_REQUIRED,0.59922635,0.4022426,False,False
LAB2-B-0538,lithium carbonate,silent_plausible_substitution,review required,phi3.5-mini,mcp_access_only,review required,REVIEW_REQUIRED,0.59922635,0.4022426,False,False
LAB2-B-0538,lithium carbonate,silent_plausible_substitution,review required,phi3.5-mini,confidence_abstention,review required,REVIEW_REQUIRED,0.59922635,0.4022426,False,False
LAB2-B-0538,lithium carbonate,silent_plausible_substitution,review required,phi3.5-mini,mcp_governed,review required,REVIEW_REQUIRED,0.59922635,0.4022426,False,False
LAB2-B-0539,lithium carbonate,silent_plausible_substitution,review required,phi3.5-mini,deterministic_rules,approved,REVIEW_REQUIRED,0.62642432,0.51690736,False,False
LAB2-B-0539,lithium carbonate,silent_plausible_substitution,review required,phi3.5-mini,mcp_access_only,review required,REVIEW_REQUIRED,0.62642432,0.51690736,False,False
LAB2-B-0539,lithium carbonate,silent_plausible_substitution,review required,phi3.5-mini,confidence_abstention,review required,REVIEW_REQUIRED,0.62642432,0.51690736,False,False
LAB2-B-0539,lithium carbonate,silent_plausible_substitution,review required,phi3.5-mini,mcp_governed,review required,REVIEW_REQUIRED,0.62642432,0.51690736,False,False
LAB2-B-0540,lithium carbonate,silent_plausible_substitution,review required,phi3.5-mini,deterministic_rules,approved,REVIEW_REQUIRED,0.59632467,0.39017436,False,False
LAB2-B-0540,lithium carbonate,silent_plausible_substitution,review required,phi3.5-mini,mcp_access_only,review required,REVIEW_REQUIRED,0.59632467,0.39017436,False,False
LAB2-B-0540,lithium carbonate,silent_plausible_substitution,review required,phi3.5-mini,confidence_abstention,review required,REVIEW_REQUIRED,0.59632467,0.39017436,False,False
LAB2-B-0540,lithium carbonate,silent_plausible_substitution,review required,phi3.5-mini,mcp_governed,review required,REVIEW_REQUIRED,0.59632467,0.39017436,False,False
LAB2-B-0589,linezolid,silent_plausible_substitution,review required,phi3.5-mini,deterministic_rules,approved,APPROVED,0.35232551,0.60883275,False,False
LAB2-B-0589,linezolid,silent_plausible_substitution,review required,phi3.5-mini,mcp_access_only,approved,APPROVED,0.35232551,0.60883275,False,False
LAB2-B-0589,linezolid,silent_plausible_substitution,review required,phi3.5-mini,confidence_abstention,approved,APPROVED,0.35232551,0.60883275,False,False
LAB2-B-0589,linezolid,silent_plausible_substitution,review required,phi3.5-mini,mcp_governed,approved,APPROVED,0.35232551,0.60883275,False,False
LAB2-B-0590,linezolid,silent_plausible_substitution,review required,phi3.5-mini,deterministic_rules,approved,APPROVED,0.21792408,1.27780507,False,False
LAB2-B-0590,linezolid,silent_plausible_substitution,review required,phi3.5-mini,mcp_access_only,approved,APPROVED,0.21792408,1.27780507,False,False
LAB2-B-0590,linezolid,silent_plausible_substitution,review required,phi3.5-mini,confidence_abstention,approved,APPROVED,0.21792408,1.27780507,False,False
LAB2-B-0590,linezolid,silent_plausible_substitution,review required,phi3.5-mini,mcp_governed,approved,APPROVED,0.21792408,1.27780507,False,False
LAB2-B-0591,linezolid,silent_plausible_substitution,review required,phi3.5-mini,deterministic_rules,approved,APPROVED,0.31479903,0.77777776,False,False
LAB2-B-0591,linezolid,silent_plausible_substitution,review required,phi3.5-mini,mcp_access_only,approved,APPROVED,0.31479903,0.77777776,False,False
LAB2-B-0591,linezolid,silent_plausible_substitution,review required,phi3.5-mini,confidence_abstention,approved,APPROVED,0.31479903,0.77777776,False,False
LAB2-B-0591,linezolid,silent_plausible_substitution,review required,phi3.5-mini,mcp_governed,approved,APPROVED,0.31479903,0.77777776,False,False
LAB2-B-0592,linezolid,silent_plausible_substitution,review required,phi3.5-mini,deterministic_rules,approved,APPROVED,0.23745194,1.16670029,False,False
LAB2-B-0592,linezolid,silent_plausible_substitution,review required,phi3.5-mini,mcp_access_only,approved,APPROVED,0.23745194,1.16670029,False,False
LAB2-B-0592,linezolid,silent_plausible_substitution,review required,phi3.5-mini,confidence_abstention,approved,APPROVED,0.23745194,1.16670029,False,False
LAB2-B-0592,linezolid,silent_plausible_substitution,review required,phi3.5-mini,mcp_governed,approved,APPROVED,0.23745194,1.16670029,False,False
LAB2-B-0593,linezolid,silent_plausible_substitution,review required,phi3.5-mini,deterministic_rules,approved,APPROVED,0.23745143,1.16670309,False,False
LAB2-B-0593,linezolid,silent_plausible_substitution,review required,phi3.5-mini,mcp_access_only,approved,APPROVED,0.23745143,1.16670309,False,False
LAB2-B-0593,linezolid,silent_plausible_substitution,review required,phi3.5-mini,confidence_abstention,approved,APPROVED,0.23745143,1.16670309,False,False
LAB2-B-0593,linezolid,silent_plausible_substitution,review required,phi3.5-mini,mcp_governed,approved,APPROVED,0.23745143,1.16670309,False,False
LAB2-B-0594,linezolid,silent_plausible_substitution,review required,phi3.5-mini,deterministic_rules,approved,APPROVED,0.42094149,0.31890969,False,False
LAB2-B-0594,linezolid,silent_plausible_substitution,review required,phi3.5-mini,mcp_access_only,approved,APPROVED,0.42094149,0.31890969,False,False
LAB2-B-0594,linezolid,silent_plausible_substitution,review required,phi3.5-mini,confidence_abstention,review required,APPROVED,0.42094149,0.31890969,True,False
LAB2-B-0594,linezolid,silent_plausible_substitution,review required,phi3.5-mini,mcp_governed,approved,APPROVED,0.42094149,0.31890969,False,False
LAB2-B-0595,linezolid,silent_plausible_substitution,review required,phi3.5-mini,deterministic_rules,approved,APPROVED,0.23744711,1.16672697,False,False
LAB2-B-0595,linezolid,silent_plausible_substitution,review required,phi3.5-mini,mcp_access_only,approved,APPROVED,0.23744711,1.16672697,False,False
LAB2-B-0595,linezolid,silent_plausible_substitution,review required,phi3.5-mini,confidence_abstention,approved,APPROVED,0.23744711,1.16672697,False,False
LAB2-B-0595,linezolid,silent_plausible_substitution,review required,phi3.5-mini,mcp_governed,approved,APPROVED,0.23744711,1.16672697,False,False
LAB2-B-0596,linezolid,silent_plausible_substitution,review required,phi3.5-mini,deterministic_rules,approved,APPROVED,0.30296593,0.83321394,False,False
LAB2-B-0596,linezolid,silent_plausible_substitution,review required,phi3.5-mini,mcp_access_only,approved,APPROVED,0.30296593,0.83321394,False,False
LAB2-B-0596,linezolid,silent_plausible_substitution,review required,phi3.5-mini,confidence_abstention,approved,APPROVED,0.30296593,0.83321394,False,False
LAB2-B-0596,linezolid,silent_plausible_substitution,review required,phi3.5-mini,mcp_governed,approved,APPROVED,0.30296593,0.83321394,False,False
LAB2-B-0597,linezolid,silent_plausible_substitution,review required,phi3.5-mini,deterministic_rules,approved,APPROVED,0.25814992,1.05560665,False,False
LAB2-B-0597,linezolid,silent_plausible_substitution,review required,phi3.5-mini,mcp_access_only,approved,APPROVED,0.25814992,1.05560665,False,False
LAB2-B-0597,linezolid,silent_plausible_substitution,review required,phi3.5-mini,confidence_abstention,approved,APPROVED,0.25814992,1.05560665,False,False
LAB2-B-0597,linezolid,silent_plausible_substitution,review required,phi3.5-mini,mcp_governed,approved,APPROVED,0.25814992,1.05560665,False,False
LAB2-B-0598,linezolid,silent_plausible_substitution,review required,phi3.5-mini,deterministic_rules,approved,APPROVED,0.25815687,1.05557036,False,False
LAB2-B-0598,linezolid,silent_plausible_substitution,review required,phi3.5-mini,mcp_access_only,approved,APPROVED,0.25815687,1.05557036,False,False
LAB2-B-0598,linezolid,silent_plausible_substitution,review required,phi3.5-mini,confidence_abstention,approved,APPROVED,0.25815687,1.05557036,False,False
LAB2-B-0598,linezolid,silent_plausible_substitution,review required,phi3.5-mini,mcp_governed,approved,APPROVED,0.25815687,1.05557036,False,False
LAB2-B-0599,linezolid,silent_plausible_substitution,review required,phi3.5-mini,deterministic_rules,approved,APPROVED,0.25814892,1.05561192,False,False
LAB2-B-0599,linezolid,silent_plausible_substitution,review required,phi3.5-mini,mcp_access_only,approved,APPROVED,0.25814892,1.05561192,False,False
LAB2-B-0599,linezolid,silent_plausible_substitution,review required,phi3.5-mini,confidence_abstention,approved,APPROVED,0.25814892,1.05561192,False,False
LAB2-B-0599,linezolid,silent_plausible_substitution,review required,phi3.5-mini,mcp_governed,approved,APPROVED,0.25814892,1.05561192,False,False
LAB2-B-0600,linezolid,silent_plausible_substitution,review required,phi3.5-mini,deterministic_rules,approved,APPROVED,0.25815489,1.05558074,False,False
LAB2-B-0600,linezolid,silent_plausible_substitution,review required,phi3.5-mini,mcp_access_only,approved,APPROVED,0.25815489,1.05558074,False,False
LAB2-B-0600,linezolid,silent_plausible_substitution,review required,phi3.5-mini,confidence_abstention,approved,APPROVED,0.25815489,1.05558074,False,False
LAB2-B-0600,linezolid,silent_plausible_substitution,review required,phi3.5-mini,mcp_governed,approved,APPROVED,0.25815489,1.05558074,False,False
LAB2-B-0649,divalproex sodium,silent_plausible_substitution,review required,phi3.5-mini,deterministic_rules,approved,APPROVED,0.30293654,0.83335311,False,False
LAB2-B-0649,divalproex sodium,silent_plausible_substitution,review required,phi3.5-mini,mcp_access_only,approved,APPROVED,0.30293654,0.83335311,False,False
LAB2-B-0649,divalproex sodium,silent_plausible_substitution,review required,phi3.5-mini,confidence_abstention,approved,APPROVED,0.30293654,0.83335311,False,False
LAB2-B-0649,divalproex sodium,silent_plausible_substitution,review required,phi3.5-mini,mcp_governed,approved,APPROVED,0.30293654,0.83335311,False,False
LAB2-B-0650,divalproex sodium,silent_plausible_substitution,review required,phi3.5-mini,deterministic_rules,approved,APPROVED,0.26895328,0.99993969,False,False
LAB2-B-0650,divalproex sodium,silent_plausible_substitution,review required,phi3.5-mini,mcp_access_only,approved,APPROVED,0.26895328,0.99993969,False,False
LAB2-B-0650,divalproex sodium,silent_plausible_substitution,review required,phi3.5-mini,confidence_abstention,approved,APPROVED,0.26895328,0.99993969,False,False
LAB2-B-0650,divalproex sodium,silent_plausible_substitution,review required,phi3.5-mini,mcp_governed,approved,APPROVED,0.26895328,0.99993969,False,False
LAB2-B-0651,divalproex sodium,silent_plausible_substitution,review required,phi3.5-mini,deterministic_rules,approved,APPROVED,0.25816291,1.05553884,False,False
LAB2-B-0651,divalproex sodium,silent_plausible_substitution,review required,phi3.5-mini,mcp_access_only,approved,APPROVED,0.25816291,1.05553884,False,False
LAB2-B-0651,divalproex sodium,silent_plausible_substitution,review required,phi3.5-mini,confidence_abstention,approved,APPROVED,0.25816291,1.05553884,False,False
LAB2-B-0651,divalproex sodium,silent_plausible_substitution,review required,phi3.5-mini,mcp_governed,approved,APPROVED,0.25816291,1.05553884,False,False
LAB2-B-0652,divalproex sodium,silent_plausible_substitution,review required,phi3.5-mini,deterministic_rules,approved,APPROVED,0.30295502,0.83326559,False,False
LAB2-B-0652,divalproex sodium,silent_plausible_substitution,review required,phi3.5-mini,mcp_access_only,approved,APPROVED,0.30295502,0.83326559,False,False
LAB2-B-0652,divalproex sodium,silent_plausible_substitution,review required,phi3.5-mini,confidence_abstention,approved,APPROVED,0.30295502,0.83326559,False,False
LAB2-B-0652,divalproex sodium,silent_plausible_substitution,review required,phi3.5-mini,mcp_governed,approved,APPROVED,0.30295502,0.83326559,False,False
LAB2-B-0653,divalproex sodium,silent_plausible_substitution,review required,phi3.5-mini,deterministic_rules,approved,APPROVED,0.25816618,1.05552176,False,False
LAB2-B-0653,divalproex sodium,silent_plausible_substitution,review required,phi3.5-mini,mcp_access_only,approved,APPROVED,0.25816618,1.05552176,False,False
LAB2-B-0653,divalproex sodium,silent_plausible_substitution,review required,phi3.5-mini,confidence_abstention,approved,APPROVED,0.25816618,1.05552176,False,False
LAB2-B-0653,divalproex sodium,silent_plausible_substitution,review required,phi3.5-mini,mcp_governed,approved,APPROVED,0.25816618,1.05552176,False,False
LAB2-B-0654,divalproex sodium,silent_plausible_substitution,review required,phi3.5-mini,deterministic_rules,approved,APPROVED,0.26894324,0.99999076,False,False
LAB2-B-0654,divalproex sodium,silent_plausible_substitution,review required,phi3.5-mini,mcp_access_only,approved,APPROVED,0.26894324,0.99999076,False,False
LAB2-B-0654,divalproex sodium,silent_plausible_substitution,review required,phi3.5-mini,confidence_abstention,approved,APPROVED,0.26894324,0.99999076,False,False
LAB2-B-0654,divalproex sodium,silent_plausible_substitution,review required,phi3.5-mini,mcp_governed,approved,APPROVED,0.26894324,0.99999076,False,False
LAB2-B-0655,divalproex sodium,silent_plausible_substitution,review required,phi3.5-mini,deterministic_rules,approved,APPROVED,0.25816003,1.05555389,False,False
LAB2-B-0655,divalproex sodium,silent_plausible_substitution,review required,phi3.5-mini,mcp_access_only,approved,APPROVED,0.25816003,1.05555389,False,False
LAB2-B-0655,divalproex sodium,silent_plausible_substitution,review required,phi3.5-mini,confidence_abstention,approved,APPROVED,0.25816003,1.05555389,False,False
LAB2-B-0655,divalproex sodium,silent_plausible_substitution,review required,phi3.5-mini,mcp_governed,approved,APPROVED,0.25816003,1.05555389,False,False
LAB2-B-0656,divalproex sodium,silent_plausible_substitution,review required,phi3.5-mini,deterministic_rules,approved,APPROVED,0.25816001,1.05555397,False,False
LAB2-B-0656,divalproex sodium,silent_plausible_substitution,review required,phi3.5-mini,mcp_access_only,approved,APPROVED,0.25816001,1.05555397,False,False
LAB2-B-0656,divalproex sodium,silent_plausible_substitution,review required,phi3.5-mini,confidence_abstention,approved,APPROVED,0.25816001,1.05555397,False,False
LAB2-B-0656,divalproex sodium,silent_plausible_substitution,review required,phi3.5-mini,mcp_governed,approved,APPROVED,0.25816001,1.05555397,False,False
LAB2-B-0657,divalproex sodium,silent_plausible_substitution,review required,phi3.5-mini,deterministic_rules,approved,APPROVED,0.25816245,1.05554123,False,False
LAB2-B-0657,divalproex sodium,silent_plausible_substitution,review required,phi3.5-mini,mcp_access_only,approved,APPROVED,0.25816245,1.05554123,False,False
LAB2-B-0657,divalproex sodium,silent_plausible_substitution,review required,phi3.5-mini,confidence_abstention,approved,APPROVED,0.25816245,1.05554123,False,False
LAB2-B-0657,divalproex sodium,silent_plausible_substitution,review required,phi3.5-mini,mcp_governed,approved,APPROVED,0.25816245,1.05554123,False,False
LAB2-B-0658,divalproex sodium,silent_plausible_substitution,review required,phi3.5-mini,deterministic_rules,approved,APPROVED,0.26894698,0.9999717,False,False
LAB2-B-0658,divalproex sodium,silent_plausible_substitution,review required,phi3.5-mini,mcp_access_only,approved,APPROVED,0.26894698,0.9999717,False,False
LAB2-B-0658,divalproex sodium,silent_plausible_substitution,review required,phi3.5-mini,confidence_abstention,approved,APPROVED,0.26894698,0.9999717,False,False
LAB2-B-0658,divalproex sodium,silent_plausible_substitution,review required,phi3.5-mini,mcp_governed,approved,APPROVED,0.26894698,0.9999717,False,False
LAB2-B-0659,divalproex sodium,silent_plausible_substitution,review required,phi3.5-mini,deterministic_rules,approved,APPROVED,0.25816186,1.05554432,False,False
LAB2-B-0659,divalproex sodium,silent_plausible_substitution,review required,phi3.5-mini,mcp_access_only,approved,APPROVED,0.25816186,1.05554432,False,False
LAB2-B-0659,divalproex sodium,silent_plausible_substitution,review required,phi3.5-mini,confidence_abstention,approved,APPROVED,0.25816186,1.05554432,False,False
LAB2-B-0659,divalproex sodium,silent_plausible_substitution,review required,phi3.5-mini,mcp_governed,approved,APPROVED,0.25816186,1.05554432,False,False
LAB2-B-0660,divalproex sodium,silent_plausible_substitution,review required,phi3.5-mini,deterministic_rules,approved,APPROVED,0.26894081,1.00000311,False,False
LAB2-B-0660,divalproex sodium,silent_plausible_substitution,review required,phi3.5-mini,mcp_access_only,approved,APPROVED,0.26894081,1.00000311,False,False
LAB2-B-0660,divalproex sodium,silent_plausible_substitution,review required,phi3.5-mini,confidence_abstention,approved,APPROVED,0.26894081,1.00000311,False,False
LAB2-B-0660,divalproex sodium,silent_plausible_substitution,review required,phi3.5-mini,mcp_governed,approved,APPROVED,0.26894081,1.00000311,False,False
